position.lat,position.lon,fishing.totalDistanceKm,fishing.averageSpeedKnots,fishing.averageDurationHours,distances.startDistanceFromShoreKm,distances.endDistanceFromShoreKm,distances.startDistanceFromPortKm,distances.endDistanceFromPortKm,regions.eez12Nm,regions.highSeas,regions.eez,vessel.type_fishing,target_risk
21.01,114.5591,37.99171125455686,3.5699999952316284,,113,108,121.312828,110.069852,[],[],['8486'],1,0
-13.4016,-83.5278,0.9119123398332556,0.4235294117647058,,680,680,687.978938,687.978938,[],['63203'],[],1,0
-19.2846,-79.9826,0.6805495345977625,0.1114754121078819,,668,668,672.754312,672.043688,[],['63203'],[],1,0
22.7284,115.7049,6.714167044485023,2.0454545454545454,,11,9,9.910273,7.915112,[],[],['8486'],1,0
22.2481,114.097,6.882298687735644,2.981818181818181,,1,1,0.0,0.0,[],[],['8486'],1,0
34.6072,33.3311,2.9606284773031097,3.4,,14,13,11.157054,10.007544,['8376'],[],['8376'],1,0
20.9394,113.0463,30.91634515142707,3.3428571428571434,,79,76,81.231828,77.065,[],[],['8486'],1,0
21.6473,112.3292,36.60002464471968,2.5448598130841127,,9,3,9.420306,12.617899,[],[],['8486'],1,0
2.8492,146.5633,14.71323232967908,6.85,,419,423,538.900438,538.34875,[],['63203'],[],1,0
21.4226,108.655,37.95848166534814,2.776250002607704,,26,19,2.350444,6.076784,['8486'],[],['8486'],1,0
22.0326,115.4031,34.8422078979211,2.835443037974683,,75,70,70.312258,68.326078,[],[],['8486'],1,0
-7.5758,-176.975,49.91422149737827,3.5703389830508474,,382,402,419.230781,447.941344,[],['63203'],[],1,0
-45.7453,-60.6712,6.745367151519727,0.5483871032153407,,390,386,407.866281,404.400344,[],['63203'],[],1,1
22.9536,116.8729,29.693260304480333,3.31,,24,26,20.526928,20.522008000000003,['8486'],[],['8486'],1,0
-22.9374,-41.2734,7.290058734475019,2.7625,,61,54,26.113568,32.435654,[],[],['8464'],1,0
17.6592,108.2392,22.1085735740837,2.9650000000000003,,102,102,112.693141,103.71925,[],[],['8486'],1,0
20.9563,112.7651,22.769878702529137,4.913333333333334,,73,66,76.787453,67.828906,[],[],['8486'],1,0
5.7419,79.0015,10.156681553177874,1.87894734857898,,132,125,144.913266,138.239781,[],[],['8346'],1,0
-19.3329,-79.6896,1.7358451594223183,0.6857142840112959,,649,647,653.36675,651.88275,[],['63203'],[],1,0
20.7292,114.9707,26.33545919081863,3.0866666666666664,,161,158,159.006391,149.067172,[],[],['8486'],1,0
21.3211,109.1428,10.168170922090054,2.0666666666666664,,11,8,10.21963,7.359473,['8486'],[],['8486'],1,0
-13.9482,-83.5407,1.5149200291081513,0.4654676320312693,,703,703,715.418625,714.9419379999999,[],['63203'],[],1,0
-18.9789,170.3091,109.76835228506958,4.401020425923018,,43,88,69.007383,141.665531,[],[],['8313'],1,0
21.1025,114.0121,65.22016462392098,2.718131868131868,,100,76,108.571836,86.242398,[],[],['8486'],1,0
5.4726,-153.6727,0.6084214425130522,0.5711111194557614,,558,558,571.5620620000001,572.383,[],['63203'],[],1,0
20.7605,114.9613,27.085955554721448,3.093103448275862,,158,155,156.578516,146.060484,[],[],['8486'],1,0
29.1327,130.7913,39.222852856470205,2.8929824561403503,,101,111,73.885062,90.439992,[],[],['8487'],1,0
21.0612,114.0353,51.77498306421033,3.0090909090909097,,95,78,105.264031,88.23278900000001,[],[],['8486'],1,0
21.0737,114.0166,65.25241813440667,2.8716981132075468,,95,78,104.035969,88.23278900000001,[],[],['8486'],1,0
7.7496,98.7146,20.9564881454348,2.9782608695652177,,6,4,7.968267,6.261326,[],[],['8332'],1,0
-19.2438,-79.5442,2.1331900274301168,0.5621621695724696,,631,630,635.754,634.229438,[],['63203'],[],1,0
24.628,135.6489,15.011936624359826,4.7333333333333325,,449,459,458.862562,466.579719,[],['63203'],[],1,0
20.8301,110.6752,6.297730466621899,4.781818181818181,,5,9,12.710537,16.293041,[],[],['8486'],1,0
20.877,113.1382,28.21819091081793,3.018918918918919,,83,87,83.28856999999999,87.47206200000001,[],[],['8486'],1,0
24.4786,53.1146,344.66605471976465,1.7899906859183372,,10,13,15.607042,6.058767,['8360'],[],['8360'],1,0
20.5336,113.3417,6.208512164183065,1.7882352941176465,,129,128,129.615664,128.364383,[],[],['8486'],1,0
19.2045,105.7896,3.1667507616361337,1.1111111111111112,,5,4,12.630403,10.49136,['8484'],[],['8484'],1,0
15.3774,150.6544,8.37068588068466,5.763636363636363,,493,500,523.61925,531.144375,[],['63203'],[],1,0
21.4992,114.6108,15.223326318464276,2.872727272727273,,71,66,63.925816,56.864586,[],[],['8486'],1,0
-45.4807,-60.5716,2.206793179658627,0.3909090974114159,,387,387,408.329531,408.017938,[],['63203'],[],1,1
38.8655,123.8701,34.391739476554584,3.7044943820224727,,65,62,60.992469,59.195594,[],[],['8486'],1,0
-20.1858,-110.6467,5.292320700261181,1.6721739130434785,,769,774,774.890938,780.0155,[],['63203'],[],1,1
37.2698,123.5569,13.058689446467662,2.9521739130434783,,77,79,74.40932799999999,76.966648,[],[],['8486'],1,0
20.885,113.0361,28.81170985083334,3.595833333333333,,85,76,86.831102,76.093016,[],[],['8486'],1,0
13.0231,151.1164,8.537047984168623,6.128571428571428,,456,461,623.95425,626.277125,[],['63203'],[],1,0
-45.6158,-60.6418,7.798486132728066,0.6316455756373042,,385,386,404.723688,406.230906,[],['63203'],[],1,1
12.9941,109.7614,4.4196686649934,1.1625,,32,35,74.700141,77.718227,[],[],['8484'],1,0
-45.2858,-60.4,7.230512387272106,0.4161538528135191,,385,379,419.9715,417.868562,[],['63203'],[],1,1
29.7173,147.8765,70.12982530669152,3.687500000000001,,592,623,614.057125,648.758188,[],['63203'],[],1,1
20.9384,113.0745,27.266850203536364,2.675,,81,71,81.83130499999999,71.731461,[],[],['8486'],1,0
10.9669,108.7154,28.1223608501405,2.25945945945946,,25,21,120.358188,108.727547,[],[],['8484'],1,0
10.9821,108.7064,16.609882834764722,2.006666666666667,,22,20,114.407625,110.046836,[],[],['8484'],1,0
-0.3866,106.6248,2.141415368892697,1.075,,86,84,168.808438,171.262531,[],[],['8492'],1,0
38.7257,122.2631,52.49079710075687,2.6057142870766774,,40,42,22.837348,23.948213,[],[],['8486'],1,0
22.3998,118.2263,28.65023550039413,6.31764705882353,,155,142,70.298109,67.47111699999999,[],[],['8486'],1,0
36.4724,122.6122,12.627527160667947,2.7315789473684213,,46,45,39.060703,33.974332000000004,[],[],['8486'],1,0
38.4322,121.9619,10.270241519232195,4.492857142857142,,50,48,46.774516000000006,43.36602,[],[],['8486'],1,0
20.4228,111.1877,22.54906251757555,3.1288888888888886,,44,57,54.376309,64.600578,[],[],['8486'],1,0
-45.9062,-60.6595,3.183069869345403,0.4214285714285714,,393,396,409.330125,412.03875,[],['63203'],[],1,1
-45.6048,-60.6575,6.591187891169267,0.6875,,385,383,404.52118800000005,402.973812,[],['63203'],[],1,1
34.6907,128.7414,8.317631069427255,3.247058801791247,,11,10,12.535031,10.449689,[],[],['8327'],1,0
-46.0776,-60.653,8.362042399675897,0.1961832061068701,,398,402,413.807812,418.045562,[],['63203'],[],1,1
-46.0072,-60.7312,5.772422719912992,0.381045755851113,,393,395,408.213594,410.2281880000001,[],['63203'],[],1,1
38.7382,120.5206,5.806896294541624,3.7166666666666672,,48,43,47.122695,44.885078,[],[],['8486'],1,0
17.4166,108.0668,2.57072165183906,2.3777777777777778,,82,83,119.097477,122.430062,[],[],['8484'],1,0
20.924,113.0268,29.207785592554096,3.2081081081081075,,78,79,80.08717200000001,79.302445,[],[],['8486'],1,0
20.5691,113.3268,1.7746327225964151,0.7533333333333332,,124,124,124.478891,124.888945,[],[],['8486'],1,0
-31.8279,37.1295,54.120011070154526,3.5918367386906898,,584,590,571.0325,579.610125,[],['63203'],[],1,0
-45.7095,-60.6543,9.011934259487528,0.64,,390,385,408.197531,403.717375,[],['63203'],[],1,1
-26.9561,14.54,40.46696885145496,3.227054795888189,,57,65,74.06207,72.472461,[],[],['8395'],1,0
21.045,112.5068,0.8163747016544713,1.1166666666666667,,62,61,61.165980000000005,60.054195,[],[],['8486'],1,0
19.9112,-17.34,67.3420883938604,2.5642857142857145,,71,84,95.740891,95.791555,[],[],['8369'],1,0
32.9988,126.4573,4.358494532110061,2.783333341280619,,26,25,25.727037,23.425107,['8327'],[],['8327'],1,0
29.5929,126.1854,5.582328269775777,2.3000000000000003,,277,275,315.9435,319.451812,[],[],['8487'],1,0
36.0114,125.9701,9.168665770578803,4.271186428554988,,13,12,13.36762,12.525152,['8327'],[],['8327'],1,0
21.7486,112.1444,1.8671414012258265,1.1666666666666667,,5,4,7.230027,6.295921,[],[],['8486'],1,0
30.7904,145.8699,12.824394045778536,3.16,,496,506,540.485688,549.175375,[],['63203'],[],1,1
-45.3866,-60.5986,5.461715113705582,0.5208333426465591,,382,378,404.830094,404.9636880000001,[],['63203'],[],1,1
31.1138,127.1371,5.031283231077102,3.3500000000000005,,151,147,219.773141,218.293625,[],[],['21796'],1,0
4.8245,151.6576,2.038052756646495,0.948039217789968,,203,200,293.195969,291.936219,[],[],['8316'],1,0
20.8167,112.9483,16.10167598014559,3.6277777777777778,,90,83,92.315078,83.740133,[],[],['8486'],1,0
20.8818,113.1683,24.859939513148284,2.6750000000000003,,84,87,84.898094,87.320312,[],[],['8486'],1,0
-45.4445,-60.5857,5.977860023125543,0.4770833405666053,,387,383,408.017938,405.742125,[],['63203'],[],1,1
20.9878,111.4428,165.21761337654135,2.7255813953488373,,74,42,54.696465,34.879332000000005,[],[],['8486'],1,0
50.1301,0.2297,22.100527809554396,3.33870969664666,,34,43,38.370301,45.23757,[],[],['5677'],1,0
31.1077,126.5177,5.200664211553416,1.7761904761904763,,200,196,236.862031,232.445016,[],[],['21796'],1,0
-2.3255,-108.8049,63.3402567996095,2.3043243261446813,,1410,1385,1931.11575,1897.972125,[],['63203'],[],1,0
20.4827,-17.2584,7.619526167501922,3.021212136745453,,42,35,40.421016,34.193031000000005,[],[],['8369'],1,0
35.2928,129.3729,1.9855892074511383,1.0346153846153845,,8,7,7.030208,7.174084,['8327'],[],['8327'],1,0
34.9831,123.7185,2.0676421471152397,2.2333333333333334,,137,137,138.256469,138.521062,[],[],['8327'],1,0
22.1787,113.5843,3.6725799902381033,3.716666666666667,,2,4,0.0,0.0,[],[],['8486'],1,0
21.5867,112.8374,2.1626526552229435,3.0166666666666666,,2,2,3.036744,2.347813,[],[],['8486'],1,0
22.4092,115.9598,63.91265228012816,4.495798319327731,,42,41,44.812621,44.525309,[],[],['8486'],1,0
-18.7223,-79.3997,12.305188569219174,0.9714285710560424,,585,577,589.7338120000001,581.227688,[],['63203'],[],1,0
11.2628,109.0544,57.82609339880198,2.4385714285714286,,22,7,84.25300800000001,55.016246,[],[],['8484'],1,0
-45.4439,-60.5884,3.164667212523492,0.3781250073341654,,385,383,406.321031,405.882344,[],['63203'],[],1,1
36.4583,123.9064,12.10221539852732,2.7375000000000003,,131,133,127.128359,130.134289,[],[],['8486'],1,0
38.969,118.3945,7.816090529248107,1.196774193548387,,7,7,2.223899,0.0,['8486'],[],['8486'],1,0
10.0854,107.0902,16.36753432273325,1.6075471698113208,,27,26,16.715113000000002,16.501195,[],[],['8484'],1,0
20.987,112.5783,11.649973483147727,3.453846153846154,,74,66,73.388648,66.126469,[],[],['8486'],1,0
-45.2622,-60.391,6.289507623766272,0.4904761944498333,,383,378,419.779312,419.272875,[],['63203'],[],1,1
36.0557,123.0778,6.797022148574836,2.8,,108,104,97.28593,94.045914,[],[],['8486'],1,0
21.8343,116.9595,6.857810727721437,2.226315789473684,,125,129,133.266016,130.056227,[],[],['8321'],1,0
10.3696,109.2102,19.109626175162344,3.6051282051282048,,35,28,178.032297,159.191984,['8484'],[],['8484'],1,0
22.0506,115.146,28.120571805469822,3.725454545454546,,54,67,45.121094,61.950918,['8486'],[],['8486'],1,0
35.9896,140.7715,6.5500134347241,2.2509090909090905,,7,10,0.899928,0.0,['8487'],[],['8487'],1,0
-46.0262,-60.6725,6.206028757631168,0.4185792426838249,,398,400,413.615219,414.989469,[],['63203'],[],1,1
-46.0867,-60.7802,8.763764553300415,0.658712122137799,,394,389,409.753,405.44475,[],['63203'],[],1,1
-45.4676,-60.5667,1.93478922156399,0.3750000056500237,,387,387,408.017938,408.639438,[],['63203'],[],1,1
-2.2529,-27.9933,30.60991963298046,7.823076923076925,,513,527,514.812875,529.420375,[],['63203'],['8464'],1,0
20.2446,111.2865,11.057260973857964,1.403225806451613,,23,33,64.01777,68.832516,[],[],['8486'],1,0
22.0543,113.9139,11.564111460752494,2.6750000000000003,,2,2,0.0,2.061089,[],[],['8486'],1,0
-45.6729,-60.6415,5.428043747538172,0.4714285714285713,,387,388,406.0005,407.427812,[],['63203'],[],1,1
12.984,109.8408,37.299634551426,3.1625000000000005,,41,51,71.23920299999999,93.063102,[],[],['8484'],1,0
9.8536,107.0889,15.941201220283904,3.333333333333333,,36,50,42.25407,43.649645,[],[],['8484'],1,0
32.0016,126.4975,21.106801466341764,3.125757575757576,,142,121,145.665359,124.552391,[],[],['8327'],1,0
30.8334,127.0765,2.790177399402761,4.333333333333333,,176,174,236.081547,233.890875,[],[],['21796'],1,0
29.6246,126.1002,8.418690000869386,3.155555555555556,,286,282,305.761344,311.915062,[],[],['8487'],1,0
29.6061,126.6328,4.427965765821512,2.5,,244,242,299.746781,298.682312,[],[],['8487'],1,0
9.9569,107.1477,4.907008137239076,1.2133333333333334,,42,41,32.342922,31.956258,[],[],['8484'],1,0
-1.9121,-155.275,18.64746829077237,4.082242996893195,,234,232,491.2796560000001,499.794594,[],[],['8441'],1,0
21.8067,115.043,8.472499886745645,7.71304347826087,,81,78,66.456898,66.370914,[],[],['8486'],1,0
37.9797,122.2374,54.49707793065695,3.563025210084034,,43,53,43.15884,52.82023,[],[],['8486'],1,0
37.967,122.0679,46.89209199846984,3.416483516483517,,41,49,42.01325,48.933664,[],[],['8486'],1,0
26.6289,120.3091,8.774028347884776,1.9952380952380957,,5,3,3.883338,0.993906,[],[],['8486'],1,0
21.5184,112.0856,69.70588507683082,3.7221518987341766,,14,3,6.3081570000000005,3.335848,[],[],['8486'],1,0
30.9025,124.6357,33.620014252260106,3.1684210526315786,,156,180,130.061648,150.45303099999998,[],[],['8486'],1,0
38.0341,120.0644,4.203216875092175,4.754545454545455,,41,40,19.770664,23.87459,[],[],['8486'],1,0
-45.6847,-60.6367,1.6064083915040597,0.4058823554831393,,389,388,407.522969,406.542125,[],['63203'],[],1,1
38.8938,118.7906,19.078382892232277,1.875,,19,10,6.061832000000001,6.547306,['8486'],[],['8486'],1,0
-45.5684,-60.617,9.303722780249856,0.5955223946873824,,386,386,405.656969,406.260469,[],['63203'],[],1,1
34.2023,122.7526,1.6445200580342991,3.5500000000000003,,211,211,183.062266,183.671766,[],[],['8486'],1,0
32.6342,127.0256,7.133191333297731,2.9333333333333336,,79,76,81.678758,78.914273,[],[],['8327'],1,0
-45.9704,-60.7263,1.9096321943941477,0.4053191559270341,,392,392,407.692219,407.82225,[],['63203'],[],1,1
38.3708,26.228,0.619832315975427,0.6529411764705882,,4,4,4.777514,4.777514,['5697'],[],['5697'],1,0
21.5956,112.2802,43.7850758369221,2.374407582938389,,7,9,6.303535,11.465415,[],[],['8486'],1,0
-45.4436,-60.5768,1.3907855971817822,0.2071428611608488,,385,385,406.945,407.572812,[],['63203'],[],1,1
22.6706,113.7039,8.341059276914573,1.928571428571428,,7,6,0.0,0.0,[],[],['8486'],1,0
17.6765,108.4587,15.012884837415356,2.376,,99,90,98.033953,88.029922,[],[],['8486'],1,0
-45.3815,-60.5977,1.0437647678550996,0.4533333384328418,,380,379,404.563844,404.435219,[],['63203'],[],1,1
-45.7305,-60.6774,6.846832771946777,0.4018518572190293,,390,385,407.622938,403.409969,[],['63203'],[],1,1
21.1683,114.0194,96.1925381272474,2.886557377049182,,99,67,104.93682,77.892859,[],[],['8486'],1,0
-15.573,-118.3353,31.44035256399542,3.2989528864544093,,1197,1223,1568.94175,1591.677125,[],['63203'],[],1,0
30.9887,126.5499,2.539288144340235,2.362962962962963,,203,202,248.052312,246.967672,[],[],['21796'],1,0
33.5454,123.6998,13.553180889347338,2.2081081081081084,,144,139,146.38975,141.63407800000002,[],[],['8327'],1,0
17.6914,108.2675,12.121973028246964,1.9299999931454657,,103,97,104.339094,98.140742,[],[],['8486'],1,0
11.0165,108.6171,22.55967807122989,5.1157894736842096,,13,17,114.380867,111.02993,[],[],['8484'],1,0
20.8822,113.168,24.91916856329403,2.473684210526316,,83,87,83.83532799999999,87.320312,[],[],['8486'],1,0
22.7764,115.6233,5.071881126440843,1.3888888888888888,,3,4,6.251652,6.997789,[],[],['8486'],1,0
60.4209,166.2058,2.701073020141844,1.3372093018057736,,2,2,4.000535,4.529149,[],[],['5690'],1,0
21.6845,112.3113,24.959618013592824,2.1934426229508186,,5,2,7.589547,11.418507,[],[],['8486'],1,0
21.6014,114.3054,102.5471670088489,2.9049999935229627,,43,36,52.397305,32.312492,['8486'],[],['8486'],1,0
-18.4602,-79.0443,11.302898402809657,0.5403755942420785,,538,530,542.076812,534.225125,[],['63203'],[],1,0
-46.0746,-60.733,6.419827642036527,0.3869565264974239,,394,396,409.797062,412.139625,[],['63203'],[],1,1
20.9323,114.0277,46.2088201829965,1.1781250029802326,,107,95,116.423234,105.519117,[],[],['8486'],1,0
10.9305,108.679,7.863296378100544,2.55,,24,25,122.331172,116.46643,[],[],['8484'],1,0
38.0652,120.0343,17.61820719050197,4.204,,42,46,17.826305,20.253699,[],[],['8486'],1,0
5.9666,100.0827,3.959120638668608,2.255000000000001,,13,11,28.590832,26.420527,[],[],['8483'],1,0
22.4089,117.9882,12.166978210940714,5.328571428571428,,139,143,64.786125,62.345156,[],[],['8486'],1,0
10.9268,108.6937,10.524396061261369,1.6583333333333332,,26,25,121.35607,115.127625,[],[],['8484'],1,0
35.9609,140.7122,3.6350982396141736,3.313043478260869,,1,3,0.0,1.111949,['8487'],[],['8487'],1,0
50.14,0.3293,54.22652010615761,3.485681300384892,,41,34,43.330297,34.458441,[],[],['5677'],1,0
31.0713,126.4943,5.030077319846979,1.6525773195876283,,203,202,239.027406,237.964578,[],[],['21796'],1,0
-45.9595,-60.6738,7.185859233820097,0.492760188203322,,396,397,411.404719,412.4396880000001,[],['63203'],[],1,1
20.4332,111.1236,20.232029858751115,2.813333333333333,,44,51,49.907078,67.81708599999999,[],[],['8486'],1,0
33.6555,123.523,126.86563986140244,3.860106382978724,,158,144,161.826578,147.133797,[],[],['8327'],1,0
20.8349,112.7548,11.403453205775271,2.94,,86,76,89.971031,79.497477,[],[],['8486'],1,0
3.4166,100.9889,10.932732252839816,2.553333333333333,,17,11,18.083352,11.807949,[],[],['8483'],1,0
21.2939,109.1343,13.433950354890612,5.483333333333333,,15,8,13.343392,6.985739,['8486'],[],['8486'],1,0
38.8154,118.4366,6.504954323440471,1.5791666666666664,,14,12,6.671696,5.626792999999999,['8486'],[],['8486'],1,0
10.0051,107.1439,9.73986084838946,1.6235294117647057,,35,36,25.946961,26.80034,[],[],['8484'],1,0
34.578,127.7509,13.853425733847011,3.9136986301369854,,1,1,2.746849,5.604129,[],[],['8327'],1,0
22.0247,115.1873,44.23314930235621,3.472151898734176,,55,65,45.200516,63.407957,['8486'],[],['8486'],1,0
-45.4731,-60.624,0.731051193993516,0.3450000014156103,,382,383,403.54125,404.156531,[],['63203'],[],1,1
42.4417,-9.301,9.603752804909456,2.7948979659348123,,24,21,25.409238,22.067361,['5693'],[],['5693'],1,0
-10.3916,173.556,140.26138493732978,4.731802118645957,,431,457,681.789688,623.957125,[],['63203'],[],1,0
19.3751,105.8766,4.421746352136212,4.438095251719157,,3,2,6.216385,8.585458000000001,['8484'],[],['8484'],1,0
4.9096,-152.8784,51.56851686703946,3.718421061572275,,562,605,577.876938,620.3235,[],['63203'],[],1,0
34.7865,124.0839,67.6561156137406,3.82130177514793,,102,106,103.412039,106.719438,[],[],['8327'],1,0
-45.4048,-60.5201,5.773752336013303,0.5285714350285982,,386,385,410.3890310000001,412.195875,[],['63203'],[],1,1
34.9204,124.0527,29.235055766191277,3.1794117647058813,,106,106,107.586797,107.197797,[],[],['8327'],1,0
34.6246,128.313,11.222195997166333,3.687499977182596,,2,1,3.532963,4.707705,[],[],['8327'],1,0
39.7034,119.6037,3.131613330294943,1.446,,14,15,2.80582,2.040528,['8486'],[],['8486'],1,0
38.681,120.6583,2.1101211652527105,2.0384615384615383,,37,36,38.794078,36.777965,[],[],['8486'],1,0
20.7986,112.7766,14.825566818120327,3.163636363636364,,92,81,95.472,83.454148,[],[],['8486'],1,0
-18.4784,171.5345,9.051286369526874,1.6274336436680987,,176,182,239.420719,245.270594,[],[],['8313'],1,0
34.4362,122.858,48.25111880495498,3.608791208791208,,216,193,193.306312,198.812688,[],[],"['8486', '8327']",1,0
-45.5025,-60.5881,0.4777918391299014,0.3206896599510622,,386,386,406.947688,406.947688,[],['63203'],[],1,1
38.977,118.9763,7.537511204161177,0.8893939393939396,,20,16,5.644387,4.320734000000001,['8486'],[],['8486'],1,0
34.9863,123.6517,3.368564716944168,4.5285714285714285,,144,143,145.110391,143.83120300000002,[],[],['8327'],1,0
2.5589,104.0356,11.426256711425882,2.08,,10,15,21.233557,18.389934,[],[],['8483'],1,0
32.576,121.1628,1.116695272001102,2.05,,7,8,4.358029999999999,3.909165,[],[],['8486'],1,0
20.8586,113.0112,8.973239707336202,3.4352941176470586,,83,84,84.47775,84.372773,[],[],['8486'],1,0
30.7245,122.659,6.359828038154361,1.108602150537635,,8,8,0.955914,2.21142,[],[],['8486'],1,0
26.3114,50.2788,17.50877782640388,2.7160377358490564,,7,5,8.923658999999999,10.197194,[],[],['8356'],1,0
19.8238,108.7702,16.209147302993387,1.7285714285714284,,34,33,20.155365000000003,11.365901,[],[],['8486'],1,0
-45.7451,-60.6689,6.898618425360494,0.5878787903171598,,388,388,405.844938,406.678406,[],['63203'],[],1,1
50.6376,-0.4312,6.34447022927895,1.9333333312361336,,21,18,14.290211,13.442438,['5696'],[],['5696'],1,0
29.5145,126.14,13.475617434801933,3.1166666666666667,,269,277,318.93865600000004,315.525375,[],[],['8487'],1,0
37.9373,120.8289,1.3002384043057893,1.7555555555555555,,6,7,6.138611,5.261667,['8486'],[],['8486'],1,0
51.2982,156.3178,2.3623826577002527,1.0694444477558136,,15,14,23.552145,21.578537,['5690'],[],['5690'],1,0
21.3043,114.0138,8.903758141845156,3.2285714285714286,,62,60,72.223781,70.326812,[],[],['8486'],1,0
-25.2025,13.7379,30.722039455819136,3.010245864264298,,108,101,200.232703,217.000031,[],[],['8395'],1,0
-11.6597,-30.127,7.329134811959599,3.0142857142857142,,625,632,631.4595,637.75875,[],['63203'],[],1,1
21.6402,112.1091,3.3808856770586178,2.363636363636364,,2,2,1.033578,0.0,[],[],['8486'],1,0
-45.6491,-60.6602,7.984837290343632,0.6777777777777777,,386,385,404.478344,404.52118800000005,[],['63203'],[],1,1
18.9457,107.3373,6.542735421806063,1.1133333333333333,,128,131,131.71329699999998,126.348867,[],[],['8486'],1,0
33.5006,123.6764,25.863232844782186,4.971794871794871,,149,138,151.989141,140.49225,[],[],['8327'],1,0
34.9126,123.3925,0.6326092005127851,2.1090909090909093,,165,165,166.339062,166.50378099999998,[],[],['8327'],1,0
72.3792,23.3008,20.09617155477564,2.145454546073815,,142,162,118.724266,135.16453099999998,[],[],['5686'],1,0
-45.9397,-60.7122,5.518027588914951,0.399082575068561,,392,393,407.82225,408.871281,[],['63203'],[],1,1
20.1637,110.2906,9.704791565573183,4.43235294117647,,8,7,5.5597460000000005,7.370221,[],[],['8486'],1,0
22.0084,115.0894,24.41662228183232,2.816,,59,68,50.243660000000006,62.126988,[],[],['8486'],1,0
17.7053,108.3773,31.878059835078204,4.926923076923078,,103,87,104.873961,85.123859,[],[],['8486'],1,0
9.8486,107.0763,19.038645842829165,3.964285714285715,,35,46,42.268258,42.761727,[],[],['8484'],1,0
17.6975,108.4037,8.33267884418895,1.0083333333333333,,96,92,96.048508,90.376656,[],[],['8486'],1,0
11.0092,108.6063,10.577574512188471,5.0,,13,16,115.90382,113.627102,[],[],['8484'],1,0
9.5688,106.6259,110.83091529945386,2.571802773497688,,8,14,90.030023,76.85843799999999,[],[],['8484'],1,0
-45.9302,-60.6824,5.46910406034197,0.3620689720828869,,394,395,409.754031,410.825469,[],['63203'],[],1,1
-45.5624,-60.6288,6.225489502974713,0.4074766408756515,,384,386,403.740688,406.852688,[],['63203'],[],1,1
4.5464,98.7027,104.42187238694405,2.382509505703424,,33,60,55.944211,84.424859,['8492'],[],['8492'],1,0
-45.3947,-60.6046,7.096390703994566,0.6104166683896136,,382,378,404.967781,403.533312,[],['63203'],[],1,1
33.7685,123.4963,3.044318651881881,4.911111127005682,,151,149,154.747,152.471766,[],[],['8327'],1,0
22.2096,-22.6388,223.56188497728888,4.824578317209899,,557,613,564.534625,627.44375,[],['63203'],[],1,0
54.7997,-165.0969,5.047564884699972,3.392105265667564,,22,25,57.912492,58.554445,[],[],['8463'],1,0
35.0891,130.3215,13.044927898835583,1.7395348837209303,,81,76,81.62517999999999,89.103117,[],[],['8487'],1,0
1.2617,87.234,3.188695645573665,1.0166666666666666,,843,845,867.72,869.633812,[],['63203'],[],1,1
-45.4504,-60.6013,5.424760411695191,0.5035874489110147,,384,383,405.700969,405.742125,[],['63203'],[],1,1
33.5589,123.4854,16.26429714829704,2.892307692307692,,160,146,163.14875,149.368828,[],[],['8327'],1,0
-17.97,-124.073,30.984714039039485,1.8490347490347483,,729,752,987.627875,1012.371438,[],['63203'],[],1,1
-45.8859,-60.7117,7.7475512485695965,0.4754190001657557,,393,388,409.330125,404.180188,[],['63203'],[],1,1
-15.4907,-29.7289,13.688540492879907,3.9125,,547,559,917.724125,913.895875,[],['63203'],[],1,0
3.5121,-150.9179,105.36355536605916,3.508395058082209,,683,769,709.488625,795.6896879999999,[],['63203'],[],1,0
-45.9131,-60.7232,6.662732049738643,0.4773255870785823,,391,391,406.476281,407.265188,[],['63203'],[],1,1
38.6099,123.3281,2.837798647833193,2.3823529411764706,,49,48,48.041035,46.587848,[],[],['8486'],1,0
20.8777,113.1415,21.74840040832626,2.7380952380952386,,84,87,84.314047,87.47206200000001,[],[],['8486'],1,0
34.5086,127.9006,5.228949279711175,2.873684210526316,,6,10,7.660981,10.656895,[],[],['8327'],1,0
23.3459,119.4717,19.45580873697758,1.9226890756302524,,3,2,23.373207,21.517502,[],[],['8321'],1,0
20.3894,111.1674,16.072090829938297,3.06,,41,54,53.841941,64.615387,[],[],['8486'],1,0
34.5293,127.6404,5.402854860897043,2.5865384684159203,,4,3,8.05076,6.428588,[],[],['8327'],1,0
32.5209,126.9746,6.6765364840317325,3.3,,88,86,89.245375,87.157219,[],[],['8327'],1,0
-45.3271,-60.4619,0.9054590505724271,0.4909090995788574,,383,382,414.7281880000001,414.6225,[],['63203'],[],1,1
33.7924,123.216,6.852200772060822,4.314285687037876,,177,171,181.007797,175.488359,[],[],['8486'],1,0
15.0854,-37.1852,16.84983569316971,3.0999999727521623,,1294,1278,1324.537625,1308.3055,[],['63203'],[],1,0
-20.9784,12.571,35.7694007671094,3.4438423625941343,,85,94,270.771844,303.67581199999995,[],[],['8395'],1,0
31.6354,170.8733,171.74517837442792,5.079868425203388,,1099,1109,2477.52375,2379.7745,[],['63203'],[],1,0
20.5874,111.2982,31.394840935549613,2.8418604651162798,,61,73,61.870902,68.096734,[],[],['8486'],1,0
-45.8117,-60.6856,6.179437345893585,0.4050847531248959,,390,389,406.641531,406.851,[],['63203'],[],1,1
34.6316,128.0879,4.822909164884544,2.453846153846154,,9,8,6.424634,9.523106,[],[],['8327'],1,0
-45.4553,-60.6162,3.857276520864698,0.322746787492042,,384,382,405.700969,403.705062,[],['63203'],[],1,1
-45.8272,-60.6964,6.080728013200529,0.4367647126682249,,390,389,406.159062,406.606281,[],['63203'],[],1,1
-45.5947,-60.6509,6.123306037144069,0.4735849056603774,,386,383,405.286094,402.785625,[],['63203'],[],1,1
20.8954,111.0728,80.51665798400954,4.402,,41,40,24.53058,23.977914,[],[],['8486'],1,0
34.6143,127.5865,2.880855185410739,3.38636367971247,,1,1,7.321404999999999,6.501636,[],[],['8327'],1,0
2.9445,144.9816,9.60071701623586,5.933333333333334,,402,412,576.821375,586.244312,[],['63203'],[],1,0
31.9942,126.489,24.432988806972947,3.0959459459459464,,144,120,147.892234,123.429914,[],[],['8327'],1,0
-45.2773,-60.4903,2.67033703096113,0.3463157964380163,,378,375,411.985,411.709406,[],['63203'],[],1,1
-45.4071,-60.5568,5.257576040970029,0.3917197503007142,,385,382,408.204469,409.09125,[],['63203'],[],1,1
-45.7606,-60.6113,6.66523113038031,0.4696335143053719,,391,394,408.868594,412.455406,[],['63203'],[],1,1
-45.6563,-60.6691,0.5172459072990707,0.340000007301569,,385,385,403.823469,403.611031,[],['63203'],[],1,1
2.9425,-166.3232,14.229363927473598,8.828571364993138,,530,518,783.043812,773.196062,[],['63203'],[],1,0
38.4593,119.0681,5.32356692049067,1.7739130434782608,,32,34,11.153493,10.157737,[],[],['8486'],1,0
14.0467,74.2094,6.093281066986665,2.975,,31,29,83.736281,78.200641,['8480'],[],['8480'],1,0
-45.3462,-60.4999,6.032709701487497,0.4723320230252659,,384,378,413.508969,410.62625,[],['63203'],[],1,1
-45.3052,-60.5082,5.850123207302024,0.4611650534986872,,380,376,410.838062,411.1105,[],['63203'],[],1,1
-8.0685,6.2307,53.783116503126735,6.231666680177055,,700,694,537.168125,530.313312,[],['63203'],[],1,0
21.1652,110.6364,13.732672808277789,2.76,,3,4,7.856735,5.321894,[],[],['8486'],1,0
-45.4977,-60.6231,2.6203984104924825,0.3263157961007796,,384,383,404.800344,404.472438,[],['63203'],[],1,1
22.0679,115.3439,3.3001482677391056,2.281818181818182,,70,69,67.660898,67.387711,[],[],['8486'],1,0
17.5185,150.8165,97.32167597314309,3.407526881720429,,496,556,569.459438,627.226125,[],['63203'],[],1,0
30.9892,124.553,10.01580584637931,3.064516129032258,,163,171,133.797203,141.147109,[],[],['8486'],1,0
-45.4291,-60.5989,1.519706174323694,0.827500003017485,,383,383,405.108406,405.108406,[],['63203'],[],1,1
21.2765,112.1024,9.959838814574848,3.157142857142857,,35,27,33.35575,26.866832,[],[],['8486'],1,0
21.798,116.859,24.52075965923672,9.5375,,120,123,130.45704700000002,136.352688,[],[],['8321'],1,0
36.1925,123.1362,14.410492643129622,2.833333333333333,,103,91,92.754305,81.958016,[],[],['8486'],1,0
-45.6207,-60.6305,6.020737132044235,0.3750000026609216,,385,388,404.723688,407.76425,[],['63203'],[],1,1
-45.5557,-60.5714,6.9388568791269885,0.4285714349576405,,391,387,410.831594,408.048969,[],['63203'],[],1,1
-45.4901,-60.5628,6.543379721156283,0.5006451677410833,,388,388,408.819156,409.412281,[],['63203'],[],1,1
-45.721,-60.6479,0.7532788181429794,0.3266666769981384,,388,388,406.678406,406.678406,[],['63203'],[],1,1
-45.3924,-60.58,0.8049618713896552,0.3378787941553376,,382,381,406.245812,406.114969,[],['63203'],[],1,1
21.074,113.0554,72.95047362172407,3.1155555555555554,,68,60,71.645867,61.181773,[],[],['8486'],1,0
34.7177,123.9783,5.085871617589953,1.1090909090909091,,109,109,110.651133,109.791375,[],[],['8327'],1,0
-45.829,-60.672,6.83509524857959,0.5858757109291806,,391,392,407.932656,408.868469,[],['63203'],[],1,1
-45.4808,-60.6228,3.742787670732505,0.3638743503867643,,383,384,403.701188,405.548344,[],['63203'],[],1,1
-45.7879,-60.6357,6.153114016554537,0.4434977641220584,,395,390,411.886062,407.622938,[],['63203'],[],1,1
-45.4106,-60.61,5.582478292420948,0.4776536363629655,,382,379,404.334469,404.435219,[],['63203'],[],1,1
7.7799,98.7205,55.4495353577868,2.380115273775217,,8,4,10.422089,10.247228,['8332'],[],['8332'],1,0
-45.4405,-60.6,5.922705251533807,0.2410958939015049,,386,381,407.245562,404.055375,[],['63203'],[],1,1
-45.2842,-60.5458,2.8807983835010558,0.5658227874885632,,375,374,408.088531,407.212562,[],['63203'],[],1,1
-45.7262,-60.6423,2.5403452779705065,0.4683333384990692,,389,389,407.144875,407.437938,[],['63203'],[],1,1
-45.38,-60.5588,3.7253255694261576,0.4161512109729435,,382,381,407.666188,408.847469,[],['63203'],[],1,1
-45.3545,-60.5567,5.098899384462618,0.3497006045933254,,381,377,408.191406,406.948531,[],['63203'],[],1,1
-45.5697,-60.6271,5.951758793448727,0.8108108050114397,,384,387,403.931375,407.029125,[],['63203'],[],1,1
20.41,111.2069,19.67473185646765,2.685714285714285,,45,50,56.739066,67.260359,[],[],['8486'],1,0
-45.3797,-60.5927,5.27305435659648,0.4524663727513343,,382,378,406.245812,404.186969,[],['63203'],[],1,1
-45.4117,-60.5738,5.358091185427878,0.3437500044703483,,384,382,406.656375,407.666188,[],['63203'],[],1,1
-45.5438,-60.6391,6.559067116544095,0.6295454613638647,,384,383,404.320438,404.029969,[],['63203'],[],1,1
-45.3428,-60.5866,5.30359633630027,0.3864583402949695,,378,375,404.9636880000001,405.176281,[],['63203'],[],1,1
30.9823,124.6452,2.316677746184857,2.7875,,174,175,144.704766,145.8435,[],[],['8486'],1,0
33.5329,123.6373,58.09723134930438,3.1975535359222222,,150,131,153.222688,134.041984,[],[],['8327'],1,0
-45.3303,-60.5746,3.966079488030503,0.4449495012410965,,377,376,405.505719,406.733312,[],['63203'],[],1,1
-45.3314,-60.493,5.371617807542581,0.4242105309900484,,382,379,411.839094,412.861812,[],['63203'],[],1,1
-45.6577,-60.6422,1.3862053582938056,0.0793103458552525,,386,387,405.348875,405.900906,[],['63203'],[],1,1
21.5864,108.7459,8.940386892113226,5.95,,7,2,7.358126,6.151465,['8486'],[],['8486'],1,0
-45.4661,-60.5468,6.964956253784561,0.4649425351071634,,389,386,410.032031,409.752719,[],['63203'],[],1,1
-45.1637,-60.3874,42.33607195351691,2.07999999858439,,385,360,433.077969,413.693906,[],['63203'],[],1,1
-45.4428,-60.6134,1.1047014295977966,0.4000000068635651,,382,383,403.852531,404.478531,[],['63203'],[],1,1
-45.3213,-60.5332,4.588602748356062,0.1644628123495696,,380,376,410.170844,408.188,[],['63203'],[],1,1
-45.3411,-60.5368,5.297076500748695,0.217297301300474,,381,379,408.847469,409.952375,[],['63203'],[],1,1
-45.5422,-60.5459,1.4615106071069002,0.4541666718820731,,391,390,411.642,410.698969,[],['63203'],[],1,1
-45.5082,-60.6533,4.319446908923031,0.3742971944820931,,381,382,401.889375,402.769594,[],['63203'],[],1,1
29.3726,123.3672,3.435904786630506,1.8249999895691869,,101,102,78.730633,81.68048399999999,[],[],['8486'],1,0
-45.2527,-60.4997,1.5791671908973723,0.2482758664536749,,374,374,410.148906,410.842938,[],['63203'],[],1,1
-45.4777,-60.6005,6.313146754750485,0.6242647109662784,,384,384,405.405781,406.171844,[],['63203'],[],1,1
-45.4852,-60.6369,7.590727433684198,0.588764052628801,,381,382,402.322531,403.2304380000001,[],['63203'],[],1,1
-45.55,-60.6032,2.869380996963517,0.4370370380580425,,387,386,407.208469,406.852688,[],['63203'],[],1,1
10.9762,108.7174,29.60078703689968,2.013461538461539,,25,19,116.929609,108.583289,[],[],['8484'],1,0
22.0562,115.2764,48.00712514760087,3.868387096774193,,62,57,53.828051,55.105781,['8486'],[],['8486'],1,0
10.979,108.708,28.427402756430507,2.1352941176470592,,24,20,116.401203,110.046836,[],[],['8484'],1,0
-45.3113,-60.5651,6.339518942718548,0.6327868865324496,,376,373,406.839406,405.750906,[],['63203'],[],1,1
-45.4685,-60.5773,5.545025722462611,0.3706896613384115,,388,385,409.101062,406.799188,[],['63203'],[],1,1
20.4475,111.1383,24.895374488186366,2.7944444444444447,,49,54,54.92010500000001,67.38483599999999,[],[],['8486'],1,0
22.6083,120.2059,13.90022927030318,2.681395348837209,,5,4,1.026563,1.111949,[],[],['8321'],1,0
20.9351,91.3857,11.124043569086796,3.209090909090909,,79,69,83.224469,76.112594,[],[],['8481'],1,0
34.9651,123.6532,6.535442227204079,3.870967741935484,,142,142,143.53670300000002,143.577062,[],[],['8327'],1,0
-7.3146,-131.0256,43.91733641180528,4.113492063492062,,892,909,903.280312,922.5665,[],['63203'],[],1,0
24.7418,121.9058,15.106579361378255,2.727731092436974,,7,8,12.231441,12.013314,[],[],['8321'],1,0
31.1174,126.551,3.0170613456448936,2.6038461538461544,,196,194,234.713781,231.379234,[],[],['21796'],1,0
22.447,113.8351,20.559957076910703,2.4835937500000003,,3,2,0.0,0.0,[],[],['8486'],1,0
4.403,127.6038,2.416029255467209,0.6411764705882352,,54,55,249.346188,250.778578,[],[],['8492'],1,0
21.047,113.9602,110.27218103639272,3.088817891373801,,105,78,102.601992,88.496094,[],[],['8486'],1,0
22.734,114.6411,5.248570955361892,0.6772727272727275,,4,3,1.025666,1.512626,[],[],['8486'],1,0
36.6438,123.5017,44.00869919467585,3.5095238095238086,,101,88,95.722062,87.291414,[],[],['8486'],1,0
-45.2953,-60.3878,5.928235852858974,0.3634831508558788,,386,381,420.071969,420.293375,[],['63203'],[],1,1
33.9414,123.1562,5.160745209068401,6.383333333333334,,179,175,183.862844,179.264016,[],[],"['8327', '8486']",1,0
29.7947,126.4769,4.046814781601862,3.5571428571428574,,266,264,324.092875,322.284562,[],[],['8487'],1,0
20.4793,111.2305,23.450701010047723,2.996875,,50,57,60.42916,66.408,[],[],['8486'],1,0
21.766,112.6571,0.7744397306955343,2.645454545454545,,3,3,6.81564,7.35559,[],[],['8486'],1,0
10.3428,107.1328,7.039508448945988,2.5294117647058822,,2,3,5.469456,5.974595999999999,[],[],['8484'],1,0
33.5588,123.4744,6.788878141512941,1.5760000000000003,,160,154,163.14875,157.551969,[],[],['8327'],1,0
22.4118,115.9651,60.30750151903202,4.498290598290596,,42,41,45.082344,44.525309,[],[],['8486'],1,0
31.117,126.5021,8.04459167093261,1.6868421052631577,,201,198,235.706359,232.414547,[],[],['21796'],1,0
20.9509,107.0568,0.8196272158811021,0.8307692307692308,,2,2,0.0,0.0,['8484'],[],['8484'],1,0
33.1716,126.054,15.777832516066196,2.7699346485383374,,19,13,21.21465,14.350489,['8327'],[],['8327'],1,0
11.2339,74.4551,1.1921668086893038,0.4761904761904762,,94,95,95.609125,97.098484,[],[],['8480'],1,0
22.5733,120.2734,18.143714119974156,2.7026490066225164,,4,0,0.0,0.0,[],[],['8321'],1,0
12.9506,-17.304,44.849786390350914,3.375718014981043,,60,52,102.99618,84.68422699999999,[],[],['8371'],1,0
35.0547,129.2099,10.05055068891042,2.335971230922416,,9,10,8.008843,10.254875,['8327'],[],['8327'],1,0
51.3447,156.4667,3.0378596256492063,1.8727272830226205,,5,3,16.736833999999998,13.361396,['5690'],[],['5690'],1,0
32.5822,127.0128,7.668317712314387,3.3666666666666667,,86,79,88.01325,81.202766,[],[],['8327'],1,0
20.4017,108.8745,0.8431761695099369,1.2133333333333334,,65,65,40.030176,40.043703,[],[],['8486'],1,0
4.1915,8.2693,9.699201978184172,2.7265306151643096,,40,34,10.240317,4.970057,[],[],['8474'],1,0
35.2356,123.6397,45.010856927752016,2.8196969696969703,,155,153,155.776688,153.998891,[],[],['8327'],1,0
34.9651,123.7441,4.016354103919531,1.3099999999999998,,134,135,135.49875,136.22601600000002,[],[],['8327'],1,0
11.1465,109.0863,12.74997734555086,2.261111111111111,,28,20,88.275445,76.917625,[],[],['8484'],1,0
24.8014,119.1582,6.971617944780163,3.7,,20,18,17.094381000000002,11.695075999999998,[],[],['8486'],1,0
21.1014,110.8268,15.983113283454422,2.8928571428571432,,24,24,5.428982,9.124674,[],[],['8486'],1,0
20.3819,113.6268,7.502118473117216,3.255555555555555,,159,153,160.344391,153.305359,[],[],['8486'],1,0
20.4008,111.1798,17.725312389472155,2.889473684210526,,42,48,52.01343,66.188906,[],[],['8486'],1,0
19.0579,39.0682,3.026178324606309,0.5320000088214875,,41,43,175.339781,175.00473399999998,[],[],['8355'],1,0
34.4423,122.6791,50.76854873245064,3.945614035087719,,205,222,182.617812,204.930594,[],[],['8486'],1,0
3.7923,-150.4048,117.29979578076605,3.5077575771013905,,740,834,765.805938,860.058188,[],['63203'],[],1,0
68.9404,13.5375,35.30857879846051,4.356060580773788,,45,37,46.775938,36.739219,[],[],['5686'],1,0
34.9263,129.198,10.322611153885168,1.5682539818069292,,18,18,14.165093,14.813726,['8327'],[],['8327'],1,0
21.1438,112.524,22.02831063708528,3.458823529411765,,55,47,54.838723,47.11327,[],[],['8486'],1,0
20.9986,111.4629,33.214318635776515,2.532,,53,48,44.490059,35.602668,[],[],['8486'],1,0
29.5887,125.5908,34.944609890451495,4.503333333333334,,265,283,253.890859,273.931844,[],[],['8486'],1,0
10.2603,107.4173,7.874891384489654,1.2285714285714286,,21,23,32.625137,36.371203,[],[],['8484'],1,0
20.1968,110.4034,14.138562652348885,1.3197080353642034,,10,11,9.13731,9.43068,[],[],['8486'],1,0
61.9103,-178.5964,58.0255085769113,3.922680408274597,,125,120,170.288375,156.296141,[],[],['5690'],1,0
21.5447,108.7645,35.230792608890155,2.718840579710145,,8,7,6.930573000000001,12.131856,['8486'],[],['8486'],1,0
35.1053,129.1633,3.73339866731535,3.6384615384615375,,3,4,3.805274,3.799415,['8327'],[],['8327'],1,0
29.5111,126.2274,3.0159373083711105,2.35,,266,267,325.3555,325.293344,[],[],['8487'],1,0
34.1935,134.6719,3.130771405354128,1.9083333333333332,,2,2,3.679123,3.809181,[],[],['8487'],1,0
20.3553,111.1975,15.46305128446216,2.6999999999999997,,39,47,54.353453,68.03682,[],[],['8486'],1,0
-13.1164,-86.854,14.23785432316483,0.8136363693258979,,963,952,1007.988875,995.635938,[],['63203'],[],1,0
14.2301,73.4719,46.526035008262845,3.171428571428572,,105,82,109.326461,86.01267999999999,[],[],['8480'],1,0
46.3166,-3.4094,24.77482791602436,3.4173333168029787,,97,81,100.452062,85.14803900000001,[],[],['5677'],1,0
5.4048,-153.5865,2.111387740862165,0.769512197411642,,559,561,573.0211879999999,575.422125,[],['63203'],[],1,0
30.9409,124.656,31.94809953538756,3.077777777777777,,160,182,133.923891,152.54940599999998,[],[],['8486'],1,0
20.9101,112.4455,5.173575373987104,3.4125,,77,75,77.137469,74.68057,[],[],['8486'],1,0
36.2422,124.3653,36.8151959466931,2.1422222222222227,,127,110,149.167656,145.953047,[],[],['8327'],1,0
22.1439,115.802,20.737861328550547,2.2763636363636364,,62,63,60.680078,62.607238,[],[],['8486'],1,0
24.9294,119.0176,3.636357963930901,2.129411764705882,,4,2,2.302992,1.00826,[],[],['8486'],1,0
36.4408,125.4134,10.870411401135089,1.6407407340076237,,27,22,61.777238,62.836418,['8327'],[],['8327'],1,0
11.1271,108.7511,4.755361639848969,1.1787878787878787,,7,6,96.07475,93.597891,[],[],['8484'],1,0
4.8266,98.3115,5.324357817966763,3.983333333333334,,37,39,45.560098,48.667492,[],[],['8492'],1,0
20.3997,111.1948,23.86932239884514,3.035714285714286,,40,56,52.437168,65.522941,[],[],['8486'],1,0
17.7684,108.8697,25.786643567353934,5.771428571428572,,74,56,72.480352,53.53925,[],[],['8486'],1,0
34.6745,128.765,21.77618770890292,2.7672222186707787,,11,11,12.265645,10.956853,[],[],['8327'],1,0
50.2945,0.6066,83.30881524993556,3.533333344793037,,46,46,48.728621,41.431852,[],[],['5677'],1,0
51.8872,2.0305,104.0834310636602,1.5185410366247365,,47,30,29.858678,14.398736,[],[],['5696'],1,0
-12.2541,-158.7021,7.080252069015431,1.9899999999999995,,321,318,490.504562,491.548062,[],[],['8446'],1,0
7.8719,106.9036,7.439072421874392,3.526666666666667,,90,88,263.979938,259.316734,[],[],['8484'],1,0
8.3699,107.1711,2.273802946056388,4.966666666666667,,59,58,208.284547,206.064406,[],[],['8484'],1,0
7.7929,106.9914,15.059902223434795,3.2192307692307693,,101,96,272.569188,264.653031,[],[],['8484'],1,0
20.883,112.6315,15.36606943924017,2.745833333333334,,79,76,79.11829700000001,80.167594,[],[],['8486'],1,0
30.9008,124.5177,36.506806416005126,3.372916666666667,,151,171,126.153727,141.147109,[],[],['8486'],1,0
34.455,122.6767,53.90074364678514,4.2026666666666666,,206,216,181.964,210.679547,[],[],['8486'],1,0
21.1789,110.6515,9.106311083279913,2.315384615384616,,3,6,5.933804,7.058038,[],[],['8486'],1,0
0.7121,80.6203,2.1472325593907757,0.6074999999999999,,576,575,582.931875,581.892375,[],['63203'],[],1,1
52.4671,154.8539,43.56276938800712,4.354237265506034,,109,84,84.484484,62.833148,[],[],['5690'],1,0
17.6644,108.4457,20.35647125540571,2.728571428571429,,101,91,99.761461,89.29116400000001,[],[],['8486'],1,0
10.4106,109.2175,17.07596749614712,3.382692307692309,,33,29,174.69875,158.13775,['8484'],[],['8484'],1,0
-11.7751,-130.7063,149.26653486957554,3.7703883495145623,,835,904,841.209625,909.326375,[],['63203'],[],1,0
32.793,124.3357,8.777828530859304,2.514285709744408,,162,155,162.38425,156.158141,[],[],['8327'],1,0
22.0892,115.081,11.798154205876337,4.305555555555555,,53,56,45.15957,49.903027,['8486'],[],['8486'],1,0
22.0088,115.4804,45.49257801249172,3.96,,80,69,78.470219,67.836703,[],[],['8486'],1,0
20.2189,107.0628,3.29975027537772,2.2625,,49,52,47.500734,47.67234,[],[],['8484'],1,0
9.8323,107.0534,10.607042811266211,2.2300000000000004,,35,45,44.491449,43.710227,[],[],['8484'],1,0
33.0162,123.9296,6.174543743480784,2.694285717010498,,161,156,161.899172,157.399281,[],[],['8327'],1,0
46.179,141.0171,18.298892826804472,5.884615393785331,,18,13,85.43082799999999,79.142352,['5690'],[],['5690'],1,0
-16.3836,-122.7617,22.820537701192578,4.357364353745483,,931,950,1217.8565,1240.165625,[],['63203'],[],1,0
29.5585,126.5092,6.208158824604105,1.95,,251,251,307.794219,307.206156,[],[],['8487'],1,0
-45.1,-60.1822,18.74480763266869,5.73207551240921,,389,372,438.4996880000001,427.211812,[],['63203'],[],1,1
21.7187,114.4482,58.37245093865038,3.1232142857142846,,33,47,38.403367,36.774293,[],[],['8486'],1,0
21.5954,112.2984,62.59862541963235,3.656701030927835,,9,3,8.815035,9.80939,['8486'],[],['8486'],1,0
20.1462,107.7866,14.023056098093653,2.1557894736842105,,3,7,98.720867,97.239789,['8484'],[],['8484'],1,0
38.1768,122.5739,13.005488763908106,2.3354066898948265,,74,83,70.235039,78.53420299999999,[],[],['8486'],1,0
33.8568,124.0315,18.025453798381783,3.611864406779661,,103,97,106.736023,101.228484,[],[],['8327'],1,0
39.1504,121.5128,50.72915332890504,3.8643678160919537,,7,3,13.789019,4.220825,['8486'],[],['8486'],1,0
38.5665,134.2375,67.59604500594068,2.915217377083457,,254,229,266.776656,275.654125,[],[],['8487'],1,0
-22.9884,-41.3048,16.73429212954818,2.6416666666666666,,63,47,21.260316,37.264172,[],[],['8464'],1,0
-0.9235,-80.7098,1.233762146630783,0.0839215701701594,,2,2,0.0,0.0,[],[],['8431'],1,0
30.8742,124.6376,31.725791219612457,3.3767441860465106,,158,179,133.799297,150.531,[],[],['8486'],1,0
0.0832,109.1054,17.568377984576816,3.2846153846153854,,10,0,2.486394,4.447797,[],[],['8492'],1,0
35.049,129.2609,8.531076798796603,2.265957444272144,,14,14,13.496562,14.15209,['8327'],[],['8327'],1,0
23.0244,120.0646,14.711480406222448,3.917073170731708,,5,0,10.296146,8.432724,[],[],['8321'],1,0
22.3497,116.4825,15.66446372286355,4.992063492063492,,64,65,65.473738,65.223609,[],[],['8486'],1,0
35.1151,129.2417,4.408765357379923,1.0373333350121976,,8,8,8.527141,8.837886000000001,['8327'],[],['8327'],1,0
21.1852,114.078,107.24232662415368,2.9617647058823526,,92,68,100.608984,78.38878100000001,[],[],['8486'],1,0
-21.5992,12.658,83.19387398182593,3.039278550472909,,123,95,226.2125,242.897781,[],[],['8395'],1,0
43.3604,-8.4867,8.899612008899577,0.785000001059638,,0,2,3.419875,2.223899,[],[],['5693'],1,0
24.0608,118.0026,3.11404941883856,4.484615384615385,,10,11,9.402345,9.778344,[],[],['8486'],1,0
33.6244,123.9569,8.85540130924907,2.318750002235174,,118,114,120.776977,116.870883,[],[],['8327'],1,0
21.762,113.3143,20.787743972251903,3.9,,15,15,7.62739,2.345413,[],[],['8486'],1,0
20.1759,110.3846,14.327378944318856,2.9150943396226414,,8,10,7.370221,7.853337000000001,[],[],['8486'],1,0
36.9066,123.1079,101.30464296951055,2.7833855799373044,,51,50,49.828227,49.860094,[],[],['8486'],1,0
21.0331,113.8693,236.86776305685933,3.0952290076335878,,84,74,84.314047,84.84347700000001,[],[],['8486'],1,0
20.5932,113.1856,19.30096452780881,3.303448275862069,,124,110,124.596547,110.311562,[],[],['8486'],1,0
20.8515,112.936,21.077145545731756,2.9857142857142858,,81,83,83.454148,83.553906,[],[],['8486'],1,0
21.1663,113.9614,199.42505078137543,3.0343373493975885,,90,68,90.773047,78.66780499999999,[],[],['8486'],1,0
22.0398,114.3761,20.9095980227263,3.1311688311688304,,7,12,9.9414,1.111949,[],[],['8486'],1,0
32.5651,126.973,6.352159551533174,3.1833333333333336,,85,81,85.93330499999999,82.224859,[],[],['8327'],1,0
22.7127,113.6957,9.216042719476317,2.736842105263158,,5,4,0.0,0.0,[],[],['8486'],1,0
20.4004,111.2144,23.652350710104898,3.0083333333333333,,42,54,53.369223,68.530594,[],[],['8486'],1,0
17.7034,108.3474,1.9902046778455365,1.1,,97,96,97.403102,96.605133,[],[],['8486'],1,0
32.7509,124.4321,14.793384309848795,2.8466666666666667,,161,152,161.914734,153.03368799999998,[],[],['8327'],1,0
58.7457,-1.3381,29.88737634185996,2.8140625124797243,,82,78,36.949098,65.46910199999999,[],[],['5696'],1,0
10.9297,108.7045,27.76432462755055,2.1406250000000004,,26,25,121.35607,115.127625,[],[],['8484'],1,0
34.4456,122.6286,64.14966447785888,4.169117644955128,,192,210,169.161922,212.655266,[],[],['8486'],1,0
21.578,112.2964,48.28446494521659,2.4882022471910115,,6,10,6.204899,14.385488,[],[],['8486'],1,0
21.0471,110.5896,16.8465551746857,4.032432432432433,,4,6,5.65576,4.708689000000001,[],[],['8486'],1,0
34.5723,127.7477,3.782675141013293,1.9789473684210528,,1,0,2.746849,4.5775310000000005,[],[],['8327'],1,0
-34.4932,21.577,80.96033321460949,3.0421487648378727,,16,8,50.215066,71.427711,['8396'],[],['8396'],1,0
11.1128,108.7675,13.639996097209488,4.228125000000001,,8,9,97.561469,94.636727,[],[],['8484'],1,0
8.6901,82.0701,5.520136087589546,1.15,,81,83,89.384125,90.823539,[],[],['8346'],1,0
21.1749,110.6363,19.160569205772926,2.140677966101695,,3,5,6.751771,6.163973,[],[],['8486'],1,0
38.618,120.6328,4.194271721692097,2.3692307692307693,,32,33,34.29468,34.525,[],[],['8486'],1,0
20.972,111.3673,7.218330004867908,1.1933333333333331,,50,51,43.810113,41.142125,[],[],['8486'],1,0
-23.676,59.381,51.06588831685263,6.925,,420,385,459.876938,424.750906,[],['63203'],[],1,1
34.4458,122.6679,29.94463065932895,4.282352941176471,,206,218,184.032828,199.548969,[],[],['8486'],1,0
21.5789,112.293,45.93414275209164,2.3412903225806447,,6,9,6.303956,13.635086,[],[],['8486'],1,0
6.1299,80.0129,14.127826356312651,0.9125,,13,4,30.093404,27.043076,['8346'],[],['8346'],1,0
9.9659,107.0853,5.562988109007785,1.7000000000000002,,34,37,28.910682,29.240416,[],[],['8484'],1,0
29.923,122.2726,3.7346200789894928,0.2751322751322754,,2,1,0.0,0.0,[],[],['8486'],1,0
32.6538,124.8389,0.6941855286493795,1.03,,142,142,145.582078,145.582078,[],[],['8327'],1,0
20.2045,110.2858,20.66114950975417,2.9017241379310352,,6,4,4.913026,4.568532,[],[],['8486'],1,0
21.664,112.3849,34.64195931913289,2.3942028985507244,,9,2,12.143859,10.060706,[],[],['8486'],1,0
9.975,107.0898,8.824755466499202,1.505555555555555,,35,37,28.9314,28.332467,[],[],['8484'],1,0
23.4638,117.5921,5.036846485290925,4.568965517241378,,20,24,18.103512,21.873904,['8486'],[],['8486'],1,0
20.3451,111.245,23.56785665530522,3.016666666666667,,40,41,54.79377,71.106531,[],[],['8486'],1,0
-14.2295,172.927,119.96389265430066,5.128599598357188,,498,448,510.286469,561.1295,[],['63203'],[],1,0
22.3889,120.4137,4.373891113279603,1.3200000017881393,,5,5,4.543635,6.058078999999999,[],[],['8321'],1,0
20.4005,111.2325,21.978202273911428,2.9486486486486485,,40,49,56.707082,69.47318,[],[],['8486'],1,0
9.5397,106.5626,14.998831721104716,2.238461538461539,,7,6,94.25368,89.667953,[],[],['8484'],1,0
-14.3496,173.2648,4.378552691795176,1.042857152483765,,456,452,523.746219,522.625375,[],['63203'],[],1,0
34.4256,122.4981,190.1411398841812,3.6940959556736193,,176,218,150.74521900000002,209.176625,[],[],['8486'],1,0
20.5123,111.3966,12.885759686815383,3.875,,56,61,73.343328,75.948852,[],[],['8486'],1,0
20.4393,111.1854,20.72591088275525,2.815384615384616,,47,52,55.71777,70.383336,[],[],['8486'],1,0
21.3159,109.5831,34.79893490026861,3.7009009009009,,19,17,2.351564,2.223899,['8486'],[],['8486'],1,0
-73.4356,-177.5284,3.06860246558656,2.7379310295499613,,398,399,3036.36975,3035.68725,[],['63203'],[],1,0
22.8798,117.3289,37.36708001535188,4.521739130434782,,62,61,43.37808999999999,40.240246,[],[],['8486'],1,0
23.0109,120.093,26.8161019801142,4.198347107438015,,5,1,8.264493,3.489314,[],[],['8321'],1,0
34.6112,135.0357,7.705623427380622,2.9367088607594933,,1,1,1.440236,3.805059,[],[],['8487'],1,0
-34.645,18.0183,45.61083150185351,3.5496062950825147,,53,51,67.05678900000001,60.278219,[],[],['8396'],1,0
-18.7625,67.9787,28.174887404332544,7.019047619047619,,468,496,475.209562,502.928344,[],['63203'],[],1,0
21.6525,112.3628,39.734106328453066,2.651351351351352,,9,3,10.287253,10.218533,[],[],['8486'],1,0
36.125,123.3604,12.384654358952426,2.881818181818182,,120,110,110.867828,102.476586,[],[],['8486'],1,0
5.699,81.88,2.55834866815761,1.2361111111111112,,80,82,97.129344,99.074641,[],[],['8346'],1,0
21.5711,112.2835,14.733204074941051,2.296666666666667,,6,11,6.303956,14.158839,[],[],['8486'],1,0
9.9184,107.1203,5.636495871192367,1.146666666666667,,41,43,34.902367,35.312055,[],[],['8484'],1,0
5.4199,80.1767,12.488276336794264,1.5666666666666664,,69,61,71.299938,62.618879,[],[],['8346'],1,0
21.7259,112.7,4.770451381731922,3.37,,1,2,2.3463000000000003,2.452076,[],[],['8486'],1,0
32.6338,127.0314,9.18305532236242,2.8777777777777778,,79,76,80.73476600000001,79.436656,[],[],['8327'],1,0
20.2179,107.17,3.265935176402956,2.814285714285714,,56,54,52.631012000000005,51.948629,[],[],['8484'],1,0
20.8754,112.903,90.84432671878102,2.6009174311926606,,87,86,86.75682,86.31573399999999,[],[],['8486'],1,0
38.9516,118.7793,16.071716342881217,1.8064102564102569,,12,7,5.190739,3.4159,['8486'],[],['8486'],1,0
22.8998,116.3135,26.78702023748847,2.779999999999999,,9,4,5.653324,0.0,[],[],['8486'],1,0
21.4465,111.9014,3.625357770341211,3.5125,,14,15,4.699264,8.353513000000001,[],[],['8486'],1,0
21.1676,110.6442,19.012237341164585,2.127272727272728,,4,5,8.055121,6.163973,[],[],['8486'],1,0
19.4873,108.1757,19.288475914817955,3.095454545454545,,53,52,54.322406,59.411539,[],[],['8486'],1,0
46.7634,141.4532,58.85315486237651,4.280327883411627,,34,30,34.350625,30.374998,[],[],['5690'],1,0
21.3554,109.5514,27.65653902455051,2.6882352941176477,,20,16,1.111949,1.03557,['8486'],[],['8486'],1,0
30.8978,124.5684,40.15713292996927,3.239285714285714,,150,177,126.178258,147.658094,[],[],['8486'],1,0
20.275,111.4797,2.2942691357143,1.6142857142857143,,38,40,84.724016,86.970602,['8486'],[],['8486'],1,0
1.2779,103.6621,4.172295038073402,2.1923076923076925,,4,1,0.0,0.0,['8485'],[],['8485'],1,0
38.7104,120.3206,8.484034983821024,3.625,,58,59,34.785926,41.946906000000006,[],[],['8486'],1,0
22.4232,113.6829,46.2607868327278,4.871069182389934,,3,5,3.028638,2.336927,[],[],['8486'],1,0
10.049,107.1819,10.584527416339627,4.153846153846154,,31,33,22.812594,25.887791,[],[],['8484'],1,0
20.789,115.0551,24.25138181809955,2.988888888888889,,160,157,155.297781,147.433344,[],[],['8486'],1,0
12.2133,-176.0755,94.18430834435704,3.615396571103741,,878,841,1475.641375,1503.645375,[],['63203'],[],1,0
10.5881,81.7007,5.937002900090761,1.4071428350039892,,169,174,193.012875,194.276797,[],[],['8346'],1,0
13.6967,-175.2089,122.44012333980828,4.111235955056179,,723,669,1614.185625,1662.334625,[],['63203'],[],1,0
7.7925,106.9902,12.29540468276682,2.966197183098592,,102,95,272.507219,263.541125,[],[],['8484'],1,0
7.8476,106.9848,8.537180770382616,2.677777777777777,,100,94,270.239375,262.440719,[],[],['8484'],1,0
7.8556,106.981,10.697860305120033,2.7900000000000014,,100,90,270.259469,259.121406,[],[],['8484'],1,0
33.0448,126.594,11.638258897281103,2.7101449137148648,,27,16,26.175982,16.006294,['8327'],[],['8327'],1,0
31.3494,131.3303,3.597962539865962,4.489999999999999,,4,3,16.713383,17.326279,['8487'],[],['8487'],1,0
21.6007,114.157,17.309901307004548,5.3500000000000005,,41,27,50.93652,35.74085899999999,[],[],['8486'],1,0
30.26,125.402,35.14704640416486,2.6071428571428585,,235,238,219.875547,217.941047,[],[],['8486'],1,0
-9.3393,-163.1707,3.493009319009712,1.494999999254942,,238,239,433.709531,435.933188,[],[],['8446'],1,0
30.9281,124.6461,35.438873607474065,3.057142857142857,,159,183,133.845438,153.718516,[],[],['8486'],1,0
21.0425,113.9433,114.82795516314658,2.7606694560669456,,116,83,112.437984,93.683992,[],[],['8486'],1,0
21.0513,110.704,6.178326149246431,3.509523809523809,,13,14,0.0,0.0,[],[],['8486'],1,0
-4.6,-166.2325,8.159811597730158,1.4619718324130688,,505,509,1018.921688,1023.371188,[],['63203'],[],1,0
22.4257,113.6876,3.288548487737732,3.742857142857143,,3,4,1.0279,1.027826,[],[],['8486'],1,0
-18.608,171.6721,99.97249507738944,3.7003983990011,,158,230,224.699844,297.757156,[],[],['8313'],1,0
31.0867,135.461,21.84944256545128,2.297674418604652,,265,255,267.785031,258.110328,[],[],['8487'],1,0
38.8488,119.153,22.688377023492947,2.126714801444044,,43,36,10.590308,0.865611,[],[],['8486'],1,0
38.0031,122.2457,59.86000047896979,3.387050359712231,,44,52,44.430914,51.975176,[],[],['8486'],1,0
37.981,122.1999,44.8818201738144,3.5319148936170217,,42,52,42.263215,51.744418,[],[],['8486'],1,0
20.6643,106.7879,8.803133991880005,2.1523809523809523,,5,2,6.243053,4.307616,['8484'],[],['8484'],1,0
-5.7711,-133.6954,139.8571367939011,4.203418803418807,,645,747,672.534812,773.8875,[],['63203'],[],1,0
31.4757,124.7059,36.08048842360007,2.3181818181818183,,186,206,156.38745300000002,178.287016,[],[],['8486'],1,0
51.0791,156.0054,50.38377715528692,3.4843243122100835,,22,35,32.148721,42.567801,[],[],['5690'],1,0
22.6605,113.7111,2.4125957602082058,1.7333333333333334,,7,7,0.0,0.0,[],[],['8486'],1,0
37.9731,119.9968,10.527499717142629,1.1743119266055049,,36,37,14.481949,16.67924,[],[],['8486'],1,0
34.4688,122.6425,59.55720609185806,3.655639119614336,,204,219,181.913219,208.454094,[],[],['8486'],1,0
-45.6416,-60.5772,193.97005442242437,2.75270757902185,,436,347,453.084812,384.966781,[],['63203'],[],1,1
50.5735,154.9897,5.623358296524441,1.4230769184919505,,33,34,84.720711,80.106891,[],[],['5690'],1,0
21.6759,114.3361,8.983311374702302,2.0689655172413794,,38,37,43.274688000000005,39.473801,[],[],['8486'],1,0
20.3965,111.2411,24.83511994217652,2.9555555555555557,,40,55,62.915965,68.209734,[],[],['8486'],1,0
26.3119,50.2771,16.965045811644906,2.928571428571429,,6,5,8.961216,10.197194,[],[],['8356'],1,0
34.7502,123.1886,23.44126949977612,6.590909090909091,,184,182,184.792234,182.756391,[],[],['8327'],1,0
24.073,118.0287,6.451107371245899,3.728260869565217,,11,12,8.778853,9.746137,[],[],['8486'],1,0
17.8101,108.7088,29.740106230547305,5.98125,,77,58,74.43805499999999,55.17618,[],[],['8486'],1,0
21.446,111.9276,12.872330740103754,3.4631578947368418,,14,19,4.699264,16.595643,[],[],['8486'],1,0
21.0086,109.0482,9.456912060583118,1.959090909090909,,6,3,5.655798,2.223899,['8486'],[],['8486'],1,0
21.6416,112.3666,34.02977234690098,2.345714285714287,,9,2,12.869601,13.18301,[],[],['8486'],1,0
39.1149,119.0569,11.463125195178272,1.12070707070707,,12,7,2.0531460000000004,1.111949,['8486'],[],['8486'],1,0
11.111,108.738,21.95965671227446,2.806896551724136,,9,7,101.053781,94.590328,[],[],['8484'],1,0
22.4249,113.6879,3.375966044973839,4.6000000000000005,,3,4,1.0279,1.027826,[],[],['8486'],1,0
22.8037,115.5838,4.936507013255971,1.1,,3,3,3.915668,7.34641,[],[],['8486'],1,0
30.838,127.0552,4.70734898051237,3.315384615384615,,178,175,238.272812,236.115188,[],[],['21796'],1,0
22.0508,115.164,24.904817898900315,3.947945205479454,,55,68,47.466684,63.504656,[],[],['8486'],1,0
34.5601,121.65,4.389299565140751,2.2666666666666666,,127,130,106.292711,109.249297,[],[],['8486'],1,0
14.3319,-179.6826,3.253176471033561,6.75,,1117,1116,1263.062,1266.132625,[],['63203'],[],1,0
20.1863,107.0325,2.577678822516812,2.1166666666666667,,47,48,49.990691,49.248941,[],[],['8484'],1,0
-18.2504,-107.3825,134.3450772558729,4.016,,943,1036,947.748875,1040.187125,[],['63203'],[],1,1
20.1066,111.7486,27.149240479335173,3.2475000000000005,,38,65,99.502984,125.274703,[],[],['8486'],1,0
22.1671,120.6861,8.331839686170282,2.89,,2,0,36.202727,36.529109,[],[],['8321'],1,0
20.4376,111.2237,22.278964720537743,2.8999999999999995,,43,60,57.157066,64.632562,[],[],['8486'],1,0
32.6239,127.0275,11.292170044586106,2.7272727272727275,,82,76,84.560711,79.05532799999999,[],[],['8327'],1,0
30.9916,124.517,19.548314978940017,3.2187500000000004,,153,171,124.022734,141.398281,[],[],['8486'],1,0
51.7686,156.0737,9.50027804874867,0.9307692383344354,,30,26,37.640844,40.78027,[],[],['5690'],1,0
34.6468,128.0803,11.54034559032256,2.3160000000000003,,6,7,3.658938,9.24565,[],[],['8327'],1,0
20.6588,113.449,11.847488786464028,2.0476190646489463,,120,121,120.550727,121.645805,[],[],['8486'],1,0
31.0296,126.7777,3.4431364757636738,2.0272727172483096,,183,181,245.043,242.940406,[],[],['21796'],1,0
36.4786,123.9065,10.3866528211345,3.1733333333333333,,128,137,124.360961,133.687766,[],[],['8486'],1,0
21.6984,112.3009,34.10584273236972,2.6172413793103457,,2,1,4.692979,8.339364,[],[],['8486'],1,0
34.4553,122.6595,27.11544542701776,4.3470588235294105,,207,220,186.126781,200.960344,[],[],['8486'],1,0
51.0811,156.0146,51.69701175771944,3.2052631591047542,,22,32,32.148721,39.93359,[],[],['5690'],1,0
27.0362,131.4139,9.765745607195097,2.93,,119,124,122.641969,127.420586,[],[],['8487'],1,0
4.3149,8.3438,79.19748965006957,2.651748251748252,,28,22,2.485009,9.939958,['8474'],[],['8474'],1,0
17.699,108.5532,14.981643598853177,2.310714284756354,,89,82,86.535797,80.14516400000001,[],[],['8486'],1,0
19.3406,108.1898,13.88751899590328,3.74375,,48,46,44.153578,46.074316,[],[],['8486'],1,0
20.3335,111.177,22.216527012236043,2.8904761927468434,,37,45,49.648488,66.112211,[],[],['8486'],1,0
33.9972,122.5144,2.0693364000079675,2.809090909090909,,183,184,151.972141,152.538094,[],[],['8486'],1,0
23.9969,117.9687,3.980357536997052,4.70909090909091,,9,9,16.710111,15.567289,[],[],['8486'],1,0
21.4342,111.4835,7.564514203889893,2.14375,,7,6,11.474227,12.990458,[],[],['8486'],1,0
20.9136,-17.5578,11.4464372606283,4.301204810659571,,43,52,47.787414,56.482453,[],[],['8368'],1,0
20.3904,108.8654,10.066746156750936,2.9421052631578952,,64,63,45.601805,36.709086000000006,[],[],['8486'],1,0
34.7228,123.8115,3.82656441586208,5.124999999999999,,125,124,126.234562,125.357805,[],[],['8327'],1,0
20.1555,107.0682,3.633109682457886,3.1,,49,52,53.799871,53.814176,[],[],['8484'],1,0
35.2689,123.8873,78.72562132443137,3.5100719424460447,,143,130,144.412078,131.81606200000002,[],[],['8327'],1,0
34.4688,122.6831,59.91202127790996,3.825563909774435,,204,210,181.203094,212.513406,[],[],['8486'],1,0
22.9992,120.0786,51.55417730775003,5.123076923076925,,6,1,10.296898,3.791214,[],[],['8321'],1,0
29.5808,-93.1479,34.08864321707068,2.7288660038377808,,29,9,7.843527,11.771438,['8456'],[],['8456'],1,0
17.4944,108.1473,4.865546156960996,2.48,,93,94,127.514508,126.043992,[],[],['8484'],1,0
34.4644,122.6733,66.54875456630054,3.939130434782608,,200,215,176.96095300000002,211.410016,[],[],['8486'],1,0
26.653,120.2203,8.237158485264048,1.741176470588235,,7,8,8.258601,8.903777,[],[],['8486'],1,0
8.1913,107.1476,3.5667971479059037,5.066666666666666,,72,70,229.229781,225.941734,[],[],['8484'],1,0
20.0995,107.6269,8.470493487833966,2.8152542372881357,,13,9,94.421195,88.384758,['8484'],[],['8484'],1,0
22.0368,113.9417,1.6955326439039022,0.4333333333333333,,2,2,1.111949,1.516189,[],[],['8486'],1,0
44.0115,-124.3808,6.71534079618792,3.514285746074858,,19,19,37.490945,42.199402,['8456'],[],['8456'],1,0
20.493,-17.3005,62.03886436873732,3.524798396434032,,50,30,49.438422,29.820334,[],[],['8369'],1,0
29.7369,126.2749,5.489370537063556,2.8166666666666664,,279,282,320.124812,319.050844,[],[],['8487'],1,0
21.1765,110.6473,5.902417696147143,3.0058823529411764,,4,5,7.36108,6.830183,[],[],['8486'],1,0
23.9789,117.9687,4.737405279095276,3.3863636363636367,,10,11,16.409502,17.820137,[],[],['8486'],1,0
34.4621,122.6449,59.41686156886962,4.257142857142859,,193,221,171.945766,202.769969,[],[],['8486'],1,0
18.8588,105.8014,9.485487978657185,1.5164556962025315,,5,7,7.694573999999999,7.448992,['8484'],[],['8484'],1,0
-18.6773,179.7705,6.449243295322217,0.9771428549289706,,14,9,131.746062,132.219016,[],[],['8325'],1,0
20.4506,111.202,24.49700051496489,3.0370370193764016,,46,59,55.454332,63.684273000000005,[],[],['8486'],1,0
35.0695,121.8407,6.5329254585816,3.5,,129,124,109.824648,105.390055,[],[],['8486'],1,0
9.8193,-95.8975,36.54176832404845,1.1877193019578327,,652,647,665.0525620000001,655.7668120000001,[],['63203'],[],1,0
21.4289,114.0911,110.73336690814143,2.9929889298892998,,59,57,57.000812,52.424539,['8486'],[],['8486'],1,0
18.523,66.0247,0.8487973024176603,0.2875000089406967,,506,504,501.744625,500.214531,[],['63203'],[],1,1
21.666,112.1549,48.951245806897866,2.5673992673992685,,0,5,1.111949,4.692726,[],[],['8486'],1,0
35.463,122.396,13.497523815378338,2.1172413793103453,,148,141,132.041406,126.929141,[],[],['8486'],1,0
3.4566,100.3618,35.107058903708335,2.854430379746835,,57,44,86.895242,58.20325,['8483'],[],['8483'],1,0
-38.0349,30.258,5.658644653296549,0.5,,575,578,594.948312,596.16725,[],['63203'],[],1,0
34.604,128.8739,37.777007747949696,4.510784294091018,,24,24,11.484523,19.278982,['8327'],[],['8327'],1,0
33.3533,127.1156,15.97658828019879,2.4461538461538463,,23,16,26.075674,18.180176,['8327'],[],['8327'],1,0
29.5443,126.3608,13.088598454852589,4.9363636363636365,,259,264,318.991219,321.48343800000004,[],[],['8487'],1,0
8.7462,82.0801,2.7709966830550417,0.775,,84,86,91.288438,93.637016,[],[],['8346'],1,0
23.0052,120.0845,39.66156398461596,5.794244604316546,,6,1,10.296898,4.53389,[],[],['8321'],1,0
30.8858,127.0699,10.005533662015267,3.82439024390244,,175,168,236.115188,232.012047,[],[],['21796'],1,0
36.3322,124.3741,7.825054290871559,2.25,,113,110,145.824969,146.15140599999998,[],[],['8327'],1,0
34.3865,122.7655,9.227767588194627,3.271428571428572,,215,215,191.946797,199.630328,[],[],['8486'],1,0
13.2672,109.8482,11.15558856544819,2.5823529411764707,,54,55,86.846938,81.24357,[],[],['8484'],1,0
32.7168,124.4524,6.930156958550128,2.330769230769231,,163,157,163.878312,157.364906,[],[],['8327'],1,0
30.8468,124.482,40.97164995333167,3.367326732673267,,148,160,125.511008,130.432984,[],[],['8486'],1,0
36.3196,124.3494,13.810676183559426,2.1357142857142857,,117,112,147.995,147.912562,[],[],['8327'],1,0
20.7861,112.8018,18.569740799566063,3.4058823529411764,,93,84,96.305445,86.732039,[],[],['8486'],1,0
10.297,108.8739,28.481493062583425,3.0590909090909078,,35,11,187.732031,165.899172,[],[],['8484'],1,0
21.5193,108.3002,10.403186919343524,1.4835680751173714,,5,3,6.155659,4.697009,['8486'],[],['8486'],1,0
30.9507,124.6912,48.98378073926624,3.965079365079363,,155,200,129.20857,171.017797,[],[],['8486'],1,0
35.7553,121.5679,9.50483240939969,3.597142857142857,,61,70,50.489438,58.990141,[],[],['8486'],1,0
21.6357,113.712,79.9406149533171,2.4491596638655464,,38,29,37.806273,28.103828,['8486'],[],['8486'],1,0
21.6637,113.6893,20.81503969510334,2.0380281690140856,,34,18,33.374457,17.791189,['8486'],[],['8486'],1,0
12.8635,84.5051,2.9067990480033608,0.8555555555555555,,454,454,441.733156,442.487719,[],['63203'],[],1,1
33.7087,124.7088,1.961526436425336,0.6542253559533979,,53,53,54.153363,54.153363,[],[],['8327'],1,0
10.254,107.1274,23.45277332647025,2.2532467532467524,,8,13,3.28261,20.566717,[],[],['8484'],1,0
11.0432,108.7682,14.34578454833655,4.919512195121951,,15,16,104.544234,101.734781,[],[],['8484'],1,0
33.7915,122.549,1.5338706784763638,2.3,,176,177,144.576188,145.432125,[],[],['8486'],1,0
36.107,123.3441,16.633069030235358,3.206666666666667,,121,111,112.055242,103.207727,[],[],['8486'],1,0
22.4221,113.6775,13.0895885417216,3.1264705882352946,,3,4,3.028638,1.027826,[],[],['8486'],1,0
7.8581,107.1679,2.3274347491210965,2.8666666666666667,,103,102,264.87165600000003,262.750625,[],[],['8484'],1,0
17.6736,108.3566,14.72053623973541,6.200000013623918,,102,96,104.133078,94.793586,[],[],['8486'],1,0
35.2913,129.4301,8.416282207778558,2.002631578947368,,10,11,10.642221,11.119492,['8327'],[],['8327'],1,0
26.5797,120.1781,8.337125959335467,3.0578947368421048,,2,2,3.720982,2.982762,[],[],['8486'],1,0
4.3467,166.7779,60.257065032694896,3.167901239185421,,221,181,419.118656,463.099344,[],[],['8318'],1,0
-16.3815,175.617,131.08354788091512,4.7176470588235295,,160,169,187.457031,197.683047,[],[],['8325'],1,0
13.0005,-175.1115,125.99508765801365,3.792171721115256,,755,700,1588.646875,1642.92,[],['63203'],[],1,0
21.1328,114.4841,69.64532373876598,3.370103089588204,,97,91,107.489266,91.76393,[],[],['8486'],1,0
21.9881,114.2537,3.7485703207799457,4.25,,4,4,8.895595,6.750852,[],[],['8486'],1,0
22.2512,115.2073,8.98826442336937,4.0285714285714285,,44,48,41.189633,48.625234,['8486'],[],['8486'],1,0
21.2819,114.0477,7.3809100980238656,3.283333333333333,,64,62,74.529289,72.873047,[],[],['8486'],1,0
12.9646,109.4558,5.289822893746426,4.17560975609756,,2,5,54.735488,57.213746,['8484'],[],['8484'],1,0
24.0636,118.0037,3.1788408782534714,3.269230769230769,,10,11,9.402345,8.778853,[],[],['8486'],1,0
-19.4003,118.6625,6.067175532992194,5.140000000000001,,60,60,72.647078,73.990742,[],[],['8323'],1,0
38.018,122.2273,106.93198343971768,3.0154040543644736,,46,54,45.801227,54.11902,[],[],['8486'],1,0
19.4305,105.849,9.947703722118892,2.753846153846154,,4,6,6.993797,16.42673,['8484'],[],['8484'],1,0
31.04,124.6904,4.8723991183501685,5.255555555555555,,180,182,150.226172,152.108141,[],[],['8486'],1,0
31.3734,124.2393,10.17450181298906,0.7706896638305022,,152,161,124.462938,133.712578,[],[],['8486'],1,0
21.5637,114.3775,52.69403288676953,3.773076923076923,,44,49,53.85873,41.962477,[],[],['8486'],1,0
20.6574,113.4785,12.497810294966603,3.086666666666667,,122,123,122.603617,124.378562,[],[],['8486'],1,0
5.748,80.1081,42.72193410751452,4.648809523809523,,45,20,46.840727,24.318859,[],[],['8346'],1,0
21.7002,112.7011,5.941650248382956,1.5299999999999998,,0,0,3.492163,1.517763,[],[],['8486'],1,0
5.8893,150.5916,17.562633647371037,8.38888888888889,,162,177,226.733281,214.988234,[],[],['8316'],1,0
22.2896,113.6292,58.91360425621026,3.3219780219780217,,4,5,0.0,4.565161,[],[],['8486'],1,0
-14.9052,43.9193,3.645488059497452,3.841666653752327,,151,153,269.014625,273.43325,[],[],['8348'],1,0
29.4858,126.2729,8.019545683508625,2.208333333333333,,260,264,323.816125,324.662688,[],[],['8487'],1,0
20.4476,111.2011,24.71850222801929,2.792682926829268,,48,53,56.323453,68.88354700000001,[],[],['8486'],1,0
30.8711,124.4796,35.14739462151865,3.3893939393939405,,150,160,126.212586,130.432984,[],[],['8486'],1,0
22.4049,116.243,24.74805897867741,4.098412697655815,,48,51,51.259395,55.504539,[],[],['8486'],1,0
29.6955,126.244,6.4672649570778455,2.366666666666667,,279,281,318.664594,318.821719,[],[],['8487'],1,0
31.3757,124.6847,2.502790053228398,3.3857142857142857,,191,192,161.703375,163.51915599999998,[],[],['8486'],1,0
34.5634,121.6794,5.433866697211536,2.6333333333333333,,130,133,108.909477,112.205891,[],[],['8486'],1,0
20.6223,113.4765,10.17682600254031,2.969230769230769,,125,125,126.009961,126.110953,[],[],['8486'],1,0
21.0517,110.5952,45.71022781953644,4.187850467289721,,4,3,6.751996,8.450604,[],[],['8486'],1,0
24.3746,118.2658,1.739254683544875,1.335714285714286,,5,4,3.765689,4.887188,[],[],['8486'],1,0
-4.5934,114.2607,2.8659731551907006,3.45,,61,59,96.600664,95.074211,[],[],['8492'],1,0
22.9466,120.1476,3.754988592031005,2.2777777777777777,,2,0,4.53466,2.448267,[],[],['8321'],1,0
22.2812,-106.6599,3.363285392563312,0.5944444412986438,,55,55,93.525336,92.64118,[],[],['8429'],1,0
-20.4177,170.7474,5.504266532624697,1.3436170142698796,,96,98,101.279531,102.894586,[],[],['8313'],1,0
5.8637,81.1456,19.077182103963672,3.07812499627471,,27,30,29.247135,31.296113,[],[],['8346'],1,0
22.5372,120.2886,1.7618850045753105,0.6972222222222224,,3,2,0.0,0.0,[],[],['8321'],1,0
20.4349,111.2329,26.495409716177864,3.072,,44,55,58.588414,67.612617,[],[],['8486'],1,0
35.4981,129.5587,9.66120997847818,3.229729729729729,,8,14,7.743883999999999,12.373678,['8327'],[],['8327'],1,0
34.7541,124.0564,24.27367278827036,4.036,,104,104,105.166633,104.678305,[],[],['8327'],1,0
3.416,-150.8828,87.95006855237055,2.9324675273972685,,690,767,717.378875,794.446125,[],['63203'],[],1,0
7.6827,-37.7613,21.07858024795057,5.1,,1192,1200,1199.175375,1208.632375,[],['63203'],[],1,0
20.6849,107.0152,42.969940999218814,3.140000000000001,,6,0,7.613226,1.5225050000000002,['8484'],[],['8484'],1,0
31.071,124.7013,2.520423113466807,2.470000010728836,,181,184,151.180672,153.553109,[],[],['8486'],1,0
22.8101,113.5956,9.694122616075374,1.697058823529412,,1,1,0.0,0.0,[],[],['8486'],1,0
21.4882,108.3558,13.298077447844436,2.416406250000001,,9,6,1.51893,1.518785,['8486'],[],['8486'],1,0
10.7219,101.9723,1.256972883913368,1.4571428571428573,,113,113,160.713188,160.713188,[],[],['8331'],1,0
34.5872,122.9315,37.1842412032997,2.8540983606557373,,202,205,207.493938,205.726234,[],[],"['8327', '8486']",1,0
20.9619,111.353,15.67480643240104,3.1166666666666667,,57,44,48.037621,35.823227,[],[],['8486'],1,0
34.6727,123.1106,2.091864113063708,2.883333337306976,,189,189,190.207266,190.184281,[],[],['8327'],1,0
30.9727,124.6968,19.26407019630504,3.784615384615385,,172,186,144.33765599999998,156.509391,[],[],['8486'],1,0
20.8574,113.016,26.266708310667237,2.905263157894737,,82,84,83.711219,84.898094,[],[],['8486'],1,0
21.6696,112.145,48.318576369134654,2.3996913580246897,,2,5,1.033793,5.283536,[],[],['8486'],1,0
20.3793,108.8316,8.474451407506084,2.6157894736842104,,68,66,46.015918,38.973871,[],[],['8486'],1,0
21.5013,111.9908,60.81047864536692,3.81103448275862,,11,9,2.349445,4.555772,[],[],['8486'],1,0
21.5569,112.2996,43.24218096460413,2.4495145631067965,,7,12,7.324197,14.855968,[],[],['8486'],1,0
-2.3159,-179.4477,17.52774418284693,5.883050863394293,,412,417,701.058375,710.698562,[],['63203'],[],1,0
20.5137,113.7748,1.8200217393470488,1.8,,151,149,148.407547,146.618812,[],[],['8486'],1,0
28.2312,121.5729,0.7828714380062527,0.3882352941176469,,3,2,0.979689,0.0,[],[],['8486'],1,0
20.1861,109.9072,14.039521626399774,2.9593750000000005,,7,5,5.938564,4.568563,[],[],['8486'],1,0
29.4598,125.9931,8.028565685018917,2.333333333333334,,279,282,305.260812,304.693188,[],[],['8487'],1,0
23.0025,120.0632,27.000034484795147,4.446153846153848,,7,0,11.315121,7.582428,[],[],['8321'],1,0
20.3692,111.293,16.429939325064364,2.9035714285714285,,38,46,66.06826600000001,73.707109,[],[],['8486'],1,0
21.7811,114.4682,25.903140824966197,3.201694915254237,,33,36,27.817869,28.103361,[],[],['8486'],1,0
37.992,122.2871,57.76312898264921,3.2344827586206915,,44,57,44.263797,56.770625,[],[],['8486'],1,0
21.7648,113.3065,21.863661917610283,3.6703703703703696,,15,15,8.052965,2.345413,[],[],['8486'],1,0
23.5686,117.6307,7.550345679087956,2.9509090909090903,,15,19,10.007544,11.726875,[],[],['8486'],1,0
21.1739,110.6398,15.915263065180907,2.137209302325582,,2,6,7.783645000000001,7.058038,[],[],['8486'],1,0
21.7133,114.3911,31.250952325510656,3.2323943661971826,,32,48,39.041129,37.375242,[],[],['8486'],1,0
31.0228,124.6514,2.319318774082641,2.5625,,176,177,146.26903099999998,147.658094,[],[],['8486'],1,0
22.2613,114.0677,10.464875277828185,2.619607843137254,,1,2,2.339523,0.0,[],[],['8486'],1,0
12.2395,110.2108,1.9529784559625616,0.9,,91,92,105.070016,105.526719,[],[],['8484'],1,0
17.6813,108.3901,14.32356165006199,2.1259259259259258,,102,93,101.481602,92.271922,[],[],['8486'],1,0
20.4087,111.2286,23.99290404639824,2.9285714285714284,,42,56,55.730547,67.305711,[],[],['8486'],1,0
21.6405,115.0981,5.700489187726242,4.35,,92,96,77.935234,81.040531,[],[],['8486'],1,0
17.2221,107.7323,1.9804317290783424,2.314285714285714,,42,43,103.667586,104.729359,[],[],['8484'],1,0
19.3108,107.2051,2.5106681505616657,1.242857149669102,,106,105,143.766688,142.277281,[],[],['8486'],1,0
-20.0388,-177.8476,8.214652187910565,1.9546666666666668,,46,45,124.652609,120.275797,[],[],['8325'],1,0
35.0243,128.7778,6.497787335544467,3.194444444444444,,3,1,3.808686,1.111949,[],[],['8327'],1,0
20.6573,113.4482,11.139757782643125,1.52,,120,121,120.550727,121.645805,[],[],['8486'],1,0
4.5872,82.5231,1.066755685364961,0.4499999999999999,,222,223,231.638391,232.391141,[],[],['8346'],1,0
34.4258,122.6931,26.70045707729133,3.461538461538461,,212,219,190.402672,200.966766,[],[],['8486'],1,0
-45.1747,-60.2235,8.515509933718501,3.1130434990577074,,384,384,430.009719,434.479156,[],['63203'],[],1,1
-20.0165,-177.834,6.797545867279661,2.0630434782608704,,46,45,123.169438,120.275797,[],[],['8325'],1,0
21.0496,112.487,4.966230797519997,2.208333333333333,,64,60,63.516422,59.01518,[],[],['8486'],1,0
21.1935,110.6686,3.657160999798946,1.5624999999999998,,5,6,6.163973,7.589523,[],[],['8486'],1,0
20.7918,110.9039,18.047673816552127,4.239999999999999,,29,32,23.558037,19.904223,[],[],['8486'],1,0
20.505,113.089,6.082313005236795,1.6,,123,123,124.426773,123.734688,[],[],['8486'],1,0
9.3088,-24.7483,3.292941977434769,3.055000010132789,,608,608,623.150375,623.284,[],['63203'],[],1,0
21.1786,110.6533,3.7073790676705594,2.15,,4,6,6.370565,7.6468,[],[],['8486'],1,0
34.9307,123.8124,2.9545329847487056,3.61,,128,127,128.798352,128.372867,[],[],['8327'],1,0
8.2007,107.0242,12.130127320009864,5.241176470588236,,64,62,229.072062,223.501797,[],[],['8484'],1,0
34.8973,123.5472,0.5211248784037509,1.6800000000000002,,151,151,151.745594,151.745594,[],[],['8327'],1,0
-43.0238,177.3648,6.253970598207102,2.558333333333333,,224,227,280.819219,284.806969,[],[],['8455'],1,0
11.1089,109.0984,97.45770753005368,3.708108108108109,,39,20,111.135664,58.07723,[],[],['8484'],1,0
1.2367,103.799,7.976496864275468,3.436363645755884,,2,2,0.0,0.0,['8485'],[],['8485'],1,0
29.4624,125.7129,34.12349090302951,1.7965517241379307,,291,286,279.206062,277.012344,[],[],['8486'],1,0
21.4616,112.8878,2.2278200103289616,1.4727272727272729,,15,15,15.704144,15.035765,['8486'],[],['8486'],1,0
-15.5405,92.6452,17.83483235789398,2.2823529411764705,,592,576,604.32225,588.9915,[],['63203'],[],1,1
34.4713,122.6906,43.46766335535896,3.7708333333333335,,205,222,181.915312,204.752375,[],[],['8486'],1,0
24.5623,121.8821,7.876522675883618,1.984615384615385,,2,3,1.503054,0.0,[],[],['8321'],1,0
-6.4647,-170.4038,115.84240774109335,4.369435741236216,,260,194,802.6853120000001,890.6675620000001,[],[],['8450'],1,0
22.6098,114.641,2.9330553477811194,1.4,,2,3,0.0,2.052977,[],[],['8486'],1,0
21.0959,110.8128,57.55956088547253,2.8333333333333326,,18,24,1.037746,11.167786,[],[],['8486'],1,0
21.6439,114.3406,35.42247276916108,3.0567010309278344,,43,38,48.316785,38.930453,[],[],['8486'],1,0
30.9654,124.538,45.08386320274997,3.29274193548387,,144,184,117.839805,153.553109,[],[],['8486'],1,0
21.8697,113.2144,8.04287263926252,1.34,,3,1,3.034104,0.0,[],[],['8486'],1,0
21.5965,112.283,39.13336718992441,2.487368421052631,,6,8,5.288784,12.127413,[],[],['8486'],1,0
17.6933,108.3364,7.041586175481343,2.372727272727273,,99,95,100.419656,95.226336,[],[],['8486'],1,0
33.6083,123.0292,1.2389031132630064,1.3277777777777775,,197,196,174.28667199999998,175.659375,[],[],['8486'],1,0
8.8473,106.4815,22.566634357421,5.014285714285714,,19,15,170.891578,155.955625,[],[],['8484'],1,0
9.9401,107.3006,9.220838705123809,2.1,,50,48,42.463562,42.184516,[],[],['8484'],1,0
20.1904,107.0988,8.121633849949355,2.825,,55,54,55.636535,48.575,[],[],['8484'],1,0
8.8179,106.261,8.049984806261824,2.669230769230769,,32,34,180.512922,173.64178099999998,[],[],['8484'],1,0
10.4552,176.4285,113.02854871356128,2.7230174041549486,,563,648,634.1665,711.267375,[],['63203'],[],1,0
20.4687,108.9617,6.724462284873593,2.990909090909091,,57,53,35.720543,31.775139,[],[],['8486'],1,0
5.8329,81.6181,14.762664375244242,2.9678571428571434,,54,50,64.274672,67.433383,[],[],['8346'],1,0
-43.4187,173.9517,5.260929457934419,4.241176450953764,,73,76,89.900148,93.684516,[],[],['8455'],1,0
34.9769,128.7537,0.8227805741521395,1.29375,,3,3,5.220835,5.220835,[],[],['8327'],1,0
21.7829,112.7742,10.276159384256587,3.72608695652174,,0,3,3.335848,6.582084,[],[],['8486'],1,0
-20.5658,169.4833,32.000474300380205,3.7866666679581,,54,35,57.829418,37.778949,[],[],['8313'],1,0
22.3645,120.3982,13.064120671411455,2.617647058823529,,2,4,1.0284179999999998,3.02914,[],[],['8321'],1,0
55.5015,6.6542,12.528303244279302,1.701041676724951,,89,92,58.159871,63.994457,[],[],['5674'],1,0
24.0305,117.9566,2.748895449521808,4.813333333333334,,6,6,12.3988,12.273496,[],[],['8486'],1,0
7.9347,107.3051,9.574212889016804,3.0666666666666664,,101,106,256.689297,256.619297,[],[],['8484'],1,0
21.2744,109.4743,62.673786890321615,2.76864864864865,,23,18,9.904804,4.703003,['8486'],[],['8486'],1,0
19.6847,113.4779,4.348232709416283,2.9000000000000004,,222,220,223.503094,221.515578,[],[],['8486'],1,0
12.2693,110.2227,1.500774911847622,0.8333333333333334,,92,91,105.249125,104.727148,[],[],['8484'],1,0
22.6424,114.5909,1.5051639955032323,1.225,,1,1,1.513184,2.449274,[],[],['8486'],1,0
32.7018,124.3012,18.291634940065887,2.524,,170,164,170.583734,164.918938,[],[],['8327'],1,0
34.1164,136.8567,7.441079105546484,6.75,,16,14,19.692152,16.78034,['8487'],[],['8487'],1,0
23.6066,121.5399,4.85973331366948,2.9692307692307693,,2,3,41.939773,37.379086,[],[],['8321'],1,0
22.4556,118.0896,18.42491000647165,4.4727272727272736,,141,144,59.156035,59.338809,[],[],['8486'],1,0
34.4469,122.6692,60.06906941048263,3.17029702970297,,196,222,174.789953,204.930594,[],[],['8486'],1,0
12.8333,109.4193,9.398077186776224,2.2875,,3,2,37.889473,42.613824,[],[],['8484'],1,0
20.9108,112.4463,9.136581679020347,3.4,,77,74,77.49042999999999,73.454469,[],[],['8486'],1,0
19.1693,108.5709,2.8393805654020547,3.657142857142857,,6,6,3.335848,5.5597460000000005,['8486'],[],['8486'],1,0
21.5718,112.3027,44.603240486256,2.406802721088435,,7,10,7.239047999999999,13.662062,[],[],['8486'],1,0
21.727,112.8982,5.695793643195924,1.0115384615384615,,6,6,8.053076,5.4203410000000005,[],[],['8486'],1,0
21.8436,113.171,12.627136000520704,3.410810810810811,,2,3,1.517175,3.034104,[],[],['8486'],1,0
21.461,111.9242,23.80488834043657,3.7416666666666663,,17,14,7.638537,11.597907,[],[],['8486'],1,0
39.2312,121.5212,11.056345624181738,3.79,,3,4,6.890236,5.285176000000001,['8486'],[],['8486'],1,0
22.2661,114.0661,33.93510475929114,2.7343283582089564,,1,2,2.339523,0.0,[],[],['8486'],1,0
21.6298,114.3309,22.279500789473943,2.430645161290323,,42,41,48.591688000000005,44.827707,[],[],['8486'],1,0
29.3902,126.1064,36.581059276687576,2.887323943661971,,265,282,317.766719,312.358406,[],[],['8487'],1,0
35.0846,121.8017,56.2152995311241,3.3362499999999997,,143,123,121.857891,105.332477,[],[],['8486'],1,0
-3.7442,-179.3238,98.00243153041292,3.6867796640274895,,419,439,501.811969,584.328,[],['63203'],[],1,0
26.6127,120.2182,13.486243300368766,2.7,,5,6,6.068528000000001,8.624263999999998,[],[],['8486'],1,0
29.3794,125.6739,48.13195406211788,2.196428571428572,,289,286,276.154812,276.510188,[],[],['8486'],1,0
33.0183,124.0039,11.355877039827584,2.091836734693878,,157,151,157.47365599999998,152.29684400000002,[],[],['8327'],1,0
21.4926,111.9815,65.00956804982796,3.67967032967033,,13,9,1.111949,4.555772,[],[],['8486'],1,0
24.5956,121.9031,5.289214045357896,2.8000000000000007,,3,4,0.0,2.022049,[],[],['8321'],1,0
22.5585,120.2685,6.275862944634159,1.7615384615384615,,4,0,0.0,1.026787,[],[],['8321'],1,0
21.9776,113.3839,10.526501974605786,4.316666666666666,,3,4,2.062399,0.0,[],[],['8486'],1,0
21.0954,110.6663,4.853379402638543,1.9588235294117649,,9,10,2.454019,3.335848,[],[],['8486'],1,0
12.6978,109.658,27.176778933964663,2.75,,20,24,41.289238,56.007297,['8484'],[],['8484'],1,0
20.663,112.7174,9.784834692757356,2.855555555555555,,102,101,104.734414,104.939219,[],[],['8486'],1,0
21.7538,113.1688,14.173869111740943,3.6880000000000006,,11,9,11.167326,7.035859,[],[],['8486'],1,0
20.663,112.7174,9.784834692757356,2.855555555555555,,102,101,104.734414,104.939219,[],[],['8486'],1,0
22.6688,113.6535,4.4796201578797765,1.065625,,5,6,1.026115,1.02604,[],[],['8486'],1,0
30.8587,127.0777,9.36811901478617,3.93076923076923,,178,169,237.392828,231.403734,[],[],['21796'],1,0
23.4171,117.5031,5.644813829078921,3.975862068965517,,19,21,16.726634999999998,19.572324,[],[],['8486'],1,0
29.5239,126.1646,14.708133909323582,2.6733333333333333,,268,274,319.581188,318.5875,[],[],['8487'],1,0
3.33,101.0443,4.839581274028873,2.37,,17,13,17.906412,13.914119,[],[],['8483'],1,0
37.905,120.6107,2.8674348126300773,1.8900900900900897,,5,4,4.526119,4.154951,['8486'],[],['8486'],1,0
21.49,111.9809,66.00620826368637,3.80608108108108,,13,9,1.519027,4.555772,[],[],['8486'],1,0
30.8664,127.0826,10.827191520728196,3.842857142857143,,178,169,238.272812,231.005344,[],[],['21796'],1,0
19.8192,-17.255,8.472317155654407,2.1256198397229547,,67,68,106.398781,100.191891,[],[],['8369'],1,0
30.4598,125.3774,6.327694994786205,3.2,,234,235,214.615875,215.091766,[],[],['8486'],1,0
4.5129,99.9953,34.025426921325426,3.423076923076923,,68,51,69.464422,58.487387000000005,[],[],['8483'],1,0
4.1365,100.1185,37.44573951565141,3.029411773471271,,55,38,50.904008000000005,38.263617,[],[],['8483'],1,0
22.9228,120.0405,5.392796573473237,2.661290322580645,,13,10,14.352448,11.650386,[],[],['8321'],1,0
23.0128,120.0711,33.08890449038674,4.429411764705884,,5,0,10.296146,6.780164,[],[],['8321'],1,0
10.2825,107.1397,11.476909008618351,2.412121212121212,,7,10,8.353985,11.438733,[],[],['8484'],1,0
33.208,126.436,5.392767320506227,1.780392156804309,,4,3,5.155939999999999,3.883705,['8327'],[],['8327'],1,0
-18.1255,-105.0987,37.24872482347553,3.234782612496527,,1065,1096,1068.938625,1099.8865,[],['63203'],[],1,0
28.8353,-89.212,12.95924987758086,3.268421052631579,,18,15,6.595564,15.933903,['8456'],[],['8456'],1,0
30.8966,127.0659,14.782232798947426,3.7620689655172432,,177,166,237.884594,230.881625,[],[],['21796'],1,0
-28.8863,14.5083,9.55500194489274,3.3479999999999994,,159,151,198.131891,195.009125,[],[],['8395'],1,0
30.6677,122.7515,5.38098143638164,3.92608695652174,,6,3,1.913016,1.111949,[],[],['8486'],1,0
29.6749,125.53,9.249611356038196,1.684375,,262,265,253.159469,256.411719,[],[],['8486'],1,0
69.6051,16.7391,23.04655334775281,3.6044776119402986,,13,27,19.334066,33.393922,['5686'],[],['5686'],1,0
29.6974,126.299,9.186110908692084,2.76,,276,275,321.768375,326.035844,[],[],['8487'],1,0
20.1754,107.1237,4.929407115441481,2.6500000000000004,,56,56,55.484066,52.000465,[],[],['8484'],1,0
36.5401,122.627,6.980369318535433,2.2214285486510823,,40,40,30.121217,28.78051,[],[],['8486'],1,0
30.6772,122.7776,2.284703540979956,2.7555555555555555,,4,3,0.0,0.0,[],[],['8486'],1,0
21.4571,108.0588,4.7783203355392,2.377777777777777,,4,3,8.57348,8.926478999999999,['8484'],[],['8484'],1,0
10.9717,108.7885,44.10491288410151,3.039772727272728,,25,23,113.251008,106.341742,[],[],['8484'],1,0
21.3693,112.3089,7.716312647681729,2.8833333333333333,,23,25,23.525574,25.328471,['8486'],[],['8486'],1,0
29.7465,126.1989,9.867074612038357,3.34,,283,288,313.299094,311.82006199999995,[],[],['8487'],1,0
29.5497,126.4406,6.729754956941781,2.358333333333333,,254,256,312.662938,313.100844,[],[],['8487'],1,0
39.6364,-13.0259,34.771056211021374,4.355555567476484,,307,292,307.508031,291.989906,[],[],['5688'],1,0
21.6282,114.3281,39.32383499783662,2.843697478991597,,42,41,48.591688000000005,44.827707,[],[],['8486'],1,0
20.3749,108.8597,10.76150968370581,2.6904761904761907,,62,63,47.825152,36.694324,[],[],['8486'],1,0
20.6579,113.5688,5.073625093119653,3.2,,126,128,126.609133,126.334523,[],[],['8486'],1,0
20.4401,111.1766,21.926687971573745,2.8120000000000003,,46,53,53.972117,68.323898,[],[],['8486'],1,0
21.1761,113.8795,169.11243846589784,3.157330415754925,,89,70,90.158039,76.835742,[],[],['8486'],1,0
21.7554,113.1704,18.624784637944032,3.8085714285714287,,11,9,11.167326,7.035859,[],[],['8486'],1,0
21.5081,114.1913,67.19614659126022,3.454891304347827,,42,53,52.271824,48.969316,[],[],['8486'],1,0
20.6647,107.225,4.092589047065684,0.7117647058823531,,12,12,18.638924,17.220406,['8484'],[],['8484'],1,0
21.4754,111.3787,13.951989984934652,2.2547619047619043,,3,3,6.595415,8.925424999999999,[],[],['8486'],1,0
17.4161,108.1711,5.484688295546953,1.3200000088661907,,90,94,118.675664,123.4935,[],[],['8484'],1,0
17.4485,108.116,6.2978096872324905,2.3705882352941177,,87,90,121.580211,128.315961,[],[],['8484'],1,0
17.429,108.1641,7.740181809092317,2.4545454545454546,,91,94,119.907609,126.659695,[],[],['8484'],1,0
20.7514,112.9614,17.360980237602472,2.282142857142857,,94,92,95.902695,93.592922,[],[],['8486'],1,0
34.4653,122.6832,54.795222003181614,3.675238095238096,,206,214,182.652625,212.141859,[],[],['8486'],1,0
34.5142,121.7734,51.61521981493553,2.662011173184357,,122,161,102.054086,139.747922,[],[],['8486'],1,0
51.7876,155.7913,52.23972351896165,2.1537216777602834,,54,42,58.690969,51.568094,[],[],['5690'],1,0
33.8848,124.416,24.54894598299174,3.4945945945945955,,72,58,75.126508,62.393793,[],[],['8327'],1,0
33.5887,122.8924,1.2087858839645862,3.0222222222222226,,195,195,163.520844,163.520844,[],[],['8486'],1,0
28.2474,121.5716,1.5023628068818893,0.3891840607210626,,2,2,0.0,0.0,[],[],['8486'],1,0
11.1195,108.7396,6.036188968548396,1.5984375000000004,,6,7,97.082766,96.57393,[],[],['8484'],1,0
31.2979,122.8296,7.1450386545308175,3.9725,,47,53,10.08628,14.882264,[],[],['8486'],1,0
13.1903,100.7392,11.313329332418892,2.288235294117648,,8,8,3.936816,5.664149999999999,[],[],['8332'],1,0
19.137,-16.5401,36.51984481822939,3.104464286406125,,19,12,130.155484,141.66175,['8369'],[],['8369'],1,0
10.213,106.8553,21.38126706927101,3.028571428571429,,6,9,19.416521,15.31933,[],[],['8484'],1,0
21.0059,112.7085,18.521954992640893,2.3304347826086955,,66,62,70.07851600000001,65.61318,[],[],['8486'],1,0
34.6827,128.0801,2.4500091425108605,2.636363636363636,,4,5,3.804103,4.279883,[],[],['8327'],1,0
19.0264,107.2241,4.002566385288244,0.95,,129,130,132.395578,134.606219,[],[],['8486'],1,0
32.504,124.0744,21.533316611588667,3.565999999999999,,205,189,182.043719,189.910094,[],[],"['8327', '8486']",1,0
19.9073,108.8585,67.45192131039785,3.3771428571428563,,36,30,14.213685,12.926894,[],[],['8486'],1,0
20.388,111.3066,22.56640713427967,2.8166666666666664,,40,49,68.767648,77.90952300000001,[],[],['8486'],1,0
40.1423,14.9069,33.16007034620408,1.7736346512443586,,17,4,18.438729,7.829795,['5682'],[],['5682'],1,0
22.0406,113.9621,8.624180549005027,1.2171428571428575,,2,1,1.030763,1.030617,[],[],['8486'],1,0
-2.7283,-15.2214,99.04979659185342,3.932110087723903,,552,624,556.803,629.318,[],['63203'],[],1,0
-3.21,-81.6932,3.5329230860750203,0.6666666707467465,,113,116,125.373336,126.713969,[],[],"['48962', '8431']",1,0
21.1784,111.4828,11.470025882351951,3.0,,36,32,22.455258,19.635723,[],[],['8486'],1,0
30.9849,124.7339,9.187608501889954,2.547826086956521,,180,185,151.690234,155.621641,[],[],['8486'],1,0
20.6303,113.5508,36.7496125534237,3.4880597014925367,,126,127,126.443156,123.794922,[],[],['8486'],1,0
-13.6601,156.6228,16.74745405552506,8.878947368421052,,351,363,446.984188,433.040594,[],[],['8324'],1,0
33.7649,122.539,2.680863982151772,3.29047619047619,,175,175,143.348125,143.750047,[],[],['8486'],1,0
35.3629,124.0245,61.89569141069021,2.8851428571428577,,144,128,144.902422,129.982023,[],[],['8327'],1,0
34.8628,123.7769,7.164216471883813,6.9,,130,129,130.79425,129.967633,[],[],['8327'],1,0
35.1439,123.1393,3.3156113900146336,3.185714285714285,,193,192,192.07225,188.904391,[],[],"['8327', '8486']",1,0
34.9625,123.7775,2.924844398447505,1.7352941176470589,,131,132,131.933375,132.68148399999998,[],[],['8327'],1,0
22.4435,113.8504,1.799602344337049,4.8500000000000005,,4,3,1.027752,0.0,[],[],['8486'],1,0
-13.1587,158.0526,17.242649535078666,6.258333333333333,,280,266,286.527781,271.80640600000004,[],[],['8314'],1,0
4.2772,98.591,29.429816050700573,2.3315789473684214,,17,39,47.905957,53.142633,['8492'],[],['8492'],1,0
22.5847,114.6289,10.557026669740337,1.3230769230769233,,2,1,1.513538,1.026637,[],[],['8486'],1,0
23.3756,119.5214,8.107702277731539,2.784507042253521,,2,1,20.247699,17.90777,[],[],['8321'],1,0
68.2281,-53.965,10.44833191025566,2.3610169377367383,,7,12,20.911357,25.178408,['8438'],[],['8438'],1,0
34.0383,122.5065,24.07671068850836,2.903225806451613,,183,190,151.972141,164.353844,[],[],['8486'],1,0
60.1068,-62.4606,37.934285899263706,2.602564098488569,,87,85,380.270469,416.729781,[],[],['8493'],1,0
38.7261,122.2612,108.44496504985084,2.697039473684211,,40,41,22.837348,23.924338,[],[],['8486'],1,0
10.9802,108.7849,4.028243870062976,4.857142857142858,,23,22,109.960508,107.491555,[],[],['8484'],1,0
21.04,112.3495,2.694779616884213,1.3375,,61,57,60.754398,57.58809,[],[],['8486'],1,0
17.4862,89.2397,11.080144081214344,3.8777777777777778,,411,404,393.81575,386.194125,[],['63203'],[],1,1
24.1811,118.0404,1.560335228998925,4.9347826086956506,,4,4,1.111949,1.111949,[],[],['8486'],1,0
-12.4163,-159.0602,20.1296175011844,4.967567567567567,,305,300,445.619656,452.258844,[],[],['8446'],1,0
59.1182,165.6006,10.922820525112863,3.497777785195244,,45,55,137.077141,131.281359,['5690'],[],['5690'],1,0
31.1775,127.1231,7.413193185865504,3.8136363636363626,,149,143,221.701094,216.693156,[],[],['21796'],1,0
21.5976,112.2685,43.859326029598286,2.3197740112994354,,6,10,5.288784,12.659838,[],[],['8486'],1,0
32.5509,126.956,10.441885993171518,3.066666666666667,,87,80,88.22045299999999,81.35128900000001,[],[],['8327'],1,0
34.2737,122.7842,4.633086226299889,4.26923076923077,,212,212,188.434641,192.351281,[],[],['8486'],1,0
13.4869,131.1891,8.832581503575542,3.43,,628,632,695.766625,700.793812,[],['63203'],[],1,0
21.8914,115.0917,16.656585626833923,3.5,,77,67,68.661648,59.226645,[],[],['8486'],1,0
20.8733,111.3724,84.79032285119018,3.305084745762711,,71,46,52.040332,34.532734,[],[],['8486'],1,0
-12.0105,-77.2161,1.7631729710973028,1.4176470588235297,,5,5,0.0,0.0,[],[],['8432'],1,0
31.1449,127.134,40.89168476561382,3.553246753246752,,156,138,224.691859,213.646141,[],[],['21796'],1,0
21.7134,112.7013,27.563018459220014,3.5786516853932597,,0,0,3.923922,1.111949,[],[],['8486'],1,0
36.4077,123.7917,10.792753779701036,3.105555555555556,,129,125,124.498742,120.919898,[],[],['8486'],1,0
20.8104,112.9381,29.64122690039313,3.575,,94,82,96.878422,82.205109,[],[],['8486'],1,0
26.5097,119.9987,3.3342598370512184,3.337500000000001,,2,2,0.995122,0.0,[],[],['8486'],1,0
21.2942,114.0135,6.606698730501605,2.585714285714286,,62,61,72.284094,71.35219500000001,[],[],['8486'],1,0
20.2628,111.3281,6.927277814044605,1.3944444444444442,,28,33,67.711117,71.625906,[],[],['8486'],1,0
3.1714,101.085,9.022251073747585,3.025,,22,21,16.662547,12.014427,[],[],['8483'],1,0
33.8884,122.9414,1.2465791119299368,1.6583333333333337,,198,198,183.023594,183.886391,[],[],['8486'],1,0
36.0312,120.3896,2.5608634766137595,2.3193548387096765,,3,3,1.111949,2.114374,[],[],['8486'],1,0
29.4531,-92.2793,30.33665236802493,2.51551724137931,,12,8,12.829596,11.753936,['8456'],[],['8456'],1,0
22.2519,114.0482,14.208132823147183,1.5338028169014084,,0,2,1.515245,0.0,[],[],['8486'],1,0
34.4286,123.1775,5.898619167760626,3.245,,179,178,184.814797,183.265734,[],[],['8327'],1,0
23.071,121.3812,7.237981379324295,2.655882352941176,,4,3,63.419078,62.434523,[],[],['8321'],1,0
21.5592,112.3003,45.01107123259052,2.56,,7,12,7.324197,14.855968,[],[],['8486'],1,0
10.3111,108.9257,51.66162198666925,2.931592689295039,,32,6,189.588297,162.851938,[],[],['8484'],1,0
35.8607,-5.6348,6.570776449825332,0.826595744680851,,2,5,2.117863,4.504764,['8367'],[],['8367'],1,0
-11.0616,-159.5774,19.428323921434057,3.503703703703703,,166,177,450.485875,464.839938,[],[],['8446'],1,0
44.8609,-124.3525,7.793433836446861,2.75,,23,21,34.411785,36.820246,['8456'],[],['8456'],1,0
31.3308,124.3704,12.487176841232884,2.0612245178952504,,158,165,129.682055,137.078891,[],[],['8486'],1,0
22.0547,115.6669,163.3073107749315,2.8957711442786054,,71,73,69.559477,71.92129700000001,[],[],['8486'],1,0
34.4576,122.6757,28.52141518229045,3.7095238095238097,,209,219,188.929109,200.966766,[],[],['8486'],1,0
38.8747,118.2568,8.85297208192495,1.415168539325842,,19,14,2.818905,0.0,['8486'],[],['8486'],1,0
34.7431,124.0535,4.483783063141603,4.00666667620341,,103,102,104.311109,103.659477,[],[],['8327'],1,0
21.8429,113.0067,4.632781218658132,2.738095238095238,,3,0,2.064281,1.517126,[],[],['8486'],1,0
27.9025,49.1715,20.714752142225635,2.5431818181818184,,28,33,4.447797,11.16284,['8356'],[],['8356'],1,0
21.1943,113.7806,85.14869782861234,3.4174603174603178,,88,61,76.838398,71.142516,[],[],['8486'],1,0
21.9681,116.9407,8.965582799017515,2.2333333333333325,,118,118,117.515445,117.869219,[],[],['8486'],1,0
9.9192,107.2082,11.134869628580203,1.5437500000000002,,46,49,37.565137,41.434145,[],[],['8484'],1,0
21.534,112.38,9.626455077468988,3.211764705882353,,15,11,16.880986,11.740952,[],[],['8486'],1,0
-12.7045,74.4532,26.86699564446989,7.090909090909091,,627,619,646.1294379999999,637.294562,[],['63203'],[],1,0
20.306,109.016,40.07550614305757,3.0849999999999995,,38,56,33.397055,44.649883,[],[],['8486'],1,0
14.5014,158.4836,12.089109700765762,6.133333333333334,,509,515,831.3151879999999,843.580875,[],['63203'],[],1,0
29.5833,125.7234,10.739443947404332,3.722222222222222,,279,288,269.396656,278.48465600000003,[],[],['8486'],1,0
6.7817,106.949,14.49850699928768,5.52,,212,203,298.416656,305.376531,[],[],['8484'],1,0
12.4224,101.1974,8.96793634968665,2.041176470588236,,26,25,11.172384,5.9687600000000005,[],[],['8332'],1,0
-45.5894,-60.4961,11.480957750569043,9.449999968210856,,396,395,415.62975,415.917875,[],['63203'],[],1,1
21.8907,114.7672,28.141670566893698,2.0949152542372884,,46,56,31.578277,40.802137,[],[],['8486'],1,0
3.3318,101.0384,7.512027796384531,1.9666666666666668,,19,13,19.863803,13.914119,[],[],['8483'],1,0
22.1377,116.1976,0.6035906148428615,0.8909090909090909,,77,77,79.700406,79.700406,[],[],['8486'],1,0
32.6296,127.0343,12.065333047215187,3.0692307692307685,,81,76,82.224859,79.436656,[],[],['8327'],1,0
24.9013,118.9505,2.624215146303132,4.15,,0,1,0.0,1.501198,[],[],['8486'],1,0
38.8862,123.0823,20.836960836766085,3.378,,21,15,19.720803,14.481181,['8486'],[],['8486'],1,0
-20.0212,-177.8367,9.187286616235726,2.542857135874883,,45,45,122.548688,120.275797,[],[],['8325'],1,0
35.3141,140.6034,6.75695980997792,1.6750000000000005,,17,18,30.414885,33.162078,['8487'],[],['8487'],1,0
34.57,121.6045,12.869318909122844,2.6,,124,127,102.67518,107.676969,[],[],['8486'],1,0
4.306,-154.2908,95.38434343316584,3.8989743589743577,,402,438,417.177031,453.191531,[],['63203'],[],1,0
30.6749,122.7729,4.842343650236088,2.5416666666666665,,5,3,2.212619,0.0,[],[],['8486'],1,0
18.0721,-19.017,25.923591090084223,2.6840000049521526,,288,305,296.14618800000005,318.465562,[],[],['8369'],1,0
23.0116,120.0986,5.660382487127463,2.7826086956521734,,2,0,6.531587,5.281029,[],[],['8321'],1,0
38.8642,118.9554,12.799505091056878,3.33,,28,23,12.275404,9.009123,[],[],['8486'],1,0
30.0817,125.5056,0.6591632961233619,2.278124996721744,,251,251,237.258656,237.258656,[],[],['8486'],1,0
22.1219,116.4687,11.30398442567679,3.427777777777778,,86,90,89.805812,90.856695,[],[],['8486'],1,0
-34.6615,18.0889,14.929492505444,1.914594598396405,,52,47,63.744598,58.97325,[],[],['8396'],1,0
31.0619,124.0097,9.379945253340496,2.8369565403979755,,117,123,86.818922,93.862805,[],[],['8486'],1,0
21.4403,108.683,6.308246527095184,2.955555555555556,,23,18,1.111949,3.038005,['8486'],[],['8486'],1,0
34.9519,128.8094,11.500569804797228,2.8951724010294884,,6,3,1.111949,4.806827,[],[],['8327'],1,0
38.2521,121.9664,3.852397681978816,1.3767442008437116,,69,68,65.605,64.493059,[],[],['8486'],1,0
38.6966,120.4427,13.370542215034735,3.166666666666667,,48,49,35.839605000000006,48.711422,[],[],['8486'],1,0
10.4289,108.9031,11.132527557271024,2.6999999999999997,,16,6,172.300812,161.149531,[],[],['8484'],1,0
34.6138,124.054,2.472435131340954,3.822222222222222,,103,103,104.588062,104.373984,[],[],['8327'],1,0
34.9449,123.6337,13.893049193310508,4.247540983606556,,143,143,144.198062,144.464953,[],[],['8327'],1,0
35.0072,123.6793,9.636267386093442,3.6136363636363633,,141,139,142.441844,140.2435,[],[],['8327'],1,0
9.9664,107.2025,23.878482576874845,2.666666666666667,,41,44,32.347637,36.936754,[],[],['8484'],1,0
4.3251,7.9438,28.931109417344015,2.673684210526315,,26,21,8.093415,11.800688,['8474'],[],['8474'],1,0
30.8629,124.5972,36.40468235906236,2.955725190839695,,154,182,129.976516,153.915234,[],[],['8486'],1,0
34.5564,127.4558,1.869146225199454,4.6000000000000005,,0,1,20.350336,19.134549,[],[],['8327'],1,0
17.3686,107.9641,2.2777597338782964,2.2000000000000006,,70,71,115.818859,116.875852,[],[],['8484'],1,0
34.4187,124.0392,23.1986775618335,3.557500000000001,,101,104,106.423539,106.26893,[],[],['8327'],1,0
26.6248,120.3203,10.61494460526936,3.105263157894737,,6,2,4.447797,0.993906,[],[],['8486'],1,0
30.8682,124.6364,40.54942970433341,3.380263157894737,,155,181,130.970898,151.87775,[],[],['8486'],1,0
8.0586,68.373,14.943954627152012,4.154545454545455,,487,476,519.4434689999999,512.209344,[],['63203'],[],1,0
-14.2965,154.3837,21.44326133677832,8.364705882352942,,313,295,620.56125,608.515562,[],[],['8324'],1,0
21.5206,112.407,10.207212361188136,3.7,,17,10,18.441607,9.844559,[],[],['8486'],1,0
21.1153,110.6387,2.300566832695052,2.8142857142857145,,6,6,6.083116,6.37159,[],[],['8486'],1,0
22.3726,113.7097,22.480396973778348,4.413333333333334,,8,7,3.4907220000000003,1.514445,[],[],['8486'],1,0
20.3603,111.3805,8.546947251851787,2.2944444444444443,,41,45,75.677141,81.321922,[],[],['8486'],1,0
9.9104,107.2972,8.622165568208016,2.527272727272727,,52,50,44.503555,42.463562,[],[],['8484'],1,0
34.0041,122.4968,1.6875912397971302,3.3000000000000003,,183,183,151.746844,152.321859,[],[],['8486'],1,0
9.9924,103.608,5.7650086035404335,2.9,,43,41,74.199562,72.36540600000001,[],[],['8484'],1,0
-5.1012,106.7452,15.908128395218032,2.961538461538461,,46,53,43.54766,48.097145,[],[],['8492'],1,0
49.6388,-124.1128,8.852443887651361,4.165384629024908,,4,0,7.203808,5.4581,[],[],['8493'],1,0
20.7697,112.7377,8.488726512307101,1.5,,91,88,94.159969,91.656023,[],[],['8486'],1,0
20.4943,113.0588,9.554865504886946,2.94,,128,120,129.23165600000002,121.148672,[],[],['8486'],1,0
3.7296,100.1725,8.748621862051134,2.0125000094994903,,55,49,58.468793,53.34233999999999,['8483'],[],['8483'],1,0
21.5636,112.3027,46.36982642456071,2.443307086614172,,6,12,6.303956,14.855968,[],[],['8486'],1,0
29.4828,126.2656,10.773305557449056,2.620000025431316,,260,264,323.337781,325.524719,[],[],['8487'],1,0
36.4294,123.613,37.96144945544994,2.924,,116,107,110.774656,103.239547,[],[],['8486'],1,0
29.6628,126.2774,5.322305617923278,2.92,,274,277,323.082125,322.32875,[],[],['8487'],1,0
21.8403,113.1884,15.25038820965382,3.5595744680851067,,2,4,1.517175,3.034104,[],[],['8486'],1,0
8.5926,82.0702,4.60445121799434,0.7461538461538461,,79,80,90.219891,91.25407,[],[],['8346'],1,0
22.3173,113.859,2.9980600020626778,3.4464285573789053,,4,4,1.028786,1.111949,[],[],['8486'],1,0
21.7244,112.6982,4.910928193374789,4.25,,1,2,2.3463000000000003,2.452076,[],[],['8486'],1,0
32.3973,127.429,2.4567777763434604,2.096,,96,96,123.46082,123.216172,[],[],['21796'],1,0
38.5121,134.2823,79.46585273575609,2.9416666676600776,,245,227,257.724797,271.714531,[],[],['8487'],1,0
55.4725,-1.053,3.601600816746678,2.8562499918043622,,33,34,35.041578,36.900742,[],[],['5696'],1,0
11.1049,108.627,13.856923402136172,4.576595744680852,,9,7,105.127117,102.072375,[],[],['8484'],1,0
20.1745,107.1783,10.97017250034238,2.214285714285714,,58,55,61.852441,56.201773,[],[],['8484'],1,0
34.3003,122.7507,48.93152328238143,3.785321100917431,,206,216,174.78346900000005,196.8105,[],[],['8486'],1,0
10.2221,107.0994,13.349654762711213,1.207936507936508,,12,13,2.454854,7.740313,[],[],['8484'],1,0
3.407,166.7453,7.090848461772936,1.9299999997019763,,253,249,434.071594,439.579781,[],[],['8318'],1,0
45.133,-124.1583,4.938756500494138,3.2210526215402697,,12,14,53.718074,48.577902,['8456'],[],['8456'],1,0
22.6702,114.5347,6.499594735475733,3.0516129032258066,,1,1,1.512981,1.025965,[],[],['8486'],1,0
22.3818,113.6412,18.175768652987507,2.6739130434782608,,2,3,0.0,3.028939,[],[],['8486'],1,0
5.8769,80.4599,13.022580393264,2.356666704763969,,9,6,10.474476,8.665649,['8346'],[],['8346'],1,0
13.1867,100.6062,25.211455552916693,2.0887755102040804,,9,22,17.045282999999998,7.783645000000001,[],[],['8332'],1,0
22.5118,117.9607,12.747387284065166,4.090000000000001,,126,133,53.465125,51.190766,[],[],['8486'],1,0
22.2481,115.1942,29.861396075600656,3.932692307692308,,43,49,37.790191,49.583836000000005,['8486'],[],['8486'],1,0
15.4693,-177.9411,104.1013429209192,4.05140562248996,,924,889,1458.427875,1520.730375,[],['63203'],[],1,1
-1.6986,85.7745,1.3008320729896197,1.0375000098720193,,1006,1006,1012.39225,1012.006562,[],['63203'],[],1,1
26.8949,120.2232,2.920176017177093,3.144444444444445,,0,2,2.223899,0.0,[],[],['8486'],1,0
21.7654,112.9829,8.591011543074824,1.1000000000000003,,11,6,7.587345999999999,0.0,[],[],['8486'],1,0
22.3896,113.7024,3.908646713551719,1.4181818181818182,,7,6,2.337708,2.337577,[],[],['8486'],1,0
-24.536,57.9361,178.9785057838944,5.051442313996648,,426,411,443.822188,431.409406,[],['63203'],[],1,0
21.8554,113.2817,4.340488854749492,3.6875,,5,5,0.0,1.111949,[],[],['8486'],1,0
41.0466,-17.1644,145.04264058247043,5.102409624550716,,632,701,631.455062,702.84175,[],['63203'],[],1,0
10.0168,153.0224,1.7582130400701057,1.5531249940395353,,177,179,312.805375,314.272594,[],[],['8316'],1,0
34.8942,123.4804,1.6384187129734558,2.1882352941176477,,157,157,157.898531,158.057422,[],[],['8327'],1,0
29.6559,126.4185,4.943534095812872,2.7,,263,265,319.750656,320.32231199999995,[],[],['8487'],1,0
20.2603,111.3612,8.263747269576381,1.4730769230769227,,27,34,71.526219,74.684633,[],[],['8486'],1,0
34.2407,123.8624,10.956781127770189,3.090909090909092,,113,113,117.805352,118.485516,[],[],['8327'],1,0
21.172,113.8753,168.0838779073311,3.1749279538904904,,89,70,89.834008,76.835742,[],[],['8486'],1,0
34.5071,127.8065,5.856992757156884,1.8578947468807825,,1,2,1.111949,3.806118,[],[],['8327'],1,0
12.9272,151.1027,24.474207415838222,6.952941176470588,,436,455,604.441062,621.1735,[],['63203'],[],1,0
21.4547,111.9146,29.777642304772712,3.925,,17,14,6.82376,11.597907,[],[],['8486'],1,0
10.2606,107.0969,57.59237742676715,2.676098901098902,,12,10,1.560096,13.256022000000002,[],[],['8484'],1,0
10.9802,108.7116,25.748924865543252,2.1,,23,20,115.403359,109.598,[],[],['8484'],1,0
22.7717,115.6058,5.341909390417306,2.363636363636364,,3,3,4.249376,5.245843,[],[],['8486'],1,0
20.1469,110.2483,12.691267174380124,2.419318181818182,,8,9,3.935494,4.447797,[],[],['8486'],1,0
22.3606,117.9077,9.703603709605202,5.5428571428571445,,139,143,71.510477,69.131469,[],[],['8486'],1,0
35.31,119.5098,0.7248768519821511,0.4170212765957448,,4,4,0.0,0.0,[],[],['8486'],1,0
20.459,111.1564,28.39409313622543,2.713888888888889,,49,55,55.237754,67.026305,[],[],['8486'],1,0
5.9158,161.3763,22.73486712877372,5.799999999999999,,77,93,192.251484,174.980516,[],[],['8316'],1,0
11.6296,109.2282,26.387664502214506,3.657692307692308,,7,3,37.095926,22.783242,[],[],['8484'],1,0
34.6016,122.8524,11.622130659485858,2.7666666666666666,,212,213,214.396609,208.431578,[],[],['8486'],1,0
22.064,114.3951,45.7674090698743,3.059143968871594,,8,19,10.280912,3.031733,[],[],['8486'],1,0
30.8303,124.5094,41.78358425091318,3.2681818181818194,,144,171,121.693625,141.693609,[],[],['8486'],1,0
9.9464,107.1802,7.611766251690223,1.3874999999999995,,42,44,33.382301,36.272887,[],[],['8484'],1,0
12.3186,110.1795,1.6503424133416726,1.0833333333333337,,85,86,98.705391,99.550133,[],[],['8484'],1,0
21.0356,113.7662,203.56912485012185,3.170842829204093,,76,82,76.778516,92.175648,[],[],['8486'],1,0
21.8799,113.1793,4.61820208695846,2.8615384615384625,,1,2,0.0,0.0,[],[],['8486'],1,0
21.7565,112.1697,4.627384061315562,1.933333333333333,,4,1,6.295921,3.81387,[],[],['8486'],1,0
22.7186,120.2338,10.503959298709454,2.805555555555556,,2,0,2.449117,1.512575,[],[],['8321'],1,0
20.7209,112.5844,10.402883027593605,3.375,,101,93,101.320172,93.977516,[],[],['8486'],1,0
-26.319,34.8004,7.059033569126129,5.391428586414882,,164,160,200.912734,193.853781,[],[],['8347'],1,0
20.8527,112.9373,22.79779414975467,2.8208333333333333,,81,83,83.454148,83.553906,[],[],['8486'],1,0
29.4344,125.7044,32.54844001160733,2.5347826086956515,,292,288,279.8665,277.731969,[],[],['8486'],1,0
35.247,121.6667,22.21560464528326,3.64,,105,94,85.74107000000001,76.468336,[],[],['8486'],1,0
34.3618,122.776,52.28587057659849,3.2956834532374115,,211,213,183.521531,205.262438,[],[],['8486'],1,0
36.918,15.2438,7.322393208676511,2.1690000036358823,,9,3,8.541314,3.335848,[],[],['5682'],1,0
21.3664,109.4075,27.098576496207013,3.563414634146341,,13,7,14.771907,5.932671,['8486'],[],['8486'],1,0
38.2783,121.9647,25.387769587035844,2.6767857142857143,,69,67,65.656859,61.459281,[],[],['8486'],1,0
20.7683,113.3962,18.559630279480185,2.8545454545454545,,108,106,109.330234,106.995562,[],[],['8486'],1,0
10.8114,108.5863,5.685743196404062,2.7142857142857144,,33,28,137.701125,132.738203,[],[],['8484'],1,0
22.4046,118.082,26.296898586417637,4.925,,146,148,66.78792200000001,63.681113,[],[],['8486'],1,0
28.9493,-90.0177,63.20887083846944,2.747435897435898,,25,26,4.855028,7.162393,['8456'],[],['8456'],1,0
-3.8544,-153.9783,10.794420216383582,1.627835051546392,,101,106,756.001562,754.50175,[],[],['8441'],1,0
22.616,120.2384,27.702624915675734,3.089502762430939,,3,0,0.0,1.026339,[],[],['8321'],1,0
19.3889,108.104,12.460509346386289,1.817241379310345,,58,52,56.633105,54.972246,[],[],['8486'],1,0
24.5926,121.9059,2.492534623286806,3.731250005960465,,3,4,0.0,2.02221,[],[],['8321'],1,0
35.4642,122.3819,10.900247180238969,1.927777777777778,,144,142,127.749625,127.026352,[],[],['8486'],1,0
35.4094,122.2738,25.938991780216018,2.7533333333333325,,139,133,124.760844,113.79875,[],[],['8486'],1,0
19.421,105.8222,6.207319940276303,1.4605263157894737,,2,0,6.671696,11.119492,['8484'],[],['8484'],1,0
22.1179,116.4784,11.243122942761277,3.123809523809524,,88,91,91.052391,92.157812,[],[],['8486'],1,0
20.1796,109.08,7.703055770070039,2.933333333333333,,33,38,32.523625,38.718902,[],[],['8486'],1,0
-2.2751,-153.3245,3.932442310549658,4.574999999999999,,256,260,661.990625,659.60725,[],[],['8441'],1,0
-41.3384,148.6568,30.01987269350975,2.965811965811966,,24,28,32.050426,31.104555,[],[],['8323'],1,0
26.6458,120.2374,11.085942708079084,2.242857142857143,,6,7,8.624263999999998,8.255057,[],[],['8486'],1,0
10.3891,83.3687,6.090759721726407,1.634615384615385,,301,305,303.663562,307.00365600000003,[],[],['8346'],1,0
33.6135,123.4593,16.313463561922294,2.172916666666666,,163,156,166.067078,159.301375,[],[],['8327'],1,0
21.8517,113.2931,4.890260000355572,2.251724137931034,,5,5,0.0,2.223899,[],[],['8486'],1,0
34.4374,122.5825,48.08824214396674,2.841463414634147,,202,220,181.851469,201.696109,[],[],['8486'],1,0
5.4716,5.0363,86.45831272050026,2.4816733067729064,,25,10,10.476955,3.335848,['8474'],[],['8474'],1,0
34.9912,128.9779,27.16138034015463,2.558095238095238,,7,5,5.068751,1.821488,[],[],['8327'],1,0
-33.89,-21.8382,9.322041498132036,3.5636363591660154,,908,915,2117.69175,2110.68275,[],['63203'],[],1,1
35.8797,124.98,20.45107347618849,3.127586225805611,,102,88,102.790312,88.671734,[],[],['8327'],1,0
30.6787,122.7892,3.819821303060664,2.8,,4,2,0.0,0.0,[],[],['8486'],1,0
18.8456,108.5341,8.53340890555034,2.6100000000000003,,10,7,27.060955000000003,20.69084,['8486'],[],['8486'],1,0
21.1364,110.753,5.156436237596033,2.681818181818182,,16,17,6.986866,8.382732,[],[],['8486'],1,0
23.466,120.0956,3.3578108362885444,2.0499999999999994,,3,3,27.79873,28.928703,[],[],['8321'],1,0
21.608,119.3787,12.884989682766232,6.21428576878139,,134,125,137.158797,128.119859,[],[],['8321'],1,0
23.0017,113.5195,20.109505209711024,2.2100000000000004,,0,0,0.0,0.0,[],[],['8486'],1,0
34.3898,122.7365,147.78088600961195,3.8144963144963167,,207,215,179.851062,211.552656,[],[],['8486'],1,0
29.6237,126.2407,5.214599186234553,3.75,,273,276,321.667438,320.3995,[],[],['8487'],1,0
35.0864,121.7632,80.55506213200759,3.195953757225433,,129,120,107.869945,102.440891,[],[],['8486'],1,0
34.897,123.7739,22.619550845652963,4.9,,130,130,131.070055,130.649477,[],[],['8327'],1,0
21.3419,112.7757,15.7042263042768,2.3823529411764706,,28,22,32.263131,25.512486,['8486'],[],['8486'],1,0
20.4884,111.2722,19.095240685328648,2.9478260869565216,,52,60,69.26807799999999,65.92432000000001,[],[],['8486'],1,0
32.5605,126.9902,11.553496917008845,2.766666666666667,,89,79,90.151688,80.73476600000001,[],[],['8327'],1,0
40.1172,-15.3258,40.90742246476585,4.160714249791844,,510,503,509.724656,502.729781,[],['63203'],[],1,0
4.2873,7.8921,16.87832650267758,2.596721311475409,,30,25,4.961852,12.004467,[],[],['8474'],1,0
21.5257,112.417,7.313064245548684,3.37,,16,10,16.438213,9.844559,[],[],['8486'],1,0
20.3331,111.2201,26.389504827022314,2.71774195182708,,38,42,52.965047,68.581352,[],[],['8486'],1,0
33.7901,122.9581,9.1903775384836,4.81904761904762,,200,193,179.031781,186.201516,[],[],['8486'],1,0
19.9807,108.8822,9.453487679219492,2.0736842105263165,,36,36,18.659178,21.536926,[],[],['8486'],1,0
21.439,111.791,51.882403245443086,3.603448275862069,,16,10,12.736068,3.037908,[],[],['8486'],1,0
-13.9413,155.8227,31.139444236443698,8.363157894736842,,325,330,550.7995,519.8951880000001,[],[],['8324'],1,0
34.9797,123.6633,13.14846742654437,2.8276422827224423,,141,137,142.429719,138.521062,[],[],['8327'],1,0
34.8742,123.6241,14.126596920654125,4.267391304347827,,143,142,144.173516,143.122141,[],[],['8327'],1,0
35.3479,124.0235,66.72363059936019,2.983950617283948,,143,127,143.872984,129.327531,[],[],['8327'],1,0
34.7101,123.7646,19.814517334380312,6.270175438596492,,134,121,135.343219,121.959883,[],[],['8327'],1,0
34.7465,123.4313,5.410535201948505,2.354545454545454,,160,158,160.980359,159.33225,[],[],['8327'],1,0
34.9933,123.7777,36.5478002770486,4.11923076923077,,130,135,131.080828,136.248375,[],[],['8327'],1,0
34.727,123.6199,2.1308426032590004,0.8553191489361702,,142,142,143.624156,142.749766,[],[],['8327'],1,0
22.4236,113.6857,20.89614915849322,4.944578313253012,,3,5,2.337317,1.514244,[],[],['8486'],1,0
21.5987,112.0711,31.727415890486423,2.5537499999999995,,7,2,6.152066,2.223899,[],[],['8486'],1,0
7.3326,107.8642,13.598542010670595,3.111111111111112,,194,190,336.334,327.628531,[],[],['8484'],1,0
21.8101,117.0159,2.4080744667711507,3.762500011920929,,125,125,135.986562,136.699812,[],[],['8321'],1,0
32.4749,127.0465,18.300497907801965,2.975,,104,88,105.232672,89.817352,[],[],['8327'],1,0
9.7225,107.0326,11.08147573149752,3.671428571428571,,36,44,56.973156,55.597461,[],[],['8484'],1,0
16.7665,-176.3869,17.398096616449706,2.3184713348746286,,731,720,1706.29225,1717.45125,[],['63203'],[],1,0
34.4633,122.6712,27.153378435606072,3.4479999999999995,,210,220,189.642625,201.666438,[],[],['8486'],1,0
21.8397,113.2849,11.28320705582121,3.4421052631578943,,6,10,2.064426,2.344651,[],[],['8486'],1,0
71.1239,17.0281,88.31997896406516,3.563285017934973,,101,151,113.341156,160.207875,[],[],['5686'],1,0
9.9544,106.9272,22.24361964703274,2.2181818181818183,,23,22,38.620094,29.145582,[],[],['8484'],1,0
34.5972,128.0705,5.489983551829687,3.2411764790030086,,10,9,5.603481,7.322287,[],[],['8327'],1,0
21.6002,112.2706,47.14766031577076,2.3404545454545462,,6,9,5.628381999999999,10.843146,[],[],['8486'],1,0
20.2063,110.3086,12.745201362332056,2.598823529411764,,6,6,5.938469,6.099209,[],[],['8486'],1,0
22.7799,120.1036,3.404269911078018,2.7,,11,9,11.17471,9.076706,[],[],['8321'],1,0
20.1127,107.5699,5.247964325098372,2.717647058823529,,17,16,87.93395299999999,85.088859,['8484'],[],['8484'],1,0
8.7408,-13.7843,3.9299877613644494,2.2666666666666666,,58,59,48.649633,50.926852,[],[],['8390'],1,0
17.3666,108.1895,4.496976305451543,1.0142857142857142,,93,96,114.852766,117.39707,[],[],['8484'],1,0
34.5948,122.719,26.301775378860683,3.988888888888889,,217,217,198.07425,206.073031,[],[],['8486'],1,0
69.3922,15.8601,3.4825838994655447,3.4684210513767444,,10,13,10.928972,13.77416,['5686'],[],['5686'],1,0
5.6362,100.2351,5.945317353398462,2.923076923076923,,11,10,5.542749,9.549813,[],[],['8483'],1,0
22.2265,116.4438,63.97514053294525,5.131052631578946,,77,77,81.405797,77.600891,[],[],['8486'],1,0
21.5622,112.2975,46.40478874471232,2.579389312977098,,5,12,5.289132,14.855968,[],[],['8486'],1,0
20.8621,113.0267,28.998555322939005,2.660869565217391,,82,85,83.711219,85.207523,[],[],['8486'],1,0
22.7375,114.6384,5.036995143837818,1.472,,3,3,1.5126769999999998,1.025516,[],[],['8486'],1,0
36.545,123.3922,10.667681090812302,2.8875,,89,87,84.713508,83.219477,[],[],['8486'],1,0
19.8219,-17.2499,1.5328420615262013,0.9999999993791184,,67,67,103.159008,102.080453,[],[],['8369'],1,0
59.738,-1.9373,4.45802699302555,3.105555554231007,,24,28,27.031598,31.265695,[],[],['5696'],1,0
32.5882,126.9952,12.443488316982764,2.9411764705882346,,86,77,86.741117,78.81057000000001,[],[],['8327'],1,0
29.61,126.4693,4.421149171090649,1.8153846153846152,,258,258,313.898625,313.33740600000004,[],[],['8487'],1,0
10.2272,107.1025,5.42243647511828,0.5969230769230768,,10,12,3.282817,8.754179,[],[],['8484'],1,0
10.1752,107.0332,4.569044468634378,1.7708333333333337,,19,16,7.783645000000001,5.5597460000000005,[],[],['8484'],1,0
10.2185,107.1138,8.2622229667642,1.1800000000000002,,13,13,3.96526,8.824652,[],[],['8484'],1,0
11.2572,108.9211,13.384032012693377,4.865714285714286,,6,5,77.628258,72.30131200000001,[],[],['8484'],1,0
20.2656,111.3283,7.795524259809964,2.104166666666666,,28,34,67.711117,71.87358599999999,[],[],['8486'],1,0
-34.3171,24.0997,90.82750968469612,3.921212121212122,,26,31,50.959348,88.34051600000001,['8396'],[],['8396'],1,0
7.8566,107.1807,15.743504046867772,3.2742857142857145,,102,106,264.789688,263.16328100000004,[],[],['8484'],1,0
33.1738,126.4379,11.685327560287185,2.332098764953791,,9,5,8.133842,4.349535,['8327'],[],['8327'],1,0
33.7675,123.2385,5.468851872189627,3.900000014671913,,176,170,179.405516,174.238406,[],[],['8486'],1,0
30.1565,123.9245,9.696794749623177,1.9839999999999995,,102,101,94.563625,95.170625,[],[],['8486'],1,0
17.3781,108.1767,3.3531111093075903,2.5222222010294595,,91,93,115.637898,119.090008,[],[],['8484'],1,0
10.0492,107.2064,18.526788944648874,2.914285714285714,,31,37,21.846799,33.025949,[],[],['8484'],1,0
21.5975,112.099,28.55525242566846,2.477599999999999,,7,2,4.696256,1.518153,[],[],['8486'],1,0
10.0907,107.0604,16.22279610558599,3.919999976754189,,24,26,15.605719,16.89577,[],[],['8484'],1,0
20.7886,112.7693,24.557676834461823,3.284210526315789,,95,81,98.725648,83.454148,[],[],['8486'],1,0
32.4027,126.8885,13.156446896173865,2.9000000000000004,,105,94,105.255227,94.456859,[],[],['8327'],1,0
7.4964,103.5429,5.220112414006102,3.2,,176,172,211.165891,215.432438,[],[],['8484'],1,0
21.8396,113.1878,15.093002755695672,3.535593220338983,,2,4,1.517175,3.034104,[],[],['8486'],1,0
22.6124,118.0769,21.82079244028852,4.262499999999999,,126,128,41.460164,41.58793,[],[],['8486'],1,0
10.3281,107.2588,105.89039895336748,2.33886925795053,,9,7,15.039385,19.152707,[],[],['8484'],1,0
21.5698,112.2883,5.929157516379105,2.2,,7,11,7.239047999999999,11.590222,[],[],['8486'],1,0
22.5865,114.6363,5.190242523101738,1.083333333333333,,1,0,2.223899,1.026637,[],[],['8486'],1,0
20.634,113.6723,4.087617177148049,3.8,,136,136,132.3715,131.075141,[],[],['8486'],1,0
17.6962,108.2972,13.945922269873352,2.1307692307692307,,101,95,102.524906,95.135648,[],[],['8486'],1,0
20.1609,113.8097,12.412167334219133,2.848484848484848,,186,186,186.096953,186.536859,[],[],['8486'],1,0
21.3563,113.849,236.19210364682,3.52818004802715,,44,64,47.430688,57.83577,[],[],['8486'],1,0
21.5998,114.6558,31.01951854095366,3.136842105263158,,57,73,49.800168,60.142055,[],[],['8486'],1,0
21.326,113.6059,5.826926159619431,3.5,,66,66,55.337457,57.934234,[],[],['8486'],1,0
35.1334,130.4882,24.354022735976844,1.9761194029850744,,73,65,91.639516,102.766766,[],[],['8487'],1,0
37.0639,-122.6387,10.426634441696187,2.2727272727272725,,31,20,54.899691,45.529742,[],[],['8456'],1,0
38.0933,120.0784,16.056234760850273,4.402325581395348,,46,43,19.289355,26.467391,[],[],['8486'],1,0
21.8437,113.1834,16.145902767007787,3.2829787234042547,,2,3,1.517175,3.811938,[],[],['8486'],1,0
21.5455,112.8114,50.373060761926354,3.5780219780219777,,11,8,13.699364,11.850525,['8486'],[],['8486'],1,0
31.32,124.7328,3.1010303144843347,1.975,,193,195,163.349469,165.084422,[],[],['8486'],1,0
29.6991,126.2746,10.5146749113367,2.575,,279,276,318.18953100000004,323.72643800000003,[],[],['8487'],1,0
20.2249,110.2845,7.085890427303715,1.3580000000000003,,4,3,2.456484,2.456456,[],[],['8486'],1,0
12.5934,109.3154,12.371125474480358,2.5370370370370368,,3,0,8.895595,17.824982,[],[],['8484'],1,0
22.4348,114.9448,5.233577922378959,2.8355932203389838,,13,15,12.333915,15.157793,[],[],['8486'],1,0
51.1199,156.5336,0.9659153850092966,1.300000007215299,,12,11,40.24693,40.324918,['5690'],[],['5690'],1,0
29.7529,126.2805,4.996003762484157,3.625,,281,281,318.421469,319.956188,[],[],['8487'],1,0
35.4699,122.0519,50.17955235924032,3.631578947368421,,125,111,109.511586,93.872219,[],[],['8486'],1,0
36.4409,122.4614,15.139770664342526,2.8666666666666667,,40,38,39.01027,33.465746,[],[],['8486'],1,0
20.5717,-17.288,5.0824804455202415,3.5052631591495724,,35,31,35.607633,30.900057,[],[],['8369'],1,0
33.6903,123.9952,10.220479446141477,3.182352941176471,,111,107,114.285062,110.205031,[],[],['8327'],1,0
21.5614,112.2951,51.82567032968319,2.5264423076923075,,5,11,5.289132,15.180312,[],[],['8486'],1,0
20.8456,112.7601,13.8069291975092,2.8285714285714283,,85,75,88.720438,78.276742,[],[],['8486'],1,0
4.154,-146.167,22.493690369275665,2.1312499962126217,,1248,1258,1275.206,1285.214,[],['63203'],[],1,0
21.5602,112.2995,36.20682797049104,2.5094594594594586,,7,13,7.324197,15.66979,[],[],['8486'],1,0
22.0964,117.8086,13.383940306533336,4.218181818181819,,159,162,101.986922,97.656445,[],[],['8486'],1,0
20.5012,113.1441,16.279643985421885,3.0428571428571423,,131,119,132.461578,120.032062,[],[],['8486'],1,0
29.7649,122.3714,4.8125717363283895,1.4676190476190474,,5,6,0.0,0.0,[],[],['8486'],1,0
34.4803,122.9596,60.11788808449119,3.5999999999999988,,209,193,202.617844,194.111312,[],[],"['8327', '8486']",1,0
13.2278,100.6345,34.493584086485406,2.971008403361344,,19,15,18.443629,8.90628,[],[],['8332'],1,0
9.9073,107.2992,13.091410627134993,2.253333333333334,,54,50,46.354723,43.149547,[],[],['8484'],1,0
32.5945,126.979,8.805576357509995,2.992307692307692,,83,77,83.922461,79.30529700000001,[],[],['8327'],1,0
30.9653,127.1034,5.673385709194725,3.696428571428571,,166,161,229.83825,226.184094,[],[],['21796'],1,0
34.6614,127.6899,0.9717568238044446,2.433333333333334,,2,2,2.9604660000000003,2.9604660000000003,[],[],['8327'],1,0
21.7262,112.6991,6.073068960718337,4.25,,1,2,2.3463000000000003,2.223899,[],[],['8486'],1,0
23.3954,118.0538,2.416072131934261,2.6333333333333333,,55,54,44.770652,47.102797,[],[],['8486'],1,0
-12.2254,-158.8205,13.977403220974056,2.9525,,310,307,478.088969,480.773781,[],[],['8446'],1,0
20.7966,113.1443,19.87589581857372,1.9548387096774196,,106,92,106.340992,92.138812,[],[],['8486'],1,0
12.3222,110.1117,1.325094077868383,0.7,,78,80,92.097836,93.160969,[],[],['8484'],1,0
21.7129,112.0714,35.07909787334448,2.5524,,8,6,8.327686,9.808786,[],[],['8486'],1,0
21.2809,113.987,8.064212647304707,3.7285714285714286,,64,62,73.921789,72.394891,[],[],['8486'],1,0
36.8892,122.7235,10.428312312312707,1.66,,17,19,15.126445,20.130107,['8486'],[],['8486'],1,0
22.9855,120.0709,33.70939679720772,4.601694915254238,,8,1,12.484151,4.659222,[],[],['8321'],1,0
38.8739,118.8067,30.280079435641166,2.0682119205298006,,22,14,8.105915,8.65123,['8486'],[],['8486'],1,0
38.7227,122.2581,68.034740964147,2.6477272594065377,,41,42,23.967672,24.613176,[],[],['8486'],1,0
-45.1002,-60.1387,40.73157747023375,1.984375003376044,,377,380,425.080531,439.329656,[],['63203'],[],1,1
21.5789,112.1942,48.93605713774792,2.4069767441860472,,3,7,2.0683,6.819982,[],[],['8486'],1,0
-8.7588,13.1618,28.456217762750097,3.2069767648859537,,10,2,22.668672,0.0,['8478'],[],['8478'],1,0
21.4124,109.6505,34.78500765352715,3.5419161676646707,,15,7,1.519413,7.596342,['8486'],[],['8486'],1,0
20.5919,107.0383,23.88350179033141,2.9525,,15,6,13.672099,7.365481,['8484'],[],['8484'],1,0
37.8846,122.3806,1.5437330034319714,2.482894751978548,,42,43,37.733891,39.024648,[],[],['8486'],1,0
20.5827,112.816,3.752429484231378,1.9875,,110,109,113.589508,112.349992,[],[],['8486'],1,0
21.1632,110.6723,4.672028700821769,3.6857142857142855,,7,8,9.121809,9.858038,[],[],['8486'],1,0
21.5945,112.2722,46.650845609528936,2.6279069767441863,,6,10,6.204899,12.659838,[],[],['8486'],1,0
17.4594,108.0996,7.075725260980185,2.345454545454545,,85,89,122.540977,128.232133,[],[],['8484'],1,0
30.9152,127.0568,9.140039877622948,3.854054054054054,,174,166,236.656047,229.83825,[],[],['21796'],1,0
3.2427,100.7989,38.09579525083185,2.8780487804878043,,40,38,45.779559,38.874254,['8483'],[],['8483'],1,0
19.0719,108.1383,6.04689072784261,2.217647058823529,,51,45,45.402719,39.021223,[],[],['8486'],1,0
-13.7117,-121.2271,96.35084699993878,2.996787149663592,,1229,1304,1529.496625,1600.45725,[],['63203'],[],1,0
-14.0876,151.9973,25.920163652483534,8.500000108991351,,300,302,464.809219,441.487094,[],[],['8324'],1,0
34.2281,122.7436,40.51204573962647,3.608219178082191,,206,216,174.242094,194.030938,[],[],['8486'],1,0
17.5438,-21.3691,46.47087547358363,3.78801498151897,,161,203,173.67017199999998,215.243734,[],[],['8362'],1,0
21.7009,112.8909,9.041587287494568,1.3401960784313731,,6,7,10.218533,7.355954,[],[],['8486'],1,0
30.9237,127.115,6.8283719372455165,3.396875,,169,163,230.030656,226.769375,[],[],['21796'],1,0
31.0635,126.7253,8.904511412736825,5.315,,186,181,243.455875,235.798172,[],[],['21796'],1,0
35.498,122.0571,50.96773432975464,3.296124031007752,,121,115,105.413359,96.051,[],[],['8486'],1,0
20.1668,110.361,10.8562576540986,3.314814814814815,,7,8,6.953378,7.370221,[],[],['8486'],1,0
20.2573,107.3069,24.22709723291317,2.564000024795532,,47,43,65.576273,50.425742,[],[],['8484'],1,0
34.6995,122.6668,45.3839977369013,3.012857142857142,,215,205,196.387312,187.547219,[],[],['8486'],1,0
32.972,177.4735,18.857741111114517,3.161111111111111,,646,655,2159.82325,2142.2025,[],['63203'],[],1,0
30.9286,127.1111,9.298325161962913,2.964102564102564,,169,162,230.030656,226.547156,[],[],['21796'],1,0
30.8424,124.6084,40.56819010446426,3.332222222222223,,151,183,127.168438,155.46442199999998,[],[],['8486'],1,0
22.2282,120.6432,35.53331096229506,3.1294117647058823,,6,0,27.733211,29.568525,[],[],['8321'],1,0
22.5486,115.5666,68.44012500111381,2.2794117647058827,,20,13,21.072252,12.080018,['8486'],[],['8486'],1,0
3.2676,100.9409,20.181262496724443,2.664634146341464,,35,23,33.323547,23.916627,[],[],['8483'],1,0
29.9254,126.2779,12.17879180801161,5.416666587193807,,287,292,314.094469,311.397344,[],[],['8487'],1,0
12.618,109.5672,7.1298085951311165,3.2666666666666666,,13,13,31.997676,37.102664,['8484'],[],['8484'],1,0
22.2474,114.0478,22.143359900718192,2.080952380952381,,0,2,2.339781,0.0,[],[],['8486'],1,0
22.4772,115.6901,192.33129588211517,2.5204545454545464,,27,23,24.805416,23.899188,['8486'],[],['8486'],1,0
-45.0776,-60.0983,3.2661224724856828,4.799999922513962,,384,383,440.487844,439.834125,[],['63203'],[],1,1
22.3202,114.1135,6.6521335884364925,2.716666666666667,,2,0,1.028713,0.0,[],[],['8486'],1,0
21.7183,114.4614,71.68997517965387,3.2716535433070866,,38,47,45.845125,36.774293,[],[],['8486'],1,0
26.6875,120.2557,10.573523439697878,2.306666666666666,,6,7,7.044739,7.947069000000001,[],[],['8486'],1,0
34.8708,129.0699,5.466521500308747,1.9625,,22,19,15.567289,13.467353,['8327'],[],['8327'],1,0
-44.2047,-178.6039,34.53289075784849,3.756783915150106,,159,126,610.495875,638.025562,[],[],['8455'],1,0
34.9919,123.8224,22.17194525920784,3.4466666666666663,,129,129,129.967633,130.563828,[],[],['8327'],1,0
34.9986,123.1512,3.503545482053986,3.428571428571429,,188,189,189.348734,189.950969,[],[],['8327'],1,0
34.9703,123.1786,2.5971636248731125,3.366666666666667,,185,185,186.103141,186.466078,[],[],['8327'],1,0
5.3962,-154.6527,3.40508446142577,1.1750000387430188,,478,480,489.87575,492.721938,[],['63203'],[],1,0
26.6776,120.2513,8.688587859911316,3.15,,6,7,7.044739,8.904254000000002,[],[],['8486'],1,0
11.1607,108.8402,6.389127124844674,2.364150943396227,,9,7,89.796703,86.475273,[],[],['8484'],1,0
4.5847,103.6047,13.662606667302295,2.707894736842105,,9,21,7.838118000000001,18.973297,[],[],['8483'],1,0
21.3554,109.3861,29.738507542376595,3.08876404494382,,14,8,15.705153,7.359025,['8486'],[],['8486'],1,0
10.0301,107.0811,16.810749132424135,2.292307692307692,,28,32,22.238984,22.124305,[],[],['8484'],1,0
21.4474,111.9118,19.850316148990657,3.475,,18,14,7.595618,10.407828,[],[],['8486'],1,0
20.7876,112.833,17.8379601582699,2.7750000000000004,,90,83,93.685289,84.666914,[],[],['8486'],1,0
22.2774,114.8818,17.316532630528922,3.176923076923077,,30,23,20.616311000000003,14.740513,[],[],['8486'],1,0
12.7729,109.4792,14.28417860282308,2.7125,,7,9,35.508754,40.397316,['8484'],[],['8484'],1,0
33.5158,124.7333,46.20269159417217,2.7617021312421954,,75,56,76.100805,56.455426,[],[],['8327'],1,0
20.434,108.6602,6.005436980622864,2.866666666666667,,79,75,40.286125,36.543559,[],[],['8486'],1,0
29.9547,125.324,21.93806149778852,2.922916666666667,,236,238,225.600828,226.567422,[],[],['8486'],1,0
20.1224,107.752,24.30888750174993,2.6099009900990096,,6,6,100.43375,94.225914,['8484'],[],['8484'],1,0
7.8609,107.1808,16.143928779541465,2.68048780487805,,101,106,263.678344,263.16328100000004,[],[],['8484'],1,0
32.4603,127.1581,11.903583400641963,3.2214285714285715,,103,94,105.593883,98.105656,[],[],"['21796', '8327']",1,0
29.6915,126.3689,9.286571099103751,3.4833333333333334,,271,269,327.831469,325.348906,[],[],['8487'],1,0
17.2397,158.6076,105.84261466946614,3.662999999999999,,741,713,1135.433125,1144.7935,[],['63203'],[],1,0
22.5818,120.2851,29.70914784220639,3.521951219512195,,3,0,0.0,1.026414,[],[],['8321'],1,0
13.1479,100.4177,243.19622552382583,2.501305478389129,,7,25,43.19868,17.549518,[],[],['8332'],1,0
34.0449,122.4703,3.7691675540957457,3.1272727272727274,,180,183,150.377656,153.74390599999998,[],[],['8486'],1,0
33.5971,124.8561,45.8700861782856,2.795154182199342,,65,48,65.75670299999999,48.531035,[],[],['8327'],1,0
30.8292,127.0503,9.30847209640732,2.706382985048472,,180,175,239.585062,236.115188,[],[],['21796'],1,0
12.8275,109.4171,14.647609696745526,2.2066666666666666,,4,2,37.244504,42.183539,[],[],['8484'],1,0
20.4366,-17.5405,161.64433383752495,3.717602301732797,,75,55,72.918086,59.52902,[],[],"['8368', '8369']",1,0
26.5396,120.0888,4.608316502265401,2.8500000000000005,,3,3,0.0,0.0,[],[],['8486'],1,0
34.23,122.8051,6.893806206693933,3.0,,210,209,187.528578,191.492766,[],[],['8486'],1,0
31.9873,126.5103,24.64687158216416,2.9611650485436902,,144,129,147.88925,131.61370300000002,[],[],['8327'],1,0
31.682,126.4214,6.241674994769938,2.35625,,168,163,173.00490599999998,167.645078,[],[],['8327'],1,0
31.656,126.4158,6.527240161302209,2.4733333333333336,,172,166,176.328625,170.96454699999998,[],[],['8327'],1,0
6.037,81.4589,13.662300150265953,3.926190476190475,,21,27,34.647875,47.28348,['8346'],[],['8346'],1,0
32.6621,126.8743,8.970605939857203,2.5916666885217032,,69,69,69.239062,70.464031,[],[],['8327'],1,0
22.0909,113.7778,5.692077112945375,2.7145161369154533,,6,4,1.030472,0.0,[],[],['8486'],1,0
3.3867,100.5303,67.53653614503308,2.656015037593985,,48,42,70.928008,56.614254,['8483'],[],['8483'],1,0
-12.9153,-103.6908,104.8024703706868,4.570866141732283,,1641,1723,1646.731625,1729.873875,[],['63203'],[],1,0
19.0161,157.2509,16.190602277215955,5.662499999999999,,679,670,1287.9325,1298.23775,[],['63203'],[],1,0
31.1095,127.0961,11.077629460273307,3.665671641791045,,157,149,226.794453,220.778875,[],[],['21796'],1,0
38.6223,119.0231,4.369557380915561,1.1,,47,48,9.369257,7.832025,[],[],['8486'],1,0
5.9918,81.6592,11.848708740754926,3.1130434782608694,,41,44,60.932855,70.92775,[],[],['8346'],1,0
28.2574,121.5562,1.3628716183235614,2.1375,,3,2,0.0,0.0,[],[],['8486'],1,0
42.6032,133.5149,9.916410715635598,3.7375000417232513,,21,21,34.750055,38.766555,['5690'],[],['5690'],1,0
21.6086,114.2628,51.98577239740819,5.145945945945946,,34,37,43.710789,34.716668,[],[],['8486'],1,0
21.7166,112.7008,6.314491732530397,3.414285714285715,,1,0,2.3463000000000003,1.111949,[],[],['8486'],1,0
33.9757,122.5126,3.484294534043389,2.8962962962962973,,183,183,150.858406,151.972141,[],[],['8486'],1,0
21.412,109.6513,38.58426779778398,3.827461139896374,,15,7,1.519413,7.596342,['8486'],[],['8486'],1,0
26.6021,120.2888,14.145994314119594,3.4176470588235293,,11,4,9.382349,3.182429,[],[],['8486'],1,0
68.4602,11.5927,23.38354843487028,3.8468750119209294,,61,83,66.171508,88.362531,[],[],['5686'],1,0
21.7373,112.1636,3.00538750395506,0.6222222222222221,,5,2,6.197597,4.131444,[],[],['8486'],1,0
26.5119,120.211,5.8983798082020265,1.842857142857143,,7,6,7.960973,8.035851,[],[],['8486'],1,0
31.3216,124.5298,5.788980148332865,2.395238095238095,,174,176,145.03375,147.433391,[],[],['8486'],1,0
11.4135,109.075,13.744713505955644,2.1914893520639294,,6,7,60.67416,48.417609,[],[],['8484'],1,0
31.3939,124.6427,37.06882916843837,2.611290322580645,,181,203,151.980422,175.272766,[],[],['8486'],1,0
34.5929,127.7363,1.8179947055818029,2.6,,1,0,2.14211,3.533734,[],[],['8327'],1,0
33.7958,123.2089,15.038831897762195,4.014285714285714,,181,168,184.378531,172.404016,[],[],['8486'],1,0
34.5772,123.7124,0.5661633161584703,0.915,,135,135,135.789547,135.789547,[],[],['8327'],1,0
21.856,116.7936,34.01012125959284,4.019565217391305,,120,124,128.253039,123.849609,[],[],"['8321', '8486']",1,0
34.3225,122.7462,5.373971447745069,3.622222222222222,,214,215,188.619781,192.005641,[],[],['8486'],1,0
31.5219,123.221,2.707417182487037,3.3714285850524903,,87,92,52.926109,57.29918,[],[],['8486'],1,0
20.576,113.4823,29.841359999014458,3.270588235294117,,128,132,128.424242,131.564391,[],[],['8486'],1,0
22.7801,115.6261,6.398385666890654,1.95,,3,4,6.251652,8.443055000000001,[],[],['8486'],1,0
-19.9088,-102.1264,97.07438472264889,4.018705035971222,,1040,1116,1045.015125,1121.04625,[],['63203'],[],1,1
51.2398,-14.2638,119.62319037276532,6.3125000509123,,238,291,255.000359,310.215906,[],[],['5681'],1,0
19.7394,107.154,1.9116388333441912,2.128571428571428,,74,73,100.473555,100.760453,[],[],['8484'],1,0
36.6781,126.1336,10.819727226389553,1.7348837163732496,,0,1,0.0,0.0,[],[],['8327'],1,0
10.2086,103.8946,15.398546140558455,4.009677419354838,,12,2,60.795988,66.273273,[],[],['8484'],1,0
18.1872,65.8813,3.4423937362993224,0.6619047643173308,,544,542,540.083312,538.09,[],['63203'],[],1,1
8.8493,106.527,17.290563997812693,2.878571428571429,,7,23,171.354797,154.214141,[],[],['8484'],1,0
10.6981,108.4596,5.945533097308142,3.683333333333333,,30,29,145.24403099999998,146.781625,[],[],['8484'],1,0
4.1679,100.1944,97.59420391486788,2.728994082840237,,49,30,44.662449,33.01134,[],[],['8483'],1,0
21.8907,116.8441,30.259449535072346,4.021428571428572,,122,123,126.471906,122.391852,[],[],"['8486', '8321']",1,0
-12.4362,72.2811,22.57597698637049,5.5,,562,548,580.81025,567.1321879999999,[],['63203'],[],1,1
19.9016,106.9827,6.631381555417367,0.8464285714285714,,52,55,79.120508,78.532336,[],[],['8484'],1,0
21.7186,114.4637,69.30516220867001,3.2563909774436084,,44,47,50.733055,36.352055,[],[],['8486'],1,0
21.4429,114.1593,28.181767643064312,3.3000000000000007,,49,53,59.258539,61.840148,[],[],['8486'],1,0
22.1201,113.7666,9.85098965338853,2.468333333333333,,4,4,0.0,0.0,[],[],['8486'],1,0
-33.961,-32.2587,1.6528932081798633,0.4086956582639529,,1518,1517,1373.124125,1370.993625,[],['63203'],[],1,1
12.1686,101.4449,4.823323008319792,2.2388888888888885,,43,38,46.248715,43.708566,[],[],['8332'],1,0
21.8401,113.2907,14.600884579186648,3.0689655172413786,,6,11,2.064426,4.689176000000001,[],[],['8486'],1,0
21.1881,110.6647,3.082946008140019,1.6999999999999995,,5,5,6.081015000000001,6.605387,[],[],['8486'],1,0
21.4159,111.6053,3.954839122993299,0.9583333333333334,,12,11,11.864996,10.47801,[],[],['8486'],1,0
34.698,122.6623,40.999193684260135,3.1982758620689653,,215,202,196.387312,184.633,[],[],['8486'],1,0
13.4563,154.6562,22.079632219380365,5.188888888888889,,580,586,727.933625,741.104188,[],['63203'],[],1,0
34.244,122.6056,6.559630081557125,3.455555555555556,,198,201,172.906578,176.383078,[],[],['8486'],1,0
5.7749,99.9225,14.304444058693642,2.93768115942029,,39,32,35.666508,35.361863,[],[],['8483'],1,0
21.8658,114.4516,23.24783361800465,2.8022727272727264,,26,27,20.121107,16.963766,['8486'],[],['8486'],1,0
17.7259,158.8286,11.38372657307772,6.8125,,763,761,1193.784,1197.752875,[],['63203'],[],1,0
22.6921,114.5458,14.94777765694332,2.048275862068966,,1,0,1.025965,2.223899,[],[],['8486'],1,0
21.6981,112.7014,7.787586618777427,1.4067567567567574,,0,0,3.492163,1.111949,[],[],['8486'],1,0
38.8866,123.0939,24.645928456345395,3.4204081632653054,,22,14,20.610367,13.343392,['8486'],[],['8486'],1,0
36.5958,124.1864,4.6825249576566526,1.4,,124,123,146.990422,142.493734,[],[],['8327'],1,0
31.4516,169.7269,2.1918655717440503,0.5651376200241779,,1203,1202,2408.4545,2406.801,[],['63203'],[],1,0
30.9637,127.1759,2.361743858155463,2.312121212121212,,159,157,221.909984,219.736844,[],[],['21796'],1,0
27.0977,120.5153,10.766950611781953,1.7603773584905662,,8,5,6.303063,4.540666,[],[],['8486'],1,0
19.0631,64.6887,1.2611924625501951,0.1222222240434752,,568,567,566.104,565.244188,[],['63203'],[],1,1
8.428,101.2021,2.52396113252402,1.65,,49,50,140.95928099999998,142.450125,[],[],['8332'],1,0
21.5788,114.2467,9.51912595304672,2.009302325581395,,34,40,44.135707,48.784145,[],[],['8486'],1,0
20.5752,113.5753,11.103814602933983,2.7629629629629635,,134,135,135.464703,135.040109,[],[],['8486'],1,0
30.6741,122.7702,7.282780234671982,2.432,,5,2,2.212619,0.0,[],[],['8486'],1,0
59.3467,145.8363,1.8313321295006904,1.2315789586619326,,3,3,150.23507800000002,151.34234400000005,[],[],['5690'],1,0
6.1313,81.2214,4.12854848928485,5.0,,5,4,12.161732,15.637227,['8346'],[],['8346'],1,0
5.96,78.7476,1.046353008324393,1.2714285714285714,,145,145,145.21579699999998,145.21579699999998,[],[],['8346'],1,0
32.8586,142.833,12.626767806322476,8.157142809459138,,276,283,346.3715,344.6715,[],[],['8487'],1,0
34.9606,123.676,12.223635297720945,2.688732394366197,,140,141,140.94209400000005,141.802219,[],[],['8327'],1,0
21.5338,114.5748,32.38445308004502,4.6482758620689655,,59,67,55.750668,58.26766000000001,[],[],['8486'],1,0
22.4747,113.9197,5.726198809492457,1.32,,2,2,0.0,0.0,[],[],['8486'],1,0
38.7242,122.2609,66.75594564938655,2.8510917026403177,,41,42,23.967672,23.948213,[],[],['8486'],1,0
22.4532,113.9246,6.210127149132061,1.9521739130434776,,1,2,0.0,0.0,[],[],['8486'],1,0
21.3555,109.3792,21.40987756570124,3.1977777777777767,,13,10,15.376325,10.291909,['8486'],[],['8486'],1,0
-18.8427,171.8528,3.5193146442131207,1.3101123595505615,,188,190,258.108031,260.449469,[],[],['8313'],1,0
34.685,128.1956,17.501854378703257,3.1545454545454548,,2,2,9.933703,7.811689,[],[],['8327'],1,0
21.3095,113.9776,9.92989519913535,3.7666666666666666,,62,57,71.330359,67.899742,[],[],['8486'],1,0
17.5106,108.1439,6.766556124373108,2.75,,92,94,127.4035,124.517531,[],[],['8484'],1,0
9.0943,106.2812,13.626591979691604,2.4,,30,35,154.138656,145.539328,[],[],['8484'],1,0
17.5143,108.1434,6.639188175325156,2.4666666666666663,,92,95,128.509875,123.524852,[],[],['8484'],1,0
21.5396,112.7001,5.240742597749738,0.5171875000000001,,9,5,10.845601,6.929381,['8486'],[],['8486'],1,0
21.7337,112.7008,9.26708726737154,4.86923076923077,,1,2,2.3463000000000003,2.223899,[],[],['8486'],1,0
21.8795,113.1278,4.755973561625797,5.936363636363635,,0,1,1.111949,2.344015,[],[],['8486'],1,0
30.6923,122.8151,1.3066414382890983,1.725,,2,3,0.0,0.0,[],[],['8486'],1,0
37.9243,121.6778,5.537855206988467,0.9019999999999998,,39,46,27.382059,34.159562,[],[],['8486'],1,0
20.4806,107.0077,40.93024300950518,2.275714285714285,,33,13,22.840504,14.492737,['8484'],[],['8484'],1,0
2.9349,-166.6411,33.61766164242203,4.128000001907349,,562,547,825.958312,809.822938,[],['63203'],[],1,0
22.1121,115.2117,18.43347165894526,5.156382980245225,,57,62,52.127734,58.751934,[],[],['8486'],1,0
30.6765,122.7694,2.694990920722349,2.50555554760827,,4,3,0.956409,0.95631,[],[],['8486'],1,0
22.9163,120.0894,30.958457659815235,3.1318352059925085,,8,6,10.236907,9.071279,[],[],['8321'],1,0
35.3335,140.6339,10.251733756811284,2.2790909090909097,,18,21,33.162078,36.666434,['8487'],[],['8487'],1,0
22.4182,117.897,13.92123795548752,4.516666666666668,,132,139,65.471895,62.345156,[],[],['8486'],1,0
-60.2241,-45.1014,10.922677238221588,4.37142857142857,,41,42,757.963562,756.214062,[],['63203'],[],1,0
20.523,113.7928,2.9590891954350163,3.0909090909090904,,150,147,148.004875,146.24273399999998,[],[],['8486'],1,0
13.3517,110.0262,7.623626823214082,1.6000000000000003,,73,75,95.990695,94.303164,[],[],['8484'],1,0
-13.2589,151.4305,27.74708325114508,9.062500000000002,,251,228,354.128312,335.107312,[],[],['8324'],1,0
12.8127,109.4222,17.01881599895254,2.6892857142857145,,4,2,36.217934,42.183539,[],[],['8484'],1,0
-10.6364,74.5978,8.150125797290478,2.5375,,429,425,445.606688,441.534375,[],['63203'],[],1,1
5.2033,-153.6877,4.250245815984045,1.142857152146178,,536,539,550.293688,553.284375,[],['63203'],[],1,0
-1.7181,-107.2729,16.368589321595657,9.513043528017793,,1351,1347,1746.275,1729.642375,[],['63203'],[],1,0
-2.2178,-168.8934,6.240363546169752,3.461538497072,,258,264,1259.80275,1254.935125,[],[],['8450'],1,0
33.5607,123.9311,4.67086317771369,2.7744680851063843,,121,120,124.038164,122.561711,[],[],['8327'],1,0
12.9621,109.7331,35.74414067409512,2.4799999992052717,,29,38,60.893824,85.994984,[],[],['8484'],1,0
21.5596,112.2981,47.4652493640726,2.567428571428572,,5,12,5.289132,15.865304,[],[],['8486'],1,0
34.8318,122.377,7.028803876805584,2.2500000000000004,,179,180,160.354188,161.891594,[],[],['8486'],1,0
7.5578,103.482,10.343368833584098,2.890909090909091,,173,171,210.935141,220.609344,[],[],['8484'],1,0
21.4686,111.929,49.812224081725866,3.5979999999999994,,18,14,6.931931,11.453125,[],[],['8486'],1,0
13.4982,131.1925,12.13323848403946,3.9,,628,633,695.766625,702.774,[],['63203'],[],1,1
13.0195,100.8742,0.503614250130434,2.342857147966112,,5,4,1.552436,1.111949,[],[],['8332'],1,0
26.5843,120.1962,10.990107349589604,3.1677419354838707,,3,4,5.191212999999999,4.971271,[],[],['8486'],1,0
17.0661,-18.5386,36.72279272277947,4.64186992632543,,248,213,295.00825,262.63365600000003,[],[],['8369'],1,0
59.0952,145.4206,15.871542884837362,2.92399999777476,,36,25,131.133047,129.831852,[],[],['5690'],1,0
14.7158,156.2673,15.737071983324368,5.411111111111111,,732,719,883.061125,882.531438,[],['63203'],[],1,0
19.9947,127.1331,41.30695023908787,4.41875,,518,529,589.133125,559.270438,[],['63203'],[],1,0
22.8005,115.5888,4.786795406531472,2.1142857142857143,,3,3,4.537419,6.353714,[],[],['8486'],1,0
4.9691,98.2717,118.6622446119648,2.498024691358025,,27,54,42.319742,65.85133599999999,[],[],['8492'],1,0
20.2051,107.4436,2.610708266996472,2.15,,30,29,70.66907,70.37325,[],[],['8484'],1,0
21.5649,112.2905,46.07333042223629,2.53157894736842,,5,11,5.289132,15.180312,[],[],['8486'],1,0
33.6705,124.8555,48.6570376756824,2.703964752247678,,55,39,56.087098,39.451117,[],[],['8327'],1,0
20.5981,113.7659,1.8551013454850411,1.8375,,140,140,137.52454699999998,138.210656,[],[],['8486'],1,0
34.6754,122.6621,28.83780154729893,1.9897058823529408,,215,200,196.387312,182.496016,[],[],['8486'],1,0
21.7197,112.7025,3.3348878446175907,5.65,,0,0,1.517763,1.111949,[],[],['8486'],1,0
33.4055,123.6016,2.2353478209629483,2.423076923076924,,158,155,160.223375,157.550031,[],[],['8327'],1,0
21.0239,112.5781,15.395123233105403,3.1952380952380954,,74,59,73.651562,59.377672,[],[],['8486'],1,0
12.8371,109.4122,22.74105702292399,2.256603773584906,,3,2,36.847301,42.613824,[],[],['8484'],1,0
16.0519,-177.9957,10.8969496675916,6.845454545454546,,907,903,1520.705875,1528.831,[],['63203'],[],1,0
25.1436,119.3708,9.125025887747576,2.908620689655172,,3,3,10.603336,11.200894,[],[],['8486'],1,0
8.0304,107.0902,13.144641061191106,2.672941176470589,,87,80,251.302938,240.271328,[],[],['8484'],1,0
8.0447,107.0201,7.397838552080436,2.6488372093023256,,81,75,246.852734,240.181047,[],[],['8484'],1,0
29.8074,126.257,14.60308393449659,5.550000000000001,,283,288,317.122344,313.179125,[],[],['8487'],1,0
21.5614,112.3028,48.169258695643386,2.3165079365079384,,7,12,7.324197,14.855968,[],[],['8486'],1,0
30.8137,124.3011,6.151020915344142,4.105555555555556,,135,139,108.236367,112.125164,[],[],['8486'],1,0
21.479,111.8495,67.40834967547093,3.818421052631579,,16,13,9.421854,13.189783,[],[],['8486'],1,0
34.2183,128.2312,7.237048517575804,2.1900000071525567,,40,38,30.627646,29.018174,['8327'],[],['8327'],1,0
29.6735,123.4092,128.81779135019323,2.487658802177859,,89,96,63.624551,83.42457,[],[],['8486'],1,0
21.5593,112.3,51.504582875455554,2.4676579925650537,,7,11,7.324197,16.012943,[],[],['8486'],1,0
19.9607,-17.3717,126.12872131094186,3.648815165876776,,70,90,95.428023,89.38781200000001,[],[],['8369'],1,0
11.4773,109.1399,11.55953474499154,6.163157894736843,,11,6,50.144254,41.142125,[],[],['8484'],1,0
14.6831,158.5145,90.02859664920442,3.313223140495868,,530,503,839.623812,872.703062,[],['63203'],[],1,0
-22.2144,12.8058,43.45507540956488,3.3652694530472784,,133,126,173.301016,198.485438,[],[],['8395'],1,0
38.0058,120.5989,8.416750144484054,1.2097701177686109,,2,3,4.83949,5.628398,['8486'],[],['8486'],1,0
20.4725,109.8346,3.4062675795814017,1.823529411764706,,5,4,8.895595,7.853006000000001,['8486'],[],['8486'],1,0
20.2213,110.2786,4.445820871151388,2.129508196721312,,4,2,2.456484,1.111949,[],[],['8486'],1,0
-8.2276,-79.1719,11.5876951623698,0.8414141443191157,,18,12,17.642375,13.392245999999998,['8432'],[],['8432'],1,0
31.9254,126.3078,16.630433720670595,2.851428571428571,,141,137,145.665359,141.593188,[],[],['8327'],1,0
31.6047,126.3981,3.8953001440084183,2.3083333333333336,,176,173,180.685344,177.359656,[],[],['8327'],1,0
6.9112,106.9899,7.517273194932521,3.5285714285714285,,200,192,310.675469,315.34868800000004,[],[],['8484'],1,0
22.2625,115.4841,10.213017728679764,3.685714285714286,,46,45,44.56698,43.36602,['8486'],[],['8486'],1,0
36.2894,123.1356,43.92361016347355,2.776666666666665,,97,78,86.409594,71.686766,[],[],['8486'],1,0
3.3201,101.0711,7.107195764793504,2.5071428367069792,,18,11,17.555623,10.998251,[],[],['8483'],1,0
34.4766,122.6278,64.12323953388893,3.7592307692307663,,199,218,176.247844,199.946625,[],[],['8486'],1,0
5.6634,100.2333,4.788258871801481,2.9166666666666665,,12,10,7.452025,12.419957,[],[],['8483'],1,0
21.2582,113.9651,32.67068196621047,3.4290322580645163,,71,60,78.007977,70.238188,[],[],['8486'],1,0
35.56,121.8344,35.05440314445314,3.336956521739132,,100,90,85.043625,73.440398,[],[],['8486'],1,0
34.5634,121.6617,7.76708866874755,2.481818181818181,,128,132,106.829125,111.191875,[],[],['8486'],1,0
6.1405,98.9101,8.90404499171596,1.6,,55,47,89.594406,84.89401600000001,[],[],['8483'],1,0
20.5146,113.6308,2.523613819618051,2.3666666666666663,,143,144,143.297297,142.663125,[],[],['8486'],1,0
21.2796,110.8404,21.34751247804223,2.861904761904761,,14,10,18.652951,23.03698,[],[],['8486'],1,0
10.3399,107.2425,16.664934856518542,2.7255813953488373,,5,5,10.181013,14.962719,[],[],['8484'],1,0
21.5623,112.3008,42.94800867476336,2.2878923766816146,,6,12,6.303956,15.143986,[],[],['8486'],1,0
34.0194,123.1472,62.76247556929869,4.15952380952381,,201,162,178.386516,167.439031,[],[],"['8327', '8486']",1,0
10.3457,107.227,53.91744648315692,2.379545454545454,,7,1,11.404433999999998,12.826369,[],[],['8484'],1,0
20.7883,112.8088,14.918794162008307,2.446153846153846,,89,86,92.66375,88.961984,[],[],['8486'],1,0
7.507,103.5337,9.017030769823242,2.5545454545454542,,177,171,209.984406,217.294016,[],[],['8484'],1,0
20.0871,108.7342,76.05483601798892,3.145833348110319,,51,64,34.960121,47.915746,[],[],['8486'],1,0
34.4444,122.6892,27.75869206622032,3.562499999999999,,209,222,186.192875,204.752375,[],[],['8486'],1,0
13.2491,100.6496,32.778392583418544,3.047540983606557,,19,15,19.493422,8.90628,[],[],['8332'],1,0
22.1959,115.9372,3.8118875601749536,4.533333333333334,,62,63,62.233348,64.114746,[],[],['8486'],1,0
33.6475,124.7613,25.377278429258816,2.3937106942230804,,59,48,59.857672,48.700754,[],[],['8327'],1,0
32.8285,123.3097,11.424475952296753,3.418918918918919,,168,178,150.460812,160.309234,[],[],['8486'],1,0
35.9843,120.381,6.875127207400723,2.3869565217391298,,6,7,0.0,0.8997,[],[],['8486'],1,0
34.6463,128.0872,16.42029191619699,2.883783783783784,,8,3,4.574224,7.397070999999999,[],[],['8327'],1,0
30.9485,124.6871,42.93814792271537,3.756410256410256,,163,194,137.665375,163.744438,[],[],['8486'],1,0
22.0747,115.6003,28.34101141880839,4.382666666030883,,67,65,65.605,64.209855,[],[],['8486'],1,0
21.7176,114.4596,71.368835101993,3.4140625,,40,47,47.593074,36.774293,[],[],['8486'],1,0
-17.9999,-97.7959,17.91439379711346,4.433333333333334,,1541,1554,1547.02075,1559.826125,[],['63203'],[],1,1
35.1731,121.7554,5.733973249885324,3.253846153846154,,115,111,95.557141,92.728172,[],[],['8486'],1,0
20.859,113.0146,29.123266522210997,2.656521739130434,,82,84,83.711219,84.898094,[],[],['8486'],1,0
-18.4859,171.5302,6.073358054836876,7.64999998699535,,178,182,240.881766,246.037109,[],[],['8313'],1,0
36.6044,123.431,35.3419352797385,3.1437499999999994,,92,85,86.806953,82.675805,[],[],['8486'],1,0
34.3081,123.8653,32.40009064782247,3.1824175824175827,,112,118,117.566945,123.289211,[],[],['8327'],1,0
19.2354,105.7897,7.557419747945697,1.25648147067814,,1,1,10.328558999999998,4.918275,['8484'],[],['8484'],1,0
36.422,122.4973,3.4086592180217155,2.488888888888889,,45,42,41.180859,37.901008,[],[],['8486'],1,0
21.7157,112.1403,122.81836319037248,3.2518939393939394,,2,0,2.223899,1.111949,[],[],['8486'],1,0
30.8247,127.0737,9.40755713770929,3.118072283698852,,179,175,238.266703,234.77225,[],[],['21796'],1,0
24.5295,121.8913,10.613939669863552,2.3897058823529416,,3,4,5.651004,2.443061,[],[],['8321'],1,0
23.0241,120.0961,5.8124289589410605,1.1678571428571434,,2,1,6.531587,6.045084,[],[],['8321'],1,0
35.2608,140.4373,10.787833782070692,2.2409722222222213,,2,4,15.795349,17.003434000000002,['8487'],[],['8487'],1,0
19.2203,105.7849,5.473362748107783,1.98,,2,3,11.300448,8.061791,['8484'],[],['8484'],1,0
29.888,126.2848,15.495897024032056,6.885714285714285,,286,288,314.97318800000005,314.185469,[],[],['8487'],1,0
35.1422,121.7324,11.4639140540331,2.9800000190734863,,118,110,97.970203,91.301648,[],[],['8486'],1,0
21.5352,112.3754,18.654035973163555,2.878947368421052,,15,11,15.868441,11.740952,[],[],['8486'],1,0
21.5617,112.3,51.04280922784892,2.4925373134328352,,6,12,6.303956,15.143986,[],[],['8486'],1,0
21.7055,114.4233,60.624184949964096,3.052317880794702,,36,48,42.919410000000006,37.786078,[],[],['8486'],1,0
34.3233,122.8184,24.912718981078672,6.390000000000001,,213,198,187.425734,202.874875,[],[],['8486'],1,0
18.8234,108.5606,13.00550347783107,2.8916666666666666,,8,5,26.92359,23.116977,['8486'],[],['8486'],1,0
-43.5791,176.0741,2.860135106239556,2.577777800736604,,228,229,253.816562,257.013984,[],[],['8455'],1,0
21.8437,113.2097,3.522507967079499,1.9173913043478263,,4,4,4.128562,3.034104,[],[],['8486'],1,0
15.4652,-178.7548,116.68825499255225,4.628455282045091,,1039,948,1374.957875,1465.243625,[],['63203'],[],1,0
21.5545,113.301,9.521271381753806,3.257142857142857,,35,36,26.57832,23.350936,['8486'],[],['8486'],1,0
29.3502,48.4408,8.409444294296934,1.8461538461538465,,7,9,22.507693,28.039213,['8357'],[],['8357'],1,0
36.6318,123.6761,24.69983272376136,1.8452380952380951,,110,106,106.866352,104.167656,[],[],['8486'],1,0
19.2203,105.775,3.982977735328452,1.3403846153846148,,2,1,11.824627,8.843895,['8484'],[],['8484'],1,0
15.6794,133.1832,25.111048796152808,5.36875,,858,853,878.185938,863.6295,[],['63203'],[],1,0
31.4078,141.1477,15.370091889984314,5.575,,120,133,415.73825,407.704062,[],[],['8487'],1,0
23.102,116.7606,25.438379343354576,4.738181818181823,,16,8,9.275808,2.223899,[],[],['8486'],1,0
33.6314,122.7963,14.338192178843697,5.4,,186,197,155.226109,166.718359,[],[],['8486'],1,0
-12.5809,-16.6258,90.44648500725974,3.9799276610017857,,592,541,600.783625,549.86425,[],['63203'],[],1,0
35.027,129.0396,4.734995537609538,2.531147546357796,,6,4,0.910856,0.0,[],[],['8327'],1,0
20.6338,113.6057,34.75245926550639,3.3818181818181814,,134,131,134.927281,125.753609,[],[],['8486'],1,0
30.8917,124.6277,36.033203269683575,3.380597014925373,,157,186,131.89296900000002,157.10206200000002,[],[],['8486'],1,0
35.3266,122.1216,4.615794253252812,2.4095238095238103,,129,130,114.027719,115.282086,[],[],['8486'],1,0
-45.649,-60.6157,1.406659810298489,0.5105263197369743,,388,389,407.427812,407.985094,[],['63203'],[],1,1
7.5083,103.5565,6.995438000147941,1.9,,176,169,212.102922,218.502859,[],[],['8484'],1,0
22.4023,115.3126,134.1724745826699,3.0577922077922075,,32,22,32.102955,20.663127,['8486'],[],['8486'],1,0
20.5247,107.2536,16.087671049291195,2.825,,26,25,28.088719,32.005908,['8484'],[],['8484'],1,0
36.3205,124.3499,21.43385202490597,2.210714285714286,,120,111,148.456359,148.328359,[],[],['8327'],1,0
21.7259,112.1156,7.86361713108434,1.9684210526315788,,6,6,8.053296999999999,8.895595,[],[],['8486'],1,0
20.5705,113.7586,2.970588728318452,1.822222222222222,,145,143,141.741359,139.631172,[],[],['8486'],1,0
21.5686,112.2979,45.56726556071614,2.309803921568628,,6,9,6.204899,13.635086,[],[],['8486'],1,0
33.6026,122.8216,2.3057824042863264,3.014285714285714,,190,192,158.700234,160.817906,[],[],['8486'],1,0
29.6935,126.2462,10.711492923357964,2.849999980131785,,279,278,317.720438,321.924938,[],[],['8487'],1,0
13.5133,109.3362,12.90021631979783,2.2333333333333334,,2,5,30.960889,26.324854,[],[],['8484'],1,0
22.5317,115.635,36.33396570500749,2.709090909090909,,19,19,18.055885,18.17124,['8486'],[],['8486'],1,0
24.6455,121.8857,62.6899104209487,5.003234501347706,,0,9,3.485774,14.595934,[],[],['8321'],1,0
34.4874,172.9653,28.67089243387217,8.228571428571428,,1062,1073,2116.79725,2090.889375,[],['63203'],[],1,0
22.7876,115.6194,14.38251732769108,3.030769230769231,,3,5,5.245843,11.306573,[],[],['8486'],1,0
1.4922,-158.2015,173.56102801599252,4.775578407977728,,110,52,119.952977,62.695012000000006,[],[],['8441'],1,0
21.9791,113.4305,2.7966642337008443,2.885714285714285,,5,6,1.516486,0.0,[],[],['8486'],1,0
23.0098,120.0639,14.41703552164477,4.314583333333334,,6,0,10.236306,8.432724,[],[],['8321'],1,0
26.5147,119.9942,6.620990051814948,2.443181818181818,,3,2,1.990243,0.0,[],[],['8486'],1,0
20.4887,-17.3278,79.33281739066398,3.2268852472305283,,47,47,44.394371,48.572555,[],[],['8369'],1,0
21.2719,113.7845,8.475781456836652,3.736363636363636,,70,66,70.815438,71.194789,[],[],['8486'],1,0
22.291,114.5557,6.9397036699989645,2.605555555555556,,18,15,11.539757,6.671696,[],[],['8486'],1,0
12.6414,109.5831,6.169576264541795,3.4166666666666665,,12,15,34.636105,40.082996,['8484'],[],['8484'],1,0
-0.4778,9.0852,45.34702612929832,3.2983739597102,,14,9,21.359201,41.796609,[],[],['8476'],1,0
-45.4986,-60.6396,5.974393834712607,0.351254485787884,,382,382,402.659156,403.384344,[],['63203'],[],1,1
10.164,107.0373,6.513613948227863,3.595238095238096,,19,17,7.783645000000001,6.671696,[],[],['8484'],1,0
10.4455,106.9494,4.570763001376435,3.3210526453821285,,0,1,8.962545,5.666238999999999,[],[],['8484'],1,0
12.7225,109.7013,2.1988230580971178,1.05,,27,28,52.261484,53.752965,[],[],['8484'],1,0
21.5626,112.2936,42.18270545581724,2.5044943820224725,,6,12,6.303956,14.855968,[],[],['8486'],1,0
8.5861,105.8223,3.2935028175544545,1.3666666666666667,,58,59,199.021812,197.250328,[],[],['8484'],1,0
34.4851,122.6253,65.11261603409973,3.736734693877552,,199,219,175.547594,200.666469,[],[],['8486'],1,0
20.5709,113.5983,3.67585308730101,2.2384615384615385,,136,138,136.130047,136.78006200000002,[],[],['8486'],1,0
20.6333,113.6021,35.237414155285414,3.5304347826086957,,134,132,134.927281,126.065023,[],[],['8486'],1,0
20.8591,112.8275,135.3700595834784,3.5402877697841717,,84,95,84.284109,96.080859,[],[],['8486'],1,0
21.5712,112.8125,56.94030052272328,3.519277108433735,,10,9,12.733573,12.845777,['8486'],[],['8486'],1,0
5.0801,100.1765,19.681157531393488,2.8454545454545457,,23,14,29.348736,16.499504,[],[],['8483'],1,0
22.9905,120.0717,9.989141529821303,3.429629629629629,,7,1,10.475838,5.580082999999999,[],[],['8321'],1,0
22.7306,121.1882,4.012812766041831,6.423529411764705,,5,4,82.241117,82.635945,[],[],['8321'],1,0
12.6055,109.5747,7.241608579444463,3.157142857142857,,14,13,32.71127,36.583051,['8484'],[],['8484'],1,0
52.536,155.821,15.805048703501477,2.61333332988951,,36,23,15.274581,6.504715,[],[],['5690'],1,0
21.9431,113.3243,2.1583742052906887,2.4714285714285715,,3,5,1.111949,2.343505,[],[],['8486'],1,0
10.5098,-14.7569,50.721797178152656,2.470999999999999,,27,0,12.235455,3.335848,['8472'],[],['8472'],1,0
34.1932,122.8817,4.694482597425286,3.8307692307692314,,204,202,191.261969,195.133641,[],[],['8486'],1,0
22.3012,113.844,3.787981219974847,4.246666647593181,,3,4,0.0,0.0,[],[],['8486'],1,0
-17.3539,172.6892,109.53957971530318,4.539019595992327,,313,403,373.284812,424.581906,[],[],['8313'],1,0
31.3394,124.3997,9.317045055181763,2.409375,,163,167,134.081266,138.97067199999998,[],[],['8486'],1,0
-21.8721,165.7988,0.6638773395726607,0.8857142857142857,,2,2,18.428096,18.428096,[],[],['8312'],1,0
21.5029,108.617,4.128979431252638,1.6615384615384616,,15,14,4.285231,3.818229,['8486'],[],['8486'],1,0
9.8183,107.2476,4.217952066770737,1.7200000000000002,,58,59,49.667926,50.11252,[],[],['8484'],1,0
-19.865,-105.6778,48.62257524606044,4.605,,868,903,871.106812,906.604188,[],['63203'],[],1,1
34.2876,123.8681,65.48146026820564,3.282758620689654,,114,118,119.398492,122.203664,[],[],['8327'],1,0
37.5833,120.0967,0.7923264151639483,2.676923076923077,,11,11,8.943192,8.943192,['8486'],[],['8486'],1,0
14.6905,-178.1442,137.22176597756254,4.456923076923075,,976,917,1383.147,1458.6145,[],['63203'],[],1,0
21.7193,112.9716,5.81176993544261,0.7839285714285714,,12,11,11.261234,6.926131000000001,[],[],['8486'],1,0
21.5687,112.2923,50.28869110306102,2.5313725490196104,,6,12,6.303956,15.143986,[],[],['8486'],1,0
10.2561,107.0765,46.36740119819245,2.5901333333333354,,14,7,2.223899,8.353985,[],[],['8484'],1,0
14.4194,109.5297,10.267439664658989,2.3000000000000003,,38,42,72.222156,81.418156,[],[],['8484'],1,0
-2.9135,-26.842,37.651680291884674,2.2574468085106374,,599,635,600.035375,636.572,[],['63203'],[],1,1
-5.8709,-132.5899,145.2844209032252,3.391463414634144,,757,829,782.596812,854.7188120000001,[],['63203'],[],1,0
-18.5907,173.086,46.55404129867525,3.2208633035850176,,310,331,380.887,402.484969,[],[],['8313'],1,0
21.8468,113.1886,8.381341524097694,3.644444444444444,,2,4,1.032141,3.034104,[],[],['8486'],1,0
21.7334,114.4671,19.672682387141613,2.244736842105264,,38,41,33.374430000000004,32.835434,[],[],['8486'],1,0
21.6057,108.5678,5.782870518833328,2.1812499999999995,,6,5,8.379199,5.654997000000001,['8486'],[],['8486'],1,0
30.7382,122.6817,1.8453919081355696,3.355555555555556,,7,6,2.867444,4.422669,[],[],['8486'],1,0
21.7612,113.1219,7.474905538304045,0.8689655172413793,,11,6,11.119492,5.5597460000000005,[],[],['8486'],1,0
3.425,100.5454,72.42780683634436,2.966566265060242,,53,38,69.73118799999999,54.428172,['8483'],[],['8483'],1,0
-14.0014,-121.449,90.98828790953009,3.0557271541315587,,1189,1268,1489.629625,1560.7125,[],['63203'],[],1,0
-45.7269,-60.649,7.786263456049568,0.4440000015497207,,391,387,409.137469,405.462969,[],['63203'],[],1,1
70.9644,43.8722,93.08422986287664,3.0425806347400903,,245,261,315.983312,296.16825,[],[],['5690'],1,0
20.2526,109.0747,16.61341998325192,3.1363636363636367,,42,41,42.447344,44.526992,[],[],['8486'],1,0
19.5583,108.9353,39.26933909188709,2.851428571428571,,5,3,23.718395,15.684193,['8486'],[],['8486'],1,0
24.4859,118.6068,8.04828885509848,1.7999999999999998,,5,4,3.233312,3.0067060000000003,[],[],['8486'],1,0
20.7854,113.4456,17.82647085088572,3.0290322580645173,,110,105,111.088094,106.127391,[],[],['8486'],1,0
36.6177,123.4234,32.792529704550965,3.4823529411764707,,92,85,86.806953,82.837969,[],[],['8486'],1,0
29.7494,126.7526,11.276510900743668,6.433333333333334,,238,240,296.6885,300.399531,[],[],['21796'],1,0
21.9454,113.3338,19.872578256934972,2.192857142857143,,4,4,1.031562,1.111949,[],[],['8486'],1,0
35.2098,142.561,22.57573814461604,4.220833261807759,,162,169,163.166297,169.617438,[],[],['8487'],1,0
35.2589,140.4393,9.29993702737722,2.471212121212121,,3,4,15.573343,18.434289,['8487'],[],['8487'],1,0
20.9893,-17.5705,12.235911899610542,4.392771083188346,,53,43,57.651637,48.305609,[],[],['8368'],1,0
21.0189,112.3114,2.9005358627981863,1.0818181818181818,,62,58,61.772578,58.534891,[],[],['8486'],1,0
21.7088,112.1831,1.0718824247659202,0.3999999999999999,,4,4,3.81457,3.292565,[],[],['8486'],1,0
20.0251,109.2983,20.891187327634416,3.2125,,3,19,14.76459,28.504014,['8486'],[],['8486'],1,0
-18.5072,171.496,35.75489729583303,3.4887217986292414,,167,183,231.8665,246.1905,[],[],['8313'],1,0
16.8824,42.3361,1.22312349724678,0.455,,7,6,14.010886,13.197381,[],[],['8356'],1,0
19.2933,105.9144,8.525309109070694,1.51488095111258,,9,6,10.441032,10.494588,['8484'],[],['8484'],1,0
21.9937,114.902,9.102114994161512,3.91,,55,57,42.700793,48.454766000000006,['8486'],[],['8486'],1,0
36.6468,123.613,40.847309184223455,3.4413793103448267,,107,98,103.119805,96.699625,[],[],['8486'],1,0
21.5653,112.7979,55.157007986988525,3.3428571428571443,,9,8,12.351158,11.850525,['8486'],[],['8486'],1,0
22.2059,120.3028,13.331790388694571,3.5238095238095237,,21,11,22.580037,12.251968000000002,[],[],['8321'],1,0
29.3399,48.1574,48.63055031128597,2.8319999999999994,,6,7,14.585022,10.226116,['8357'],[],['8357'],1,0
71.1367,22.6487,46.06003179259754,3.650657889923376,,26,36,21.14702,22.635668000000003,[],[],['5686'],1,0
21.7384,114.4166,7.450394299171535,2.4222222222222216,,34,38,33.045512,32.246528999999995,[],[],['8486'],1,0
-45.485,-60.5869,8.448495466445333,0.6358974392597491,,385,387,405.73875,408.491469,[],['63203'],[],1,1
20.6492,112.6571,5.168004487695741,2.6111111111111107,,104,102,106.492367,104.425805,[],[],['8486'],1,0
-5.7867,-132.8822,5.359177391166822,0.8080357142857143,,776,781,801.868062,807.104188,[],['63203'],[],1,1
11.1862,108.9731,5.0599981429274425,3.185714285714286,,17,12,83.507773,77.847648,[],[],['8484'],1,0
38.8789,118.7408,6.688199271974424,1.96,,17,11,2.597562,2.5953690000000003,['8486'],[],['8486'],1,0
30.2194,125.4757,3.6460162153728017,1.2461538461538464,,245,247,229.185438,230.769125,[],[],['8486'],1,0
38.4992,123.1972,3.826108871469476,2.141935472526858,,60,58,58.933312,56.769027,[],[],['8486'],1,0
13.3877,109.5409,4.499305272250358,3.5166666666666666,,23,23,54.413949,50.841301,['8484'],[],['8484'],1,0
39.9276,-69.8984,376.798234284012,3.7574468007394897,,155,171,159.705391,179.58275,[],[],['8456'],1,0
13.3184,100.4625,32.80179628959394,2.9923076923076923,,23,19,25.501801,4.327787,[],[],['8332'],1,0
17.505,108.1607,10.2625190138993,4.6,,92,98,127.4035,122.672305,[],[],['8484'],1,0
22.3756,115.0524,1.3872943624951142,3.2181818181818183,,26,26,26.29658,26.565664,[],[],['8486'],1,0
38.903,118.8898,3.9690669777424032,2.5375,,20,18,14.713307,13.82471,[],[],['8486'],1,0
34.5193,127.7895,12.241674449740511,2.206766924687794,,0,2,0.0,2.881522,[],[],['8327'],1,0
40.4473,-73.6024,2.6675452628477188,2.6749999905625987,,16,15,3.335848,3.441446,['8456'],[],['8456'],1,0
21.5626,112.7173,2.26725597431386,0.5906976744186047,,5,3,6.929381,4.555043,[],[],['8486'],1,0
21.6195,112.8249,9.55857245385222,3.4555555555555557,,0,2,5.287737,4.566342,[],[],['8486'],1,0
22.6062,113.6921,20.14327013032625,2.2914285714285723,,9,8,0.0,0.0,[],[],['8486'],1,0
-11.5454,-169.0296,71.95024860230191,2.3560606060606064,,198,257,332.9735,371.106594,[],[],['8444'],1,0
21.5094,112.6894,56.94323523962466,2.979577464788731,,16,5,15.731376,4.905057,['8486'],[],['8486'],1,0
5.6256,81.524,13.24931763540548,2.783333333333333,,70,66,72.3875,72.93001600000001,[],[],['8346'],1,0
20.6761,112.9362,32.15941735700877,3.3731707317073174,,108,95,110.087867,96.340742,[],[],['8486'],1,0
29.9001,126.2559,10.43926257622304,5.3,,288,291,312.972969,310.817062,[],[],['8487'],1,0
44.6165,-124.3021,3.057449722400384,2.4333333406183453,,18,18,19.81952,19.783189,['8456'],[],['8456'],1,0
-10.7286,173.5885,9.978319700530596,8.01290322888282,,416,416,663.296438,655.971312,[],['63203'],[],1,0
-45.3046,-60.2943,12.245267501548508,1.7333332697550456,,390,389,425.623562,429.046812,[],['63203'],[],1,1
9.6719,-76.0428,11.075613120061266,2.6953125260770325,,24,18,26.740422,26.569139,['8426'],[],['8426'],1,0
26.9161,120.3279,2.363621061649903,1.4708333333333332,,3,2,3.335848,2.434859,[],[],['8486'],1,0
21.4168,111.489,1.4015663909310994,1.0833333333333337,,9,8,9.851142,12.141674,[],[],['8486'],1,0
19.2846,105.9158,12.423341545346087,1.9409090890295115,,9,6,9.213799000000002,10.494588,['8484'],[],['8484'],1,0
36.3259,124.3781,16.512518556655436,2.376,,116,109,146.105344,146.572641,[],[],['8327'],1,0
51.8548,155.8493,1.4416975977494422,1.4190476281302316,,44,44,56.800359,57.564641,[],[],['5690'],1,0
34.1527,122.7405,33.34030113349138,4.161290322580644,,204,213,171.315875,188.712875,[],[],['8486'],1,0
33.5168,122.5152,1.3815072824715704,2.128571428571429,,161,163,131.949984,133.39625,[],[],['8486'],1,0
22.0949,114.053,20.63967855833197,3.983333333333333,,0,4,0.0,1.515594,[],[],['8486'],1,0
34.7374,123.4054,24.79068043392418,4.907407407407408,,174,155,175.57690599999998,156.596125,[],[],['8327'],1,0
12.7207,109.7525,2.2515766288473387,1.3285714285714283,,32,32,57.054977,57.561105000000005,[],[],['8484'],1,0
19.35,107.1283,1.683594195925287,2.0142857142857142,,107,106,137.445125,137.44542199999998,[],[],['8484'],1,0
7.546,103.521,10.94986367377266,2.625,,175,168,211.667094,221.037266,[],[],['8484'],1,0
7.5503,103.5239,10.77749064011294,2.5250000000000004,,176,167,212.239578,222.566859,[],[],['8484'],1,0
21.1741,110.7474,2.8133132781316004,1.6636363636363636,,13,14,11.167767,12.406107,[],[],['8486'],1,0
21.5973,112.2712,53.36289759926971,2.4221153846153847,,6,8,5.628381999999999,11.354389,[],[],['8486'],1,0
11.3314,109.1512,212.536989025104,3.4275362318840585,,39,12,105.208578,38.275453,[],[],['8484'],1,0
14.4411,109.5171,9.20156496292886,2.4375,,37,42,74.425297,83.10319500000001,[],[],['8484'],1,0
30.1924,124.5675,12.820318269954042,4.883333333333334,,159,163,147.954672,150.56317199999998,[],[],['8486'],1,0
25.0914,119.3713,7.721076058061447,3.375862068965517,,5,3,14.926071,14.370422,[],[],['8486'],1,0
20.7879,112.8351,22.192187222835813,2.859374988824129,,92,83,94.793953,84.666914,[],[],['8486'],1,0
3.6894,167.9131,4.684470207819202,1.5358974349804415,,133,129,480.05825,484.642156,[],[],['8318'],1,0
29.4301,127.2329,17.474159872627975,2.7353846153846164,,182,182,239.698984,241.040656,[],[],['21796'],1,0
22.7014,115.6958,16.594265427039563,1.9882352941176475,,11,10,12.509059,9.079617,[],[],['8486'],1,0
19.1883,107.9088,11.425192903809906,2.5545454545454542,,77,72,70.693438,65.726641,[],[],['8486'],1,0
7.8846,107.0417,16.64159110392087,2.7857143183549247,,92,97,261.36575,260.279516,[],[],['8484'],1,0
5.5413,-153.4429,1.5422716858253904,0.8186666715145111,,582,582,595.76525,596.60025,[],['63203'],[],1,0
24.0649,117.9749,5.592066976719567,2.419047619047619,,8,8,8.895595,7.849543,[],[],['8486'],1,0
23.7793,120.1739,2.4233653807768567,2.3631579013247235,,2,1,0.0,0.0,[],[],['8321'],1,0
22.0799,114.1909,44.60031088908467,3.159793814432991,,1,5,3.808757,2.223899,[],[],['8486'],1,0
30.0835,126.2211,5.815455184428928,3.1333333333333333,,295,290,301.316656,304.22490600000003,[],[],['8487'],1,0
21.7343,113.0942,4.491153643834903,3.23,,13,11,9.340551,11.119492,[],[],['8486'],1,0
34.9826,128.6516,9.07915688675569,1.973170730580644,,0,0,0.0,1.111949,[],[],['8327'],1,0
33.5274,123.4476,24.29032484988509,4.011904761904762,,167,158,169.893859,161.079188,[],[],['8327'],1,0
-45.5392,-60.6275,7.544623310603136,0.5821428583668812,,387,382,407.208469,403.259656,[],['63203'],[],1,1
21.719,111.9747,4.050543353199289,2.007142857142857,,4,4,5.5597460000000005,6.671696,[],[],['8486'],1,0
21.721,112.9428,9.234906269909573,1.041025641025641,,9,10,9.80806,8.324478,[],[],['8486'],1,0
21.4027,111.3054,9.24097230055899,2.5200000000000005,,5,5,3.038585,2.070432,[],[],['8486'],1,0
13.1588,100.7208,26.70136886116933,2.27112676056338,,11,9,6.209073,5.507237,[],[],['8332'],1,0
20.9148,112.4445,15.232771355619642,3.785714285714286,,76,73,76.260523,72.284133,[],[],['8486'],1,0
35.4429,122.0372,29.52724502313849,3.3780487804878057,,121,111,105.209148,95.863805,[],[],['8486'],1,0
22.2134,120.5613,12.021131182514653,5.333333333333334,,15,5,20.525898,23.811885,[],[],['8321'],1,0
22.3022,113.7382,5.120233893908953,2.2545454545454544,,11,12,1.111949,3.029741,[],[],['8486'],1,0
35.9846,120.3765,9.653685785587705,2.085483870967742,,6,7,0.0,0.8997,[],[],['8486'],1,0
22.8143,115.5861,5.55837839062326,2.011111111111111,,2,3,4.564424,7.34641,[],[],['8486'],1,0
19.415,105.8456,11.25707962778628,2.427419354838709,,2,6,7.783645000000001,13.755402,['8484'],[],['8484'],1,0
21.5751,112.281,26.706048679197615,2.448717948717949,,5,11,5.289132,14.496556,[],[],['8486'],1,0
28.3056,130.0537,2.9853271351545145,1.7040816326530612,,5,7,5.925676,7.620619,['8487'],[],['8487'],1,0
4.5829,98.6797,33.64299273754645,2.433783783783784,,40,53,60.417074,76.140484,[],[],['8492'],1,0
33.3406,175.6815,2.9965737899503853,3.1333333333333333,,794,793,2150.45725,2148.686,[],['63203'],[],1,0
-24.333,58.2667,48.069496064965584,6.169387755102042,,425,409,445.560469,430.713719,[],['63203'],[],1,0
21.3841,111.474,4.532787086673821,1.416666666666667,,11,12,6.1592340000000005,8.930684,[],[],['8486'],1,0
19.3342,107.1983,3.1894114603652803,0.809090909090909,,104,103,143.651875,143.832547,[],[],['8486'],1,0
12.5762,100.7433,59.3513320913121,2.3958115183246083,,28,2,26.993686,4.578142,['8332'],[],['8332'],1,0
21.034,110.6901,4.766051229305586,2.275,,11,13,2.454137,1.111949,[],[],['8486'],1,0
-45.2721,-60.3235,14.496081835797968,3.942105228440804,,387,384,421.629156,428.578406,[],['63203'],[],1,1
22.402,120.3401,2.519342278162553,2.2125000000000004,,6,5,2.223899,3.028638,[],[],['8321'],1,0
-45.9137,-60.6535,7.0295623826223705,0.7222222222222223,,393,397,408.416688,413.257875,[],['63203'],[],1,1
34.2117,122.8885,21.314524000102782,8.67142857142857,,210,193,184.021469,198.412984,[],[],['8486'],1,0
-13.6296,-118.3588,1.990828228235032,1.122580674386793,,1395,1396,1765.5565,1764.466125,[],['63203'],[],1,0
20.2846,107.2948,13.436572288605069,2.7666666507720947,,46,46,60.958805,50.58043,[],[],['8484'],1,0
37.9347,120.8294,3.2189651410326814,1.158181818181818,,6,7,5.713002,4.384722,['8486'],[],['8486'],1,0
35.9836,120.3798,12.936883577458463,2.5428571428571427,,6,7,0.0,0.8997,[],[],['8486'],1,0
38.6149,119.6135,10.661781288181084,1.1815789472115663,,80,79,43.680039,39.67077,[],[],['8486'],1,0
22.7602,120.1285,12.410461037041234,3.838888888888889,,10,3,10.572596,3.074969,[],[],['8321'],1,0
26.3367,120.051,7.7560554452452735,2.092857142857142,,7,9,9.652432,7.062104000000001,[],[],['8486'],1,0
-15.3936,63.3609,86.05546750430965,6.2270270270270265,,428,458,452.741844,492.611781,[],['63203'],[],1,0
24.0854,117.9905,2.770597391915227,3.880952355407533,,8,8,6.973662999999999,5.918692,[],[],['8486'],1,0
34.7297,128.291,2.9062545474703634,2.0857142857142854,,2,3,10.007544,9.241366,[],[],['8327'],1,0
32.8507,123.3296,4.913736917596591,3.2052631578947364,,173,178,155.89367199999998,160.544688,[],[],['8486'],1,0
20.657,113.6929,5.458642345130084,3.615384542025053,,134,133,130.49998399999998,128.8215,[],[],['8486'],1,0
21.6005,112.2661,50.71661828935736,2.3494999999999995,,6,9,5.628381999999999,10.843146,[],[],['8486'],1,0
36.5967,124.2939,10.006933313817242,1.7687500000000005,,114,113,146.263141,136.375438,[],[],['8327'],1,0
20.8846,112.3503,10.05321747243891,2.5909091234207158,,77,75,77.19480499999999,75.051445,[],[],['8486'],1,0
29.6318,126.234,3.74497845072306,2.63,,276,276,319.903406,320.3995,[],[],['8487'],1,0
20.8867,113.111,110.52146120388696,3.531999992465973,,85,100,86.245375,97.235,[],[],['8486'],1,0
20.8895,112.3871,10.6530224951725,3.02,,77,76,77.638977,76.065719,[],[],['8486'],1,0
29.2108,126.4748,8.25930382743463,6.5,,225,228,293.531375,293.840469,[],[],['8487'],1,0
-21.8769,-179.9561,43.520675509276174,3.282173911929131,,194,168,213.751625,235.863391,[],[],['8325'],1,0
-5.8396,-130.7727,100.88268456701624,3.248580440051546,,934,1013,956.8845,1035.799188,[],['63203'],[],1,0
34.4761,122.6622,85.17389999685544,4.529292929292928,,200,185,181.171547,186.531125,[],[],"['8486', '8327']",1,0
36.6136,123.4074,41.04710195659232,3.912,,91,83,86.266859,81.391344,[],[],['8486'],1,0
-7.5251,-79.7736,14.743487371083209,0.9789473691156938,,28,14,31.655148,18.842699,['8432'],[],['8432'],1,0
21.915,114.0287,4.621664658012475,4.699999999999999,,1,3,5.305903,2.451407,[],[],['8486'],1,0
35.3789,121.7078,52.76515631792793,3.046846846846845,,117,88,96.818336,73.86325,[],[],['8486'],1,0
44.2191,-124.388,5.587693235188368,3.2833333253860477,,21,21,52.840809,47.882918,['8456'],[],['8456'],1,0
20.582,112.8045,20.942983459912096,6.168749999999999,,115,107,118.584633,109.049992,[],[],['8486'],1,0
59.7654,-1.921,83.50009393075125,3.4355108850390668,,34,19,36.660141,24.110754,['5696'],[],['5696'],1,0
2.5321,-158.6759,5.860741650959128,4.800000001702991,,143,139,145.911453,141.718797,[],[],['8441'],1,0
29.4714,125.8546,13.831408294218384,0.761111111111111,,291,292,289.552625,291.631406,[],[],['8487'],1,0
10.2275,107.3485,3.7725361546703824,1.6444444444444446,,20,20,30.414906,31.210594,[],[],['8484'],1,0
32.6338,127.021,13.019569330549126,2.594444444444444,,81,75,83.131188,77.99092200000001,[],[],['8327'],1,0
21.7399,112.8998,8.477228996229837,1.1538461538461535,,4,6,6.364746,4.552408000000001,[],[],['8486'],1,0
19.2305,105.8177,5.222843078343882,1.74,,4,4,7.854105,6.671696,['8484'],[],['8484'],1,0
37.2927,122.7084,9.551995550947034,8.1,,9,6,1.111949,2.088596,['8486'],[],['8486'],1,0
20.6541,107.0784,2.826357687335252,7.0500000317891445,,7,6,8.385974000000001,7.365481,['8484'],[],['8484'],1,0
20.5885,112.8506,11.775665339881511,2.445454545454545,,114,107,116.759281,110.087867,[],[],['8486'],1,0
24.5634,118.511,44.09839799433812,2.921359223300969,,5,2,0.0,1.111949,[],[],['8486'],1,0
38.033,120.0524,3.604176726443017,6.380000000000001,,41,39,19.770664,23.196785,[],[],['8486'],1,0
-5.21,-167.197,243.97354840972503,6.117321998181806,,395,431,1004.304,1040.342875,[],['63203'],[],1,0
34.6496,124.062,7.7098760181449535,3.7375,,102,101,103.591977,102.412648,[],[],['8327'],1,0
29.8462,48.7445,5.709776933266009,0.5755208348079275,,18,14,2.226665,5.892724,['8469'],[],"['8469', '64460']",1,0
23.3681,117.478,6.429524580451868,4.058064516129034,,23,26,15.978618,22.274127,['8486'],[],['8486'],1,0
4.3836,100.0106,80.0977438543081,2.997115394172185,,70,53,67.86335199999999,57.158402,[],[],['8483'],1,0
22.5749,114.654,5.913953948190274,2.5416666666666665,,1,2,2.223899,1.026712,[],[],['8486'],1,0
17.5053,108.1505,7.866406300980043,2.659090909090909,,93,96,127.514508,123.04882,[],[],['8484'],1,0
21.4107,111.5034,3.841442770841047,2.6700000000000004,,10,10,9.976503,13.199889,[],[],['8486'],1,0
17.2748,107.7172,2.6721999960603027,0.6392857142857145,,41,43,109.6085,110.356391,[],[],['8484'],1,0
46.4836,-3.785,9.647278908043267,2.414285710879734,,99,100,98.489258,100.271047,[],[],['5677'],1,0
35.0213,123.5257,3.683875747925288,2.85,,156,155,157.394875,156.387109,[],[],['8327'],1,0
21.5619,112.2944,51.308103911980126,2.526993865030676,,6,12,6.303956,15.143986,[],[],['8486'],1,0
35.1756,121.8201,62.36598217615144,3.63560606060606,,132,109,111.527492,92.020211,[],[],['8486'],1,0
33.0151,123.9618,30.96164798235901,2.443333333333333,,162,153,162.448375,153.856594,[],[],['8327'],1,0
3.8727,-153.5135,2.4737347570707664,1.1093023280764738,,467,470,485.942781,488.959344,[],['63203'],[],1,0
20.7582,112.7814,19.57008201232789,2.835714285714285,,93,85,96.72318,87.899023,[],[],['8486'],1,0
21.5444,108.7635,30.994694293870797,2.018181818181818,,8,7,6.930573000000001,11.453646,['8486'],[],['8486'],1,0
21.4673,111.9989,19.60246547367368,3.935,,13,13,5.174307,10.477694,[],[],['8486'],1,0
34.7024,123.4823,5.49000144643368,2.533333333333333,,155,155,156.355609,156.446734,[],[],['8327'],1,0
34.7432,123.6297,0.8836104186223817,1.312500011175871,,142,142,142.749766,142.79745300000002,[],[],['8327'],1,0
35.0054,123.7931,20.316596845231995,7.611111111111112,,132,129,133.487266,130.450133,[],[],['8327'],1,0
34.7299,123.4529,16.982606704764496,4.31904761904762,,160,155,160.927062,155.750188,[],[],['8327'],1,0
36.4556,122.6293,19.93540759205052,2.5487179487179485,,51,47,44.464574,35.388969,[],[],['8486'],1,0
21.7615,113.1326,7.485479434709199,0.9431818181818182,,11,4,11.119492,4.566017,[],[],['8486'],1,0
-6.2438,112.3981,3.496327069683709,4.085714285714285,,49,47,53.568941,50.841867,[],[],['8492'],1,0
35.0382,129.09,3.3257651841874094,1.9164556921282896,,3,3,0.910521,0.91041,['8327'],[],['8327'],1,0
21.713,112.0429,18.97857269159268,3.507894736842105,,3,5,2.452257,9.836816,[],[],['8486'],1,0
23.3681,117.4745,6.525467965919688,3.75,,23,25,15.978618,21.341947,['8486'],[],['8486'],1,0
30.1381,-88.0985,16.45920766711977,2.221782178217822,,10,7,6.264105,7.783645000000001,['8456'],[],['8456'],1,0
38.7256,122.2604,45.583023085969046,2.69214659685864,,39,41,22.035002,23.924338,[],[],['8486'],1,0
-46.013,-75.4821,21.25536636252605,3.2682692385636845,,34,29,78.55296899999999,70.95805499999999,['8465'],[],['8465'],1,0
29.9123,126.3261,15.8443775077192,6.225,,282,287,319.724438,316.026656,[],[],['8487'],1,0
21.4229,111.353,5.647932575989097,3.25,,6,7,4.140864,6.596216999999999,[],[],['8486'],1,0
32.8304,123.3097,14.805336312421858,3.7297297297297303,,167,180,149.642484,162.260016,[],[],['8486'],1,0
34.5217,122.845,17.005389423029264,3.657142857142857,,217,210,202.436734,212.734859,[],[],['8486'],1,0
26.6042,120.2958,13.108433831099488,3.6,,10,4,8.949457,2.2777570000000003,[],[],['8486'],1,0
72.2972,-56.4555,26.766624733307392,2.4141463435641137,,18,16,61.237043,51.934945,['8438'],[],['8438'],1,0
30.0503,126.166,7.167230495383732,2.871428571428571,,302,295,296.908375,301.316656,[],[],"['8487', '8486']",1,0
6.8484,167.4063,16.33690204312059,3.0471074472158417,,139,133,214.760094,210.544484,[],[],['8318'],1,0
29.0957,-89.7073,4.26267360032432,2.716666666666667,,22,18,6.277407,2.426797,['8456'],[],['8456'],1,0
31.173,123.897,6.696270326690165,3.3,,111,115,83.421578,87.917344,[],[],['8486'],1,0
10.4782,103.5052,7.9886081001427005,1.259322043192589,,6,4,18.903137,16.821904,[],[],['8331'],1,0
51.7291,155.6751,8.368239512286765,3.765714304787773,,59,51,62.125266,54.681031,[],[],['5690'],1,0
8.0578,107.0411,13.99913179722408,3.291304347826088,,82,72,247.964688,234.623859,[],[],['8484'],1,0
26.478,119.9684,2.602110092092817,3.647058823529412,,5,5,0.0,0.0,[],[],['8486'],1,0
20.7002,113.6058,2.457652215132032,2.14,,124,125,121.992008,122.466578,[],[],['8486'],1,0
34.6852,128.7529,4.791548454320677,4.542857127530235,,9,11,10.376316,10.956853,[],[],['8327'],1,0
32.3533,-175.2726,3.13494352769993,3.899999966439993,,499,501,1919.19625,1920.37575,[],['63203'],[],1,0
5.9389,84.7339,21.10887580534442,4.707142857142857,,334,337,399.163406,405.053125,[],[],['8346'],1,0
46.8188,-5.0517,9.782880086546427,1.4376068361676655,,122,120,122.495984,120.103562,[],[],['5677'],1,0
22.1874,115.5524,54.31867507169228,3.672033898305085,,73,49,71.65682000000001,48.05073,[],[],['8486'],1,0
14.4439,109.4345,13.911668337489086,2.6999999999999997,,28,35,69.484117,83.71757000000001,['8484'],[],['8484'],1,0
21.4467,111.476,5.775319888850047,1.65,,5,5,11.778753,13.865046,[],[],['8486'],1,0
-13.698,-118.9056,2.678233539336336,1.147500023245811,,1361,1362,1721.765625,1723.89725,[],['63203'],[],1,0
3.3285,113.0141,12.39389886482199,0.7101610904584881,,8,7,8.964596,9.942281,['8483'],[],['8483'],1,0
34.762,128.1577,10.817168347141664,2.226666666666666,,5,4,9.349413,12.293285,[],[],['8327'],1,0
52.4884,154.8796,45.03549832932339,3.993076912256387,,102,86,77.426344,62.876117,[],[],['5690'],1,0
31.5962,126.4355,3.007920204122844,2.5,,177,174,182.033828,178.803594,[],[],['8327'],1,0
19.017,-16.7281,6.681272564056682,3.3464285518441885,,40,37,128.992156,134.852531,[],[],['8369'],1,0
10.305,107.0859,2.6872681494860324,4.2,,3,3,4.580354000000001,4.679561,[],[],['8484'],1,0
21.1124,114.922,71.23309141869234,3.679310346471852,,122,117,115.495172,104.504492,[],[],['8486'],1,0
21.5143,112.8373,16.940257017627072,3.752631578947368,,12,4,15.873512,3.924827,['8486'],[],['8486'],1,0
21.6228,112.1536,11.902055764669456,2.3344444444444443,,2,3,2.347562,3.816142,[],[],['8486'],1,0
5.8398,80.5324,5.095259299199185,1.1055555555555556,,11,9,14.475987,16.482428,['8346'],[],['8346'],1,0
20.3515,107.1702,25.716685744274745,1.7156250000000002,,45,38,41.688727,39.288582000000005,[],[],['8484'],1,0
24.0691,117.9778,1.597485835982961,4.205882352941176,,7,8,7.783645000000001,7.849543,[],[],['8486'],1,0
33.6955,123.5142,19.01583354116169,2.45,,152,138,155.721656,142.059719,[],[],['8327'],1,0
18.8743,105.8139,33.25760201407086,2.756774193548387,,0,15,10.718274,17.595676,['8484'],[],['8484'],1,0
10.4674,103.5002,3.041139083795024,1.3038461538461543,,8,5,20.044916,18.934717,[],[],['8331'],1,0
20.3538,-25.2825,66.279007689541,4.369037665831994,,345,354,368.151656,377.30675,[],[],['8362'],1,0
20.4863,109.8163,5.19017432079284,1.9214285714285717,,5,3,8.057507,6.671696,['8486'],[],['8486'],1,0
15.4772,108.8495,4.779470256571527,2.9894736842105267,,5,8,6.422573000000001,10.039774,[],[],['8484'],1,0
-23.5388,13.419,36.99175570925484,3.291698129671925,,104,107,131.367156,121.250891,[],[],['8395'],1,0
33.031,125.4193,32.0769251694217,5.542857153075081,,86,70,88.27743,76.60433599999999,[],[],['8327'],1,0
16.8356,-21.4533,24.50795467022004,4.096551716738736,,159,141,165.994859,146.64434400000002,[],[],['8362'],1,0
21.5172,114.0051,127.33698997925326,3.340845070422536,,57,28,54.661336000000006,31.870266,['8486'],[],['8486'],1,0
-34.5404,18.1144,64.67184359429673,3.7530054644808737,,55,22,65.463594,31.969736,[],[],['8396'],1,0
10.4418,108.9438,6.920039657079793,3.1662162162162164,,7,4,163.008969,160.353812,[],[],['8484'],1,0
27.5149,125.6026,2.9295730472468158,2.3800000000000003,,169,167,229.668547,228.083594,[],[],['8487'],1,0
5.8691,81.0356,3.2894598400422668,3.6666666666666665,,25,26,29.172553,28.343307,[],[],['8346'],1,0
34.6691,123.7804,2.540613488341308,4.0285714285714285,,128,128,128.95796099999998,128.942398,[],[],['8327'],1,0
39.0505,9.3894,83.1935273630723,4.785393278250532,,17,4,19.710311,6.899997999999999,['5682'],[],['5682'],1,0
20.3465,108.5549,11.546758201124142,3.068421052631579,,85,87,54.606594,47.241262,[],[],['8486'],1,0
-11.5835,-109.2584,104.1537541520324,4.277734371251421,,1675,1762,1684.606125,1771.471375,[],['63203'],[],1,0
20.9832,-17.5398,16.711227659050568,4.474528314932341,,49,40,53.38959,45.298582,[],[],['8368'],1,0
28.9522,-89.9446,159.37834370850953,2.929007633587786,,31,25,5.353479,10.007544,['8456'],[],['8456'],1,0
34.4664,127.7992,16.340244245590995,3.39999999052712,,0,1,1.441215,1.441076,[],[],['8327'],1,0
21.4734,109.0199,7.522968154594451,4.299999999999999,,4,3,3.819095,1.518833,['8486'],[],['8486'],1,0
21.5773,112.2688,24.69415051394889,2.7230769230769227,,5,11,5.289132,13.856201,[],[],['8486'],1,0
35.9845,120.3759,11.779485324864682,2.509302325581395,,6,7,0.0,0.8997,[],[],['8486'],1,0
34.4466,127.7067,7.862471550321642,3.627272727272728,,7,4,9.171553,6.386082,[],[],['8327'],1,0
-44.939,-59.9544,25.254873560444924,3.7647058648221625,,391,375,451.784688,437.941188,[],['63203'],[],1,1
10.0053,107.2249,11.363595912340852,2.7777777777777777,,36,40,27.265758,33.568785000000005,[],[],['8484'],1,0
19.1342,107.9102,5.975112034588533,3.757142857142857,,76,70,69.346914,64.12176600000001,[],[],['8486'],1,0
20.2351,113.8736,17.11636866351762,2.6,,184,177,182.618688,178.732312,[],[],['8486'],1,0
22.4862,114.6562,2.800673513119044,2.135,,1,4,4.542127000000001,4.257447,[],[],['8486'],1,0
24.0578,118.0172,6.556360407414037,4.203448275862068,,10,12,10.460599,9.291933,[],[],['8486'],1,0
21.4586,111.8422,67.12876848202112,3.5333333333333323,,12,14,11.26599,14.492288,[],[],['8486'],1,0
24.1354,117.9606,2.7555029371812942,2.2095238055501665,,3,2,1.5053720000000002,1.014708,[],[],['8486'],1,0
-19.5183,-127.2084,28.52037586590749,8.15,,538,548,678.089625,691.558625,[],['63203'],[],1,0
21.4174,112.7292,58.35040470733909,2.947208121827413,,23,14,22.238984,17.462719,['8486'],[],['8486'],1,0
35.6785,121.392,18.11842089806073,1.7866242038216562,,53,51,39.232027,40.347383,[],[],['8486'],1,0
5.6284,4.9167,12.353000213968826,2.581481481481481,,24,17,9.494979,8.092104,['8474'],[],['8474'],1,0
10.5865,108.9096,4.664766112078283,2.9457142857142857,,4,7,149.28831200000002,144.716047,[],[],['8484'],1,0
22.5255,120.3029,3.791923337593237,3.842857142857143,,4,0,0.0,1.02701,[],[],['8321'],1,0
38.7345,122.2264,22.758119665678493,2.7600000000000007,,37,40,20.127799,22.567711,[],[],['8486'],1,0
30.3198,125.4536,10.87557637832951,2.6625,,241,249,223.816297,231.331156,[],[],['8486'],1,0
32.5679,126.9735,13.9264217516746,2.841176470588235,,87,79,88.22045299999999,81.202766,[],[],['8327'],1,0
21.4338,114.0832,27.329246061897173,3.21896551724138,,51,50,61.157211,59.294637,[],[],['8486'],1,0
20.5198,113.787,10.780945722514284,1.8346153846153843,,150,146,147.673859,144.849484,[],[],['8486'],1,0
38.0693,120.0658,19.152170103546315,4.371428571428573,,42,45,20.25917,22.865449,[],[],['8486'],1,0
20.761,112.7873,20.07731965638284,2.768181818181818,,93,85,96.72318,87.899023,[],[],['8486'],1,0
11.216,108.9237,35.25429179442606,2.8636363636363638,,11,9,85.620398,75.181969,[],[],['8484'],1,0
35.3682,124.1297,61.62983968355214,2.781651376146787,,116,126,117.320055,128.027906,[],[],['8327'],1,0
-2.1855,-108.238,11.094274845849988,1.3181818215684458,,1394,1387,1857.303625,1852.264375,[],['63203'],[],1,0
29.8857,126.2704,11.390647557777356,5.699999968210856,,286,290,314.607344,312.660594,[],[],['8487'],1,0
12.7744,-17.3664,28.89589461050488,3.747619072596232,,65,60,118.198961,104.287383,[],[],['8371'],1,0
17.4491,108.1145,10.647417148125657,2.437931034482758,,86,91,119.363391,128.45094500000002,[],[],['8484'],1,0
14.4189,109.5262,11.998099696250543,2.5153846153846158,,38,42,71.213883,82.45160899999999,[],[],['8484'],1,0
29.307,126.0131,11.277895939205406,2.2411764705882358,,267,270,312.51790600000004,311.3075,[],[],['8487'],1,0
19.1948,107.9601,19.02917640819838,3.7107142857142863,,75,59,68.505133,53.45125,[],[],['8486'],1,0
7.4604,103.6049,7.5336364499582,2.466666658719381,,175,168,210.229594,217.043906,[],[],['8484'],1,0
20.1192,111.8022,2.8134873748840232,2.814285714285714,,57,59,118.025516,119.02,[],[],['8486'],1,0
30.9558,124.7082,61.27709075164504,4.083333333333332,,155,212,129.20857,183.215328,[],[],['8486'],1,0
8.5331,82.1322,6.748605505121541,1.227272727272727,,80,85,93.998273,98.085648,[],[],['8346'],1,0
38.9835,118.0633,14.797850418496417,1.521212121212121,,17,13,0.0,2.385935,['8486'],[],['8486'],1,0
13.4067,-173.855,42.10910848510874,8.927272727272728,,608,570,1742.302375,1782.743875,[],['63203'],[],1,0
26.6159,120.2712,9.912833928239598,2.291666666666667,,9,5,8.319899,5.092625,[],[],['8486'],1,0
34.9197,121.7789,42.90946223837467,3.7243902439024383,,133,146,112.389391,126.549148,[],[],['8486'],1,0
3.8892,100.6478,20.106989792228635,2.548387096774193,,10,4,32.265602,26.169268,[],[],['8483'],1,0
13.3158,100.7922,24.94072558417453,2.1347826086956525,,9,11,7.005159,15.308396,[],[],['8332'],1,0
70.1498,17.1729,4.580056780237293,3.5999999344348907,,50,50,58.647266,59.596934000000005,[],[],['5686'],1,0
9.5823,106.5971,2.160512418279794,3.1000000000000005,,6,6,86.269406,85.676281,[],[],['8484'],1,0
21.3157,108.7653,22.125158608915275,2.6894736842105265,,36,30,9.813228,8.505169,[],[],['8486'],1,0
34.757,128.108,2.992502938331826,1.7666666666666666,,4,4,5.657158000000001,7.05975,[],[],['8327'],1,0
21.4249,111.0927,0.8918240307558235,1.2555555555555555,,5,4,2.453038,2.34982,[],[],['8486'],1,0
37.0585,122.9748,24.95933307380429,3.4333333313465118,,35,33,34.909016,29.885373,[],[],['8486'],1,0
20.0429,111.9625,10.873587107320311,2.488888888888889,,69,76,125.064312,133.945406,[],[],['8486'],1,0
10.156,-14.735,9.968328301736111,4.220370363306115,,34,29,25.946707,16.894886999999997,[],[],['8472'],1,0
60.2192,-2.8632,1.2158315308991214,1.4863636392084036,,42,42,55.305133000000005,55.128188,[],[],['5696'],1,0
22.8904,116.256,20.49173453285776,3.451851851851852,,5,6,7.907942999999999,4.661617000000001,[],[],['8486'],1,0
21.5449,114.4794,28.509833198662864,3.344444444444444,,54,63,60.92685899999999,54.810277,[],[],['8486'],1,0
75.0315,38.473,12.148033910332584,2.463768105576004,,399,401,548.452312,552.408812,[],['63203'],[],1,0
35.2232,123.5448,6.127805958958165,3.1357142857142857,,161,159,162.372969,160.222859,[],[],['8327'],1,0
35.0608,123.8958,62.02179626229626,2.974666666666668,,128,128,129.273312,128.468188,[],[],['8327'],1,0
34.5979,122.7402,29.53405749755252,3.990909090909091,,217,217,198.07425,206.073031,[],[],['8486'],1,0
34.8942,123.8423,10.416032068996389,1.8333333333333333,,123,124,124.60075,125.002734,[],[],['8327'],1,0
14.8383,87.5996,14.158414511246542,3.2470588235294118,,534,536,541.984812,544.721625,[],['63203'],[],1,1
-27.55,56.1698,45.66870079205784,5.77121952423235,,698,674,705.028812,681.139312,[],['63203'],[],1,0
34.324,124.0128,3.3387127797290788,3.0032258064516126,,101,101,107.006422,107.060594,[],[],['8327'],1,0
24.415,118.1136,0.5681036062435821,0.8375000000000001,,1,1,0.0,1.012474,[],[],['8486'],1,0
35.3242,121.6807,61.75385861069131,3.46439393939394,,111,102,90.681086,86.749883,[],[],['8486'],1,0
20.9795,109.1871,6.856579883359585,2.5444444444444443,,6,8,7.066165,8.379138999999999,['8486'],[],['8486'],1,0
34.7509,128.1143,22.923783784296948,2.0809523809523816,,4,5,5.081713,9.183642,[],[],['8327'],1,0
15.6394,-29.1262,5.437455361216244,4.25555553259673,,433,428,462.369,457.82675,[],['63203'],[],1,0
-45.4345,-60.5531,1.6967384899792652,0.576530621368058,,386,386,408.346469,408.978562,[],['63203'],[],1,1
10.4098,108.7124,14.994071117176976,3.7420289855072464,,33,24,166.298938,169.465531,[],[],['8484'],1,0
31.0927,127.2335,4.125344370500099,4.764705882352941,,147,144,212.538109,211.236453,[],[],['21796'],1,0
10.2905,106.9473,25.439542622092475,3.046917809015269,,12,11,7.658697,4.908907,[],[],['8484'],1,0
36.1179,140.7005,5.11443708122757,1.561904761904762,,8,9,8.940896,12.775211,['8487'],[],['8487'],1,0
35.514,121.9476,59.49099676833241,3.5922480620155044,,109,109,93.192008,92.133703,[],[],['8486'],1,0
26.5096,120.1891,17.414588097977767,3.257333333333333,,6,4,5.971248999999999,6.0716,[],[],['8486'],1,0
31.2925,124.8595,12.057048764143367,2.729166666666667,,199,207,168.977984,176.926922,[],[],['8486'],1,0
21.8024,113.1311,26.60014264304333,2.6164556962025323,,11,3,7.355772,1.111949,[],[],['8486'],1,0
18.1571,-149.5171,83.66278099020683,2.844128113879003,,552,609,581.8275,638.099375,[],['63203'],[],1,0
9.6748,106.9689,6.655612352923068,2.257142857142857,,36,41,62.882562,61.196422,[],[],['8484'],1,0
25.1192,119.3038,7.580880535006773,2.8937499999999985,,7,4,7.32332,6.037682,[],[],['8486'],1,0
22.8904,116.2561,20.632894287706858,3.413793103448276,,5,6,7.907942999999999,4.661617000000001,[],[],['8486'],1,0
20.5543,113.7187,5.445580602813969,2.5399999946355813,,144,145,140.978984,140.79379699999998,[],[],['8486'],1,0
29.3562,48.1639,29.57036529743155,3.293939393939395,,7,6,13.153526,8.768762,['8357'],[],['8357'],1,0
33.6654,122.5725,3.931557246573712,2.888461538461538,,173,173,142.414,142.731656,[],[],['8486'],1,0
29.9273,126.6098,0.8396999993699876,0.5333333333333333,,261,261,321.939719,321.939719,[],[],['21796'],1,0
-28.7964,114.4575,6.161550117234131,2.681481481481482,,12,11,8.974915000000001,6.282121,['8323'],[],['8323'],1,0
21.9122,113.3076,1.8560377129557697,2.4571428571428573,,3,4,2.223899,1.516781,[],[],['8486'],1,0
8.0474,107.0244,11.901235941082762,2.6500000000000004,,83,73,249.076625,237.957141,[],[],['8484'],1,0
21.6801,115.1231,32.458006554050755,4.490476190476191,,94,97,80.333852,83.794461,[],[],['8486'],1,0
32.8301,123.3134,11.758578088821103,2.9756410299203333,,168,178,150.460812,160.544688,[],[],['8486'],1,0
20.8775,112.8716,6.014545717407587,2.8615384615384607,,80,76,82.28425,77.864039,[],[],['8486'],1,0
22.4057,115.6879,11.871170295391702,3.5,,30,34,28.713469,33.060598,['8486'],[],['8486'],1,0
-10.5801,50.7158,19.965148109872068,3.466666666666667,,74,59,235.174062,249.347578,[],[],['8337'],1,0
20.8996,112.777,26.145177209957584,2.765,,84,67,87.856398,70.12172699999999,[],[],['8486'],1,0
20.787,112.796,20.23275622573517,3.0249999999999995,,90,86,94.371258,88.980102,[],[],['8486'],1,0
15.7652,108.6241,20.079904576559937,2.3947368421052637,,11,14,24.672998,18.907168,[],[],['8484'],1,0
20.7584,112.779,21.84601332365836,2.778787884206483,,93,85,96.72318,87.899023,[],[],['8486'],1,0
32.2442,127.2382,15.386314216682782,2.608,,107,108,129.131695,120.442117,[],[],['21796'],1,0
24.4868,118.5891,5.745970703219942,2.631578947368421,,6,4,2.024144,2.443228,[],[],['8486'],1,0
4.1183,100.2995,44.69423266649502,2.689130434782609,,32,21,27.733332,18.864188,[],[],['8483'],1,0
19.9842,109.3557,7.651741964862043,3.8166666666666655,,6,12,20.96407,26.910758,['8486'],[],['8486'],1,0
20.6281,113.7,6.105291977779507,3.4,,138,136,133.209203,131.68043799999998,[],[],['8486'],1,0
36.3235,124.3725,19.754408675047472,1.9344827586206896,,117,109,145.920625,146.795438,[],[],['8327'],1,0
21.8896,113.3697,5.5368971403793,0.65,,9,8,5.4192290000000005,4.447797,[],[],['8486'],1,0
21.588,112.1422,53.29813143928345,2.6891050583657554,,4,3,2.223899,4.282202,[],[],['8486'],1,0
21.7408,113.1262,1.1500173755508625,1.275,,11,10,11.119492,10.007544,[],[],['8486'],1,0
44.9327,-124.2425,5.470171757124833,2.8777777916855283,,16,16,34.908902000000005,39.347254,['8456'],[],['8456'],1,0
34.5151,121.6897,11.393881133580791,3.7,,129,133,107.979688,112.089789,[],[],['8486'],1,0
17.0966,108.9684,10.757097614953851,2.7769230769230773,,121,128,126.093656,128.575148,[],[],['8484'],1,0
11.6799,109.2192,20.284663532522504,2.9125,,4,2,27.474418,21.827188,[],[],['8484'],1,0
36.4224,124.6237,4.886855263964926,1.4444444709353974,,88,87,125.849805,126.993227,[],[],['8327'],1,0
34.7785,124.087,67.97383148184879,3.713636363636364,,103,107,103.675742,108.016539,[],[],['8327'],1,0
34.8911,128.7935,7.951943594899219,3.176923076923077,,4,6,0.0,0.0,[],[],['8327'],1,0
34.3263,123.7598,68.5507598358288,2.8843023255813955,,124,128,128.897977,131.90454699999998,[],[],['8327'],1,0
34.2255,123.943,5.069122256725303,6.6454545888033785,,106,105,110.800086,110.838797,[],[],['8327'],1,0
22.2411,115.9159,9.80267234621472,4.063157894736842,,56,59,55.036469,61.386859,[],[],['8486'],1,0
20.6099,112.9295,18.100016532620373,2.7218750000000003,,109,108,111.27232,108.946805,[],[],['8486'],1,0
31.4135,124.6789,30.392344574403324,2.4322580645161294,,184,201,154.601875,173.057,[],[],['8486'],1,0
35.986,120.3746,9.209471360856115,2.7,,6,6,0.0,1.430311,[],[],['8486'],1,0
21.4172,112.7396,45.15215169771154,3.048571428571429,,23,16,23.088002,18.527756,['8486'],[],['8486'],1,0
9.5538,109.1392,24.400845403949955,2.539534883720931,,121,97,244.227906,234.937766,[],[],['8484'],1,0
31.2403,122.8315,2.1797544888624687,4.0588235294117645,,43,46,6.249129,9.120799000000002,['8486'],[],['8486'],1,0
21.4143,111.3079,1.762790364464969,1.7833333333333332,,5,4,1.035216,1.035145,[],[],['8486'],1,0
-33.8619,151.2462,4.977151609191322,2.9219512195121955,,0,1,0.0,0.0,['8323'],[],['8323'],1,0
20.8993,113.4168,130.24110133848967,3.3340000000000005,,87,100,87.252125,110.382531,[],[],['8486'],1,0
-19.3539,-114.1437,144.63601457913063,5.0071225071225065,,981,988,988.838562,996.246125,[],['63203'],[],1,0
35.3145,140.6054,8.341431220374465,1.522,,17,18,31.178439,33.162078,['8487'],[],['8487'],1,0
2.9622,-172.4006,2.748816244617064,3.828571458657583,,527,530,1452.035625,1449.65325,[],['63203'],[],1,0
-21.2508,-173.9843,4.7501929909421134,5.057142857142858,,97,98,115.765711,114.04307,[],[],['8448'],1,0
34.8581,128.7477,9.684372164388863,2.534453792481864,,1,2,1.438481,1.824601,[],[],['8327'],1,0
8.5976,82.0044,2.1551610862828428,1.0166666666666666,,72,73,82.467094,83.557953,[],[],['8346'],1,0
34.5583,128.0175,0.8234188838274745,0.4988970653811361,,14,14,4.541041,4.809938,[],[],['8327'],1,0
31.3329,127.1893,8.51722773751911,6.409677419354838,,134,129,211.655594,208.096609,[],[],['21796'],1,0
19.9312,-17.3766,68.4408473694794,2.5196078431372557,,85,73,100.706266,90.802242,[],[],['8369'],1,0
20.9661,112.5665,15.644527222909446,5.442857142857143,,75,64,74.615828,63.59241,[],[],['8486'],1,0
32.861,123.3375,4.853755027077709,3.327777777777778,,175,180,157.255766,161.913859,[],[],['8486'],1,0
22.1923,114.7284,32.13520888889168,4.180000000000001,,29,35,18.407932,26.909055,['8486'],[],['8486'],1,0
32.6853,126.8653,13.13984063282737,2.336000006198883,,65,68,65.564781,69.77224199999999,[],[],['8327'],1,0
12.623,109.5498,9.581948464453966,2.175,,10,10,29.325463,34.870633000000005,['8484'],[],['8484'],1,0
25.2096,119.0208,2.1532497236010952,1.9833333333333332,,1,1,1.006122,2.298961,[],[],['8486'],1,0
-3.2771,155.6591,28.379555268038143,8.122222243414987,,97,105,247.071359,270.608312,[],[],['8324'],1,0
10.2567,106.9693,9.274262518314474,3.301562500000001,,14,14,5.471017,4.515652,[],[],['8484'],1,0
7.9262,76.9876,18.49175688065071,3.107142857142857,,43,31,53.475621,42.268402,[],[],['8480'],1,0
31.305,124.6579,3.663077674071945,2.5785714285714287,,185,187,155.477531,157.668016,[],[],['8486'],1,0
20.5786,113.7866,5.655077211605814,2.6466666666666665,,143,141,141.017875,139.966734,[],[],['8486'],1,0
5.4016,81.3951,77.74597188667796,3.844666666666666,,101,87,101.629344,89.60270299999999,[],[],['8346'],1,0
3.8146,167.6037,6.767054118880995,2.4203703546965567,,149,145,486.443031,491.010375,[],[],['8318'],1,0
-17.188,-16.7167,105.38169245317478,3.993119275317011,,1080,1032,1092.49775,1044.414812,[],['63203'],[],1,0
-18.7647,171.3145,35.500024377580914,3.208928586915136,,134,149,199.471188,214.69425,[],[],['8313'],1,0
17.3324,107.8378,6.0021088306409895,1.4924242424242422,,54,59,112.122188,115.950891,[],[],['8484'],1,0
17.4519,107.6766,8.163962772872308,3.3076923076923084,,44,51,125.732859,132.606062,[],[],['8484'],1,0
17.5451,108.0763,6.437592279801557,2.7,,86,91,129.510359,123.105102,[],[],['8484'],1,0
17.5151,108.0972,8.90359787229158,2.718181818181818,,88,91,127.047633,124.525,[],[],['8484'],1,0
13.5146,110.0547,3.2259524042008825,1.6625,,75,76,91.153188,91.501953,[],[],['8484'],1,0
21.4057,111.3957,8.93444675612785,3.085714285714286,,9,9,6.310251,6.751564999999999,[],[],['8486'],1,0
-6.4967,8.2134,47.517987011136896,4.457042246217458,,437,425,273.107438,286.566125,[],['63203'],[],1,0
20.5727,112.9471,7.938785646069981,2.409523809523809,,113,113,114.699812,115.097953,[],[],['8486'],1,0
-5.0375,156.1541,17.0273237767876,3.985714291249003,,79,85,135.987703,146.658797,[],[],['8324'],1,0
36.0555,123.1431,32.7652751135927,3.256,,113,104,102.962359,94.780102,[],[],['8486'],1,0
26.4726,119.9599,13.23142453289545,3.570238095238095,,5,5,0.0,0.0,[],[],['8486'],1,0
21.4158,112.6814,6.998424825582281,2.575,,21,18,24.109309,21.353754,['8486'],[],['8486'],1,0
35.7069,121.4405,14.22264686408521,3.3028985507246387,,54,58,41.67409,46.730684,[],[],['8486'],1,0
29.9864,126.3325,14.069329458963107,5.9,,285,287,317.593969,314.916375,[],[],"['21796', '8487']",1,0
10.2155,106.9262,24.613335818306567,2.780451127819549,,13,16,11.812436,6.932047,[],[],['8484'],1,0
33.5578,124.2979,1.97900391880812,1.9321428652320587,,94,92,95.474406,93.321133,[],[],['8327'],1,0
33.1661,123.5662,9.982875199598244,6.89375,,177,169,178.80957800000002,170.78831200000002,[],[],"['8486', '8327']",1,0
35.2662,121.7868,43.89634761778968,2.8482352941176474,,124,102,103.819172,85.920492,[],[],['8486'],1,0
34.6892,128.7404,1.957242233575837,2.161290318254502,,8,8,9.308475,9.308475,[],[],['8327'],1,0
21.9433,113.3405,18.23647205807413,2.1325581395348827,,4,4,1.03149,1.031272,[],[],['8486'],1,0
20.7173,107.1266,3.1528983862006505,1.9333333333333331,,3,3,7.364869,8.320232,['8484'],[],['8484'],1,0
38.2279,121.7772,36.011442864780754,3.737894736842104,,70,66,58.858117,64.539621,[],[],['8486'],1,0
44.2945,-124.4155,4.936292234783688,3.221052634088617,,24,24,48.228504,43.695656,[],[],['8456'],1,0
19.8527,-17.2635,4.444998160898325,1.8485714338719847,,68,70,100.191891,99.687477,[],[],['8369'],1,0
-19.2703,-79.5828,10.482344838490969,1.5499999999999998,,639,633,643.348625,637.347625,[],['63203'],[],1,0
35.1147,121.7315,15.608048238299702,3.28235294117647,,122,111,101.913562,92.008711,[],[],['8486'],1,0
5.5665,-152.5602,114.42765153199812,3.3773749999329463,,618,688,633.517812,702.414125,[],['63203'],[],1,0
21.5884,112.1467,49.98120082550789,2.775824175824175,,3,4,3.036939,4.135171000000001,[],[],['8486'],1,0
30.995,124.5404,35.88759845966267,4.063636363636363,,151,185,122.732367,154.892469,[],[],['8486'],1,0
-5.4532,-167.2189,16.44523660201892,4.1269230769230765,,431,434,976.405,977.350125,[],['63203'],[],1,0
31.5241,123.2214,8.648867672957419,3.7076923113602858,,86,95,51.468645,60.214992,[],[],['8486'],1,0
34.9375,123.7423,16.26096048961162,2.9241379310344837,,132,133,133.512984,134.45303099999998,[],[],['8327'],1,0
34.9472,123.7749,11.051770994541547,3.7200000000000006,,130,130,131.580016,130.911438,[],[],['8327'],1,0
34.999,123.7009,62.42631265518556,3.936231884057971,,141,153,142.581469,153.998891,[],[],['8327'],1,0
14.8288,87.6381,4.203417028278078,1.178082191780822,,539,537,547.01675,545.986938,[],['63203'],[],1,1
8.7031,78.2316,6.183067973847904,3.2482758620689656,,10,6,8.45329,2.480647,['8480'],[],['8480'],1,0
5.809,99.8185,20.173809953803357,3.1279069711995686,,44,27,54.532715,44.708719,[],[],['8483'],1,0
22.6436,114.5918,2.9184045719959326,1.1692307692307693,,1,2,1.513184,2.223899,[],[],['8486'],1,0
22.3402,114.9764,17.732871159710324,4.20625,,24,23,19.256434,20.642217,[],[],['8486'],1,0
21.4657,111.9646,22.456422602931816,3.7666666666666666,,15,16,3.925878,12.876569,[],[],['8486'],1,0
22.4039,120.3577,6.6956813121128125,2.4795454545454545,,6,5,2.223899,4.674504,[],[],['8321'],1,0
21.8606,113.3249,5.744352468256327,0.745945945945946,,8,5,1.032068,3.033612,[],[],['8486'],1,0
30.2929,125.4291,1.4190821194387189,0.975,,241,240,223.600031,223.353953,[],[],['8486'],1,0
36.5698,124.2511,10.818456256387726,2.757894741861444,,118,118,149.361375,140.83375,[],[],['8327'],1,0
5.2357,81.8614,4.127209291565803,1.058823529411765,,123,121,130.007633,128.907992,[],[],['8346'],1,0
33.8716,122.8404,4.643141955274991,4.085714285714285,,203,206,171.950125,175.287438,[],[],['8486'],1,0
13.0061,84.5895,11.025761457782233,2.044827611795787,,461,461,449.081281,450.859969,[],['63203'],[],1,0
34.4686,127.8031,32.971513740820704,5.002222222222223,,1,1,2.1445540000000003,1.833213,[],[],['8327'],1,0
29.7298,126.2342,6.629206584522584,3.2285714285714286,,283,284,316.122094,316.33678100000003,[],[],['8487'],1,0
22.6639,114.6304,1.0999458106228155,1.172222222222222,,3,3,1.026115,1.02604,[],[],['8486'],1,0
7.969,68.7108,8.635339234204336,2.025,,455,450,480.335656,478.645781,[],['63203'],[],1,0
34.2532,122.7279,12.063841499228694,2.9562500000000003,,207,213,179.851062,186.674594,[],[],['8486'],1,0
19.6656,108.9581,4.735425882587854,2.9333333333333336,,9,11,12.221792,7.696521,['8486'],[],['8486'],1,0
9.496,-14.5836,24.18296529444193,3.690625,,77,80,88.961992,93.556992,[],[],['8472'],1,0
14.4954,109.6145,1.802358971817892,1.0125000000000002,,51,52,87.97542999999999,89.44994500000001,[],[],['8484'],1,0
-18.8002,171.5214,26.763805498982823,2.1305555564661818,,148,165,216.142266,233.278188,[],[],['8313'],1,0
11.0947,108.7047,5.494911070530158,3.926829268292684,,9,8,102.105773,99.050367,[],[],['8484'],1,0
34.6862,128.0119,9.183447568382002,3.02972972972973,,4,1,2.223899,2.139847,[],[],['8327'],1,0
-20.6429,-177.4824,18.878019907591973,2.7440860215053764,,119,123,199.468578,202.588844,[],[],['8325'],1,0
21.6649,112.1643,52.415103980188654,2.33405017921147,,2,5,2.347562,4.553436,[],[],['8486'],1,0
33.0577,126.1252,18.83448559738813,2.4055299497969163,,22,14,24.656619,16.876574,['8327'],[],['8327'],1,0
0.3221,81.0993,17.50564055177526,4.890000000000001,,629,615,637.416625,622.9681879999999,[],['63203'],[],1,1
21.7498,113.0804,1.4416990656658564,2.2900000000000005,,11,10,7.846709,6.925959,[],[],['8486'],1,0
10.4404,109.2375,47.24339744151728,2.6360000044107426,,37,36,178.125906,133.878703,['8484'],[],['8484'],1,0
20.5714,112.7669,25.855698108560635,5.292000000000001,,116,106,119.504141,107.903961,[],[],['8486'],1,0
35.0771,128.7393,3.897149104778957,1.313333341417213,,1,1,0.909964,0.909964,[],[],['8327'],1,0
22.8813,120.149,16.88544906602234,2.4832258064516144,,4,2,4.098453,6.352621,[],[],['8321'],1,0
-6.0959,-154.3121,2.4891816885171867,1.3299999988079072,,177,179,962.237438,962.02175,[],[],['8441'],1,0
33.5981,126.7632,15.41027867733822,2.501550394030967,,2,4,19.69627,18.818623,['8327'],[],['8327'],1,0
5.6221,99.9213,9.770459858979402,2.381818181818182,,31,32,29.880875,28.458674,[],[],['8483'],1,0
-12.5508,-159.2809,1.0828880266053291,2.07,,299,298,422.143781,422.355344,[],[],['8446'],1,0
21.8715,114.2544,44.82239124602192,3.112878791039638,,17,10,24.271256,12.724107,['8486'],[],['8486'],1,0
29.3827,125.9671,4.960511898538107,2.666666666666667,,277,275,304.413031,307.781812,[],[],['8487'],1,0
-2.7624,-168.7237,105.8348054187639,3.986725672024542,,210,262,1256.123875,1257.514875,[],[],['8450'],1,0
34.0424,123.0939,8.61790757057943,6.700000006152739,,184,181,188.927172,186.091875,[],[],['8486'],1,0
36.5236,124.2322,27.752901235146886,2.6,,123,119,155.714953,144.284797,[],[],['8327'],1,0
24.9035,121.9738,9.899973055611056,3.042553191489361,,3,7,6.869165,9.343592,[],[],['8321'],1,0
20.5074,112.7972,3.1584399792089366,2.75,,118,118,121.486438,121.362281,[],[],['8486'],1,0
2.3371,167.9891,11.728043808385925,3.656,,263,258,338.105625,342.795031,[],[],['8318'],1,0
15.6774,151.582,29.05134715561743,6.704347826086957,,589,598,623.7794379999999,635.498875,[],['63203'],[],1,0
21.8611,113.221,5.33476384882917,1.1628571428571426,,4,2,3.034104,2.063848,[],[],['8486'],1,0
32.5644,127.0123,17.992537951061873,3.3433333349227903,,93,77,93.971172,79.777117,[],[],['8327'],1,0
38.5859,120.115,7.636540581798346,1.4050000000000002,,68,64,21.198633,22.238984,[],[],['8486'],1,0
36.5962,124.213,15.20412189375257,1.7642857142857142,,121,120,147.206484,140.584547,[],[],['8327'],1,0
32.4365,126.9135,22.42409096249473,3.045833333333333,,102,89,103.118188,89.918969,[],[],['8327'],1,0
29.4,-92.0355,25.71771157377449,2.8869565217391298,,26,7,2.950383,14.654691,['8456'],[],['8456'],1,0
31.1287,127.2306,3.0398336848146443,3.604761904761905,,143,141,211.838938,209.702375,[],[],['21796'],1,0
33.5299,124.0566,4.852716771163668,2.238888888888889,,115,111,116.946273,113.747969,[],[],['8327'],1,0
20.5771,113.5644,29.72556161384828,3.527027027027027,,128,137,128.896914,135.089297,[],[],['8486'],1,0
21.5995,108.583,10.864398961020807,1.7533333333333332,,5,8,6.9849820000000005,4.135171000000001,['8486'],[],['8486'],1,0
20.7866,108.5671,5.136974799094785,2.9727272727272727,,64,59,20.824102,17.984969,[],[],['8486'],1,0
30.2866,125.3715,0.6123326594560943,0.2096774193548387,,235,235,217.988547,217.988547,[],[],['8486'],1,0
29.929,126.3266,17.504465581540853,5.822222222222223,,282,289,319.371219,315.129562,[],[],['8487'],1,0
20.599,107.441,37.60638032508319,1.914285714285714,,19,13,35.15557,39.58082,['8484'],[],['8484'],1,0
-5.0767,-164.0847,5.504860592405973,1.6333333333333333,,638,636,915.058875,915.522688,[],['63203'],[],1,1
5.5975,100.0875,3.6787021265507134,1.9666666666666668,,15,16,11.066802,10.205213,[],[],['8483'],1,0
20.5309,111.4387,40.94124973166178,3.511363636363636,,58,79,74.597961,72.698594,[],[],['8486'],1,0
31.3951,124.5914,30.03946373212478,2.6013698630136988,,177,194,147.18023399999998,166.237594,[],[],['8486'],1,0
29.9609,122.7397,21.055808921958405,2.2809523809523817,,25,13,12.729568,9.3524,[],[],['8486'],1,0
19.1306,108.5698,9.45205121418767,2.8125,,5,5,0.0,2.223899,['8486'],[],['8486'],1,0
21.4236,114.091,42.01089158852867,3.2288135593220333,,51,57,61.165938,66.170852,[],[],['8486'],1,0
20.306,111.6936,20.10404175028067,2.091304347826087,,46,63,99.765695,113.825227,['8486'],[],['8486'],1,0
22.743,116.4822,6.142826941562658,4.1875,,23,22,23.48134,23.373406,['8486'],[],['8486'],1,0
2.2175,-159.1127,5.647190618011493,2.0647058823529414,,177,174,184.518328,179.404406,[],[],['8441'],1,0
22.9897,116.8731,44.821027740734976,3.8732283464566937,,23,36,19.551594,31.51007,['8486'],[],['8486'],1,0
19.1452,108.0613,1.9536690050997252,0.7576923076923077,,58,57,51.524684,50.61885899999999,[],[],['8486'],1,0
30.0325,126.353,14.006439464335214,6.816666666666666,,289,281,313.870094,319.705281,[],[],"['21796', '8487']",1,0
21.8491,116.7712,35.91001209267591,4.367441860465116,,120,125,127.823414,124.599633,[],[],"['8321', '8486']",1,0
38.8802,122.0135,5.802813680087772,2.46875,,14,16,0.0,0.0,['8486'],[],['8486'],1,0
34.5646,127.5788,8.397530647418604,2.435416666666667,,5,3,10.601971,7.800157,[],[],['8327'],1,0
34.7838,128.1327,10.47756181239428,3.2684210526315787,,4,3,7.195921,9.890904,[],[],['8327'],1,0
22.7003,120.1972,10.692104192938451,4.335714285714285,,5,2,1.513032,3.025201,[],[],['8321'],1,0
19.7491,107.4697,3.075831607118697,2.771428571428572,,51,49,113.568391,113.738117,[],[],['8484'],1,0
17.3001,116.7299,3.767994062492062,1.8142856870378767,,343,341,379.328188,377.9315,[],[],['8322'],1,0
26.5781,120.1865,10.556522542218175,3.4279999999999995,,3,3,4.475162999999999,4.129707000000001,[],[],['8486'],1,0
21.0851,110.8253,52.00082275177252,2.8870370370370364,,15,25,2.223899,12.231441,[],[],['8486'],1,0
22.16,113.8641,1.4027419068776088,3.225,,2,2,3.28356,4.266838,[],[],['8486'],1,0
21.1189,110.4712,1.0147203980392874,1.8384615384615384,,2,2,3.041367,3.041367,[],[],['8486'],1,0
21.6229,112.1543,12.885263192258009,2.444594594594595,,2,4,2.347562,4.694997,[],[],['8486'],1,0
34.0264,122.4897,17.476844540849665,3.467272727272727,,182,185,150.385,155.744203,[],[],['8486'],1,0
9.7532,107.2641,7.374818736008831,2.208333333333333,,63,64,58.323242,56.081277,[],[],['8484'],1,0
12.6075,109.5866,6.712589854952512,3.0142857142857147,,15,14,34.066422,37.552262,['8484'],[],['8484'],1,0
-7.9158,-165.6097,151.38371855957294,4.710714276480887,,314,353,651.07875,663.694438,[],[],['8446'],1,0
-16.7773,11.216,0.7238950154577771,0.1867647094323354,,54,53,127.488969,126.938281,[],[],['8478'],1,0
24.0755,117.9433,2.705978849564919,3.1851851700080767,,4,5,8.358044,6.973662999999999,[],[],['8486'],1,0
10.2422,107.0498,143.37601019239804,2.306115879828325,,19,6,6.760856,8.447018,[],[],['8484'],1,0
19.1099,108.0194,10.23066803108301,2.8999999999999995,,64,58,57.799367,51.479781,[],[],['8486'],1,0
20.3118,111.7017,23.413170250167774,2.7333333333333334,,47,63,99.892578,113.825227,['8486'],[],['8486'],1,0
34.8823,123.8221,3.438436842434969,3.0250000000000004,,126,125,126.899305,126.578664,[],[],['8327'],1,0
58.8546,159.0573,21.519617657492425,1.7835820819904549,,28,26,115.83407,123.832812,[],[],['5690'],1,0
-11.4299,-160.1429,2.023741918100671,1.7999999879135025,,143,142,379.308906,381.421938,[],[],['8446'],1,0
12.6035,109.5902,8.097751390429439,3.0875,,16,14,34.805395,37.552262,['8484'],[],['8484'],1,0
34.5211,121.6072,3.724612515299353,2.191666686534882,,123,125,102.058375,103.875219,[],[],['8486'],1,0
21.7644,113.1398,12.441854924252606,1.8040000000000005,,11,2,11.119492,2.451772,[],[],['8486'],1,0
23.527,117.3382,18.425176336294285,3.1947761194029862,,6,4,1.508652,1.019415,[],[],['8486'],1,0
14.4486,109.506,8.99733105292698,2.1916666666666664,,38,41,75.456227,83.778391,[],[],['8484'],1,0
17.4073,107.5616,6.31039399447817,2.8799999999999994,,33,38,126.569203,124.857852,[],[],['8484'],1,0
17.3466,107.7213,8.551166013430684,2.604761904761905,,42,50,116.609906,118.906734,[],[],['8484'],1,0
26.5127,120.1991,8.4148558385106,2.764102564102564,,6,5,6.965851,7.051946,[],[],['8486'],1,0
8.2287,107.1356,17.55286821627125,4.935064935064935,,70,65,226.967734,219.276562,[],[],['8484'],1,0
11.2756,108.9614,36.83339042726483,5.630612244897959,,7,5,76.496391,60.840121,[],[],['8484'],1,0
3.0189,166.9552,10.1681863678245,1.602777777777778,,260,253,392.543281,396.009938,[],[],['8318'],1,0
23.2332,117.4212,6.891186464585028,4.6,,38,34,14.523132,11.720764,['8486'],[],['8486'],1,0
21.7593,113.0971,0.943415455544269,0.1031746031746031,,9,8,8.324156,7.626336,[],[],['8486'],1,0
21.9289,114.3076,8.549559097577863,2.35,,15,11,19.347902,13.706593000000002,['8486'],[],['8486'],1,0
39.2288,123.6602,44.11014100124894,3.798750000000001,,40,48,39.436895,47.745738,[],[],['8486'],1,0
-14.5041,-158.4042,103.30354865998414,4.174838709677419,,457,438,466.668469,539.1774379999999,[],['63203'],[],1,1
-21.5234,-107.406,75.57442896922358,4.26219512195122,,633,679,635.614125,681.176125,[],['63203'],[],1,0
-8.6743,-136.8007,3.5647971677062844,1.3514706003753585,,245,249,267.265062,270.720188,[],[],['8440'],1,0
-17.7722,172.476,146.85129802182908,4.734532382848449,,267,348,327.741031,411.394438,[],[],['8313'],1,0
22.4013,120.3535,6.95641115304644,2.497368421052632,,5,5,3.335848,4.542882,[],[],['8321'],1,0
29.9971,126.3674,7.293153341819414,2.6888888888888887,,285,286,318.806625,318.557156,[],[],"['8487', '21796']",1,0
10.3332,107.1501,8.50868219143868,1.7772727272727271,,4,4,7.737674,6.4557780000000005,[],[],['8484'],1,0
20.7791,114.9745,35.87189629169057,3.0076923101376263,,157,153,156.002156,143.012047,[],[],['8486'],1,0
-13.9563,-118.757,91.01669495301292,3.384423072406877,,1303,1386,1677.55475,1751.75525,[],['63203'],[],1,0
21.7915,113.1964,6.57539625187775,0.9015873015873016,,9,4,6.983879,3.2901260000000003,[],[],['8486'],1,0
22.9478,120.1418,7.3239637858252,3.2385542168674704,,2,2,4.53466,3.266542,[],[],['8321'],1,0
26.4942,120.1667,3.670917884031112,3.2117647058823526,,5,3,4.133381,4.132714,[],[],['8486'],1,0
21.9255,114.317,8.96761043923804,2.8944444444444444,,14,11,18.263021,13.706593000000002,['8486'],[],['8486'],1,0
12.389,100.5631,28.69200200820859,2.4157894736842107,,51,26,49.759238,31.115527,['8332'],[],['8332'],1,0
31.3457,122.7195,5.418790646630847,4.735714285714285,,50,56,7.255185,12.395469,['8486'],[],['8486'],1,0
33.8371,122.8192,2.120564865654316,2.6421052631578945,,201,202,169.440688,170.693984,[],[],['8486'],1,0
20.4586,111.6104,15.724716779295266,3.194736842105263,,59,65,91.198078,97.759914,['8486'],[],['8486'],1,0
36.2561,124.3398,41.22178561454019,2.3611940298507466,,127,111,149.167656,148.77621900000003,[],[],['8327'],1,0
36.3177,124.3508,23.518784176182024,1.841935483870968,,119,111,147.56075,148.77621900000003,[],[],['8327'],1,0
54.6826,-158.551,3.461783588502951,1.5386666604876518,,50,51,141.985609,142.129891,[],[],['8463'],1,0
20.5846,112.7689,9.250948877983364,2.8266666666666667,,111,108,115.097953,111.431789,[],[],['8486'],1,0
10.2142,107.0857,34.74403188411106,2.6230769230769218,,18,12,7.860205,12.087301,[],[],['8484'],1,0
10.2427,107.147,16.752985198764357,1.4431654676258987,,11,13,7.659665,12.036236,[],[],['8484'],1,0
10.2232,107.2183,3.6022233091860194,2.5388888888888888,,17,17,16.451963,17.508357,[],[],['8484'],1,0
6.0677,81.3115,24.01668153044201,2.551999999999999,,23,11,24.642535,27.662916000000003,['8346'],[],['8346'],1,0
19.1194,-16.5442,37.52495876940585,3.3949074253991776,,29,10,123.184883,140.56378099999998,['8369'],[],['8369'],1,0
29.885,126.3394,13.990124575035498,6.1571428571428575,,280,284,321.353594,318.804531,[],[],['8487'],1,0
24.938,121.9161,4.258209575902082,1.6157894736842109,,3,2,1.008342,1.00826,[],[],['8321'],1,0
11.8255,109.2872,9.44642672539638,2.472727272727273,,4,4,15.800939,14.816733,[],[],['8484'],1,0
8.1577,107.205,19.822086547381023,5.031578947368423,,80,77,234.014438,228.625047,[],[],['8484'],1,0
34.3758,122.7454,3.35054740287577,1.0333333333333332,,216,215,193.306312,196.163094,[],[],['8486'],1,0
21.6765,112.1033,3.458163146206929,0.642857142857143,,3,4,3.036063,3.492248,[],[],['8486'],1,0
15.6629,-179.2397,121.88212551867868,4.110659898477154,,1053,1030,1378.673375,1415.978375,[],['63203'],[],1,1
21.6929,112.6696,21.386209509708387,2.2373493975903607,,1,1,6.149058,3.81457,[],[],['8486'],1,0
21.2829,110.8356,24.46641194047554,3.1611111111111105,,12,10,16.579275000000003,22.012312,[],[],['8486'],1,0
21.5651,112.2955,55.80943081682974,2.5638190954773874,,5,10,5.289132,13.662062,[],[],['8486'],1,0
22.1817,114.7602,38.5654555401689,4.254545454545454,,31,36,20.108791,29.488301,['8486'],[],['8486'],1,0
19.4228,105.8156,6.9573690488119055,1.5016393442622946,,1,0,8.957225000000001,10.007544,['8484'],[],['8484'],1,0
30.0523,125.0227,0.5367181827450868,0.8500000000000001,,206,206,194.226312,194.226312,[],[],['8486'],1,0
34.556,121.6641,9.665077508725462,1.2941176470588236,,126,132,105.081141,111.191875,[],[],['8486'],1,0
6.1702,84.8321,1.2832070569153646,0.2833333369344473,,339,340,412.410594,413.516062,[],[],['8346'],1,0
22.3592,117.9122,20.450941467121822,4.207142846924919,,138,146,73.52251600000001,67.836664,[],[],['8486'],1,0
10.2894,106.9713,1.4069712383104929,1.2300000000000002,,12,12,4.515383,4.515383,[],[],['8484'],1,0
5.8609,78.881,2.7204234552261104,1.1357142909296922,,135,134,144.99771900000002,144.368953,[],[],['8346'],1,0
22.4084,113.7672,2.705810657880084,2.82,,3,2,0.0,0.0,[],[],['8486'],1,0
-35.2535,133.9137,0.8139222357241692,0.6857142857142858,,104,102,187.508141,186.300969,[],[],['8323'],1,0
34.7044,123.0276,48.99533328113529,3.4363636363636365,,199,197,200.703578,197.849328,[],[],['8327'],1,0
35.2775,121.7243,49.93911962328792,3.134883720930232,,116,102,95.585258,86.37706200000001,[],[],['8486'],1,0
36.3155,124.3895,24.95578595762252,2.193333333333334,,118,107,144.755859,145.27746900000002,[],[],['8327'],1,0
20.8137,113.7262,3.846130179644739,2.9111111111111114,,119,118,113.775773,114.888297,[],[],['8486'],1,0
21.5967,112.1937,50.88069587390684,2.4500000000000006,,3,7,3.335848,6.366526,[],[],['8486'],1,0
22.1105,114.2735,32.54156986272539,3.57037037037037,,7,11,0.0,6.80521,[],[],['8486'],1,0
34.9981,128.9894,20.60059916825765,2.384313727126402,,6,5,6.472606,2.7322330000000004,[],[],['8327'],1,0
26.5019,120.1828,9.82879084198674,2.891176470588236,,5,5,4.976041,6.369985,[],[],['8486'],1,0
22.9639,120.0915,30.13500973477004,4.002222222222222,,6,3,7.904583,5.237734000000001,[],[],['8321'],1,0
36.6197,123.4112,43.80321223009699,3.709999999999999,,94,83,88.464422,81.287273,[],[],['8486'],1,0
-36.7647,21.3207,10.623122893266643,3.9103448390960702,,249,241,249.436359,241.945188,[],[],['8396'],1,0
20.4133,107.3534,6.680538200783387,2.566666666666667,,37,35,44.478609,49.408059,[],[],['8484'],1,0
22.9643,120.146,2.456433478432233,3.63529411764706,,2,0,3.266542,2.047564,[],[],['8321'],1,0
34.8992,128.9542,12.336448959211276,1.9886792452830189,,16,14,10.944938,11.40401,[],[],['8327'],1,0
36.6014,122.6946,18.403362804329475,1.6828571428571428,,39,36,27.841002,27.837057,[],[],['8486'],1,0
21.4406,112.0669,15.031469742373416,3.7235294117647055,,20,14,17.194799,12.61906,[],[],['8486'],1,0
12.5874,109.2927,92.31596933722464,2.5248037676609134,,1,0,3.108016,22.767988000000003,[],[],['8484'],1,0
21.3164,109.7114,16.38387053883108,1.753703703703705,,6,4,9.852599,10.853264,['8486'],[],['8486'],1,0
22.1486,114.192,29.14374729523629,3.759090909090909,,4,2,1.515594,1.515594,[],[],['8486'],1,0
53.8037,-6.0726,26.13725379810931,3.1517241083342453,,10,13,5.376909,12.999026,['5681'],[],['5681'],1,0
21.5973,112.1933,54.16062250133592,2.4708446866485003,,3,8,3.335848,7.357495,[],[],['8486'],1,0
33.7076,126.6848,14.630467220791871,2.117733987864897,,16,18,21.472869,26.219059,['8327'],[],['8327'],1,0
32.4663,127.5042,7.658007541727795,2.1392156862745098,,92,95,124.345594,120.32207,[],[],['21796'],1,0
21.5935,112.1987,50.08136613765426,2.311934155593684,,2,8,1.518494,8.440207000000001,[],[],['8486'],1,0
21.4167,109.1229,40.01935949236437,0.0692307692307692,,2,0,0.0,1.035145,['8486'],[],['8486'],1,0
24.5738,121.8796,7.246538665313722,3.3976744186046512,,2,2,1.503054,0.0,[],[],['8321'],1,0
36.3849,124.3562,4.21763719094597,2.028571428571429,,112,111,148.793422,148.548297,[],[],['8327'],1,0
22.5022,120.2175,8.669772716562134,3.5585365853658533,,14,7,5.597978,1.111949,[],[],['8321'],1,0
6.0061,81.6088,1.829726204727816,2.7111111111111112,,36,36,56.874184,58.784301,[],[],['8346'],1,0
21.777,113.1574,7.734798399591807,1.0050847457627117,,9,3,8.955306,2.223899,[],[],['8486'],1,0
21.7159,112.9036,6.995786721517056,3.099999999999999,,6,8,8.377689,7.587591000000001,[],[],['8486'],1,0
22.5899,120.1843,10.286426851813504,2.8219178082191787,,10,5,4.670848,3.0263180000000003,[],[],['8321'],1,0
10.2217,107.1644,21.95280166021603,1.9283236994219664,,14,16,9.032508,15.319812,[],[],['8484'],1,0
19.1063,65.7839,0.5588600398129737,0.2285714285714285,,477,477,472.142156,471.36425,[],['63203'],[],1,1
22.1106,114.2807,32.57575379913467,3.6917127071823206,,7,11,0.0,6.80521,[],[],['8486'],1,0
4.1897,99.3001,72.85507862586695,2.679039313022747,,51,82,51.229684,76.357656,['8492'],[],['8492'],1,0
5.7942,78.9575,8.388045124771146,1.0851063798082634,,130,128,144.06615599999998,141.686812,[],[],['8346'],1,0
23.3703,119.5205,3.2969362541248723,3.83125,,2,2,20.247699,16.803527,[],[],['8321'],1,0
34.4558,127.7077,1.1394576121440227,0.3166666666666666,,6,5,9.256333,7.820049,[],[],['8327'],1,0
34.7416,119.6656,0.6390498459831891,0.5892857142857144,,15,16,7.606613,8.085134,[],[],['8486'],1,0
5.4843,5.052,71.0793902471284,2.462011173184359,,15,16,6.762905,3.996328,['8474'],[],['8474'],1,0
30.1876,125.1703,0.8467909926443797,2.206329113924049,,217,217,202.389609,202.389609,[],[],['8486'],1,0
34.532,128.9626,15.402689451354268,4.572727290066806,,32,25,15.927149,26.023248,['8327'],[],['8327'],1,0
34.7702,128.1166,8.107573120800915,1.8731707317073183,,4,5,6.3762,9.615844,[],[],['8327'],1,0
20.4458,112.956,14.722119424572252,3.3916666666666666,,126,125,129.023695,126.742742,[],[],['8486'],1,0
21.7932,114.4725,31.550405606688123,2.7282758620689656,,29,37,27.646582,26.873414,['8486'],[],['8486'],1,0
34.7751,123.4282,23.006389810821453,4.710714285714286,,170,151,171.029703,152.264891,[],[],['8327'],1,0
8.1209,104.3941,7.890027490717256,2.670588235294117,,61,55,275.762531,272.425094,[],[],['8484'],1,0
30.7174,122.7013,2.218875966094974,2.2666666666666666,,5,4,2.9329720000000004,4.423354000000001,[],[],['8486'],1,0
-34.732,18.1062,42.83080572028144,3.4257042352110147,,55,55,70.506258,65.454645,[],[],['8396'],1,0
23.2482,119.5176,10.431241425623847,2.9290322580645167,,3,3,33.60733999999999,32.391541000000004,[],[],['8321'],1,0
38.0151,122.276,140.63033773836028,3.4042207792207764,,45,55,44.630461,54.598754,[],[],['8486'],1,0
21.1548,113.9803,165.63621041631004,3.015815085158151,,85,60,87.479039,69.52507000000001,[],[],['8486'],1,0
36.2624,140.7043,5.39674601338593,0.6428571428571429,,11,12,12.10784,12.982802,['8487'],[],['8487'],1,0
21.5157,112.3673,5.840371470028864,3.327272727272727,,16,14,17.458188999999997,14.64919,[],[],['8486'],1,0
33.5989,173.3733,24.13643059139294,8.471428571428572,,976,987,2194.2855,2170.2135,[],['63203'],[],1,1
10.7995,102.9738,11.090401386723602,1.8444444444444443,,19,9,55.747371,52.066285,[],[],['8331'],1,0
33.635,126.579,16.31737078965051,2.0918032730944827,,11,9,10.177586,16.527912,['8327'],[],['8327'],1,0
23.5276,117.338,6.6331661588247535,2.392156862745098,,6,4,1.508652,0.0,[],[],['8486'],1,0
34.5731,33.3759,4.331183278798822,2.2725000000000013,,18,16,14.570691,12.535539,['8376'],[],['8376'],1,0
21.5072,114.3421,50.65581359389496,3.110810810810809,,45,64,55.471484,55.130242,[],[],['8486'],1,0
-36.2372,175.2986,7.76002406719566,2.012121212121212,,3,0,4.285756,0.89707,['8455'],[],['8455'],1,0
61.8821,-178.5928,50.5088613587157,3.898154979922234,,126,123,169.636094,161.53654699999998,[],[],['5690'],1,0
21.5849,112.1788,41.72724363780657,2.584507042701259,,3,7,3.102449,6.366526,[],[],['8486'],1,0
33.0508,126.1362,17.85770654023674,2.414285714703577,,22,13,24.95259,16.539316,['8327'],[],['8327'],1,0
23.6691,117.5961,19.540485298732204,2.687623767680165,,6,7,3.055446,3.015678,[],[],['8486'],1,0
20.6871,106.8472,43.07631897477606,2.459793810070176,,7,6,5.658561,4.567232,['8484'],[],['8484'],1,0
29.1543,124.1278,22.520138107841703,1.8469387836602271,,168,175,153.67181200000002,165.34515599999995,[],[],['8486'],1,0
34.5172,121.6746,14.63441781373687,3.8740740608285975,,128,132,106.824969,110.991906,[],[],['8486'],1,0
35.2432,129.3457,6.014108948417595,1.0933333333333335,,8,10,7.178947,9.147911,['8327'],[],['8327'],1,0
22.347,114.959,25.179401471810888,3.273684210526316,,24,22,17.387736,20.309432,[],[],['8486'],1,0
24.5895,121.8948,14.831659729048884,2.0245901629573018,,2,4,1.503054,2.022049,[],[],['8321'],1,0
56.109,162.6805,3.2083428564086027,2.1097561026491767,,7,3,14.925036,13.708435,[],[],['5690'],1,0
8.6795,78.2282,9.76746365867832,3.671875,,10,7,11.95719,3.512235,['8480'],[],['8480'],1,0
-14.5912,-115.2682,129.47819303358344,4.011538465876555,,1449,1518,1498.083625,1529.137625,[],['63203'],[],1,0
21.9481,113.1833,8.529413560148862,3.755555555555557,,2,1,1.0314169999999998,0.0,[],[],['8486'],1,0
20.39,108.8704,13.841579502874024,2.953846153846154,,62,63,50.135137,36.709086000000006,[],[],['8486'],1,0
10.0998,109.1746,11.33938812793558,3.0,,57,48,207.945969,196.84225,['8484'],[],['8484'],1,0
21.766,113.087,16.660031355654517,2.0222222222222226,,12,3,8.811676,1.517175,[],[],['8486'],1,0
29.3801,125.7605,6.856784750195435,2.03,,293,292,285.426281,287.474219,[],[],"['8487', '8486']",1,0
20.3652,112.9267,15.647752683775362,3.0142857142857142,,140,132,142.344656,134.114578,[],[],['8486'],1,0
34.5896,127.7326,9.254488582376451,3.775,,0,0,0.915616,4.284031,[],[],['8327'],1,0
22.2928,114.9967,21.67161455110445,3.013636363636364,,33,26,27.18859,22.870418,['8486'],[],['8486'],1,0
30.7288,122.6981,4.7709723826722215,3.25,,6,5,3.470149,5.827955,[],[],['8486'],1,0
20.6707,113.7452,7.441840789040467,3.552941176470588,,134,132,130.20454700000002,129.13742200000002,[],[],['8486'],1,0
20.2064,110.17,17.846724749715992,2.9301960782443803,,5,2,3.495237,1.043221,[],[],['8486'],1,0
-4.3392,40.188,45.07930729874863,4.723076923076923,,76,51,92.295953,54.399555,[],[],['8349'],1,0
20.3356,112.8971,7.52962465700711,3.3142857142857145,,138,138,141.21756200000002,140.293984,[],[],['8486'],1,0
12.5528,109.4815,16.865646420048673,2.8000000000000003,,12,5,21.102686,24.916805,['8484'],[],['8484'],1,0
32.4002,127.4822,4.530424469749201,2.4511111111111115,,91,91,127.353438,126.124766,[],[],['21796'],1,0
10.1983,107.057,14.112774767348078,4.95,,16,13,4.447797,2.478554,[],[],['8484'],1,0
21.1245,111.2783,152.01039581315115,3.364772727272727,,37,32,23.501346,18.530229,[],[],['8486'],1,0
30.3057,125.4727,1.0291920007813902,1.945454545454545,,244,244,227.102422,226.865219,[],[],['8486'],1,0
29.459,124.9559,5.434911464881754,2.7833333333333337,,224,223,210.675578,209.419391,[],[],['8486'],1,0
13.0144,84.7117,3.915962477399484,0.8600000000000001,,472,470,463.068062,463.957438,[],['63203'],[],1,1
21.5231,112.896,9.39467300492624,3.2166666666666663,,10,8,10.060838,9.392008,['8486'],[],['8486'],1,0
13.0115,84.5971,7.115414724946798,1.318181818181818,,462,463,450.162469,451.039531,[],['63203'],[],1,1
14.4459,109.5135,11.809619143356317,2.321428571428571,,37,43,73.396711,85.189273,[],[],['8484'],1,0
8.1045,107.0882,17.78929320594191,5.192727272727272,,77,74,239.079172,234.662375,[],[],['8484'],1,0
8.4918,82.0747,1.8273798981051,1.7777777777777777,,76,78,90.993492,91.940953,[],[],['8346'],1,0
46.3045,-3.32,14.255932990861954,1.810077522845231,,81,87,85.099898,90.948734,[],[],['5677'],1,0
6.9742,109.0503,5.476663543380675,2.65555559264289,,263,268,425.297188,420.532062,[],[],['8484'],1,0
16.8614,66.0475,4.647283993203023,1.1482758760966103,,637,632,561.082875,556.306438,[],['63203'],[],1,1
20.8999,112.2813,10.073539124078495,2.4272727272727272,,74,73,73.74646899999999,73.071469,[],[],['8486'],1,0
31.7655,126.2347,9.86249599516119,2.0875,,159,151,163.467297,155.67571900000002,[],[],['8327'],1,0
20.9944,110.6718,8.062219050684263,4.666666666666667,,5,9,6.17102,4.298546999999999,[],[],['8486'],1,0
21.3877,112.5873,31.64707192787522,3.558620689655172,,28,21,27.993367,23.728998,['8486'],[],['8486'],1,0
30.8437,124.467,21.048950595961617,2.894623658093073,,150,163,124.334438,133.988984,[],[],['8486'],1,0
17.3868,89.0865,1.7276919971440308,0.81,,405,404,389.430688,388.563281,[],['63203'],[],1,1
21.6671,114.6829,9.926193605487592,3.3000000000000003,,57,59,46.50207,46.693754,[],[],['8486'],1,0
21.7529,115.0965,8.584776218380489,2.5,,87,87,72.562984,73.02725,[],[],['8486'],1,0
22.314,113.8585,2.82045679756038,3.3571428571428577,,4,4,1.028786,1.111949,[],[],['8486'],1,0
10.7659,109.4155,7.906844844928296,2.6693877551020404,,52,57,132.92309400000002,125.806578,[],[],['8484'],1,0
12.1091,153.2956,20.93069419754244,7.347058823529412,,400,414,537.946125,551.344875,[],['63203'],[],1,0
21.2828,110.8346,18.04416948684622,3.1933333333333334,,14,9,17.616676,23.100051,[],[],['8486'],1,0
22.4703,113.8156,11.77354754179638,3.483333333333332,,4,4,0.0,1.027456,[],[],['8486'],1,0
11.1215,108.7331,11.470254484242982,2.646564883903693,,6,6,97.601109,94.097555,[],[],['8484'],1,0
21.5209,108.3511,3.250301846940856,1.382051282051282,,6,5,2.348944,3.0375210000000004,['8486'],[],['8486'],1,0
30.0269,-88.6919,73.16854856341605,3.116326530612246,,10,16,24.130592,7.091749,['8456'],[],['8456'],1,0
34.5465,123.9329,1.52890366769394,0.4830188679245284,,115,114,116.220742,115.171742,[],[],['8327'],1,0
8.3464,81.9745,1.562713780460231,1.2777777777777777,,61,62,83.923758,84.962258,[],[],['8346'],1,0
34.6574,127.9717,5.100183444371802,4.373333333333333,,6,6,0.914624,0.0,[],[],['8327'],1,0
33.5733,124.031,4.07111037060167,2.526315789473684,,113,111,115.610094,113.974211,[],[],['8327'],1,0
-20.1197,102.9937,181.8321078059644,3.611718749999999,,1104,1036,1119.48475,1056.126625,[],['63203'],[],1,0
20.6584,113.6959,9.181522081965252,2.983333333333334,,134,132,130.223828,128.436688,[],[],['8486'],1,0
34.4245,122.6983,40.63095698652175,3.5439393939393944,,207,221,183.412656,203.507688,[],[],['8486'],1,0
24.0182,67.0396,5.956917773040013,1.9285714285714288,,36,31,58.968176,54.82384,[],[],['8359'],1,0
34.5278,123.3849,12.851428909159583,2.3079646017699105,,161,161,166.880688,163.548953,[],[],['8327'],1,0
32.8145,126.5848,11.336429619886912,2.6499999985098834,,47,47,45.827664,46.353703,[],[],['8327'],1,0
9.7456,107.2046,11.233938393245742,3.7,,58,60,57.672684,56.175941,[],[],['8484'],1,0
4.7705,100.4802,36.57088341083183,1.6860759493670885,,17,3,18.870594,6.467114,[],[],['8483'],1,0
36.6624,123.3155,17.53988386330541,3.8740740740740742,,77,78,72.80594500000001,75.622766,[],[],['8486'],1,0
21.6447,112.0526,34.74937971545893,3.4157407407407403,,3,6,2.347562,5.931428,[],[],['8486'],1,0
29.3845,125.6733,51.04880675801511,2.359183673469388,,287,288,274.352844,277.731969,[],[],['8486'],1,0
-45.1384,-60.0573,18.94722749840208,1.2395652167304694,,390,390,440.065375,448.186406,[],['63203'],[],1,1
19.9649,-17.3282,9.10232596066144,3.450666662851969,,80,75,94.506141,86.619586,[],[],['8369'],1,0
34.9399,129.0359,9.400091950466289,2.185106401747845,,12,12,9.512011,5.5597460000000005,['8327'],[],['8327'],1,0
31.2576,122.895,4.684921102354021,5.03888888888889,,46,51,10.242433,14.403957,[],[],['8486'],1,0
19.6566,109.0815,3.3242414085162464,3.647058823529412,,4,4,2.094388,1.047129,['8486'],[],['8486'],1,0
20.9268,-17.5198,6.696228049463101,4.315151532491048,,44,42,48.837305,47.212973,[],[],['8368'],1,0
20.5157,-17.2868,61.53852963649738,3.521673817827083,,49,29,48.636285,29.169938,[],[],['8369'],1,0
32.3935,124.0585,3.89269900258756,3.65,,210,206,177.821047,181.570047,[],[],['8486'],1,0
19.6968,108.4763,9.452077418321064,2.471428571428571,,36,43,53.109355,48.383445,[],[],['8486'],1,0
29.3834,125.6751,53.65659505398574,2.311111111111111,,289,286,276.154812,276.510188,[],[],['8486'],1,0
20.5835,112.7622,19.94989685578494,4.321052631578948,,114,103,117.489883,105.63518,[],[],['8486'],1,0
20.4887,112.9907,16.070957743048204,2.819047619047619,,127,116,129.253094,116.980039,[],[],['8486'],1,0
34.7608,177.9016,78.58755359546059,3.8657534246575342,,788,791,1978.878875,1932.547375,[],['63203'],[],1,0
20.5985,112.9378,11.9348488114101,1.4689655172413794,,110,110,112.383516,111.677781,[],[],['8486'],1,0
-2.4681,163.8064,21.83702625171913,5.15,,415,403,415.603344,404.185594,[],['63203'],[],1,0
21.7567,113.115,12.752648623008572,1.314814814814815,,11,6,10.622284,5.5597460000000005,[],[],['8486'],1,0
21.9393,114.0329,21.87543972594601,4.74999995653828,,1,5,5.305903,3.033021,[],[],['8486'],1,0
20.1395,111.5045,8.980980918533717,2.9666666666666663,,27,33,84.57053900000001,89.784312,['8486'],[],['8486'],1,0
29.9838,126.5704,8.014470406495882,3.325,,270,264,327.442312,320.498219,[],[],['21796'],1,0
22.209,117.9429,14.870703668030146,3.4375,,159,154,90.441656,81.23067999999999,[],[],['8486'],1,0
38.6739,121.762,3.270684196304488,1.9181818181818184,,23,20,23.052357,19.853256,['8486'],[],['8486'],1,0
22.3539,117.7785,12.614402274846238,3.3599999999999994,,133,134,76.36741400000001,69.225656,[],[],['8486'],1,0
20.2463,109.0903,43.90786875813736,3.009756097560976,,41,41,41.370574,44.477969,[],[],['8486'],1,0
21.6892,114.5727,11.859612725908462,2.8380952380952373,,48,51,39.189484,40.852688,[],[],['8486'],1,0
20.4184,114.3673,36.17468349292383,4.895652173913045,,165,161,175.920828,171.84490599999998,[],[],['8486'],1,0
22.9979,119.9974,7.5175171266309695,2.33780487804878,,11,4,16.716134999999998,15.003153,[],[],['8321'],1,0
2.8746,145.9689,27.27481243970243,6.93,,399,411,544.813188,547.56825,[],['63203'],[],1,0
21.1913,110.6584,19.16844874452852,1.8533333333333333,,4,5,6.986492,5.638796,[],[],['8486'],1,0
8.1259,104.4035,8.22371042328381,2.9222222222222225,,60,53,275.275125,270.953125,[],[],['8484'],1,0
10.2666,107.1518,62.86060789229707,2.7521897810218987,,7,8,1.560024,17.157312,[],[],['8484'],1,0
34.7413,121.5247,46.37922544347199,3.245945945945946,,102,143,85.68632000000001,124.743891,[],[],['8486'],1,0
19.0537,65.8991,1.7009086843512726,0.7666666665673256,,473,471,468.227406,465.940031,[],['63203'],[],1,1
17.5389,108.0223,9.855885728301676,2.795833333333334,,81,86,128.986117,125.445602,[],[],['8484'],1,0
17.4398,107.5843,5.448044903075639,2.6166666666666667,,38,43,124.857852,124.811117,[],[],['8484'],1,0
23.6699,117.5981,24.82079352318617,3.416149068322981,,6,7,3.055446,3.015678,[],[],['8486'],1,0
17.4095,107.5959,7.833368101188108,2.257142857142857,,35,42,126.950641,129.113664,[],[],['8484'],1,0
22.2046,114.46,18.069268734317628,3.5772277227722773,,14,18,10.473662,14.70458,[],[],['8486'],1,0
29.9496,126.5515,5.725516195822314,3.25,,269,265,329.580594,324.787469,[],[],['21796'],1,0
10.5763,108.9085,11.24376127094686,2.6133333333333333,,3,10,153.663766,141.238531,[],[],['8484'],1,0
11.0242,108.552,5.922013124661351,3.225,,9,9,119.219477,113.393102,[],[],['8484'],1,0
3.5109,5.3915,6.591178893641866,0.8535714311126085,,113,106,19.977969,17.551697,[],[],['8474'],1,0
30.0796,126.2203,8.6270175389797,2.9875,,297,289,300.957281,306.093094,[],[],['8487'],1,0
9.937,106.8776,5.241016974559925,2.9833333333333334,,18,19,39.660484,34.702504,[],[],['8484'],1,0
10.3014,107.1014,7.046434210394157,2.5336633663366324,,3,4,4.580354000000001,6.239463,[],[],['8484'],1,0
20.832,113.7048,4.434506787164145,2.8285714285714283,,117,116,110.633781,112.06032,[],[],['8486'],1,0
2.5021,167.9301,5.180698527864352,1.6045454545454545,,246,244,354.78625,357.256406,[],[],['8318'],1,0
20.7103,106.8455,22.316985412643533,2.055172413793103,,2,7,4.568217,6.177416,['8484'],[],['8484'],1,0
33.764,123.5034,6.683173729362564,7.276923098930946,,152,146,155.64970300000002,149.994,[],[],['8327'],1,0
18.8984,-16.9635,24.90349195610386,2.292666675448417,,72,59,127.851594,146.740562,[],[],['8369'],1,0
21.6894,112.0867,40.13276714656179,3.63826530612245,,3,3,4.554459,3.099014,[],[],['8486'],1,0
21.7151,112.0665,49.702817279133285,2.2955089820359285,,7,6,7.63019,10.060735,[],[],['8486'],1,0
11.1877,109.1263,96.56038697041848,3.3683333333333327,,39,9,105.208578,41.500754,[],[],['8484'],1,0
9.9295,103.899,13.824728885868891,2.3748768472906416,,12,5,90.211859,92.099727,[],[],['8484'],1,0
22.1328,114.5549,12.622589604969772,4.054838709677419,,18,29,4.565542000000001,14.046807,[],[],['8486'],1,0
36.2136,123.3805,26.073182101720164,2.8950000000000005,,118,102,109.797164,95.891719,[],[],['8486'],1,0
-5.3493,-131.7373,107.77260832713924,3.906513409961684,,862,934,887.464562,959.848875,[],['63203'],[],1,0
10.2561,107.1341,62.99575271695242,3.012500000000001,,8,8,1.094203,15.59768,[],[],['8484'],1,0
33.6259,122.4645,4.7097577954956495,1.559090909090909,,161,163,131.097234,132.593109,[],[],['8486'],1,0
32.5383,127.4533,22.27954861001029,2.5948275862068964,,98,95,118.857242,104.144883,[],[],['21796'],1,0
20.5534,112.8919,10.35752854391043,2.42,,115,114,117.871188,115.810148,[],[],['8486'],1,0
60.3421,-62.6,4.288884348794289,5.364285741533552,,86,89,423.704281,427.969406,[],[],['8493'],1,0
5.592,100.09,7.803677555837838,1.9178082191780816,,11,16,10.504301,10.205213,[],[],['8483'],1,0
35.0011,128.9827,30.592864693086856,3.3325892835855453,,7,4,5.068751,2.731898,[],[],['8327'],1,0
33.9758,123.1725,16.254127654844932,9.73913043478261,,183,169,187.542266,173.300781,[],[],"['8327', '8486']",1,0
-18.3078,178.1997,10.057371270872542,3.4666666666666663,,4,8,21.133486,26.037793,[],[],['8325'],1,0
35.2193,123.5196,4.505471622457523,3.0,,162,163,162.833109,164.430531,[],[],['8327'],1,0
35.1589,122.8222,49.921781033820274,3.372727272727273,,203,174,187.209562,170.997375,[],[],['8486'],1,0
35.3198,123.745,6.475780895590782,2.842857142857143,,148,149,148.492422,150.282094,[],[],['8327'],1,0
5.7451,78.9682,35.92305615974751,2.290909090126404,,135,125,147.333,139.118734,[],[],['8346'],1,0
-13.2338,-122.946,4.292196264205535,1.134444464577569,,1279,1281,1512.766875,1515.29725,[],['63203'],[],1,0
20.8389,112.8333,26.296419257491763,2.903030303030303,,88,80,91.890266,82.342969,[],[],['8486'],1,0
22.0413,113.9458,18.10975533045928,1.385294117647059,,2,1,1.111949,0.0,[],[],['8486'],1,0
36.569,124.2517,12.817103053698071,2.527272727272727,,118,118,151.499891,139.771031,[],[],['8327'],1,0
19.9513,-17.2924,43.51709262491568,3.4970588180072166,,76,71,95.008195,86.633891,[],[],['8369'],1,0
22.4167,117.8698,10.021516820326331,3.0166666666666666,,132,137,65.471895,62.681816,[],[],['8486'],1,0
20.6382,113.716,6.692938643455007,3.0500000000000003,,137,135,132.742266,130.935758,[],[],['8486'],1,0
34.4787,127.6717,37.54084100964863,2.3486707539798544,,9,3,12.864508,5.853804,[],[],['8327'],1,0
9.672,107.0612,7.558108964166046,2.8857142857142857,,44,49,62.269156,60.135082,[],[],['8484'],1,0
21.6718,112.2598,54.59689369671735,2.5169642857142853,,7,3,7.783645000000001,5.311063,[],[],['8486'],1,0
34.6482,123.2267,16.948366118284323,2.614285714285714,,179,178,180.462641,179.279438,[],[],['8327'],1,0
21.8771,114.4531,17.40270596201687,3.3620689634619088,,25,25,19.015352,15.703331,['8486'],[],['8486'],1,0
13.0028,84.5909,9.696844511871848,1.5121212121212124,,461,463,449.081281,451.039531,[],['63203'],[],1,0
13.0438,84.6795,6.14208023827011,1.5156250190921128,,467,465,458.548812,460.543312,[],['63203'],[],1,1
19.1847,107.8934,9.102482954282642,1.738095238095238,,78,72,71.646539,65.726641,[],[],['8486'],1,0
21.18,110.7565,7.842019449797889,4.040000000000001,,14,15,12.406107,12.621039,[],[],['8486'],1,0
6.0423,-23.6983,46.279761319675394,4.490909098622638,,996,952,1007.767188,963.148625,[],['63203'],[],1,0
21.7061,114.7239,12.24308962737062,3.805263157894737,,60,57,47.86518,44.130758,[],[],['8486'],1,0
11.3323,109.1058,51.71886796834749,3.353333333333333,,16,12,73.783773,51.253895,[],[],['8484'],1,0
8.0456,107.0245,14.337081205844228,2.6492063492063487,,84,72,250.188578,236.845203,[],[],['8484'],1,0
8.4294,107.0896,11.046401271664234,5.500000000000001,,48,49,205.710609,198.036406,[],[],['8484'],1,0
8.245,107.0968,3.19690093447509,2.5244444444444443,,63,61,221.321438,217.986266,[],[],['8484'],1,0
32.5233,126.9438,16.047538572577505,2.982608695652173,,93,81,93.409812,82.341734,[],[],['8327'],1,0
8.1038,107.0906,21.86407523057558,5.146753246753247,,77,75,239.079172,234.685469,[],[],['8484'],1,0
4.5178,100.4083,140.64866863886036,2.43138888888889,,29,14,33.427691,15.513373,[],[],['8483'],1,0
10.4151,-52.0567,45.586965677415314,4.6571428639548165,,541,562,579.869125,594.69925,[],['63203'],[],1,0
69.6242,1.2052,250.0172931502164,3.4469551260654745,,378,380,479.573906,497.429562,[],['63203'],[],1,1
16.852,65.9717,4.267355767685106,0.8032258064516129,,642,639,568.0135,564.051625,[],['63203'],[],1,1
21.1627,114.7401,49.16814786724446,3.2600000037087336,,106,105,107.08818,96.031023,[],[],['8486'],1,0
21.3647,109.4057,44.52508816229125,2.7145985401459862,,12,8,13.272611,6.9855290000000005,['8486'],[],['8486'],1,0
18.0438,110.3426,11.462139848878666,3.527272727272728,,49,51,64.913574,71.850852,[],[],['8486'],1,0
34.0015,122.5013,16.179050125796195,3.1632653061224487,,181,187,148.705359,158.515938,[],[],['8486'],1,0
-9.0543,-18.9355,76.51403648422483,3.1773480720282925,,526,500,528.631438,501.371594,[],['63203'],[],1,0
35.2159,122.18,31.05982876702515,4.322727272727273,,143,134,125.876281,119.472664,[],[],['8486'],1,0
-23.6969,-11.8937,98.53513542226408,4.308214293154219,,1103,1041,1115.753,1054.2525,[],['63203'],[],1,0
26.5641,120.0765,1.496247438737201,0.6181818181818182,,3,3,1.989203,1.491837,[],[],['8486'],1,0
20.8092,112.8287,34.60531462695665,3.08,,89,81,92.576703,82.447281,[],[],['8486'],1,0
5.9198,78.902,3.680759022303671,1.45,,131,130,139.17690599999997,137.369734,[],[],['8346'],1,0
31.7765,126.134,13.193452147974464,3.3769230769230774,,157,152,161.625,155.955031,[],[],['8327'],1,0
34.3459,-7.9045,6.093122287470378,0.6249999999999998,,82,85,74.626391,78.840727,[],[],['8367'],1,0
3.26,145.4629,33.52439798918737,6.903333333333333,,438,446,599.004188,602.316125,[],['63203'],[],1,0
20.3124,112.8604,21.695474263581,3.152380947271983,,140,141,143.81679699999998,142.70775,[],[],['8486'],1,0
4.6298,100.4924,37.8502986554828,3.091071428571428,,12,5,16.957898,10.236862,[],[],['8483'],1,0
25.0866,119.318,16.834788190680264,4.261616161616162,,9,4,11.522396,9.703717,[],[],['8486'],1,0
10.5317,108.7373,18.925865276241225,2.349751243781096,,23,18,160.456797,153.88465599999998,[],[],['8484'],1,0
8.2522,-13.3838,35.24768438301544,3.5664999987185,,12,18,32.915367,11.119492,['8390'],[],['8390'],1,0
20.668,113.7401,12.330969286603374,3.5454545454545454,,135,131,130.310562,129.498797,[],[],['8486'],1,0
21.7922,115.1128,11.27155261525306,2.1481481481481484,,86,81,73.546141,71.618539,[],[],['8486'],1,0
32.4007,126.9209,21.392963861416003,2.985,,104,95,104.721609,95.461328,[],[],['8327'],1,0
21.6808,115.0971,11.905505222924386,3.984615384615385,,90,92,76.075945,77.36492999999999,[],[],['8486'],1,0
20.826,112.8733,7.998713911844156,2.907692304024329,,85,80,87.85010199999999,82.31035899999999,[],[],['8486'],1,0
12.6945,-175.6141,70.06994004359525,3.594690261161431,,815,775,1529.957125,1569.8295,[],['63203'],[],1,0
11.2287,109.1355,92.73767549685542,3.457692307692308,,35,13,102.174484,45.126352,[],[],['8484'],1,0
20.4935,112.8423,9.668576953584749,2.7941176470588243,,122,118,124.555609,121.206906,[],[],['8486'],1,0
38.062,120.105,24.230366631656604,4.373770491803279,,41,42,20.412533,27.224381,[],[],['8486'],1,0
38.0676,120.1182,23.33670879693775,4.135135135135135,,39,43,25.265219,26.467391,[],[],['8486'],1,0
60.0792,168.4609,201.7789398876176,4.165359495901595,,55,48,115.972477,136.126953,[],[],['5690'],1,0
-1.8303,9.0885,35.60790699643722,4.066666666666666,,30,13,55.607602,40.285594,['8476'],[],['8476'],1,0
30.0933,126.2876,8.161414027166348,3.2875,,291,284,306.905875,311.44203100000004,[],[],"['21796', '8487']",1,0
22.2888,114.183,8.132515672732522,3.11,,0,0,0.0,0.0,[],[],['8486'],1,0
1.7905,106.8999,6.267514066548993,2.480000009536743,,65,66,173.72835899999998,175.03542199999998,[],[],['8492'],1,0
22.7013,120.2416,14.001085243732431,2.8529411764705888,,2,0,1.111949,1.111949,[],[],['8321'],1,0
20.7671,113.504,113.00614198601352,3.4284810189959374,,116,107,116.539422,100.569617,[],[],['8486'],1,0
21.7237,114.5665,14.256494834386864,2.0975,,43,49,35.954512,37.689391,[],[],['8486'],1,0
9.8318,107.0826,8.413415083971579,1.7714285714285714,,37,45,44.477969,43.710227,[],[],['8484'],1,0
21.4692,111.9263,51.33222864420356,3.650000000000001,,17,9,5.655271,8.955487999999999,[],[],['8486'],1,0
34.6335,121.9073,7.393180930419936,3.5571428571428574,,153,155,132.421641,134.864594,[],[],['8486'],1,0
27.1511,133.5062,14.7818765644316,2.140625,,249,258,252.677156,261.438469,[],[],['8487'],1,0
3.6117,166.9703,8.656067354360632,1.9693333288828536,,221,215,457.032781,463.748094,[],[],['8318'],1,0
35.6426,122.097,31.33058405075335,3.2531250000000007,,115,108,99.299547,83.208844,[],[],['8486'],1,0
22.2065,114.8737,12.37081385596191,3.963265306122449,,33,33,25.595516,24.468482,['8486'],[],['8486'],1,0
21.5198,112.393,28.142355798834256,2.466666666666667,,16,8,16.889072,6.75137,[],[],['8486'],1,0
21.3002,114.0738,16.207800085858132,3.377777777777777,,62,60,72.343211,70.443242,[],[],['8486'],1,0
3.0223,100.3603,43.95818811510986,2.4313432835820894,,25,23,95.335523,83.977789,[],[],['8492'],1,0
34.6753,121.5449,48.38607058882658,3.5895833333333336,,103,138,83.585023,119.149781,[],[],['8486'],1,0
34.9267,128.8056,11.91497262361602,2.1541666666666663,,4,4,0.0,3.4581280000000003,[],[],['8327'],1,0
36.3003,124.3643,47.54802255609582,3.5019230769230765,,123,107,146.407328,145.27746900000002,[],[],['8327'],1,0
20.2507,-17.3001,52.20611659901726,3.665,,67,63,63.301832000000005,61.21507,[],[],['8369'],1,0
22.1931,117.7076,20.7872947605905,6.66,,145,147,94.151,90.746484,[],[],['8486'],1,0
50.1146,-5.7637,6.568778463050674,3.912499994039536,,4,4,14.978443,16.037556000000002,['5696'],[],['5696'],1,0
4.6493,100.5401,43.93375628522119,2.861320754716981,,10,2,14.79077,4.969377000000001,[],[],['8483'],1,0
10.5871,108.9075,12.707049062234171,3.2170454545454543,,3,13,151.475531,139.251203,[],[],['8484'],1,0
22.3889,120.3339,9.85598991245014,3.0324324324324325,,5,5,5.654002,4.542882,[],[],['8321'],1,0
27.3233,49.3708,12.021581018745668,3.0457142857142863,,4,6,28.738408,25.902752,[],[],['8356'],1,0
34.0215,122.5006,7.577510086976555,3.6625,,181,185,149.81895300000002,154.680484,[],[],['8486'],1,0
21.717,112.1162,37.55558540472104,3.8222222222222215,,5,1,5.311956,3.291957,[],[],['8486'],1,0
24.0939,117.9549,3.8449629281226216,3.778048780487805,,5,5,5.918692,4.56211,[],[],['8486'],1,0
31.3475,124.9064,6.931481607033349,7.4,,206,214,176.51867199999998,183.925891,[],[],['8486'],1,0
34.4756,127.668,29.906952789575524,2.2513513513513512,,9,5,12.090148,7.215536,[],[],['8327'],1,0
13.3056,150.4972,11.467495921477273,7.16,,479,480,550.606875,560.5546879999999,[],['63203'],[],1,0
3.0821,146.624,35.59448851580691,7.236363636363637,,440,453,563.7005,564.871312,[],['63203'],[],1,0
20.8983,113.8364,174.5811762634496,2.8572625739947397,,124,92,122.639742,102.487539,[],[],['8486'],1,0
21.7442,119.6351,18.018557509622227,6.233333333333333,,106,90,109.18118,92.974461,[],[],['8321'],1,0
43.8481,-8.3578,9.319181817728484,2.872499989718198,,27,27,31.927441,30.794490000000003,[],[],['5693'],1,0
29.2742,125.8663,1.0163328712506323,1.0634615384615385,,278,278,300.108781,300.108781,[],[],['8487'],1,0
43.6788,-8.9342,1.7367545940722726,1.7600000001490117,,35,35,36.314824,36.4845,[],[],['5693'],1,0
49.8438,-5.7482,3.2634984975028294,2.939999985694885,,23,21,30.981475,28.961371,['5696'],[],['5696'],1,0
34.4594,122.6193,69.28254193192366,3.93360655737705,,198,220,177.600234,205.190984,[],[],['8486'],1,0
21.4015,111.5357,3.779484391175589,1.6111111111111112,,13,11,13.198034,14.215503,[],[],['8486'],1,0
23.0054,120.0902,5.1788148692210605,2.484375000000001,,3,1,6.241404999999999,5.580082999999999,[],[],['8321'],1,0
22.1356,114.5575,15.55410508839032,4.312903225806451,,17,30,4.447797,16.387490000000003,[],[],['8486'],1,0
17.6375,107.5196,3.40133744067626,3.0,,53,56,110.699227,110.676469,[],[],['8484'],1,0
-4.0095,-179.0732,162.6724386503938,5.273493962295085,,428,487,507.162531,565.503625,[],['63203'],[],1,0
21.6921,112.0581,4.404932162217704,3.3550000000000004,,5,7,6.586954,7.589791,[],[],['8486'],1,0
13.4835,156.2498,92.6108537882592,3.570334928229664,,602,648,743.910062,766.019812,[],['63203'],[],1,0
37.8899,121.7514,8.905284346382981,5.033333333333334,,38,44,27.292668000000003,33.476254,[],[],['8486'],1,0
17.3892,116.5079,18.59162211441408,1.7106060606060614,,368,359,403.698656,396.733719,[],[],"['8322', '8321']",1,0
20.6494,113.8848,16.280324239973982,2.2777777777777777,,137,131,139.591547,136.2905,[],[],['8486'],1,0
22.305,115.0112,27.89582826748074,2.7966666666666677,,34,27,28.702768,24.306584,['8486'],[],['8486'],1,0
44.8356,-124.2611,9.073052131542257,2.219999986886978,,17,14,26.776146,30.615459,['8456'],[],['8456'],1,0
22.4573,114.6078,3.868311158265059,3.575,,3,0,2.055356,1.514093,[],[],['8486'],1,0
22.458,117.8351,27.184482679702725,5.933333333333333,,126,131,69.586031,52.422344,[],[],['8486'],1,0
20.5473,112.8107,8.470419370345795,2.717647058823529,,115,114,118.030914,116.828414,[],[],['8486'],1,0
20.1672,110.3537,16.688062685817254,1.9447916666666665,,7,8,6.953378,7.370221,[],[],['8486'],1,0
21.4,109.6271,41.532720068922615,3.764606741573035,,17,8,0.0,6.824835,['8486'],[],['8486'],1,0
20.3681,111.69,30.055667204193096,2.9173913043478263,,59,63,108.943672,105.966156,['8486'],[],['8486'],1,0
19.1217,108.5497,4.940026692329647,1.75,,7,7,1.050672,1.111949,['8486'],[],['8486'],1,0
19.0813,65.5935,1.068061449732223,0.9999999900658924,,494,493,489.289969,487.7675,[],['63203'],[],1,1
49.6812,-124.2039,1.0314344877183232,2.618181857195768,,0,1,4.943491,3.63269,[],[],['8493'],1,0
39.0194,141.906,4.0456000111059405,3.4333333333333336,,5,6,14.518562,16.559514,['8487'],[],['8487'],1,0
20.6363,113.7155,6.865681622523722,3.4299999999999997,,137,135,132.742266,130.935758,[],[],['8486'],1,0
23.0027,120.0956,4.559638762165756,2.6388888888888884,,3,1,6.241404999999999,5.580082999999999,[],[],['8321'],1,0
22.8793,120.1494,19.100427660255267,2.5575757575757576,,4,2,4.246762,6.352621,[],[],['8321'],1,0
13.1074,74.7082,20.62971251316412,3.3933333333333326,,10,2,4.577855,23.451191,['8480'],[],['8480'],1,0
18.3812,108.2753,3.5923583302970243,3.711538461538461,,46,44,45.789445,43.599469,[],[],['8486'],1,0
11.0876,108.7526,11.047715969256824,2.3060606161527555,,11,9,102.021531,96.583008,[],[],['8484'],1,0
35.2725,121.6879,21.848779825296056,3.3125,,106,93,86.385078,76.101641,[],[],['8486'],1,0
35.2543,129.285,5.168672038156397,2.291666640175714,,3,4,1.435587,2.723856,['8327'],[],['8327'],1,0
-34.3728,18.0393,11.88865666945927,3.804938289854262,,37,30,45.52257,36.950477,[],[],['8396'],1,0
34.815,121.9505,13.599908862148585,4.96,,156,158,135.254156,137.877938,[],[],['8486'],1,0
30.112,124.6813,33.297294545152866,4.914285714285714,,173,171,163.220469,157.31795300000002,[],[],['8486'],1,0
20.4952,112.8532,16.19697436418915,2.645161278786197,,123,118,125.654555,121.202469,[],[],['8486'],1,0
22.7223,113.7297,10.645990611097943,3.5621621621621617,,4,2,0.0,1.025591,[],[],['8486'],1,0
-13.6802,152.0967,41.87069352933754,9.072000007629391,,284,262,425.549375,416.824875,[],[],['8324'],1,0
57.5276,156.8678,2.0670891974902106,2.6681818040934475,,7,6,132.791312,132.65496900000002,['5690'],[],['5690'],1,0
17.2202,116.59,15.9669064563443,3.7545454502105713,,358,346,391.896625,381.185375,[],[],['8322'],1,0
12.5073,100.5879,21.91792657012628,1.9631578947368424,,37,22,37.657789,29.75475,['8332'],[],['8332'],1,0
21.9704,113.3688,31.183922448030447,3.055555555555556,,4,7,2.451438,1.111949,[],[],['8486'],1,0
36.4011,124.3456,3.4308627579882507,2.6142857142857143,,113,111,150.084953,149.885922,[],[],['8327'],1,0
10.21,107.2313,3.590379996190898,1.6666666666666667,,20,18,18.900221,19.728572,[],[],['8484'],1,0
10.1832,107.1645,14.882481517493982,1.0449275362318842,,17,20,10.37104,15.953341,[],[],['8484'],1,0
10.2866,107.1634,55.148851577364375,2.4333333333333327,,6,8,3.964918,14.8511,[],[],['8484'],1,0
10.0969,107.152,9.370220522785486,0.9227272727272728,,25,27,15.877091,19.530934,[],[],['8484'],1,0
61.8441,-179.0142,7.110016941153639,3.7981131909028543,,108,108,157.624375,154.749828,[],[],['5690'],1,0
10.2672,107.158,57.67505655191807,2.588737201365188,,7,10,1.560024,17.967333999999997,[],[],['8484'],1,0
54.8362,-165.0756,6.880287001644731,2.9093750044703484,,25,28,58.554445,60.074523,[],[],['8463'],1,0
22.3951,113.6919,15.088962480449288,4.204347826086955,,4,5,2.337837,1.027974,[],[],['8486'],1,0
34.7446,128.1948,45.099438694047805,4.42403846153846,,4,4,10.295419,13.40515,[],[],['8327'],1,0
1.1174,147.5514,39.45693505132184,8.92142857142857,,301,329,351.982344,362.327125,[],[],['8324'],1,0
60.0802,168.4077,9.82783112210602,3.7373134182460266,,54,53,119.203188,128.733945,[],[],['5690'],1,0
35.3169,140.4244,11.722522258234886,2.0187500000000003,,0,3,18.992254,22.789742,['8487'],[],['8487'],1,0
21.6575,112.1609,57.78982753176952,2.602768166089967,,2,5,1.518251,5.31084,[],[],['8486'],1,0
21.4009,111.5533,9.124156243120884,5.05,,13,12,14.177255,11.864996,[],[],['8486'],1,0
34.9942,128.7079,0.959359611889404,0.4333333333333333,,1,1,2.7329,2.950299,[],[],['8327'],1,0
33.3646,123.5864,1.8257327134040156,0.9266666666666666,,160,159,162.615234,161.26867199999998,[],[],['8327'],1,0
34.7413,121.4451,71.77107705829158,3.6134615384615385,,88,143,73.77375,122.598188,[],[],['8486'],1,0
8.4517,105.8779,7.135403170521087,3.2750000000000004,,71,72,215.133953,214.302078,['8484'],[],['8484'],1,0
8.3114,106.8269,3.075891344771557,2.5,,42,41,215.84,213.298859,[],[],['8484'],1,0
7.9413,107.0496,36.71292070711181,2.655855852848774,,111,80,279.099281,243.516891,[],[],['8484'],1,0
8.1778,107.0406,0.5512751127548147,0.9926829268292676,,65,65,227.949594,227.949594,[],[],['8484'],1,0
14.7386,150.8138,66.93077938237766,3.579674796747967,,531,532,546.676312,553.468375,[],['63203'],[],1,0
21.6221,112.1548,13.820391947903174,2.521153846153846,,2,4,2.347562,4.694997,[],[],['8486'],1,0
12.4835,109.5952,4.548692198252723,2.35,,21,20,33.821504,34.757394999999995,['8484'],[],['8484'],1,0
-34.4441,115.1882,26.733227169419685,3.1900000000000004,,11,10,92.333172,88.152828,['8323'],[],['8323'],1,0
34.8479,128.7657,7.975528457093738,2.3487804878048784,,2,3,1.438481,0.0,[],[],['8327'],1,0
-14.5468,80.7428,10.698714107754716,4.471428537368774,,1202,1198,1216.9175,1212.027875,[],['63203'],[],1,0
29.9493,126.5347,6.786733674691568,3.257142857142857,,271,265,331.721062,326.218156,[],[],['21796'],1,0
31.6965,123.2035,10.508104646868432,3.7,,101,110,65.337531,73.305211,[],[],['8486'],1,0
19.1744,108.5649,11.879625849204857,2.03,,8,5,3.059373,5.450769,['8486'],[],['8486'],1,0
34.6127,124.0794,4.608544537721811,2.846153846153846,,102,100,102.859812,101.632383,[],[],['8327'],1,0
38.9295,118.442,3.607113603898085,1.424,,6,6,0.8651230000000001,0.8648790000000001,['8486'],[],['8486'],1,0
4.6314,100.4923,38.70878919417897,3.0032679738562096,,12,5,16.957898,9.419082,[],[],['8483'],1,0
19.7254,108.9849,25.676222258633363,2.9164383561643827,,15,14,6.280419,2.223899,['8486'],[],['8486'],1,0
34.7426,123.1623,4.505663207667432,2.2375,,185,184,185.647938,184.831266,[],[],['8327'],1,0
19.2065,105.785,2.314861328629629,2.3181818181818183,,4,4,11.885945,10.49136,['8484'],[],['8484'],1,0
-4.46,113.8652,5.595835970322359,3.3000000000000003,,88,86,101.837305,100.450875,[],[],['8492'],1,0
22.6606,114.6393,5.326534850456954,2.0516129032258057,,3,5,1.026115,0.0,[],[],['8486'],1,0
32.2307,127.2401,6.803493446650997,2.256666666666667,,107,106,131.09253099999998,128.097852,[],[],['21796'],1,0
-43.9523,179.8292,30.554075093853765,3.875144486482432,,276,251,496.264281,509.548656,[],[],['8455'],1,0
36.576,123.6884,36.814518637183774,2.067924528301887,,115,107,111.012711,104.908789,[],[],['8486'],1,0
61.0682,-179.3818,10.43656957918743,3.2182926753672145,,160,156,231.945156,226.08271900000005,[],[],['5690'],1,0
39.1006,123.689,42.55555758173142,3.284397163120566,,43,50,39.89641,48.305863,[],[],['8486'],1,0
34.9891,128.7213,1.6118274274136255,1.98,,1,1,3.643867,3.643867,[],[],['8327'],1,0
34.1179,122.5338,0.7522180310308264,1.7818181818181815,,190,191,161.291203,162.050672,[],[],['8486'],1,0
11.0609,108.5237,21.597388642849683,2.955882352941176,,3,7,119.432633,111.296125,[],[],['8484'],1,0
14.495,110.1376,2.8167388214449485,1.933333333333333,,104,107,122.730047,126.513914,[],[],['8484'],1,0
34.4166,122.6959,43.21376028362061,3.718421061101712,,205,221,181.279609,203.507688,[],[],['8486'],1,0
35.1429,129.2088,15.844867750557215,2.436956521739131,,4,3,4.309309,5.5597460000000005,['8327'],[],['8327'],1,0
-10.6619,145.5032,45.174931563160655,8.789473684210524,,181,183,238.214109,199.428406,[],[],['8324'],1,0
-12.5384,-118.142,121.49914430702496,3.846645360461438,,1467,1562,1828.695375,1885.095125,[],['63203'],[],1,0
20.561,109.7938,5.591068315043845,2.4187500000000006,,3,2,4.31052,3.83421,['8486'],[],['8486'],1,0
34.711,127.7974,12.894468409147953,3.412643693644424,,2,2,1.439465,0.0,[],[],['8327'],1,0
11.3949,109.1881,36.59390893083546,2.858064516129032,,22,12,74.500602,44.030754,[],[],['8484'],1,0
21.8484,114.469,25.421877550048983,3.6086206896551727,,29,30,22.262895,19.593934,['8486'],[],['8486'],1,0
21.7238,112.1305,69.345485513432,3.439642857142855,,5,0,6.150563,1.517616,[],[],['8486'],1,0
20.8251,113.7759,13.023994091717675,3.191666666666667,,117,114,114.245906,117.588961,[],[],['8486'],1,0
35.7152,129.6914,2.1320240409701747,1.1486111137395103,,19,19,18.936373,19.07642,['8327'],[],['8327'],1,0
20.696,106.9544,14.445113898480608,1.491428571428572,,8,5,6.179726,5.656179,['8484'],[],['8484'],1,0
-33.3848,131.7768,37.867042688106665,2.8373913043478263,,165,145,237.943719,207.667109,[],[],['8323'],1,0
71.7483,49.8279,28.81485122030702,2.015873010196383,,70,41,103.967344,76.479852,[],[],['5690'],1,0
20.6635,112.748,22.9165506967487,3.5034482758620684,,103,98,105.832547,101.235195,[],[],['8486'],1,0
8.4855,82.1755,14.803775923527638,3.0099999971191083,,86,90,102.358391,103.740961,[],[],['8346'],1,0
17.3078,116.8043,7.501212839511851,2.466666666666667,,336,334,372.696656,371.92725,[],[],['8322'],1,0
4.1405,100.267,105.7164609402386,3.415999999999999,,39,22,34.746105,22.886443,[],[],['8483'],1,0
30.8619,124.8929,25.92306184633821,8.911764705882351,,181,206,154.35075,180.131938,[],[],['8486'],1,0
34.68,123.0757,5.508731635986731,3.45,,193,192,193.886094,192.929453,[],[],['8327'],1,0
21.6004,114.2261,80.81786285129444,3.3921487603305773,,33,20,43.306336,25.657885,['8486'],[],['8486'],1,0
12.9521,109.945,67.90238972665965,3.5999999999999988,,51,62,71.603547,104.043406,[],[],['8484'],1,0
20.8515,113.6001,60.65842714071444,3.153846153846154,,98,109,98.510734,106.669211,[],[],['8486'],1,0
20.8558,113.6517,105.5479277037118,3.247674418604652,,96,105,97.010453,111.307969,[],[],['8486'],1,0
59.607,166.3913,4.519227016260328,3.691891915089376,,25,23,77.240102,75.50057799999999,['5690'],[],['5690'],1,0
20.1587,112.9126,9.38697664317204,2.555555555555556,,157,158,160.124062,160.457359,[],[],['8486'],1,0
21.8365,113.903,63.96967716700858,2.9603448275862068,,12,3,14.487833,8.955223,[],[],['8486'],1,0
28.2992,-12.1325,23.219488834540613,2.6500000000000004,,22,22,92.333766,69.256367,[],[],['8367'],1,0
29.3452,48.4508,6.982210036728034,2.0444444444444447,,7,11,23.248311,27.687326,['8357'],[],['8357'],1,0
19.1819,108.0543,24.389319988745918,3.9424242424242415,,65,49,58.842758,43.815066,[],[],['8486'],1,0
17.5058,-70.6169,33.03328612607094,1.399999976158142,,72,68,89.278734,70.443305,[],[],['8409'],1,0
9.5965,107.037,3.0940526355009523,1.225,,46,49,70.061359,70.05280499999999,[],[],['8484'],1,0
34.8619,124.0755,5.6853669227622525,2.900000035762787,,103,103,103.848852,104.023984,[],[],['8327'],1,0
22.3024,114.9919,26.91382804243076,2.709523809523809,,31,25,25.691111,21.465695,[],[],['8486'],1,0
2.1554,148.1144,92.7596291304303,3.7340425506709742,,416,413,468.176094,499.350125,[],['63203'],[],1,0
19.6763,108.9874,14.804765953853174,1.4192307692307695,,8,10,8.480165999999999,3.335848,['8486'],[],['8486'],1,0
17.4255,107.5892,7.441375034467871,2.61764705882353,,35,42,126.416023,127.677008,[],[],['8484'],1,0
29.7709,125.3384,21.09385587629773,3.3566666666666665,,243,245,233.983641,236.11125,[],[],['8486'],1,0
31.2106,123.8938,10.403709317669923,3.35,,112,119,84.449961,92.684531,[],[],['8486'],1,0
12.5197,109.5967,5.824070964778983,2.6428571428571432,,20,18,34.740273,35.371145,['8484'],[],['8484'],1,0
34.5799,135.0359,5.474623635738628,4.136842105263159,,2,2,2.404969,1.830792,[],[],['8487'],1,0
-45.2452,-60.2222,1.8980961461604369,0.5163934460428894,,389,388,432.704375,432.556688,[],['63203'],[],1,1
45.1907,-124.1223,2.417150308931064,3.242857161022368,,11,11,45.32675,43.260004,['8456'],[],['8456'],1,0
12.5167,109.6,6.5983872635540965,2.4875,,20,18,34.740273,35.371145,['8484'],[],['8484'],1,0
22.0776,115.4114,56.88400247445793,3.6624161073825503,,74,58,68.192617,56.85832,[],[],['8486'],1,0
34.6046,128.2556,3.0691608992873367,1.1428571428571428,,2,2,3.804952,2.404801,[],[],['8327'],1,0
12.5218,109.457,6.304176218006878,2.909090909090909,,7,4,18.488883,20.646773,['8484'],[],['8484'],1,0
35.3118,140.4245,12.225573420751411,2.060606060606061,,1,2,19.443061,21.819988,['8487'],[],['8487'],1,0
20.5176,112.8391,12.375011185341643,3.031818181818182,,122,115,124.577227,117.884891,[],[],['8486'],1,0
19.1328,108.5394,9.988316981385717,1.9285714285714288,,9,7,2.101216,2.223899,['8486'],[],['8486'],1,0
30.1753,125.6467,0.9934685827284316,2.1781065088757394,,262,263,246.40225,247.046469,[],[],['8486'],1,0
17.0678,109.0848,10.116486349010136,2.4176470588235297,,127,127,133.330812,127.509531,[],[],['8484'],1,0
36.2029,123.0882,23.358121441395813,2.787878787878788,,104,88,93.546727,79.27880499999999,[],[],['8486'],1,0
29.9475,126.5209,7.154324417911886,3.2857142857142856,,273,266,330.837938,327.001625,[],[],['21796'],1,0
19.1345,108.0269,6.790357412188363,2.3,,63,59,56.742,52.631441,[],[],['8486'],1,0
29.8835,125.2663,3.7129290637239247,2.187037037037037,,233,233,223.539031,223.463109,[],[],['8486'],1,0
-17.5062,-71.3663,3.1225914120003315,2.241666628047824,,0,0,0.0,1.060485,[],[],['8432'],1,0
23.0466,116.8576,45.5284234089863,3.3576923076923086,,26,20,22.413238,15.834599,['8486'],[],['8486'],1,0
34.5557,121.7401,12.623105828334731,3.036363636363636,,134,139,112.968836,118.119008,[],[],['8486'],1,0
10.9605,101.6696,13.05969014461883,2.325,,123,112,182.392188,173.33634400000005,[],[],['8332'],1,0
21.7749,113.0686,7.04637041657015,3.891666666666666,,12,5,6.926131000000001,4.129428,[],[],['8486'],1,0
37.2798,137.2305,12.116433932625524,3.827272727272727,,5,2,4.786868999999999,1.7690519999999998,[],[],['8487'],1,0
20.7173,112.6782,16.700251974341725,3.0037037037037035,,101,90,101.617,94.371258,[],[],['8486'],1,0
21.7655,113.0718,15.659043282673265,1.531192660550459,,12,5,6.926131000000001,4.551672,[],[],['8486'],1,0
11.0183,-24.6475,15.516766247588231,4.423809506826932,,420,419,433.726531,433.146156,[],['63203'],[],1,0
34.6093,128.04,4.994628677299044,3.5103448506059323,,11,10,2.1417330000000003,4.709312,[],[],['8327'],1,0
35.0069,128.9926,13.158611848636188,2.994354842074455,,5,5,5.63382,2.7322330000000004,[],[],['8327'],1,0
38.9962,118.121,10.79374624212386,1.673399014778325,,14,7,0.0,5.626493,['8486'],[],['8486'],1,0
4.6831,169.513,5.631251471665956,2.1407407407407404,,83,85,336.49493800000005,332.49753100000004,[],[],['8318'],1,0
-12.6121,67.3865,26.209261206686275,7.399999999999999,,791,768,816.837125,792.197312,[],['63203'],[],1,1
30.0424,123.4138,34.37462168267731,3.564516129032259,,56,64,43.388496,51.400367,[],[],['8486'],1,0
-19.1425,-124.3331,3.300866770140149,2.883333330353101,,612,613,885.267375,886.7956879999999,[],['63203'],[],1,0
10.0247,103.9535,48.78988056591145,4.186686390532544,,7,4,84.995312,83.56510899999999,[],[],['8484'],1,0
12.5949,109.5118,3.5182532758676275,2.327272727272727,,8,6,27.329123,28.846525,['8484'],[],['8484'],1,0
20.6758,112.7737,23.380031268062453,3.4399999999999995,,103,100,105.832547,102.299328,[],[],['8486'],1,0
20.7518,112.6225,11.354684170908286,2.685714285714285,,96,90,97.188742,92.024805,[],[],['8486'],1,0
5.6863,79.0398,5.402532540523142,1.425,,127,124,137.913453,136.352547,[],[],['8346'],1,0
2.7993,147.7967,40.76539470108394,6.974999995231628,,468,452,532.365875,554.06775,[],['63203'],[],1,0
20.2604,111.6353,15.497404407690391,2.8131578947368427,,47,53,99.892578,103.791406,['8486'],[],['8486'],1,0
21.5207,112.3362,6.998087783347812,4.933333333333334,,13,15,13.600254,16.886127000000002,[],[],['8486'],1,0
21.5198,112.3832,17.34716967317867,4.813636363636364,,15,7,15.511231,6.929722,[],[],['8486'],1,0
36.0858,126.0244,9.418745283168343,2.707526884973049,,5,5,5.631881,5.503143,[],[],['8327'],1,0
21.1456,110.7101,9.955227327340872,2.926923076923077,,11,13,7.783645000000001,8.895595,[],[],['8486'],1,0
20.2584,108.4947,10.487855874941344,2.749999985098839,,76,82,67.214062,57.929473,[],[],['8486'],1,0
34.4711,122.6283,62.31221529433553,3.844680851063828,,204,222,183.969312,204.752375,[],[],['8486'],1,0
24.8028,149.6579,20.54920735537004,6.322222222222222,,440,440,790.611875,785.13325,[],['63203'],[],1,0
9.8831,-17.1546,28.5214301749439,2.7579545376314365,,178,151,273.799469,252.738188,[],[],['8471'],1,0
11.0368,108.7663,4.614492644238792,4.761538461538461,,15,16,104.083164,102.756898,[],[],['8484'],1,0
20.9043,114.8823,8.098394644976864,3.6166666746139526,,138,141,132.619859,133.697625,[],[],['8486'],1,0
29.4448,-89.2905,0.5268071078323134,0.5818181818181818,,6,6,8.948188,10.054317,['8456'],[],['8456'],1,0
21.6574,114.6411,27.188596228436914,2.7949999999999995,,57,56,47.814297,44.545828,[],[],['8486'],1,0
9.5391,106.5751,9.757846393605952,2.149999999999999,,7,8,93.659766,88.50961699999999,[],[],['8484'],1,0
33.6283,134.4911,16.72503251202496,2.205555555555556,,2,2,30.019893,26.698789,['8487'],[],['8487'],1,0
20.7375,112.7202,15.978180752341077,2.8541666666666665,,96,92,99.08025,95.331141,[],[],['8486'],1,0
71.507,18.964,23.123679048642806,3.738709668959341,,136,138,125.577789,111.955375,[],[],['5686'],1,0
22.4152,114.818,12.099635371256133,1.4384615384615385,,13,11,2.223899,9.250437,[],[],['8486'],1,0
21.4127,112.7111,59.97311455240437,2.7475177304964538,,22,18,22.333883,20.438369,['8486'],[],['8486'],1,0
22.3639,120.3973,11.513811306259516,2.3714285714285714,,2,5,1.0284179999999998,3.803044,[],[],['8321'],1,0
38.9271,118.6788,38.50292359842089,2.495633187772925,,12,6,0.0,1.408592,['8486'],[],['8486'],1,0
20.7525,112.706,11.96383697161913,2.885,,94,91,97.056273,94.524906,[],[],['8486'],1,0
-43.0085,177.2809,2.891416866639397,2.488888888888889,,219,220,275.178094,276.752344,[],[],['8455'],1,0
20.4183,108.8649,15.657362269853309,2.793103448275862,,67,60,44.672504,35.825121,[],[],['8486'],1,0
8.4813,107.1248,7.312802167451972,5.931818181818182,,46,49,196.842547,193.678141,[],[],['8484'],1,0
34.6132,124.0707,3.9977309081050794,2.925,,102,101,102.859812,102.546234,[],[],['8327'],1,0
9.5359,-16.59,51.92707198404071,2.4548051909192807,,188,151,238.344688,192.2765,[],[],['8472'],1,0
35.2761,119.6412,2.1542841071042536,2.289285714285714,,14,15,0.0,0.907728,[],[],['8486'],1,0
36.3209,123.1893,43.15771092873906,2.8651515151515152,,86,86,75.887266,80.316141,[],[],['8486'],1,0
33.1717,126.7632,11.97116795126229,2.641071445707764,,14,11,19.790287,21.852645,['8327'],[],['8327'],1,0
11.1248,108.8192,9.942547108395368,2.6075949367088613,,13,10,93.89025,90.816961,[],[],['8484'],1,0
-32.6607,34.983,56.01083306687074,4.36272400489417,,484,481,491.411969,480.746281,[],['63203'],[],1,0
11.2036,108.9776,60.60586810647141,2.857407407407408,,21,6,94.278742,68.688555,[],[],['8484'],1,0
-2.1061,-108.9912,17.303697661541396,4.145,,1378,1371,1941.190875,1933.246125,[],['63203'],[],1,0
22.3941,120.3437,7.7242325964977665,2.711428571428572,,5,5,4.447797,4.542882,[],[],['8321'],1,0
31.4639,124.2992,8.623241993515318,2.5806451612903225,,159,166,132.801344,139.904062,[],[],['8486'],1,0
22.9222,113.5665,1.9075181076554435,0.93125,,1,1,0.0,0.0,[],[],['8486'],1,0
31.4545,124.3793,5.339913840476802,2.0307692307692307,,166,171,139.045062,144.05428099999995,[],[],['8486'],1,0
22.0694,116.1164,4.603302839065275,2.340909090909091,,81,83,84.906445,86.092906,[],[],['8486'],1,0
19.5785,108.9527,0.8530018413599385,0.8777777777777778,,3,3,16.60167,15.684193,['8486'],[],['8486'],1,0
59.9153,-1.6942,14.982256599882517,2.556149737162386,,22,13,26.603053,14.642673,['5696'],[],['5696'],1,0
21.7079,114.6846,9.961223596116136,2.7666666666666666,,54,56,42.615852,43.680742,[],[],['8486'],1,0
23.0225,120.1009,5.191397906907386,1.2866666666666666,,0,0,6.108809,5.281029,[],[],['8321'],1,0
5.4551,80.1317,7.727785428177216,2.8833333333333333,,63,60,65.246332,62.895055,[],[],['8346'],1,0
20.7616,112.8181,21.116341692762997,3.12,,95,88,98.399453,90.073859,[],[],['8486'],1,0
-11.9617,156.5801,4.097463500871188,1.8647058823529412,,260,258,384.245,383.822125,[],[],['8324'],1,0
36.0936,140.6426,13.924628922339584,2.914814814814816,,2,3,10.009159,10.402903,['8487'],[],['8487'],1,0
22.5739,114.6597,1.616204470649515,2.3125,,2,2,1.026787,1.026712,[],[],['8486'],1,0
12.5814,109.6929,2.626978221702656,1.5714285714285714,,26,27,45.384406000000006,46.924277,[],[],['8484'],1,0
12.5618,149.681,34.92542594500715,5.045,,389,413,518.372812,517.28325,[],['63203'],[],1,0
35.3328,121.7214,64.15115198471571,3.555555555555556,,106,90,86.422484,75.019914,[],[],['8486'],1,0
5.6033,100.0783,10.151313886659157,2.7311475409836063,,14,18,12.375357,10.907802,[],[],['8483'],1,0
34.2036,136.8216,7.316102356898474,1.6108108108108117,,6,5,11.541713,10.707859,['8487'],[],['8487'],1,0
10.2631,107.1324,61.21908429263553,2.724301675977655,,7,8,1.560024,14.8511,[],[],['8484'],1,0
22.5801,114.6519,7.292053724892527,2.25,,1,2,2.449462,0.0,[],[],['8486'],1,0
25.2621,119.8992,4.2751577382680646,3.9047619047619047,,16,14,17.418375,16.125076,['8486'],[],['8486'],1,0
29.982,126.5639,9.298123810548766,3.6,,270,264,328.86806199999995,320.498219,[],[],['21796'],1,0
18.2464,109.4518,11.194782054142578,2.574074070762705,,3,1,1.533557,0.0,[],[],['8486'],1,0
11.0529,108.5141,16.54937894382121,2.7548387096774194,,3,6,119.657086,110.397523,[],[],['8484'],1,0
34.7915,123.8092,5.209614911406702,4.570833333333334,,126,125,127.4255,126.005711,[],[],['8327'],1,0
22.5765,120.1843,22.418708536288648,2.6811320754716985,,13,4,7.525187,1.513134,[],[],['8321'],1,0
12.5645,109.7373,1.497249084102748,1.3285714285714283,,31,32,49.463148,50.717613,[],[],['8484'],1,0
-24.0905,-46.1274,32.22476748411331,2.4816513761467887,,11,18,0.0,13.383451,[],[],['8464'],1,0
22.149,114.353,1.5137389328875868,1.5928571428571427,,8,10,6.360832,8.313145,[],[],['8486'],1,0
11.868,156.2817,158.7094257877491,4.700555553966096,,416,506,549.620688,621.466188,[],['63203'],[],1,0
57.5216,7.4415,69.80794579329495,3.242261912141529,,56,48,55.923188,48.651738,[],[],['5686'],1,0
-13.3518,-122.821,92.39436991959994,3.013855420741211,,1218,1300,1458.90425,1543.15425,[],['63203'],[],1,0
17.4308,107.5858,6.858375577926326,2.558823529411765,,35,42,126.416023,126.242805,[],[],['8484'],1,0
17.5311,107.5212,0.8975610747826814,0.5083333333333334,,44,44,115.30557,115.30557,[],[],['8484'],1,0
12.511,109.533,8.40600240994001,2.9125,,15,12,27.232846,29.001037,['8484'],[],['8484'],1,0
21.1277,110.7132,11.944447887131677,2.362790697674419,,13,13,5.5597460000000005,7.783645000000001,[],[],['8486'],1,0
39.1209,119.0305,8.039074094045747,1.1493333333333335,,10,6,3.445637,0.862312,['8486'],[],['8486'],1,0
35.3924,122.1752,8.981924429000689,2.85925925925926,,131,129,116.19825,116.094891,[],[],['8486'],1,0
20.5355,-17.2548,4.192984488169111,3.817241369444748,,34,32,33.439199,32.004631,[],[],['8369'],1,0
22.342,114.6203,29.828559752277567,2.5090909090909097,,14,13,10.602866,6.797424,[],[],['8486'],1,0
-13.4641,-158.3105,126.70828954299944,3.9587591436947593,,458,426,506.789906,533.926938,[],['63203'],[],1,0
59.7975,156.8536,25.225886185086978,3.807079636945133,,80,92,115.555523,123.682289,[],[],['5690'],1,0
34.2458,122.5859,8.389004859646974,4.811111111111111,,198,201,172.842062,176.383078,[],[],['8486'],1,0
-20.0865,-107.4673,72.57667891642308,4.256962025316456,,773,809,776.939062,812.424688,[],['63203'],[],1,0
37.8541,120.6905,7.351273445640747,1.1933333333333336,,3,4,3.449417,2.223899,['8486'],[],['8486'],1,0
-5.4572,-164.6124,1.55397038644928,0.9433962207920146,,613,614,881.883375,882.771125,[],['63203'],[],1,0
37.1063,-38.1882,22.7257439891606,6.576923113602858,,671,649,676.808688,654.441812,[],['63203'],[],1,0
20.6864,112.6493,19.772552353228463,2.7035714285714287,,103,92,103.665844,95.472,[],[],['8486'],1,0
11.2311,108.9359,71.2888940107846,2.887649402390439,,13,3,86.33925,68.79195299999999,[],[],['8484'],1,0
6.0032,-153.6596,4.697718288712422,2.056250015739352,,599,603,612.641062,616.544625,[],['63203'],[],1,0
11.124,108.7838,2.8906900829209228,0.9506849315068489,,9,9,94.636727,93.167672,[],[],['8484'],1,0
-12.4316,72.3085,24.295248220947418,2.3000000000000003,,559,547,578.587812,566.020312,[],['63203'],[],1,1
23.0258,116.8293,13.237410437450958,3.289473684210526,,27,21,20.000076,15.33322,['8486'],[],['8486'],1,0
20.5966,112.6884,20.816952966481857,3.5500000000000003,,112,104,112.541445,107.069164,[],[],['8486'],1,0
20.9344,113.7558,54.89985953519792,2.8688888888888893,,116,97,108.915477,106.362742,[],[],['8486'],1,0
20.6293,113.7351,9.737780941314572,3.8105263157894727,,139,135,134.868359,132.274812,[],[],['8486'],1,0
36.3125,124.3812,25.407272219155857,2.3769230769230765,,118,108,145.70673399999998,146.392203,[],[],['8327'],1,0
38.5804,120.7174,5.790546759320265,1.725,,26,28,26.907354,28.611303,[],[],['8486'],1,0
20.7834,112.831,29.334258950396062,2.9399999797344205,,94,83,97.18868,84.666914,[],[],['8486'],1,0
-14.7293,-117.7762,99.98424439321036,3.176629770579226,,1280,1348,1636.498125,1625.257125,[],['63203'],[],1,0
10.304,107.054,18.193818339856836,2.453846152012165,,5,2,2.223899,2.223899,[],[],['8484'],1,0
11.031,108.7512,4.532318894069551,4.606666666666667,,16,17,105.550922,104.209102,[],[],['8484'],1,0
-18.7743,170.2413,176.71508555365978,5.729032240759943,,51,117,77.535383,154.330094,[],[],['8313'],1,0
5.618,82.3719,5.090345579435047,5.116666666666666,,122,121,150.891109,151.306609,[],[],['8346'],1,0
-10.6051,153.4213,39.12048503528492,8.170588235294117,,42,70,324.333719,339.506281,[],[],['8324'],1,0
11.1197,108.6992,1.258452497541951,1.2111111111111112,,6,6,98.665742,98.665742,[],[],['8484'],1,0
62.113,-6.2461,30.73185864882345,2.4098484901767785,,16,13,18.787072,24.996176,['8435'],[],['8435'],1,0
34.5618,123.2579,4.726702123854441,2.3796610339213213,,175,175,177.038547,176.041375,[],[],['8327'],1,0
34.752,128.7477,15.632179619198736,1.6619047565119605,,5,4,6.671696,4.540507,[],[],['8327'],1,0
20.6655,113.7737,16.187772883170815,2.544117647760054,,135,131,132.274812,130.243305,[],[],['8486'],1,0
34.7853,122.3592,13.931849003411342,4.114285714285714,,188,179,168.94003099999998,161.118688,[],[],['8486'],1,0
20.8889,113.3565,47.70172194508819,3.370000000000001,,89,109,89.372141,101.295219,[],[],['8486'],1,0
20.3348,107.3399,11.788512422508584,3.455555555555556,,45,38,55.058352,49.563035000000006,[],[],['8484'],1,0
7.9556,107.0868,38.00359079590918,2.7076190439860017,,109,82,276.875375,242.494406,[],[],['8484'],1,0
21.5372,114.4363,34.73332390121816,3.1894736842105265,,49,62,57.914699,53.750898,[],[],['8486'],1,0
11.4415,-17.4061,90.90320253297511,2.7372460531226417,,102,103,194.562953,165.657266,[],[],"['8471', '48964']",1,0
6.0054,81.1085,32.90836911250045,4.288297872340425,,10,15,23.565633,17.311797,['8346'],[],['8346'],1,0
33.9351,123.9112,8.781885503948798,6.6466666666666665,,111,106,115.238766,110.261344,[],[],['8327'],1,0
10.338,107.2548,18.437183489629398,2.366101694915255,,9,5,16.409037,16.209629,[],[],['8484'],1,0
10.0971,109.1652,9.3717715718313,4.103225806451613,,53,46,204.598656,195.715234,['8484'],[],['8484'],1,0
20.6201,112.7797,15.150027320345105,2.3038461538461537,,106,106,109.463633,109.148617,[],[],['8486'],1,0
21.9221,113.4048,5.628495824113672,0.8655172413793106,,9,8,4.902875,3.922023,[],[],['8486'],1,0
22.0351,113.859,2.366187794146326,3.3,,4,3,3.032328,1.111949,[],[],['8486'],1,0
40.6645,120.9639,4.095320527670246,1.301639344262295,,6,4,5.5597460000000005,3.335848,['8486'],[],['8486'],1,0
21.5235,112.4212,54.85382213912792,2.651048951048951,,16,6,16.889072,5.655100999999999,[],[],['8486'],1,0
34.4218,122.668,175.8837130844993,3.994584837545127,,194,217,166.851641,209.222828,[],[],['8486'],1,0
22.5007,115.0757,10.296208205838443,3.120000000000001,,17,23,18.184045,25.268361,[],[],['8486'],1,0
20.6211,113.8169,18.146583251996137,2.948648648648649,,138,135,138.252781,135.921031,[],[],['8486'],1,0
21.5222,108.7644,35.82954660008851,2.741463414634145,,12,7,4.285231,11.453646,['8486'],[],['8486'],1,0
20.7345,113.8798,34.846635020577885,2.8833333333333337,,133,114,133.468625,123.296656,[],[],['8486'],1,0
21.8554,114.2589,6.022611381308303,2.142857142857143,,18,17,24.462883,22.262885,['8486'],[],['8486'],1,0
19.9633,111.6754,33.21099104761036,2.435294117647058,,39,45,94.716758,102.317312,[],[],['8486'],1,0
20.6517,107.1753,6.458352371943224,1.2312500085681677,,11,9,13.839308,14.620933,['8484'],[],['8484'],1,0
33.6272,134.4916,4.790949010211462,3.300000000000001,,2,2,29.546164,28.121275,[],[],['8487'],1,0
-1.8056,-109.2169,0.6270578965509988,0.5000000019868215,,1342,1341,1953.414375,1952.106,[],['63203'],[],1,0
48.9833,-6.6835,151.77469779260375,3.998393585105021,,96,98,99.342914,98.326328,[],[],"['5677', '5696']",1,0
35.2758,119.6414,3.135375970684001,2.107407407407408,,14,15,0.0,0.907728,[],[],['8486'],1,0
-8.3185,-79.1972,5.659776627091384,2.481250005153318,,26,22,21.214615,18.827881,['8432'],[],['8432'],1,0
36.5849,124.284,24.3885149476629,2.17,,117,112,151.258797,135.06478099999998,[],[],['8327'],1,0
19.9298,108.8803,32.94400464391255,1.9835820958685515,,36,25,13.890107,16.421738,[],[],['8486'],1,0
22.3665,120.3951,14.13768310851618,2.0511627906976746,,1,4,0.0,3.02914,[],[],['8321'],1,0
59.6504,166.2007,8.726366416424462,4.378571429422923,,19,17,72.285273,70.072688,['5690'],[],['5690'],1,0
38.8133,141.6306,8.092507619856665,2.296774193548387,,3,3,9.267191,8.906759,[],[],['8487'],1,0
21.6045,114.6075,31.087855249906823,2.788235294117648,,54,64,49.099723,51.24483600000001,[],[],['8486'],1,0
19.5118,107.1259,15.946728087089104,3.021428602082389,,97,86,131.40023399999998,116.154555,[],[],['8484'],1,0
28.5554,-91.5748,16.49980230257847,2.872222222222222,,88,77,29.402994,28.689400000000003,[],[],['8456'],1,0
22.5168,120.2497,40.45861796689759,2.6287735849056606,,9,5,1.027307,0.0,[],[],['8321'],1,0
-36.6802,-73.067,0.5343243435049772,0.4521739181617032,,3,3,0.0,0.0,['8465'],[],['8465'],1,0
4.3309,98.899,3.7533150831262727,0.1392857142857142,,52,54,45.049324,46.426363,[],[],['8492'],1,0
10.5374,108.7688,27.872434405433168,2.648743718592962,,22,14,162.27401600000002,150.583719,[],[],['8484'],1,0
12.5121,109.4452,5.388727611936915,2.175,,7,5,17.370138999999998,18.982773,['8484'],[],['8484'],1,0
29.22,126.1305,51.18521008593466,2.2147058823529413,,250,262,316.703,324.799062,[],[],['8487'],1,0
22.7206,120.0878,1.1383690183254802,2.3200000000000003,,14,14,12.579668,12.579668,[],[],['8321'],1,0
36.235,124.3576,41.14932163940408,2.049295774647887,,125,108,147.371422,147.512109,[],[],['8327'],1,0
22.3707,113.7082,31.093530395475124,3.685981308411216,,8,7,5.2607610000000005,1.514445,[],[],['8486'],1,0
-12.0708,-29.6916,49.08385155405413,3.606666666666666,,714,670,720.43,678.30125,[],['63203'],[],1,0
11.9441,156.1426,26.0174309411808,8.233333333333334,,452,469,587.771875,597.88525,[],['63203'],[],1,1
13.6516,153.545,99.32682427651112,3.962264150043704,,556,595,693.807188,733.157562,[],['63203'],[],1,0
20.3679,113.0139,19.58986825098752,3.15625,,141,131,143.681797,132.086906,[],[],['8486'],1,0
21.7322,114.5411,23.650110431032655,2.215625,,43,44,35.954512,31.378922,[],[],['8486'],1,0
20.9674,112.5765,31.28728015908258,4.223529411764705,,75,63,74.68057,66.587344,[],[],['8486'],1,0
-43.1842,147.4474,4.846854284420875,1.9759259259259256,,2,3,5.347797,7.210277,[],[],['8323'],1,0
11.2232,108.9389,68.39647505782158,2.9554945054945057,,14,3,88.789727,67.407391,[],[],['8484'],1,0
-19.7873,101.4641,36.05950091016644,3.183333333333334,,981,956,996.074375,971.073625,[],['63203'],[],1,0
33.6277,134.4853,3.4452646447761595,2.254166666666667,,2,2,30.019893,28.121275,[],[],['8487'],1,0
21.0168,111.9489,16.606637442417004,3.5,,63,59,51.993328,49.558148,[],[],['8486'],1,0
10.2783,107.1648,42.64274582116638,2.2707692307692304,,7,10,5.905579,17.253934,[],[],['8484'],1,0
34.5987,134.8704,17.357771804697133,3.846666666666668,,7,5,7.99588,9.19138,[],[],['8487'],1,0
50.023,-3.7003,34.73525630435473,3.656704980842912,,26,13,28.318314,13.362401,['5696'],[],['5696'],1,0
19.2003,154.7178,23.29686921458197,6.567857142857143,,567,570,1042.037125,1063.2385,[],['63203'],[],1,1
34.8689,122.8548,37.23010324501999,2.872549019607844,,213,208,209.702719,198.167703,[],[],['8486'],1,0
13.77,109.5507,23.5834744744552,2.5600000000000005,,23,28,33.08357,35.468621,['8484'],[],['8484'],1,0
21.7998,113.1529,8.378194503092836,1.8473684210526315,,6,2,5.654774000000001,0.0,[],[],['8486'],1,0
32.4322,126.9659,21.287927954179125,2.964864864864865,,105,86,105.463781,86.741117,[],[],['8327'],1,0
34.9611,121.7584,52.59840141996102,2.7252252252252265,,141,118,122.245367,98.389047,[],[],['8486'],1,0
33.6373,134.4862,23.7721792207288,3.3952380952380943,,2,2,29.077924,26.208799,[],[],['8487'],1,0
20.7045,113.9034,5.4170008779727095,3.49,,128,125,131.929172,131.796766,[],[],['8486'],1,0
33.9558,122.4964,9.09673260716746,2.944444444444444,,178,183,145.741234,151.746844,[],[],['8486'],1,0
36.2592,123.1396,29.343349610142106,2.8888888888888893,,104,84,94.303508,75.898273,[],[],['8486'],1,0
33.8727,122.7218,11.283318963822056,4.322727272727272,,193,200,161.637469,168.04632800000002,[],[],['8486'],1,0
42.6572,-124.5951,13.20211603270021,3.679166694482168,,12,8,70.98967999999999,74.538883,['8456'],[],['8456'],1,0
-34.6275,18.1027,1.4483005218211815,1.2625000122934578,,46,44,57.534301,56.107289,[],[],['8396'],1,0
21.706,114.65,20.68765164340021,3.2419354838709684,,53,54,42.123367,41.850727,[],[],['8486'],1,0
35.1296,129.1842,8.668955700617207,2.078740157480315,,3,3,2.872802,3.636731,['8327'],[],['8327'],1,0
29.5128,122.4537,3.005500138895239,3.48125,,23,25,12.543051,12.446198,[],[],['8486'],1,0
11.2453,108.944,63.14067482630163,2.9590673580070828,,18,4,92.720398,68.168219,[],[],['8484'],1,0
33.6304,134.4859,5.952642567764358,1.7301886792452834,,2,1,29.077924,28.58865,[],[],['8487'],1,0
5.775,79.0462,1.790772587380124,0.8705882408163127,,122,120,134.758625,133.441312,[],[],['8346'],1,0
34.4333,122.6161,44.70588221624827,3.208490566037736,,204,217,182.621797,197.342469,[],[],['8486'],1,0
8.4067,105.9122,6.55685003691858,2.15,,75,71,220.136266,220.459578,['8484'],[],['8484'],1,0
11.0484,108.5372,3.476360859005218,1.9588235294117649,,6,7,116.181664,114.642922,[],[],['8484'],1,0
34.7579,123.5419,6.435377160027439,1.6142857142857143,,151,146,151.924547,147.47721900000002,[],[],['8327'],1,0
20.8856,113.3678,48.53109431442312,3.227027027027028,,90,110,90.138203,101.928656,[],[],['8486'],1,0
0.5009,126.8244,7.60891326274822,3.353333333333333,,50,47,65.667906,57.238371,[],[],['8492'],1,0
43.3814,-8.4549,4.907643706033279,0.5729729694289132,,0,0,4.64581,4.191423,[],[],['5693'],1,0
21.3708,111.5327,4.323609519974567,2.8374999999999995,,15,14,12.624263,13.8691,[],[],['8486'],1,0
37.711,120.2914,0.665503686347975,0.372,,1,1,4.783296999999999,4.783296999999999,['8486'],[],['8486'],1,0
13.957,109.2854,3.7170260197642873,2.2777777777777777,,3,4,18.083574,22.654291,[],[],['8484'],1,0
-9.568,52.997,65.06618662657307,4.964000000000001,,197,220,483.734531,527.531938,[],[],['8337'],1,0
29.8958,123.4061,36.39036544666739,3.733333333333332,,59,74,49.008578,60.503547,[],[],['8486'],1,0
-2.8724,-22.4835,26.741598623090148,3.7615384615384615,,1043,1066,1043.456812,1066.5625,[],['63203'],[],1,0
30.1141,124.3826,25.39624265630682,3.374285714285714,,134,156,127.345562,145.971734,[],[],['8486'],1,0
-13.4935,-119.1176,108.31986944845124,3.477526392422468,,1322,1411,1681.270375,1759.659125,[],['63203'],[],1,0
29.4239,127.0066,10.357805545428164,3.4571428571428573,,202,202,257.015938,259.318172,[],[],['21796'],1,0
20.3149,114.197,20.173699524623053,2.93,,177,167,187.407094,178.071219,[],[],['8486'],1,0
22.7412,120.1255,5.458723795863843,3.5914285714285707,,11,9,9.912756,9.077954,[],[],['8321'],1,0
21.9709,113.4987,47.89499474912228,3.267213114754099,,9,9,5.418112,2.061963,[],[],['8486'],1,0
21.5068,112.5806,0.5879597827213299,0.2312499999999999,,10,10,10.84609,10.84609,['8486'],[],['8486'],1,0
36.2149,140.6725,5.007486956026874,1.74090909090909,,8,10,13.73899,13.280808,['8487'],[],['8487'],1,0
32.6449,127.5471,25.362364067925803,2.33125,,97,93,116.597953,98.922164,[],[],['21796'],1,0
34.6797,127.9947,7.488123429629215,2.568421052631578,,5,3,1.111949,3.531677,[],[],['8327'],1,0
4.7203,98.1966,15.757889334455731,2.397368421052632,,17,27,24.350232,34.580008,['8492'],[],['8492'],1,0
34.9985,128.9989,32.6781607495247,3.1572916666666657,,7,5,6.7534350000000005,0.910744,[],[],['8327'],1,0
14.5926,109.5124,11.217923657110674,2.333333333333333,,43,47,89.036062,99.958336,[],[],['8484'],1,0
10.3851,107.2235,4.51356005399266,2.375,,3,0,10.155102,9.363671,[],[],['8484'],1,0
22.217,114.4402,22.16709312086445,3.657894736842105,,9,14,9.819628,14.74216,[],[],['8486'],1,0
21.8543,114.2672,3.085143464965514,2.716666666666667,,17,17,23.350936,22.262885,['8486'],[],['8486'],1,0
34.8197,124.0667,33.48328647393414,3.40677966101695,,102,104,103.576211,104.811312,[],[],['8327'],1,0
10.363,107.2123,10.407609464231786,1.488235294117647,,5,0,9.358314,9.363671,[],[],['8484'],1,0
34.4405,127.5408,32.441750309690995,3.6615658427101456,,2,3,22.68235,18.399246,[],[],['8327'],1,0
34.3086,122.7616,58.94523954300389,3.95432098765432,,211,212,184.644859,199.023125,[],[],['8486'],1,0
21.6914,114.6798,15.83357030764524,2.8739130434782605,,56,59,44.545828,46.073988,[],[],['8486'],1,0
10.7461,83.32,10.559160515550376,3.9131578947368415,,314,324,323.30615600000004,333.459906,[],[],['8346'],1,0
32.7776,126.6412,13.313639452682906,2.6947368383407597,,52,52,51.078504,52.16793,[],[],['8327'],1,0
19.2741,63.2253,1.053453003822118,0.4666666736205418,,467,468,543.362875,543.336375,[],['63203'],[],1,1
8.3234,109.0326,14.648347206478023,3.1190476190476195,,245,231,304.64668800000004,297.666719,[],[],['8484'],1,0
14.6744,109.4999,4.432005334731401,2.3666666666666667,,45,45,100.422617,104.713469,[],[],['8484'],1,0
33.0435,126.5669,19.667236879945385,2.608108104886236,,33,16,31.810346000000003,15.678192999999998,['8327'],[],['8327'],1,0
-7.7447,-150.979,1.4935850446051189,0.94,,253,254,859.552812,860.59875,[],[],['8441'],1,0
-5.8163,-22.5937,23.255268528502857,4.985714285714286,,941,927,940.88675,926.390375,[],['63203'],[],1,0
6.132,81.8399,14.986584149429545,3.1163265306122456,,40,43,77.426234,87.370016,[],[],['8346'],1,0
34.4482,122.6377,65.87736025433132,3.870833333333332,,199,220,176.24409400000002,206.390562,[],[],['8486'],1,0
11.124,108.7821,7.042118196501248,1.5816513716217568,,8,9,95.585398,93.631609,[],[],['8484'],1,0
20.5469,-17.2923,64.21029272875386,3.486144583292277,,42,40,39.919230000000006,41.002789,[],[],['8369'],1,0
10.1697,107.1195,12.586992031526092,0.9520000000000004,,18,19,8.447744,13.25982,[],[],['8484'],1,0
10.2446,107.0925,51.92292654467483,2.4341666666666684,,16,11,5.5597460000000005,13.546955,[],[],['8484'],1,0
-73.4717,-177.4102,27.990596161632627,1.8164948411413888,,388,414,3037.0465,3045.6315,[],['63203'],[],1,0
21.0703,110.6919,10.20771923938584,2.6951219512195133,,13,14,0.0,0.0,[],[],['8486'],1,0
19.3208,105.96,5.201957100935546,3.2769230769230764,,7,5,14.691524,14.731303,['8484'],[],['8484'],1,0
34.2499,122.8353,5.704116942651266,9.366666666666664,,210,204,190.113734,195.948266,[],[],['8486'],1,0
35.306,121.6952,68.26715421456419,3.41048951048951,,115,103,93.682078,87.580766,[],[],['8486'],1,0
4.5783,103.5318,1.73083620514819,1.52,,7,8,5.652481,5.652406,[],[],['8483'],1,0
22.4009,120.4256,13.8299706772925,1.742222222222222,,5,4,5.412851,5.5597460000000005,[],[],['8321'],1,0
-7.7572,-176.5349,119.7971270005739,4.202727272727271,,395,367,442.907625,496.823,[],['63203'],[],1,1
20.55,109.7412,14.910665848316018,2.7210526315789467,,10,6,11.507333,8.620776,['8486'],[],['8486'],1,0
20.8484,113.6023,103.02672929308746,3.168556701030928,,101,108,101.473062,109.292109,[],[],['8486'],1,0
24.8525,121.8577,15.43832408328692,2.378527607361964,,3,3,2.442088,2.017664,[],[],['8321'],1,0
15.4672,109.023,28.43982114466752,3.4909090909090907,,7,8,22.537268,26.873693,[],[],['8484'],1,0
10.3362,107.0085,6.674980741623412,2.334375,,7,5,3.281778,1.0938910000000002,[],[],['8484'],1,0
35.1539,129.2361,15.312329092703203,2.6125000000000003,,4,4,5.567599,5.8492370000000005,['8327'],[],['8327'],1,0
36.4973,122.7204,1.3765786951441397,1.2428571368966783,,49,48,38.223207,37.289168,[],[],['8486'],1,0
8.0406,107.0867,17.026169129553097,2.941935483870968,,83,77,249.076625,236.93675,[],[],['8484'],1,0
21.5283,112.3996,47.19382082533522,2.753571428571428,,16,6,16.139362,6.366734,[],[],['8486'],1,0
10.2597,107.1336,66.32281089454086,2.824411764705881,,8,9,1.094203,16.409037,[],[],['8484'],1,0
34.5398,122.7231,68.57684327521616,4.050000012824029,,206,198,186.854531,199.327828,[],[],"['8327', '8486']",1,0
21.4115,112.6742,56.87445898781993,2.9099099099099104,,22,17,21.751143,19.156195,['8486'],[],['8486'],1,0
38.8013,118.822,23.068269989675755,1.5825757575757575,,31,23,1.734384,8.937717000000001,[],[],['8486'],1,0
33.6289,134.49,10.723942271399618,1.6559139784946226,,2,0,29.077924,27.159109,[],[],['8487'],1,0
33.6678,122.5785,36.05963260294499,6.122058823529413,,169,177,139.515875,146.188969,[],[],['8486'],1,0
20.773,113.7371,7.468940238947582,3.289473684210526,,123,121,118.668445,118.372742,[],[],['8486'],1,0
53.0484,159.2903,12.39627586398519,3.546153846153845,,13,9,38.072211,44.023289,[],[],['5690'],1,0
29.2022,-94.3957,36.617511219655405,2.4871165644171773,,28,34,0.971024,5.901765,['8456'],[],['8456'],1,0
20.5881,112.8369,18.01846241844037,2.814285714285715,,113,106,115.684602,108.990773,[],[],['8486'],1,0
20.7584,108.9326,15.708612732963568,3.1375,,38,26,3.494164,4.567617,[],[],['8486'],1,0
62.6981,5.1412,18.849722346933373,2.175903622644493,,35,43,39.214457,46.031895,[],[],['5686'],1,0
34.844,129.0417,7.52085844441464,0.794809692639175,,24,22,17.659016,15.567289,['8327'],[],['8327'],1,0
22.7562,121.1923,16.876839044716306,5.3945945945945954,,4,2,82.635945,80.554156,[],[],['8321'],1,0
20.7832,112.7942,23.373805618821976,2.768181818181818,,92,86,95.331141,88.980102,[],[],['8486'],1,0
34.9931,128.9834,14.81295534854936,2.349101797549309,,6,4,6.472606,3.642977,[],[],['8327'],1,0
35.0392,129.0996,6.130964961662095,2.874285714285714,,3,3,0.0,2.873932,['8327'],[],['8327'],1,0
33.7954,122.9969,5.099045206193963,7.363636363636364,,197,193,182.009297,186.751781,[],[],['8486'],1,0
21.1693,110.7282,10.134760448485569,3.640000000000001,,12,13,10.007544,12.275341,[],[],['8486'],1,0
21.4184,111.2596,12.721414630551674,2.3888888888888893,,3,1,2.350194,3.104158,[],[],['8486'],1,0
11.2093,108.9711,6.385931557663528,2.922222222222222,,15,9,81.347578,74.889383,[],[],['8484'],1,0
12.4798,109.6077,6.131176851638387,2.5285714285714285,,23,20,36.103695,35.893480000000004,['8484'],[],['8484'],1,0
12.5013,109.5231,7.40821136152519,3.1,,14,10,26.150945,26.430127,['8484'],[],['8484'],1,0
34.9925,128.9815,32.351879442725405,2.66532846632665,,7,4,5.900907,3.642977,[],[],['8327'],1,0
12.5529,109.5197,8.379910199118958,2.9625,,11,9,26.148938,28.324084,['8484'],[],['8484'],1,0
21.9319,113.1535,6.741760275173848,2.885714285714286,,2,1,1.516732,1.031272,[],[],['8486'],1,0
-44.3093,173.2577,9.845921971307924,3.732812466099859,,53,50,61.996289,59.081863,[],[],['8455'],1,0
51.9726,4.0389,2.5441425510712072,0.9666666686534884,,1,1,0.0,0.0,[],[],['5668'],1,0
13.4344,151.297,33.7346663142177,5.35945945945946,,491,518,631.730312,630.01475,[],['63203'],[],1,0
34.998,123.8173,3.2273138168663262,3.3000000185436678,,128,129,129.41768,129.99401600000002,[],[],['8327'],1,0
20.7754,107.175,8.948195312948942,1.6999999999999995,,3,4,6.374744,6.088609,['8484'],[],['8484'],1,0
21.6601,114.2618,48.69640457418763,2.8946524064171126,,35,35,42.778145,41.955219,[],[],['8486'],1,0
38.8022,118.8219,24.654363715631625,1.4722891566265066,,31,23,1.734384,8.937717000000001,[],[],['8486'],1,0
19.8077,109.0741,6.6348567401587495,1.6921568627450982,,10,7,4.447797,5.44325,['8486'],[],['8486'],1,0
8.3812,82.1753,11.274387003429364,1.0269230769230768,,77,85,104.175617,105.08518,[],[],['8346'],1,0
21.499,111.7421,5.683976320137254,4.990000000000001,,9,7,4.138593,2.348818,[],[],['8486'],1,0
22.7008,116.3596,4.19277196438988,4.75,,28,24,26.863381,22.821781,['8486'],[],['8486'],1,0
11.2173,108.9692,11.657626549416351,2.8818181818181814,,17,8,84.589102,72.459188,[],[],['8484'],1,0
13.5732,130.6806,43.47070601697546,1.9985294117647052,,573,606,650.494438,681.412188,[],['63203'],[],1,0
21.8501,114.4983,42.80762218246945,3.160465116279069,,30,31,22.334465,19.200162,['8486'],[],['8486'],1,0
15.3354,151.9901,138.20738406504117,4.7313253012048175,,637,657,662.992625,694.18675,[],['63203'],[],1,0
10.2548,106.992,7.388753794564861,2.1755555555555555,,14,11,2.188476,1.094134,[],[],['8484'],1,0
12.533,150.9766,31.232348891278583,6.730000009536743,,396,410,572.106375,574.8984379999999,[],['63203'],[],1,0
30.014,123.4809,34.79107162457011,3.659060402684565,,64,72,52.279984,58.770016000000005,[],[],['8486'],1,0
36.0651,123.1304,8.928753475181665,4.362500000000001,,108,106,97.321188,95.931312,[],[],['8486'],1,0
22.6171,120.2407,37.53523956251635,2.7832740213523124,,4,0,0.0,1.111949,[],[],['8321'],1,0
21.7238,112.1071,64.18192438109112,3.059627329192548,,7,2,8.438235,3.098583,[],[],['8486'],1,0
17.3942,107.6333,1.1236044778734238,0.435,,39,41,124.959562,125.662133,[],[],['8484'],1,0
34.7295,123.1424,4.19400485517706,3.375,,186,187,187.456922,187.569875,[],[],['8327'],1,0
0.6063,164.8343,10.313148744178294,3.8833333278695754,,261,262,262.680469,263.30556199999995,[],[],['8317'],1,0
32.44,126.8913,18.91386649356572,2.8,,102,87,102.365633,87.858891,[],[],['8327'],1,0
38.5815,121.2432,0.6750703510252325,0.3720000014305115,,17,17,17.791189,17.791189,['8486'],[],['8486'],1,0
15.4764,-178.8853,6.215006512912728,7.714285741533551,,1010,1005,1408.249,1414.49575,[],['63203'],[],1,0
15.1914,109.0567,23.08648724249568,3.4266666666666667,,14,17,37.888281,38.806875,[],[],['8484'],1,0
-8.1567,-150.4998,2.889289342161016,3.007142850330898,,195,197,798.371562,800.4928120000001,[],[],['8441'],1,0
45.8958,-3.2015,11.173101302046971,1.7512500047683712,,110,109,112.166469,111.396953,[],[],['5677'],1,0
22.1589,120.6885,37.71847636015328,3.242857142857143,,0,0,44.653793,37.835652,[],[],['8321'],1,0
38.6492,118.6141,33.79938620689759,0.958986176735795,,32,33,10.949072,5.5597460000000005,[],[],['8486'],1,0
15.1956,158.6493,71.70840166237963,3.10877192982456,,551,536,894.5285,926.4355,[],['63203'],[],1,0
34.9925,128.9768,40.97015983272609,3.1217910474805675,,8,5,4.940372,2.7322330000000004,[],[],['8327'],1,0
11.0747,108.7442,23.239560277777528,3.5510416666666678,,13,10,104.014586,97.113531,[],[],['8484'],1,0
10.2522,107.1403,100.1948260492502,2.055397727272726,,8,14,1.094203,21.918676,[],[],['8484'],1,0
-19.846,170.6595,1.1883693536569973,1.6388888789547815,,60,59,101.639453,102.121453,[],[],['8313'],1,0
22.5431,113.6739,7.35478267466959,2.3619047619047624,,9,12,1.513639,0.0,[],[],['8486'],1,0
10.2541,107.1437,54.90329480223464,2.5521739130434797,,8,13,2.188407,18.634369,[],[],['8484'],1,0
34.9962,128.9878,23.64020394644288,2.6599999999999997,,6,6,6.472606,2.732567,[],[],['8327'],1,0
20.7875,112.6679,17.603529270740868,2.626666666666667,,89,87,91.070789,90.89232,[],[],['8486'],1,0
27.8838,49.0195,2.373187899506769,0.8448275862068966,,15,15,11.247378,12.145719,[],[],['8356'],1,0
22.5603,113.8221,57.24122382100624,3.6654320987654327,,3,0,0.0,1.111949,[],[],['8486'],1,0
34.4769,122.6307,73.1476032173355,4.058947382349717,,198,220,177.600234,206.390562,[],[],['8486'],1,0
31.1151,127.2341,11.216906036962436,3.035616438356164,,148,141,213.783531,209.399984,[],[],['21796'],1,0
-13.1648,151.6,7.6157707550148785,8.971428571428572,,227,222,341.62281199999995,340.509344,[],[],['8324'],1,0
32.9071,124.1067,2.0839313266913377,1.6800000000000002,,159,157,159.617047,158.167953,[],[],['8327'],1,0
39.1358,119.5557,10.651985251610627,2.289473684210526,,34,40,21.678289,31.991975,[],[],['8486'],1,0
9.6885,107.3194,4.213820048108388,1.28,,71,73,65.993016,66.931461,[],[],['8484'],1,0
21.9247,113.4159,8.518593585310066,1.3133333333333332,,9,7,5.418237,3.4916080000000003,[],[],['8486'],1,0
11.0905,108.6388,2.543896878869257,3.8571428571428568,,11,9,106.409242,103.945906,[],[],['8484'],1,0
34.4876,127.8453,7.531155176257535,3.172,,2,4,2.749819,5.498979,[],[],['8327'],1,0
2.3795,168.2644,96.56053622141894,4.481415929203539,,261,239,339.427031,380.246406,[],[],['8318'],1,0
21.8669,113.3526,10.51074639436333,1.3468085106382977,,9,8,3.034203,5.617158000000001,[],[],['8486'],1,0
-19.1385,-114.2524,3.684015303346664,3.85,,1007,1008,1015.478875,1015.906062,[],['63203'],[],1,0
21.4995,111.7232,2.0458277703604524,4.657142857142857,,7,9,4.556209,3.297005,[],[],['8486'],1,0
20.651,113.8775,26.280490345208108,2.5325,,137,131,137.980797,136.2905,[],[],['8486'],1,0
18.8637,105.8416,30.072169076503528,2.6,,4,13,13.363461,17.727863000000003,['8484'],[],['8484'],1,0
-11.3045,73.9955,105.78036803187926,3.901369863013698,,446,478,464.655906,494.944,[],['63203'],[],1,0
11.236,108.9344,62.67926407756234,2.9698113207547165,,13,5,86.33925,70.605977,[],[],['8484'],1,0
20.7764,113.9474,35.36485924910015,3.217647058823529,,125,112,130.848039,121.691203,[],[],['8486'],1,0
11.4075,109.1211,13.257219226414476,3.293333333333333,,10,12,61.399199,48.937887,[],[],['8484'],1,0
35.2772,129.3457,16.666131857684523,2.697058823529412,,2,9,1.435516,8.513395000000001,['8327'],[],['8327'],1,0
22.2995,115.0014,17.963532671713573,2.7125,,31,26,25.795295,22.405498,[],[],['8486'],1,0
23.108,116.7326,6.321452145748956,4.41219509869087,,13,10,10.755917,5.923779000000001,[],[],['8486'],1,0
20.7569,112.8112,8.252174984509416,2.95,,94,89,97.094602,91.203414,[],[],['8486'],1,0
47.131,-5.6644,11.250941949941836,1.6809859142022228,,120,114,120.155461,114.086312,[],[],['5677'],1,0
45.2956,-2.4742,25.88138301034656,4.862499998374419,,97,107,82.023594,86.18694500000001,[],[],['5677'],1,0
-6.5237,-163.0396,13.94034181074334,2.7092105263157897,,439,445,746.157312,755.092938,[],['63203'],[],1,1
34.4287,122.6915,67.6101287873934,3.977358490566038,,205,218,182.617812,208.548781,[],[],['8486'],1,0
31.4457,127.1891,16.079809647278193,7.199999999999999,,127,122,208.882344,204.451969,[],[],['21796'],1,0
31.7491,123.1172,20.84841823309452,1.1024390237360469,,94,113,56.616738,74.763031,[],[],['8486'],1,0
20.9346,113.7187,11.948071064025417,4.266666666666666,,109,99,102.267602,98.01968,[],[],['8486'],1,0
30.0953,124.2744,7.180702195880949,1.7869565217391306,,133,138,126.38682,130.283078,[],[],['8486'],1,0
6.1951,82.4542,3.051384339749605,0.9,,89,89,149.450609,150.61482800000002,[],[],['8346'],1,0
34.6559,123.0049,17.89913703051776,6.607142857142857,,205,195,206.96675,195.671609,[],[],"['8327', '8486']",1,0
11.2223,108.96,7.314531647284895,3.4333333333333336,,14,8,81.61707000000001,74.113516,[],[],['8484'],1,0
31.2895,131.1266,2.051816140768158,3.63,,0,2,12.558856,12.807726,[],[],['8487'],1,0
38.7064,121.836,9.894662197106395,2.4540540540540543,,20,15,20.130451,15.508497,['8486'],[],['8486'],1,0
30.019,126.6204,11.83125340705201,3.61,,269,262,323.800719,312.571625,[],[],['21796'],1,0
12.4547,109.4751,5.123051351066565,2.6166666666666667,,12,11,21.681438,21.741545,['8484'],[],['8484'],1,0
49.8275,-0.2985,41.88976788326015,2.5689012956019868,,41,31,23.603119,23.350936,[],[],['5677'],1,0
34.6222,122.9225,42.91188880038169,2.764516129032258,,205,206,209.633828,206.683609,[],[],"['8327', '8486']",1,0
32.4236,123.9811,14.632486873854448,2.46041667337219,,206,201,172.378969,184.870547,[],[],['8486'],1,0
38.7345,118.9256,9.789001783158856,1.9267605633802816,,38,34,3.423115,4.120446,[],[],['8486'],1,0
35.2139,140.5538,9.845601610970824,2.293518518518518,,14,15,21.942357,24.397875,['8487'],[],['8487'],1,0
21.5773,112.1893,33.45514758400168,2.447826086956521,,2,8,1.03415,7.633678,[],[],['8486'],1,0
20.6142,108.6328,9.336914368011024,3.205555555555555,,70,63,25.186529,19.126953,[],[],['8486'],1,0
32.5865,127.3375,32.75944030998792,2.150735289077548,,101,75,108.059234,84.140891,[],[],"['21796', '8327']",1,0
36.6386,124.2953,1.0122962939187443,0.3772727272727272,,114,113,137.688391,137.446281,[],[],['8327'],1,0
34.6934,123.0389,4.071091470586382,2.7571428418159485,,196,196,197.507344,196.595812,[],[],['8327'],1,0
-14.9934,172.9477,161.03781302770747,5.1467741935483895,,475,442,483.53675,470.38225,[],['63203'],[],1,0
22.1541,113.988,3.3351783980304344,4.4,,5,3,2.450825,3.335848,[],[],['8486'],1,0
38.8298,141.6593,1.6167955711733042,0.9090909090909092,,3,3,9.013711,9.013711,[],[],['8487'],1,0
-13.1408,-158.5957,57.11539694701688,3.673991031390134,,399,393,480.58125,506.775406,[],['63203'],[],1,0
38.0328,120.0912,7.925305751362005,7.14375,,40,38,22.338033,24.2415,[],[],['8486'],1,0
19.2075,105.7896,6.798901498248299,1.1263157894736846,,4,3,12.9322,9.436562,['8484'],[],['8484'],1,0
20.7422,112.78,29.51692992581708,3.060714285714285,,97,87,101.113672,90.09175,[],[],['8486'],1,0
-31.9904,115.3706,8.451978245124794,3.0538461538461537,,8,8,11.368496,10.427109,['8323'],[],['8323'],1,0
23.0105,119.9561,1.9537416028726189,2.533333333333333,,11,8,20.502027,19.730854,[],[],['8321'],1,0
-19.7389,-108.9037,11.130460490187453,4.90175436526014,,808,816,812.6465,820.789812,[],['63203'],[],1,0
34.7604,129.0296,10.158212012439078,1.212,,23,26,18.363418000000003,24.113539,['8327'],[],['8327'],1,0
31.421,122.9395,10.014878256237568,3.3625000000000003,,63,72,26.414516,33.296918,[],[],['8486'],1,0
34.5717,127.7825,5.1660570448477845,1.844642850543772,,1,2,6.409314,7.324049,[],[],['8327'],1,0
34.2348,135.0836,9.418571822895109,1.8302083333333343,,4,2,0.919453,0.919235,[],[],['8487'],1,0
10.252,107.1382,63.364802891549,2.768441064638782,,8,11,2.188407,17.489373,[],[],['8484'],1,0
36.5788,122.5124,0.5392205119897924,1.1973684196409426,,30,30,21.426086,21.426086,[],[],['8486'],1,0
32.9067,123.6995,10.833546636490995,9.616666666666667,,188,178,187.312266,179.032016,[],[],"['8486', '8327']",1,0
11.2265,108.928,68.65659515904628,2.939855072463767,,13,6,86.33925,71.98057,[],[],['8484'],1,0
22.5429,117.6955,17.081687509712047,3.99,,108,117,62.545211,53.4545,[],[],['8486'],1,0
21.4946,111.7053,3.067823852600448,3.933333333333333,,6,8,4.566520000000001,5.291220999999999,[],[],['8486'],1,0
-35.2656,-37.419,391.6652333483816,4.204949489868048,,1413,1206,1275.929375,1093.009375,[],['63203'],[],1,1
14.5549,109.4982,12.80165521215764,2.3312499999999994,,41,44,84.476625,96.146023,[],[],['8484'],1,0
19.7259,109.0454,33.44735748182983,2.867153284671533,,11,2,3.054325,1.04654,['8486'],[],['8486'],1,0
19.7385,109.0387,22.020422836150303,3.2189189189189187,,14,10,4.186946,0.0,['8486'],[],['8486'],1,0
6.9368,107.0283,22.36629015485749,3.776923076923077,,202,180,313.59425,327.064375,[],[],['8484'],1,0
22.1458,115.0679,9.36999355322584,2.9857142857142858,,47,50,40.386262,44.557719,['8486'],[],['8486'],1,0
10.4941,108.3256,8.524644846493183,5.783333333333333,,44,41,126.928656,129.601688,[],[],['8484'],1,0
10.517,108.3606,8.48645328083081,4.471428571428572,,45,41,131.517594,133.086547,[],[],['8484'],1,0
12.5091,-172.1337,32.06776277339485,3.067910447761194,,551,533,1711.56475,1689.53275,[],['63203'],[],1,0
20.5643,112.5109,10.96868065690307,2.418181818181818,,116,110,115.684609,110.161164,[],[],['8486'],1,0
17.0331,108.92,14.567103792849212,2.888888888888889,,110,123,114.737812,128.54693799999998,[],[],['8484'],1,0
36.5194,123.9896,7.010892699430695,2.3800000000000003,,138,138,134.734047,138.124719,[],[],"['8486', '8327']",1,0
22.7186,120.1391,36.007814602140186,3.894545454545456,,15,2,11.291371,2.223899,[],[],['8321'],1,0
19.2045,105.7898,3.4285127602756136,0.6060000042617321,,5,3,12.630403,9.436562,['8484'],[],['8484'],1,0
24.1263,117.9446,10.101696113912116,2.274418604651163,,2,1,6.021594,1.505318,[],[],['8486'],1,0
33.892,122.963,13.492412029981544,4.99,,199,192,181.862062,189.461406,[],[],['8486'],1,0
17.2502,108.6561,8.906675544455787,4.15,,116,122,118.033805,120.502523,[],[],['8484'],1,0
22.0667,115.7184,14.905425529480182,4.845999999046325,,68,68,66.75555499999999,66.63427300000001,[],[],['8486'],1,0
34.3593,122.7342,30.720532583372485,5.672340403211877,,210,216,184.430594,206.632109,[],[],['8486'],1,0
21.7099,114.6595,17.041742106704056,3.236666666666667,,54,55,42.588535,42.444418,[],[],['8486'],1,0
35.0675,129.1262,19.420022703714555,2.888695652173914,,3,5,1.821043,5.570881,['8327'],[],['8327'],1,0
44.0143,-124.3058,4.454155987862199,3.564285721097673,,13,13,35.022426,38.705035,['8456'],[],['8456'],1,0
29.5709,-94.0241,2.774250510934404,2.834782608695652,,11,12,23.34448,21.051945,['8456'],[],['8456'],1,0
22.3147,113.8603,16.274602616761737,4.198039215686275,,3,3,1.02886,3.029341,[],[],['8486'],1,0
5.3022,-0.2988,23.15568575810326,3.3634146341463413,,29,12,41.656766000000005,49.548762,['8400'],[],['8400'],1,0
34.6646,127.9779,11.030852814146211,2.636,,6,5,0.0,1.111949,[],[],['8327'],1,0
34.674,124.0456,25.824399613701917,3.218072289156626,,105,102,106.201789,103.072852,[],[],['8327'],1,0
34.8912,123.7663,32.84280006914933,3.644999999999999,,131,131,132.062312,132.35359400000002,[],[],['8327'],1,0
34.7016,123.2262,10.41475212353478,2.257894736842105,,179,178,180.13459400000002,179.354312,[],[],['8327'],1,0
34.6975,124.0538,4.089785986327047,0.8615384615384616,,103,102,104.253656,103.338492,[],[],['8327'],1,0
34.7244,123.4666,15.015857432732515,3.92,,159,151,160.012766,151.924547,[],[],['8327'],1,0
30.2873,125.3998,1.2199320727378982,0.5214285714285715,,238,238,220.793406,220.793406,[],[],['8486'],1,0
32.9571,124.0405,10.07195674635554,3.400000015894572,,163,154,163.58528099999998,154.312062,[],[],['8327'],1,0
33.9689,127.5774,21.268563773614588,4.2133333285649615,,21,22,22.892135,29.511387,['8327'],[],['8327'],1,0
32.6438,127.5328,21.73532109748626,2.0028776944541247,,99,93,114.731438,99.996367,[],[],['21796'],1,0
17.6517,107.5196,5.648733144203259,2.838461538461538,,54,60,110.344055,110.763992,[],[],['8484'],1,0
21.6948,112.0965,8.545205057609785,2.1555555555555554,,5,6,5.311733,6.751238,[],[],['8486'],1,0
21.6794,112.1247,41.94039362713141,3.5410596026490064,,5,3,5.626412999999999,3.099014,[],[],['8486'],1,0
31.0095,173.8048,17.52340527399264,3.1006493617284616,,817,808,2448.21125,2440.812,[],['63203'],[],1,0
19.9289,108.5809,18.460868188824477,3.0583333333333327,,58,59,40.980484,38.809988,[],[],['8486'],1,0
32.3316,126.8407,21.82283772788974,2.7749999999999995,,109,98,108.983859,98.855602,[],[],['8327'],1,0
8.3788,105.724,6.318396242454057,2.1875,,63,66,220.379719,218.844,['8484'],[],['8484'],1,0
11.2318,108.9268,64.55268199365942,2.926296296296296,,12,4,86.67545299999999,71.241711,[],[],['8484'],1,0
64.3431,-54.9431,11.876453160865164,3.122222215410263,,140,128,158.404578,147.475672,[],[],['8438'],1,0
22.1927,113.6121,15.8503770053156,3.809574468085106,,4,6,1.111949,1.029374,[],[],['8486'],1,0
38.3056,122.6552,13.737317485969903,2.303809523809523,,82,75,80.73585899999999,73.43485199999999,[],[],['8486'],1,0
34.9963,128.9926,34.129031129178934,2.696536799271901,,6,4,6.472606,1.821266,[],[],['8327'],1,0
12.9599,109.8655,35.968844236387504,2.844444444444444,,45,50,72.290859,94.050805,[],[],['8484'],1,0
37.7113,120.2943,1.5593998683315815,1.2937500000000002,,1,1,4.783296999999999,4.534,['8486'],[],['8486'],1,0
30.3587,125.3977,0.5905624871022007,0.9648648648648648,,237,237,219.163547,219.163547,[],[],['8486'],1,0
21.8522,113.3188,13.242856252797711,1.807575757575757,,8,6,0.0,3.491822,[],[],['8486'],1,0
-13.422,155.4588,36.3354757592877,8.237499999999999,,253,268,558.299188,523.851812,[],[],['8324'],1,0
34.7319,123.0267,43.40206681843645,4.056666666666667,,203,197,204.069672,197.849328,[],[],['8327'],1,0
20.5485,108.3879,4.834120935325427,3.033333333333333,,76,76,47.702617,42.667062,[],[],['8486'],1,0
34.4901,122.6903,89.50843705855648,4.046728971962617,,200,184,181.171547,184.759922,[],[],"['8327', '8486']",1,0
25.0565,119.2793,12.511669800844963,2.1559523809523813,,11,8,12.728084,8.039811,[],[],['8486'],1,0
20.8271,113.8517,4.5288012292081,2.97,,114,113,116.654281,118.552484,[],[],['8486'],1,0
34.8224,-6.8355,154.87256559566288,3.0250000203477923,,44,29,54.292137,78.969602,[],[],['8367'],1,0
4.4622,5.5524,4.919226707358904,2.6571428571428566,,18,14,23.212666,25.790221000000003,['8474'],[],['8474'],1,0
-19.4427,37.3186,27.08388849454269,4.280327871197561,,131,114,192.724375,167.479172,[],[],['8347'],1,0
23.4481,117.6123,3.19899098215347,4.810526315789474,,23,26,21.044402,23.362092,['8486'],[],['8486'],1,0
31.3914,124.3022,38.04598513073716,5.791836734693879,,151,169,123.64425,142.85725,[],[],['8486'],1,0
20.7607,112.6614,14.475369280622154,2.259259259259259,,93,90,93.977516,93.070211,[],[],['8486'],1,0
21.4083,111.3546,10.22925958221897,3.069565217391304,,8,7,5.294343,7.049459,[],[],['8486'],1,0
34.4582,122.7111,70.99795109556355,4.309016393442623,,208,213,184.095672,212.971391,[],[],['8486'],1,0
9.7556,107.4028,14.205016574421608,3.454545454545455,,72,70,65.380852,63.915852,[],[],['8484'],1,0
22.408,120.3595,20.79710875203057,2.4836065573770485,,5,5,3.335848,4.447797,[],[],['8321'],1,0
9.5652,107.0362,7.311399602053744,3.6,,50,53,74.500602,73.388648,[],[],['8484'],1,0
11.2467,108.9298,66.53218912094529,3.4054794506504105,,8,3,90.691195,68.79195299999999,[],[],['8484'],1,0
30.667,122.8178,2.7243383683916504,3.4666666666666663,,5,5,1.111949,1.466647,[],[],['8486'],1,0
4.2067,6.4389,18.782479703802863,2.511111111111111,,12,12,14.833304,26.198580000000003,['8474'],[],['8474'],1,0
34.9951,128.9733,25.56378535220946,2.8670588203504965,,7,4,5.068751,4.447797,[],[],['8327'],1,0
19.1345,108.5465,19.382799587621868,1.9487804878048784,,8,6,1.050608,1.111949,['8486'],[],['8486'],1,0
8.1491,107.0809,3.481096911426131,2.815789486232557,,71,70,232.4,230.197047,[],[],['8484'],1,0
10.2066,107.4227,19.356313529241277,2.5500000000000007,,23,28,32.998762,40.278707,[],[],['8484'],1,0
34.4414,122.6463,70.73208956622516,3.891891891891892,,198,219,174.827562,207.295984,[],[],['8486'],1,0
-18.4515,174.3615,30.20743847856549,7.798901133484893,,313,284,312.102062,282.984031,[],[],['8325'],1,0
13.6884,150.6959,8.94257262740426,5.766666666666668,,523,524,555.685625,564.911562,[],['63203'],[],1,0
21.9503,113.1767,7.335480498073849,1.2693333333333332,,2,0,1.0314169999999998,0.0,[],[],['8486'],1,0
-31.2116,103.2618,24.25073754160063,3.4923076923076923,,1060,1038,1061.187875,1039.115,[],['63203'],[],1,1
9.9286,106.9124,5.637816977554464,1.712500013411045,,22,23,37.930301,32.656375,[],[],['8484'],1,0
-9.4651,154.1033,123.2401991741328,3.7163043478260858,,58,53,363.330281,312.93890600000003,['8324'],[],['8324'],1,0
3.2519,127.623,2.392765906173634,1.5666666666666669,,102,103,176.119359,176.635641,['8492'],[],['8492'],1,0
10.251,107.119,54.92990411172339,2.5464705882352936,,12,12,1.111949,19.675588,[],[],['8484'],1,0
20.5343,-17.2551,9.50698146648623,3.34457832108061,,37,31,35.74984,30.661656,[],[],['8369'],1,0
40.9493,1.3653,0.9160603521035656,1.4416666887700558,,20,20,14.37512,13.952547,['5693'],[],['5693'],1,0
20.8422,112.203,15.335535119577152,2.8913043478260865,,81,76,78.09013300000001,76.467523,[],[],['8486'],1,0
35.0014,128.9932,13.1763495203918,3.346153846153846,,7,4,5.900907,1.821266,[],[],['8327'],1,0
19.0166,112.6337,12.5731146966377,3.2636363636363632,,176,181,193.954688,201.951891,[],[],['8486'],1,0
22.4041,113.6994,12.320139329339463,1.762162162162162,,6,5,3.084366,1.0279,[],[],['8486'],1,0
21.4852,111.7029,6.888754489653794,4.107142857142858,,7,9,5.6551800000000005,4.138593,[],[],['8486'],1,0
11.2116,108.9653,8.235310610186056,3.0482758620689663,,14,8,81.61707000000001,73.816711,[],[],['8484'],1,0
21.9205,114.3108,10.963557292733151,4.713636363636363,,16,10,20.435695,12.724107,['8486'],[],['8486'],1,0
34.6562,121.5326,72.78315777959169,3.492982447735573,,90,145,70.554852,125.467742,[],[],['8486'],1,0
30.2869,125.3714,0.8920579272233709,0.2800000000000001,,235,235,217.988547,217.988547,[],[],['8486'],1,0
30.4168,125.3799,9.297135093140383,3.0,,235,235,216.860469,215.400766,[],[],['8486'],1,0
30.314,125.4074,1.3116814815786753,1.4928571428571429,,238,238,221.238156,221.000828,[],[],['8486'],1,0
16.7493,150.2573,188.47980940351275,4.781203007160271,,440,475,491.744594,539.6985,[],['63203'],[],1,0
34.4779,123.0172,4.3656740724767165,1.97,,195,194,200.346219,198.635016,[],[],['8327'],1,0
11.4171,109.1272,14.026480960239452,3.0676470588235296,,10,12,61.399199,47.826219,[],[],['8484'],1,0
34.7037,128.9663,17.816131678573516,3.569662918535512,,21,25,19.958777,20.553918000000003,['8327'],[],['8327'],1,0
19.9287,108.9311,3.99118779332896,2.3833333333333333,,28,27,11.314481,13.384302,[],[],['8486'],1,0
22.0107,115.5123,10.34892576511906,3.3142857142857145,,75,70,73.84857000000001,68.940859,[],[],['8486'],1,0
36.6493,124.2643,9.004257497086128,3.090909090909091,,117,115,140.574703,133.67189100000002,[],[],['8327'],1,0
21.5144,112.6509,4.112466641527052,0.6821428571428572,,11,9,15.269442,12.147755,['8486'],[],['8486'],1,0
36.5271,124.231,32.31300045705647,2.1562500000000004,,123,119,155.714953,141.097891,[],[],['8327'],1,0
39.1845,123.672,38.24016617414984,2.976377952755905,,39,51,37.543328,46.583141000000005,[],[],['8486'],1,0
-45.4038,-60.2283,38.38037107669503,2.7158227838292923,,402,399,424.074875,435.274594,[],['63203'],[],1,1
-6.744,113.4304,93.17156171030896,3.075568181818182,,13,13,9.931623,35.599496,[],[],['8492'],1,0
30.6529,122.8066,3.301582114321909,3.2,,6,6,1.466777,1.466712,[],[],['8486'],1,0
34.5791,128.8402,3.523760139829883,3.6249999900658927,,23,23,9.746458,12.314551,['8327'],[],['8327'],1,0
4.6668,100.5253,11.893397643183684,3.933333333333333,,6,4,15.773492,7.105049,[],[],['8483'],1,0
38.9931,141.7785,9.756868039769284,3.116129032258065,,3,3,7.513505,7.600972,[],[],['8487'],1,0
21.6929,113.3749,1.6675577948162943,1.0458333333333332,,24,23,9.808302,8.436916,[],[],['8486'],1,0
31.4295,127.1892,5.837278547666577,7.054545454545455,,127,122,208.882344,205.5175,[],[],['21796'],1,0
20.9473,113.7409,2.693877856237316,1.65,,104,103,101.161727,101.021969,[],[],['8486'],1,0
35.6034,119.9689,4.819841442442339,2.657894736842105,,7,6,6.632365,5.535889,[],[],['8486'],1,0
33.0022,127.0121,21.420901252069587,2.9947368283020825,,36,43,42.136402,53.819336,[],[],['8327'],1,0
20.9548,113.5593,13.771368856887024,4.857142857142857,,102,98,98.720859,88.383203,[],[],['8486'],1,0
23.3472,117.4321,1.6353967664011295,2.8666666666666663,,26,26,13.456097,14.85674,['8486'],[],['8486'],1,0
31.8292,127.1396,3.663485671086165,3.0275000000000003,,116,114,166.395016,164.89290599999998,[],[],['21796'],1,0
34.491,-163.5954,13.917191515942411,5.188888888888889,,1208,1221,1418.033875,1428.3405,[],['63203'],[],1,1
19.1381,108.5287,6.1935835269468535,2.0699999999999994,,11,8,4.346931,3.49735,['8486'],[],['8486'],1,0
19.6408,107.266,8.016937597828976,2.027272727272727,,75,70,114.607281,114.624922,[],[],['8484'],1,0
22.7645,114.7241,0.6022630132998793,0.5142857142857143,,1,0,2.223899,1.025215,[],[],['8486'],1,0
11.8018,-178.3528,134.6631198411108,4.2601522842639605,,1132,1066,1209.3865,1267.764125,[],['63203'],[],1,0
19.2788,105.8792,1.5918061783394908,0.7000000000000001,,6,6,6.218281,6.678298,['8484'],[],['8484'],1,0
22.5388,120.2009,12.751133255254617,3.6454545454545455,,14,3,6.552762,0.0,[],[],['8321'],1,0
7.2624,107.1159,7.441075531462705,3.5749999980131784,,163,160,332.518219,328.115219,[],[],['8484'],1,0
40.6185,120.9286,7.054646029317431,1.684905660377359,,10,7,9.548191,8.184606,['8486'],[],['8486'],1,0
34.996,128.9606,18.854635402310308,2.408212568880854,,7,3,4.268898,3.335848,[],[],['8327'],1,0
15.2895,109.1288,28.140916117781572,2.374829931972788,,13,12,33.415468999999995,47.50125,['8484'],[],['8484'],1,0
34.9961,128.9849,25.33494088585653,2.394214876033059,,6,5,6.472606,2.7322330000000004,[],[],['8327'],1,0
-28.7923,114.471,1.8401344355962788,3.285714285714286,,10,10,6.25566,5.9520800000000005,['8323'],[],['8323'],1,0
22.4181,115.6898,32.044102878715954,3.928125000000001,,29,24,27.79873,24.279057,['8486'],[],['8486'],1,0
38.2391,122.6584,11.82604196090044,1.1476190476190478,,82,84,77.228523,82.39878900000001,[],[],['8486'],1,0
20.1991,111.7496,18.42984316946801,2.6740000000000013,,51,59,108.696359,117.090844,[],[],['8486'],1,0
22.3592,120.4035,5.039678267481048,2.4,,1,5,0.0,4.261162000000001,[],[],['8321'],1,0
9.9613,104.0015,11.099509814405648,2.096428571428571,,1,1,94.228227,92.188945,[],[],['8484'],1,0
21.896,114.2691,16.369456107455225,2.607692307692308,,13,14,18.608256,18.263021,['8486'],[],['8486'],1,0
20.6357,108.7024,14.050762460639437,3.5192307664797857,,62,56,17.65177,13.504566,[],[],['8486'],1,0
24.5433,118.789,6.331246383289533,2.685,,13,16,13.653392,13.942676,[],[],['8486'],1,0
22.4739,113.7039,17.07081145047912,3.544444444444444,,4,9,1.027826,2.054614,[],[],['8486'],1,0
4.6198,103.5689,79.4073809655483,1.047216494845361,,10,16,7.838011000000001,22.839361,[],[],['8483'],1,0
20.8361,113.9263,5.665690436290419,3.5416666666666665,,113,112,120.050328,121.090656,[],[],['8486'],1,0
63.512,-23.7884,2.4337375145025937,3.7857143708637775,,64,61,76.820008,74.027891,[],[],['5680'],1,0
32.4898,127.3584,28.63727724948634,2.5129870033109345,,102,89,118.180484,99.381492,[],[],['21796'],1,0
20.5737,112.225,7.601953718988176,3.331250049173832,,109,108,105.783125,106.704719,[],[],['8486'],1,0
20.8156,113.9575,57.75663563574857,3.2327868852459014,,128,101,129.363891,111.315273,[],[],['8486'],1,0
70.4451,17.2399,35.381372718126755,3.4411764705882346,,52,70,62.399027,81.896539,[],[],['5686'],1,0
33.0365,124.061,54.72401660580128,3.016842105263158,,164,138,164.459547,139.067078,[],[],['8327'],1,0
20.8095,112.8489,38.7837366935952,3.2724999999999995,,98,80,101.447453,82.342969,[],[],['8486'],1,0
8.4542,105.5367,6.566630967207284,2.5,,44,44,211.295984,207.008656,['8484'],[],['8484'],1,0
4.1041,100.3513,75.60907740357126,2.767450980392157,,25,7,25.924357,5.669279,[],[],['8483'],1,0
32.1139,127.1929,25.617487127240786,2.7976377952755924,,110,108,141.0605,129.669812,[],[],['21796'],1,0
20.346,108.6347,15.402818225230655,2.9095238095238094,,79,79,53.986297,45.071008,[],[],['8486'],1,0
33.845,176.5791,40.84869895911288,7.875,,785,771,2087.95725,2066.30375,[],['63203'],[],1,0
20.8536,113.619,111.4974790533072,3.254411764705883,,97,108,97.502094,109.292109,[],[],['8486'],1,0
22.37,114.9838,26.03769339434563,3.1863636363636365,,23,21,19.133484,20.829082,[],[],['8486'],1,0
-8.2585,-79.1649,3.3350135160473027,0.4669724827239272,,18,15,15.763012,14.306109,['8432'],[],['8432'],1,0
19.7626,109.007,16.06095770694893,2.12962962962963,,17,13,5.353046,2.369935,['8486'],[],['8486'],1,0
34.863,123.0554,11.857395268339044,3.7,,197,193,197.953172,194.100047,[],[],['8327'],1,0
34.6935,123.169,33.435526515683094,4.566666676884605,,192,179,193.143984,180.314516,[],[],['8327'],1,0
34.8469,123.0423,10.011909006876165,3.672727272727272,,196,196,196.969578,196.702969,[],[],['8327'],1,0
-2.9277,83.6375,8.180582633971317,5.609090909090909,,1037,1040,1043.898562,1045.992188,[],['63203'],[],1,1
29.9804,126.5766,11.703568694277775,3.6454545454545455,,270,262,328.86806199999995,318.929594,[],[],['21796'],1,0
34.1814,124.0114,7.2122829676925795,5.164,,102,97,106.71193,102.617805,[],[],['8327'],1,0
-18.6172,173.1737,5.1018639368388765,7.677777793672348,,325,329,396.542062,400.326469,[],[],['8313'],1,0
20.4722,111.6781,15.284784427330896,3.675,,62,72,97.491953,99.198766,['8486'],[],['8486'],1,0
20.8939,113.7304,10.263029360836294,3.5307692307692307,,111,108,104.715273,106.070078,[],[],['8486'],1,0
19.0514,108.5785,5.769981170647464,4.442857142857143,,6,4,4.447797,0.0,['8486'],[],['8486'],1,0
11.0812,108.6967,8.179072137630415,4.71111111111111,,13,8,106.625031,100.075938,[],[],['8484'],1,0
21.8666,113.3319,11.142685454655496,1.395,,8,6,1.111949,3.811056,[],[],['8486'],1,0
4.6503,100.5239,42.32444098935702,2.638492063492064,,10,2,16.483814,7.030183,[],[],['8483'],1,0
-26.0617,35.0531,3.53238614772308,2.999999986540887,,147,144,220.254109,218.153109,[],[],['8347'],1,0
8.089,68.6082,2.821826202984269,0.4800000051657358,,458,456,491.429906,489.17325,[],['63203'],[],1,1
8.5248,-13.9222,9.629053492009913,2.763636363636364,,71,62,56.626203,48.119242,[],[],['8390'],1,0
8.4455,82.1773,16.704773923576465,2.003571428571429,,76,89,100.102547,105.460648,[],[],['8346'],1,0
22.5377,120.2011,27.616393140747864,3.286363636363636,,14,3,6.552762,0.0,[],[],['8321'],1,0
34.475,123.2573,17.628973090121622,3.419230769230769,,172,175,177.40875,176.954594,[],[],['8327'],1,0
38.3616,141.6206,6.917885793693631,2.12051282051282,,5,7,16.463176,17.279868999999998,['8487'],[],['8487'],1,0
12.3301,100.3385,2.0410178313153247,1.831578947368421,,36,36,64.42078500000001,64.42078500000001,[],[],['8332'],1,0
10.1579,107.0427,16.65205845547201,4.2049180327868845,,20,17,8.895595,7.979602,[],[],['8484'],1,0
36.5772,123.6959,41.172654368587786,2.2960000000000007,,114,108,110.19582,106.677898,[],[],['8486'],1,0
10.219,107.0771,120.45317906206309,1.9742146596858643,,21,11,11.332888,16.358126,[],[],['8484'],1,0
19.7914,107.6929,3.0587178231194594,3.5142857142857142,,39,38,116.260289,116.156891,[],[],"['8484', '8486']",1,0
10.4112,108.9607,30.28688092503201,3.230855018587361,,11,4,168.2135,160.086438,[],[],['8484'],1,0
21.5264,108.7675,33.897114672319944,2.067532467532467,,14,7,4.138877000000001,11.358139,['8486'],[],['8486'],1,0
22.4621,114.6802,11.548740744321998,3.409615384615384,,2,7,2.337057,1.111949,[],[],['8486'],1,0
21.0783,108.8652,11.474451492423809,2.76,,25,19,19.840875,13.895687,['8486'],[],['8486'],1,0
21.4115,111.4884,10.064976175967912,1.725,,9,8,9.851142,12.141674,[],[],['8486'],1,0
24.9232,121.9172,15.801323178954132,2.773372781065088,,4,4,2.223899,3.02478,[],[],['8321'],1,0
19.0124,-16.4832,12.494532927935802,3.2968253985283864,,28,17,116.599023,126.933617,['8369'],[],['8369'],1,0
34.6977,123.1753,37.02982335465397,4.6000000000000005,,192,178,193.097141,179.402062,[],[],['8327'],1,0
36.3365,124.3977,68.67502777402176,3.35625,,114,105,144.319391,146.2775,[],[],['8327'],1,0
21.8034,114.659,72.98456826745826,3.7787234042553193,,44,44,34.917894999999994,30.068236,['8486'],[],['8486'],1,0
20.8933,113.7275,10.23136837129083,3.29,,111,108,104.715273,106.070078,[],[],['8486'],1,0
7.1348,75.3851,14.716259562493116,5.6875,,229,217,231.942797,218.092062,[],[],['8480'],1,0
18.5536,65.9376,2.0553567527733305,0.3900000102818012,,510,508,505.574875,503.904938,[],['63203'],[],1,1
20.6112,108.6309,11.752543205900007,3.1666666666666665,,72,63,26.708951000000003,19.126953,[],[],['8486'],1,0
35.0365,129.0922,11.759550866736776,3.159016393442624,,5,5,0.0,3.800163,['8327'],[],['8327'],1,0
20.6548,113.6689,40.81321891307476,3.5431034482758617,,130,131,130.987164,129.498797,[],[],['8486'],1,0
34.4142,123.0032,23.062557787586226,3.3666666666666663,,199,194,204.147547,199.70475,[],[],"['8486', '8327']",1,0
24.8564,120.6829,7.292740734239258,4.225,,20,22,25.324748,23.442627,[],[],['8321'],1,0
20.4104,107.2926,37.116033504997496,1.9131578947368424,,40,27,41.313891000000005,48.175996,[],[],['8484'],1,0
22.3476,120.4025,6.388732853384121,2.6307692307692307,,2,4,1.514645,3.085253,[],[],['8321'],1,0
21.0797,113.8336,157.21327985779698,2.766894197952219,,112,77,104.042367,87.868336,[],[],['8486'],1,0
21.6315,114.9104,14.471715411196762,4.822222222222223,,80,81,66.891602,66.291906,[],[],['8486'],1,0
69.6954,19.0158,0.5836054144639546,0.5837209302325581,,1,1,0.0,0.0,[],[],['5686'],1,0
30.1768,-88.3184,83.32705173275777,2.8993333333333333,,5,4,8.012707,8.062917,['8456'],[],['8456'],1,0
22.2844,115.021,25.545699004744,2.9545454545454546,,33,31,27.196393,28.469145,['8486'],[],['8486'],1,0
-21.1053,-110.9097,17.668668545075413,3.803816783974188,,668,684,674.737938,690.722625,[],['63203'],[],1,0
34.1832,124.0109,6.609381122069204,4.12,,101,97,105.798578,102.617805,[],[],['8327'],1,0
22.0662,113.606,76.38651624580478,3.543703703703705,,9,4,1.030981,0.0,[],[],['8486'],1,0
10.3664,107.1928,1.9385535598992147,2.95,,4,3,7.798534,7.798411,[],[],['8484'],1,0
20.3811,113.0292,23.810936219200126,3.145454545454545,,142,130,144.736047,131.369469,[],[],['8486'],1,0
29.7635,122.3729,4.141037725718328,0.8463576158940392,,4,6,0.0,0.0,[],[],['8486'],1,0
-20.7678,-107.5428,101.47919568364952,4.330303030303032,,670,755,672.551,757.808375,[],['63203'],[],1,0
6.9456,109.0535,4.882987730267039,2.0875,,261,265,426.646688,425.480219,[],[],['8484'],1,0
5.8058,79.4585,22.23000535775244,4.500000046359168,,89,70,100.634461,79.08769500000001,[],[],['8346'],1,0
19.0564,108.0014,9.041129181295206,2.091666666666667,,66,63,59.698359,56.783246,[],[],['8486'],1,0
33.6483,126.6893,21.242864620017063,2.179310344519286,,9,11,14.802458,22.389602,['8327'],[],['8327'],1,0
22.3953,120.3595,18.300358890402865,3.060869565217392,,4,5,4.447797,6.358156,[],[],['8321'],1,0
20.8438,113.6837,67.60094307644137,3.3360465116279068,,112,105,108.28932,110.781508,[],[],['8486'],1,0
12.4734,109.6129,9.714248049171848,2.890000000000001,,24,20,36.445910000000005,35.893480000000004,['8484'],[],['8484'],1,0
21.7005,112.1059,79.77865095070867,2.7616707616707634,,4,0,4.281649000000001,0.0,[],[],['8486'],1,0
38.8049,119.7831,11.717307194103476,1.4060606060606058,,78,75,45.00198,47.822492,[],[],['8486'],1,0
12.5137,109.4446,8.563819849157909,2.687499999999999,,9,3,17.512588,19.622637,['8484'],[],['8484'],1,0
19.8264,-17.2068,11.122129885338053,4.635616478854664,,67,58,105.318188,98.168336,[],[],['8369'],1,0
35.2359,129.394,16.27897161777682,2.7652777800750403,,11,13,10.112431,12.708587,['8327'],[],['8327'],1,0
20.7106,107.1479,1.827820140999881,0.3348837209302326,,4,4,9.426383,10.482369,['8484'],[],['8484'],1,0
22.5585,113.6962,10.712833021037762,3.40625,,8,10,3.02743,0.0,[],[],['8486'],1,0
-44.022,176.6108,15.990175726588449,3.904950484190838,,275,286,290.25031199999995,302.5555,[],[],['8455'],1,0
3.8115,-149.7549,8.684439371766008,1.3879999987284346,,853,859,879.59525,885.409938,[],['63203'],[],1,0
-14.5807,-139.6063,3.879047983456279,1.9402597348217836,,87,84,346.08618800000005,348.930812,[],[],['8440'],1,0
-72.9288,-179.7929,8.83353915898802,5.411538545901959,,317,325,2958.55525,2958.0135,[],['63203'],[],1,0
30.6912,122.8095,2.387443533425573,1.2947368421052632,,2,2,0.956211,0.0,[],[],['8486'],1,0
20.7244,112.3277,4.97811298441849,4.65,,93,93,93.426992,93.071227,[],[],['8486'],1,0
20.5453,112.5643,14.142598863903782,3.290000000000001,,117,115,116.759281,115.870586,[],[],['8486'],1,0
22.0278,114.2572,4.312025532453393,3.0578947368421048,,1,2,4.447797,3.921335,[],[],['8486'],1,0
1.7269,107.1811,7.214219038282608,2.2444444444444445,,64,70,198.672703,193.027609,[],[],['8492'],1,0
33.7427,123.2969,36.4648284516086,6.384375000000001,,182,149,185.48525,153.443094,[],[],"['8486', '8327']",1,0
29.3276,-91.9077,222.63538590513255,2.6180616738315714,,33,10,6.741810999999999,0.968746,['8456'],[],['8456'],1,0
-40.1423,173.797,13.45298717093259,5.0875,,53,60,72.872039,86.93392999999999,[],[],['8455'],1,0
36.8973,123.5847,6.4622689814374885,3.071428571428572,,91,92,89.641547,89.014625,[],[],['8486'],1,0
46.916,-124.2724,2.316849087707867,3.4000000000000004,,9,7,12.151715,9.87327,['8456'],[],['8456'],1,0
23.4833,-154.1205,14.700260837561611,2.2929824561403507,,352,359,372.254375,380.285156,[],[],['8453'],1,0
22.4006,120.3691,28.13112516697627,2.918947368421052,,4,4,4.447797,4.564994,[],[],['8321'],1,0
15.5408,154.2277,5.807331014101242,6.066666666666666,,795,798,908.645562,911.89925,[],['63203'],[],1,0
5.9661,80.9478,20.79346554659718,3.485526311750474,,12,13,30.58524,16.397188999999997,['8346'],[],['8346'],1,0
9.7149,107.3463,7.2397019500861,3.141666666666667,,73,71,65.449281,63.623871,[],[],['8484'],1,0
22.3181,115.0296,23.91312876051589,2.6142857142857148,,32,27,27.720197,24.895717,[],[],['8486'],1,0
10.2181,107.1107,19.36297122323257,1.8137681159420296,,13,13,3.96526,8.824652,[],[],['8484'],1,0
20.8846,112.8167,35.86871079058306,3.1421052631578954,,92,66,94.878977,69.010891,[],[],['8486'],1,0
44.2441,-1.4154,21.71687716623547,3.0863636363636364,,6,12,54.865297,35.934788999999995,['5677'],[],['5677'],1,0
-12.97,-122.6473,87.67700564510055,3.218152349310621,,1293,1345,1526.044,1595.712375,[],['63203'],[],1,0
15.4871,108.9611,0.9661952908554,0.6142857142857142,,13,13,18.4004,18.831734,[],[],['8484'],1,0
20.5086,112.5834,5.0720229580646095,2.7555555555555555,,121,118,121.313484,119.267828,[],[],['8486'],1,0
17.4764,107.6365,8.341183927504366,2.3875,,42,50,126.242805,128.882297,[],[],['8484'],1,0
9.6497,107.3879,4.157763073282996,1.6166666666666667,,79,82,72.884492,75.025578,[],[],['8484'],1,0
38.721,123.1756,0.7665242338143101,1.0666666666666669,,34,34,33.35848,33.35848,[],[],['8486'],1,0
22.1977,117.7471,5.935104699669577,1.1461538461538463,,148,149,92.113836,89.88878100000001,[],[],['8486'],1,0
5.0508,114.342,13.916625645591688,2.889473684210526,,38,41,26.778613,34.014292999999995,[],[],['26521'],1,0
24.9601,120.968,4.447554380643037,2.8592592592592587,,2,0,2.441785,3.001572,[],[],['8321'],1,0
34.9319,124.0633,42.3171818563385,3.0989898944141894,,104,105,105.157758,106.001609,[],[],['8327'],1,0
38.3488,122.6355,12.713196013224833,1.876315789473684,,77,72,75.149125,70.187102,[],[],['8486'],1,0
33.0668,126.5112,20.90119880931609,2.548076920927716,,29,13,27.861096,11.941327,['8327'],[],['8327'],1,0
22.568,113.8236,6.597487695970025,2.507407407407407,,3,2,1.513639,1.026712,[],[],['8486'],1,0
34.3008,122.2342,5.482989031777933,3.48125,,168,173,149.597656,155.434641,[],[],['8486'],1,0
38.421,121.9844,7.377797861963687,2.8190476190476184,,52,48,47.81382,43.374719,[],[],['8486'],1,0
19.8481,155.175,133.46138049789477,4.223529411764704,,507,509,1088.287,1164.32075,[],['63203'],[],1,0
5.6843,80.5,47.119577010173934,4.6161290322580655,,42,20,44.601605000000006,28.019512,['8346'],[],['8346'],1,0
32.0778,126.7538,72.91468936441636,1.9915422885572136,,137,93,139.4475,93.845031,[],[],"['8327', '21796']",1,0
20.6686,108.5361,7.227438591978706,2.981818181818182,,73,67,27.797219,21.773859,[],[],['8486'],1,0
17.4168,109.0435,26.81849229618374,5.781818181818181,,108,88,108.26032,88.197492,[],[],['8486'],1,0
53.7233,0.5898,24.77299113615301,2.777375571867999,,31,32,11.893027,6.6661090000000005,[],[],['5696'],1,0
18.0906,106.5017,7.766300877256672,6.0687500000000005,,5,5,5.734331,8.633239999999999,['8484'],[],['8484'],1,0
21.1567,110.7008,12.720896741082234,3.564,,10,11,8.895595,10.007544,[],[],['8486'],1,0
20.5397,-17.2758,14.700685644315424,3.548181813088332,,40,32,38.753785,31.514875,[],[],['8369'],1,0
30.1564,126.8545,7.226691414282287,2.9714285714285715,,251,244,294.371906,286.307562,[],[],['21796'],1,0
34.215,123.7597,67.52485223278305,3.1472906403940906,,124,124,128.218703,129.138516,[],[],['8327'],1,0
20.4526,63.0646,3.4021592244287784,0.8166666666666667,,391,392,447.189125,448.306156,[],['63203'],[],1,1
34.9991,128.9929,14.358964852938472,1.7299999999999995,,6,5,6.472606,2.7322330000000004,[],[],['8327'],1,0
36.9378,15.3419,10.908460326776602,2.208955227883895,,8,6,9.152147,11.383756,['5682'],[],['5682'],1,0
12.5235,109.4149,12.878902849680577,3.094117647058824,,6,1,14.798552,17.074195,[],[],['8484'],1,0
10.3009,-75.5295,5.863621361898555,3.6968750078231087,,0,1,1.111949,0.0,[],[],['8426'],1,0
22.2271,114.1535,3.775236740457246,4.47,,1,1,1.029374,1.111949,[],[],['8486'],1,0
12.8711,109.4742,24.91877767186485,3.266279069767443,,5,3,32.180691,52.50532,['8484'],[],['8484'],1,0
33.6725,126.6768,13.067542577136,1.731775699757806,,10,14,16.243284,23.153135,['8327'],[],['8327'],1,0
-6.9576,-28.5112,33.72387270162365,3.7173913043478257,,565,544,567.48925,546.0356879999999,[],['63203'],[],1,1
22.2286,115.1689,15.75723445279864,3.6045454545454554,,45,48,40.358812,48.625234,['8486'],[],['8486'],1,0
34.7229,123.1757,7.0106317384961,1.9799999999999995,,184,182,184.715297,183.005562,[],[],['8327'],1,0
22.1035,114.594,7.145533368909895,3.4125000000000005,,25,31,8.242606,14.593978,[],[],['8486'],1,0
22.9659,116.9497,8.602447478351637,3.89375,,33,33,28.347695,28.707787,['8486'],[],['8486'],1,0
21.961,113.3623,3.806221417155081,2.96,,4,4,1.111949,1.031199,[],[],['8486'],1,0
29.7676,122.3666,4.665253107873351,1.1225563909774443,,4,4,0.0,1.111949,[],[],['8486'],1,0
14.6486,109.505,11.303517285883869,2.581818181818182,,43,46,94.013695,104.995969,[],[],['8484'],1,0
20.6905,113.816,9.80513860898982,3.217647058823529,,131,127,130.243305,129.175492,[],[],['8486'],1,0
5.4477,80.0865,8.88060857680683,2.5142857142857147,,67,62,68.18352300000001,63.668766000000005,[],[],['8346'],1,0
21.4254,108.3181,9.732718173847571,3.25,,13,13,8.443477999999999,3.10501,['8486'],[],['8486'],1,0
21.0362,111.4811,44.70806351507689,2.739473684210526,,51,47,39.138594,34.203406,[],[],['8486'],1,0
8.5299,-14.018,6.472180525793664,3.825,,81,78,66.44417999999999,63.663492,[],[],['8390'],1,0
9.763,107.2406,8.31818783134645,3.3,,61,62,56.527078,54.190863,[],[],['8484'],1,0
34.8995,121.3258,51.26270899238365,3.3666666666666663,,98,121,87.358227,100.023961,[],[],['8486'],1,0
10.2948,81.6102,20.31573204264482,2.8888888888888884,,133,151,182.646875,193.307109,[],[],['8346'],1,0
20.9016,114.9053,41.11192665055007,3.264516138261364,,140,144,136.215469,135.061375,[],[],['8486'],1,0
33.7085,124.621,8.18725703406232,3.0565217484598577,,63,57,63.937418,58.243918,[],[],['8327'],1,0
-10.4626,153.6051,182.3266128162622,5.5211864406779645,,52,102,326.054031,367.564188,[],[],['8324'],1,0
32.5396,127.4368,34.485343776490296,2.664397900329212,,101,88,117.168594,96.440688,[],[],['21796'],1,0
20.622,108.4814,10.290523324546362,2.934782608695652,,77,75,34.469879,30.023963,[],[],['8486'],1,0
36.6062,124.3306,12.179249230445205,2.9235294117647057,,112,110,145.59384400000002,136.530969,[],[],['8327'],1,0
29.9871,123.4387,35.10445289561422,3.33370786516854,,56,76,45.178738,61.325523,[],[],['8486'],1,0
36.5784,124.2766,51.47505517777963,2.4228070175438603,,118,113,157.116438,133.167016,[],[],['8327'],1,0
20.6641,-17.4422,19.445447283196952,3.907874040540279,,49,31,51.989492,37.210953,[],[],['8368'],1,0
22.5608,120.1934,26.1714244333908,2.904069767441861,,13,3,6.163397,1.026414,[],[],['8321'],1,0
12.5005,109.393,7.271040812450107,3.7076923113602858,,4,3,12.147731,12.742506,[],[],['8484'],1,0
21.4137,112.6784,64.43785981392782,2.86842105263158,,22,17,21.152354,19.156195,['8486'],[],['8486'],1,0
15.539,108.9949,27.13623451124589,3.026315789473684,,13,16,21.731793000000003,27.362646,['8484'],[],['8484'],1,0
-18.8292,172.0066,14.373498389079138,7.571428571428571,,195,209,265.471781,280.212875,[],[],['8313'],1,0
22.0648,113.6041,76.91994431768696,3.4432664756446982,,9,4,1.030981,0.0,[],[],['8486'],1,0
22.5352,113.7251,17.360772094177698,3.267924528301887,,9,10,1.513791,1.026935,[],[],['8486'],1,0
20.9232,113.752,10.646698178873304,5.344444433848064,,109,104,102.639281,104.384469,[],[],['8486'],1,0
35.995,140.7501,5.33330889540134,1.7975,,6,8,1.111949,0.0,['8487'],[],['8487'],1,0
31.963,126.5378,31.37724247091475,3.2439393939393946,,146,138,150.124859,139.148656,[],[],"['21796', '8327']",1,0
-18.2656,38.186,19.00294008415514,4.014754113603811,,105,101,140.883266,149.41928099999998,[],[],['8347'],1,0
11.1798,108.946,28.03117681016227,2.848979591836735,,18,11,91.34907,77.322547,[],[],['8484'],1,0
18.9252,178.977,19.00606979207826,7.016666666666667,,1083,1068,1538.965125,1554.8815,[],['63203'],[],1,1
19.0429,116.034,17.550261600687623,5.62,,206,191,375.5934380000001,368.804031,[],[],['8321'],1,0
30.2081,126.7541,6.555271235786415,2.571428571428572,,252,246,298.241125,292.79043800000005,[],[],['21796'],1,0
20.664,107.1519,6.708150452396269,1.6153846153846154,,9,9,12.358009,12.721433,['8484'],[],['8484'],1,0
34.7242,123.1352,6.9067195812864535,2.3562500044703483,,187,187,188.359219,187.614578,[],[],['8327'],1,0
38.7159,121.7427,16.46606947354237,2.3,,19,16,17.812293,16.4254,['8486'],[],['8486'],1,0
32.1033,126.9866,2.055901571606062,2.6842105212964498,,129,128,132.443812,131.655766,[],[],['21796'],1,0
59.9391,169.499,17.54472045828983,2.996212124824524,,37,21,181.778203,194.553375,[],[],['5690'],1,0
38.379,-123.114,1.756485417460642,2.8166666666666664,,3,2,6.867211,7.969766,['8456'],[],['8456'],1,0
7.7307,72.8186,13.272255557044216,4.8875,,66,61,71.472812,64.288543,[],[],['8480'],1,0
20.9226,113.8223,138.64776536323302,3.1617924528301886,,117,92,117.841641,102.320258,[],[],['8486'],1,0
8.3626,82.0237,2.168410473262202,0.525,,66,67,88.789406,89.83895299999999,[],[],['8346'],1,0
26.1828,120.0723,8.905685162602134,2.3011764705882354,,8,7,10.924361,10.221907,[],[],['8486'],1,0
-20.5349,177.0405,3.081571059365156,0.130188679245283,,183,180,252.254656,248.991344,[],[],['8325'],1,0
36.3182,124.3986,54.571974105094434,3.453999999999999,,114,106,144.319391,144.16803099999998,[],[],['8327'],1,0
22.8885,120.0585,7.474832480951898,2.813636363636364,,14,9,14.387092,11.377507,[],[],['8321'],1,0
-10.9509,154.3496,28.009227661888698,8.618750000000002,,31,48,424.610031,410.520875,['8324'],[],['8324'],1,0
30.1502,126.8386,6.5786949775353625,2.8571428571428568,,251,246,295.0095,289.309719,[],[],['21796'],1,0
13.2937,152.9848,158.1609490375485,4.615517241379313,,492,563,628.0365,700.98875,[],['63203'],[],1,1
-19.4313,-101.6509,1.5327061313855592,2.1875000055879354,,1148,1150,1153.539,1155.066375,[],['63203'],[],1,0
32.7082,127.1922,19.35417823656575,2.3269230562906995,,81,66,86.856234,75.735492,[],[],['8327'],1,0
-17.9838,-71.0445,1.2608103694365214,0.6285714368735041,,12,11,27.322461,27.074424,['8432'],[],['8432'],1,0
10.7108,108.1314,3.2186695930946327,2.45,,13,15,110.8255,112.918891,[],[],['8484'],1,0
20.9482,113.7393,3.918590631642436,1.2727272700179706,,105,102,100.742102,100.018852,[],[],['8486'],1,0
20.8942,113.1098,143.67781557320438,3.3868421073022628,,87,107,86.886797,99.172922,[],[],['8486'],1,0
38.9227,118.8584,1.6281459536041354,1.3099999999999998,,16,15,12.976845,12.289475,['8486'],[],['8486'],1,0
19.272,118.2181,12.797463331555363,2.9954545454545456,,222,225,370.29275,367.915656,[],[],['8321'],1,0
31.5028,134.5908,5.353420373715037,7.922727272727271,,197,199,202.726625,203.871172,[],[],['8487'],1,0
33.7242,122.5499,0.7701940644743963,1.111111111111111,,174,174,142.689453,143.058562,[],[],['8486'],1,0
12.4473,109.4787,7.345988056321028,3.0625,,12,11,22.049371,22.825846,['8484'],[],['8484'],1,0
34.6228,121.944,15.904927028851915,3.4916666666666667,,155,158,133.59567199999998,138.205016,[],[],['8486'],1,0
33.0235,126.6173,18.175420966544685,2.7800000076492624,,31,17,31.344863,17.90673,['8327'],[],['8327'],1,0
21.7418,114.5995,58.968937815954334,3.4201923076923078,,46,47,40.24248,32.808840000000004,[],[],['8486'],1,0
32.7165,127.426,58.26541921877399,2.0470422504863284,,102,76,114.680086,81.761148,[],[],"['21796', '8327']",1,0
12.269,111.3348,5.798275262024785,2.0090909090909093,,204,209,220.879953,225.909297,[],[],['8484'],1,0
20.7246,112.7641,34.806971458038426,3.119047619047618,,99,88,102.895078,91.232875,[],[],['8486'],1,0
9.7284,107.4229,10.327910465510469,3.369999999999999,,75,72,68.448008,67.010906,[],[],['8484'],1,0
20.2303,114.1452,12.878238213470842,2.9882352941176467,,182,179,190.315953,189.951469,[],[],['8486'],1,0
30.6958,122.8221,0.6980628958970729,1.4333333333333331,,3,2,0.0,0.0,[],[],['8486'],1,0
22.0114,119.0196,7.362587325830534,3.825,,139,135,140.584016,134.029766,[],[],['8321'],1,0
10.691,109.3941,6.4422757608588,2.465432096410681,,48,52,139.050391,132.92309400000002,['8484'],[],['8484'],1,0
3.7331,167.0226,19.03448273777092,2.299999976158142,,209,196,469.374156,477.543688,[],[],['8318'],1,0
10.37,107.148,2.8785379081953524,0.6548387096774193,,2,1,5.501743,3.510564,[],[],['8484'],1,0
22.4505,113.8003,16.362094067168844,3.5826087018717887,,1,4,0.0,1.027456,[],[],['8486'],1,0
22.3803,113.7233,1.907569548250421,2.2,,7,6,2.223899,1.111949,[],[],['8486'],1,0
-47.8958,65.6039,8.35115845161272,1.5434782569823056,,241,233,3016.2285,3020.5715,[],[],['8387'],1,0
49.1309,-2.6179,6.865233650211288,4.933333350221317,,29,24,32.520652,27.987656,['5677'],[],['5677'],1,0
-14.9002,-158.4411,22.08108384400812,3.607272727272728,,431,430,459.263656,467.664844,[],['63203'],[],1,0
12.5121,-27.5053,59.1159304679176,3.693093092614287,,422,375,449.241531,401.2205,[],['63203'],[],1,0
32.7002,127.5434,62.5470589677931,2.5641509395725324,,95,77,120.32207,79.912141,[],[],"['8327', '21796']",1,0
35.0994,129.1576,28.04570513261744,2.890163934426229,,3,4,2.729558,4.309309,['8327'],[],['8327'],1,0
13.6646,109.5641,46.351596804122906,2.773913043478262,,22,30,42.62452,35.679023,['8484'],[],['8484'],1,0
12.6302,109.2477,2.831569053406937,1.6618181818181816,,4,4,15.904154,15.904154,[],[],['8484'],1,0
22.4273,113.8814,16.23666334439057,2.1,,2,2,2.056392,0.0,[],[],['8486'],1,0
34.656,123.0775,11.652452811720714,3.2625,,194,191,194.885578,192.026344,[],[],['8327'],1,0
-19.3232,-123.9004,147.16091939017562,5.026086956521737,,589,609,876.82175,928.350812,[],['63203'],[],1,0
21.4458,111.1067,11.43415509953825,3.072093023255814,,3,1,1.035003,2.069723,[],[],['8486'],1,0
38.6963,141.6244,14.2067358174559,3.16595744680851,,5,7,23.415193,20.478719,[],[],['8487'],1,0
-8.6608,-136.7773,1.5172078345088784,1.8612903298870207,,250,251,272.19125,273.183219,[],[],['8440'],1,0
-4.7873,113.8955,3.7573815256932783,3.3666666666666667,,84,82,130.738695,128.72889800000002,[],[],['8492'],1,0
22.782,120.1332,26.44814611272282,3.317177914110429,,13,0,12.236881,1.5121669999999998,[],[],['8321'],1,0
11.5219,109.0343,5.3043700685392015,1.6888888859086566,,2,2,43.167023,41.783484,[],[],['8484'],1,0
14.6608,109.4966,11.393078486916608,2.433333333333333,,43,45,95.849453,106.863711,[],[],['8484'],1,0
19.2353,63.108,1.2999006398610846,0.8142857210976737,,458,458,538.342125,537.5485,[],['63203'],[],1,1
14.0022,-178.3408,123.92911682575082,3.86549295774648,,1019,958,1328.86525,1392.589375,[],['63203'],[],1,0
-14.1338,67.7626,15.450780924256756,4.963636363636364,,760,770,767.273812,776.738938,[],['63203'],[],1,0
23.4019,118.2237,22.31662053772388,4.7125,,63,70,50.195086,55.723809,[],[],['8486'],1,0
34.9769,128.9516,2.677978479264983,4.272727266224947,,8,7,4.940372,5.900907,[],[],['8327'],1,0
52.0385,155.4185,11.637473084578398,4.18103448892462,,72,71,73.676117,71.083484,[],[],['5690'],1,0
30.0976,126.7483,7.808945020406456,3.871428571428571,,259,254,304.652844,298.16553100000004,[],[],['21796'],1,0
22.4498,117.6911,19.96552106386347,4.8875,,120,121,68.928984,63.109383,[],[],['8486'],1,0
21.5363,112.604,6.312570076895441,1.0476190476190472,,8,5,10.628139,9.568101,[],[],['8486'],1,0
34.687,128.4328,8.18377702160745,3.2026315692224,,3,2,9.352913,4.279505,[],[],['8327'],1,0
35.0728,123.1902,9.41054307803109,7.862500000000001,,186,186,187.485828,186.799469,[],[],['8327'],1,0
16.9743,65.892,3.8251191983478607,0.7916666716337204,,638,635,571.659375,567.902312,[],['63203'],[],1,1
22.0737,113.6116,42.879696957680274,3.629885057471265,,7,3,3.032625,0.0,[],[],['8486'],1,0
30.0205,126.3538,11.950485383420643,2.611111111111111,,287,283,316.353,320.238531,[],[],"['8487', '21796']",1,0
33.0362,126.6081,19.512450489810977,2.520689654581506,,33,16,32.03667,16.538672,['8327'],[],['8327'],1,0
36.51,122.628,25.17282325895936,3.1380952380952385,,41,41,33.231688000000005,31.080613,[],[],['8486'],1,0
13.175,100.3809,64.86015742448427,2.700806451612903,,21,27,42.67835899999999,21.414141,[],[],['8332'],1,0
21.4985,112.4791,7.373851833582843,4.3277777777777775,,14,11,13.268812,10.007544,['8486'],[],['8486'],1,0
20.2069,110.2624,2.742670977639809,4.4375,,6,5,4.447797,3.335848,[],[],['8486'],1,0
36.7176,123.3869,22.55418351269586,4.117857142857143,,80,77,77.18543799999999,76.574086,[],[],['8486'],1,0
-34.4858,17.8919,81.02149434266987,2.8818461538461526,,49,59,59.252508,64.828711,[],[],['8396'],1,0
-32.2482,99.1684,36.640383107157525,4.45,,1461,1440,1460.685,1439.853625,[],['63203'],[],1,0
-9.4655,173.7743,39.585940132678594,4.78888891906374,,452,428,610.037688,595.5163120000001,[],['63203'],[],1,0
20.7387,113.9003,35.70959038506365,3.177272725105285,,129,114,131.63025,123.296656,[],[],['8486'],1,0
21.5437,112.6397,6.1463351693730495,0.923943661971831,,9,5,13.187755,12.21207,[],[],['8486'],1,0
30.2483,126.3248,5.511670185700597,2.7,,274,269,307.47425,310.648406,[],[],['21796'],1,0
22.1903,114.4195,6.926109527349262,3.406521739130434,,13,15,10.822329,10.060401,[],[],['8486'],1,0
34.9975,120.9345,11.579711402065392,1.9500000000000008,,92,97,73.685328,78.953609,[],[],['8486'],1,0
22.472,113.8143,12.644872706947693,3.552941176470588,,4,4,0.0,1.027456,[],[],['8486'],1,0
38.5071,122.6017,0.8799923674350522,0.4825396871992519,,57,57,55.821539,55.821539,[],[],['8486'],1,0
30.1062,124.5113,0.9480835392848878,1.4714285714285713,,156,156,147.51870300000002,146.99643799999998,[],[],['8486'],1,0
19.0456,114.2832,8.535532404619502,6.338461538461539,,307,309,319.401656,318.505406,[],[],"['8486', '8321']",1,0
22.6662,114.5378,7.269884335306727,1.6024390243902442,,0,1,2.05223,1.02604,[],[],['8486'],1,0
34.238,122.8581,13.971755206908917,9.133333333333336,,210,199,186.932094,200.601125,[],[],['8486'],1,0
42.4947,14.3127,3.5743067337326173,3.793939409833965,,5,9,5.847691,9.328132,['5682'],[],['5682'],1,0
35.2052,140.5537,4.537846861482526,2.3632653061224485,,15,16,22.26382,23.680443,['8487'],[],['8487'],1,0
21.3069,112.2806,4.906176775397517,1.95,,29,29,29.318201,29.887238,['8486'],[],['8486'],1,0
22.4821,115.9893,6.365149282443279,5.266666666666667,,34,37,37.684645,39.039789,['8486'],[],['8486'],1,0
22.3988,120.3744,9.871326339161474,1.9770833333333333,,4,4,3.490657,4.564994,[],[],['8321'],1,0
16.4581,159.7144,117.1130952284464,3.883333333333333,,594,590,1048.141375,1081.479875,[],['63203'],[],1,0
47.6636,-122.3952,1.6805143477156943,0.6385474860335195,,1,1,0.74893,0.74893,['8456'],[],['8456'],1,0
10.2446,107.0695,3.594369793548493,3.0939393939393938,,11,7,1.094272,1.560024,[],[],['8484'],1,0
20.4321,114.3673,21.72526273222889,3.494117647058824,,162,160,173.333281,171.306234,[],[],['8486'],1,0
20.7662,114.0103,4.090517714559536,2.6428571428571432,,120,119,130.478516,130.073789,[],[],['8486'],1,0
-14.7122,-158.5827,55.38897134020573,4.59855072463768,,456,440,465.594719,501.582562,[],['63203'],[],1,0
38.7347,120.6034,1.0434406218949843,0.7428571428571428,,40,39,41.113383,40.008652000000005,[],[],['8486'],1,0
33.0707,126.1178,31.524125339501907,2.63031249579508,,22,13,24.443131,15.755926,['8327'],[],['8327'],1,0
22.0909,116.0942,14.122624391341336,0.9764705882352938,,83,76,85.742906,79.837977,[],[],['8486'],1,0
24.8948,121.9498,38.07969769827415,2.244660194174758,,3,7,4.606986,9.343592,[],[],['8321'],1,0
38.6189,119.0994,2.1340807656014738,1.092857142857143,,50,51,8.208812,8.914735,[],[],['8486'],1,0
10.3267,106.8294,2.351197134623598,3.4428571428571435,,4,5,13.398375,13.500424,[],[],['8484'],1,0
-26.307,155.1668,18.794566853348798,3.1161290322580646,,180,194,186.494469,200.081531,[],[],['8323'],1,0
37.8634,119.7964,4.4647611490856765,0.8137254901960786,,42,40,13.989018,15.555466,[],[],['8486'],1,0
24.8726,119.3509,4.355285559347947,5.4625,,19,15,24.340473000000003,27.350996,['8486'],[],['8486'],1,0
21.6739,112.1209,40.04645184762296,3.1609375000000006,,5,4,5.167892,3.035575,[],[],['8486'],1,0
12.3988,109.7538,2.067888601022193,1.0666666666666669,,40,40,52.23193,53.071535,[],[],['8484'],1,0
20.7795,112.7803,30.539053790338016,3.090243902439024,,93,86,96.145484,88.980102,[],[],['8486'],1,0
-4.4432,-165.8984,83.49542565986006,3.37710843373494,,521,578,1023.287625,1024.163062,[],['63203'],[],1,1
31.487,124.2636,2.760223420889569,2.0,,160,161,133.930734,135.360906,[],[],['8486'],1,0
22.5192,113.7394,14.591251586087797,2.664583333333333,,8,8,1.027381,0.0,[],[],['8486'],1,0
33.6116,126.9045,4.4227663728791615,2.062500022351742,,8,9,16.002628,15.594854,['8327'],[],['8327'],1,0
20.622,112.5496,17.92439123272219,3.966666666666667,,110,106,110.082977,107.069203,[],[],['8486'],1,0
10.3607,107.3235,8.321643426059817,2.06551724137931,,8,8,20.156947,21.511182,[],[],['8484'],1,0
14.6618,109.517,7.459146247631741,2.3125000000000004,,47,47,98.895289,106.357648,[],[],['8484'],1,0
21.884,114.9685,33.80170969430688,5.522727272727272,,72,67,57.572145,58.391664,[],[],['8486'],1,0
70.5271,17.2353,93.48485344943452,3.89502760422164,,44,97,52.497469,109.028172,[],[],['5686'],1,0
-27.9726,57.794,93.11381202982474,5.422157436696156,,762,744,773.021438,757.2571879999999,[],['63203'],[],1,0
32.1589,124.6009,8.195340692313511,2.9375,,193,188,195.008812,189.397359,[],[],['8327'],1,0
32.6965,127.1564,22.397168074713097,2.1787878889026064,,81,64,85.910531,73.585672,[],[],['8327'],1,0
21.6732,112.1219,39.56549696688703,3.315686274509804,,5,4,5.167892,3.035575,[],[],['8486'],1,0
34.611,128.2702,32.50533712901836,4.913461538461538,,2,0,3.532963,2.879982,[],[],['8327'],1,0
22.9683,119.9835,6.084279383136734,2.8381818181818184,,12,8,17.963639,16.378087999999998,[],[],['8321'],1,0
21.1299,109.1492,5.207080479118715,6.0,,5,8,3.493423,6.371386,['8486'],[],['8486'],1,0
-14.7326,-132.2019,109.49277783044204,3.7086466165413543,,585,637,837.9985,861.784,[],['63203'],[],1,0
32.554,127.3933,24.966113944197613,2.603333325187365,,103,88,114.879977,98.15457,[],[],['21796'],1,0
35.249,140.5647,20.77958515286993,2.7,,13,16,22.715184,27.924131000000003,['8487'],[],['8487'],1,0
30.1831,126.3797,4.9830220734990025,1.8444444444444448,,275,270,315.606406,316.598062,[],[],['21796'],1,0
15.3273,109.1803,8.614902772583335,2.9869565217391303,,11,7,42.543895,42.048895,['8484'],[],['8484'],1,0
3.4648,166.7325,19.063361848382037,3.89761907302198,,254,241,437.561,446.059219,[],[],['8318'],1,0
22.0558,113.5879,83.54116512151352,3.644859813084116,,10,3,1.031054,0.0,[],[],['8486'],1,0
10.3104,107.2011,7.279136242840478,2.06774193548387,,9,7,13.398517,12.60059,[],[],['8484'],1,0
36.6017,124.2439,12.762829317650215,2.065217391304348,,119,118,147.478266,136.587547,[],[],['8327'],1,0
20.7117,113.8867,35.40613041158633,2.9416666666666664,,130,118,131.817516,127.840602,[],[],['8486'],1,0
17.4738,108.4876,15.8012194872643,2.747058823529412,,113,108,110.773594,105.855953,[],[],['8486'],1,0
-8.367,-79.0577,0.5621222352056029,0.2632653123261976,,14,14,14.827427,14.827427,['8432'],[],['8432'],1,0
11.1196,108.7125,9.505706852523096,6.222727272727272,,10,4,103.076391,95.655359,[],[],['8484'],1,0
-6.5582,-166.0957,1.7139079120827574,2.05,,478,479,812.718938,813.298875,[],['63203'],[],1,1
22.9709,120.1303,12.237359656817675,2.828767123287672,,3,0,4.534353,1.511399,[],[],['8321'],1,0
-2.2794,-28.1355,21.736261863177337,7.942857142857143,,499,509,501.168344,511.101562,[],['63203'],['8464'],1,0
-20.1475,-110.155,125.22156751272227,4.526271186440681,,743,790,749.1713120000001,796.2995,[],['63203'],[],1,0
37.1045,126.3976,1.1942713434068193,0.4456140384165167,,2,2,1.111949,0.0,[],[],['8327'],1,0
4.239,7.3031,72.26599356532383,2.5013029315960904,,21,16,5.655036,7.03068,['8474'],[],['8474'],1,0
30.0252,125.0082,0.8292767503438118,2.083870967741935,,205,205,194.675531,194.225297,[],[],['8486'],1,0
36.2046,126.3164,3.84815922180816,1.8090909118340768,,11,10,16.497318,14.564952,[],[],['8327'],1,0
21.7949,114.5874,27.38225960929229,2.440816326530612,,38,48,28.255797,34.885957000000005,[],[],['8486'],1,0
34.764,123.951,10.94124517073074,5.132142857142856,,114,109,115.27207,110.334852,[],[],['8327'],1,0
30.1529,126.7825,6.879238870232688,2.8500000000000005,,254,250,299.121344,293.897625,[],[],['21796'],1,0
38.634,121.4713,84.56540954382521,2.177586206896552,,24,16,19.394932,13.107743,['8486'],[],['8486'],1,0
21.1516,114.0843,160.1085276452854,2.978477694981993,,131,56,130.626297,61.712758,[],[],['8486'],1,0
52.5331,154.0265,10.545727591213042,3.961111148198445,,151,143,127.887016,121.072258,[],[],['5690'],1,0
20.6561,107.1,10.070070116348168,1.5666666666666669,,9,7,9.820758,8.358433000000002,['8484'],[],['8484'],1,0
21.5249,112.6554,6.345489328089188,1.107594936708861,,10,7,14.390625,9.843824,['8486'],[],['8486'],1,0
22.177,117.7482,6.699252757052609,2.164285714285714,,151,151,95.301211,92.036867,[],[],['8486'],1,0
34.6195,127.5876,17.05784037705145,3.4909909909909893,,1,1,7.321404999999999,5.923693,[],[],['8327'],1,0
4.2412,7.2686,2.775248729877104,2.0166666666666666,,18,18,5.985799,7.112439999999999,['8474'],[],['8474'],1,0
30.9848,127.1422,8.183456114481213,1.7529411764705871,,161,158,224.596906,222.216891,[],[],['21796'],1,0
34.7763,123.1784,7.642873921613432,2.6068965517241383,,184,182,184.876953,183.30475,[],[],['8327'],1,0
34.6573,123.0666,43.41495431211086,2.891463414634147,,193,193,197.920875,193.761969,[],[],['8327'],1,0
21.0526,113.6673,5.578009700357946,3.5166666666666666,,98,93,90.52075,85.423492,[],[],['8486'],1,0
-43.0606,177.5546,11.747049017374506,2.9239130434782608,,237,239,295.1595,299.061188,[],[],['8455'],1,0
34.2549,122.5789,18.351725036139275,3.55555555290646,,197,200,172.111359,175.60559400000002,[],[],['8486'],1,0
10.2579,107.0937,65.12768703158098,2.6488272921108726,,14,8,3.335848,10.922153,[],[],['8484'],1,0
30.3167,125.3515,5.9053992977868575,2.040625,,232,234,214.930656,216.311766,[],[],['8486'],1,0
35.0347,129.0938,7.199128736677403,2.3722222222222222,,3,3,0.0,2.873932,['8327'],[],['8327'],1,0
34.7256,128.9863,17.670722167048403,3.960674199579136,,23,26,19.578186,21.227648,['8327'],[],['8327'],1,0
20.8377,113.8899,5.1667647744446885,3.3666666666666667,,112,112,117.083039,119.599539,[],[],['8486'],1,0
11.6993,101.0351,5.961159703371108,2.2454545454545456,,92,91,90.641023,89.153031,[],[],['8332'],1,0
22.4265,113.8197,3.9885995545869735,3.503571428571428,,1,3,1.111949,0.0,[],[],['8486'],1,0
-13.4124,-121.2748,5.157955105456951,7.028571554592678,,1297,1302,1589.46025,1594.355125,[],['63203'],[],1,0
20.6232,108.5454,9.170292452054534,2.838888888888889,,76,68,30.894289,22.788559,[],[],['8486'],1,0
22.3565,114.9889,22.504415668740585,3.508333333333333,,23,22,18.702178,21.844443,[],[],['8486'],1,0
21.7344,114.531,40.08015837495383,2.339240506329114,,38,44,34.532148,31.815818,[],[],['8486'],1,0
32.6484,126.8918,13.45841463020312,1.9515151562112751,,71,72,71.316109,73.284812,[],[],['8327'],1,0
32.534,126.9701,20.94539481503892,3.075,,95,80,95.461328,81.35128900000001,[],[],['8327'],1,0
13.884,74.4063,30.82701104282595,4.705405405405406,,30,5,99.577258,89.83139800000001,['8480'],[],['8480'],1,0
-0.2591,79.529,1.6536653039112068,0.4454545520923354,,675,675,687.509375,687.1495,[],['63203'],[],1,0
21.54,112.6315,7.139163223573073,1.191304347826087,,9,4,13.187755,11.852034,['8486'],[],['8486'],1,0
10.2351,107.2239,13.089285924250774,1.7428571428571429,,17,13,15.360354,20.566717,[],[],['8484'],1,0
10.2579,107.0774,3.748710633041018,2.988888888888889,,9,5,2.188476,3.465582,[],[],['8484'],1,0
-26.3743,61.7347,77.56496637720298,5.466144202131089,,760,730,773.773875,743.6906879999999,[],['63203'],[],1,0
32.0842,126.9884,4.343491141328668,2.587096774193548,,129,127,134.31109400000005,132.998312,[],[],['21796'],1,0
19.2535,108.5356,12.693860065115164,1.7863636363636362,,11,7,13.310931,16.793697,['8486'],[],['8486'],1,0
41.0705,-16.6932,8.897940949034902,7.249999920527141,,635,643,634.3768120000001,642.514625,[],['63203'],[],1,0
20.0699,108.6659,12.751011048151993,2.66875,,64,57,43.49191,38.152547,[],[],['8486'],1,0
9.7585,107.2784,15.241970700133068,2.80625,,65,65,59.140012000000006,57.014332,[],[],['8484'],1,0
8.3417,105.72,7.380077625149688,2.25,,65,69,223.580172,223.251891,['8484'],[],['8484'],1,0
8.2256,107.1675,10.667701763988363,3.498387096774193,,71,68,224.937969,219.449516,[],[],['8484'],1,0
8.3668,106.7346,2.314428403422241,2.2125,,32,32,209.256203,209.092156,[],[],['8484'],1,0
23.0282,119.9852,4.650309766798975,1.5418181818181815,,7,5,17.541967,17.293153999999998,[],[],['8321'],1,0
34.645,121.9443,12.93284029987112,3.75,,156,159,134.745328,138.595312,[],[],['8486'],1,0
43.9273,-59.5128,43.49425768650988,2.6033707780114725,,24,14,201.224266,191.532875,['8493'],[],['8493'],1,0
17.2563,84.3768,6.560636243469535,1.5357142857142858,,115,117,106.894656,112.392578,[],[],['8480'],1,0
30.0192,123.5012,35.72642686054215,3.85632183908046,,62,74,49.470922,60.876574,[],[],['8486'],1,0
30.1179,126.5248,10.205606737280627,2.890909090909091,,276,266,324.45475,315.405594,[],[],['21796'],1,0
55.4077,-1.1006,10.812002516205151,1.961428575803127,,31,29,32.410789,30.937691,[],[],['5696'],1,0
30.2231,126.491,9.927129822579074,3.588888888888889,,268,260,320.728969,312.677031,[],[],['21796'],1,0
20.9065,113.7844,119.62111703627562,3.1931451612903223,,125,95,122.225125,105.655445,[],[],['8486'],1,0
-5.6406,161.7194,1.3678083511645922,1.1571428775787354,,224,224,363.222375,364.048562,[],[],['8314'],1,0
30.048,123.3913,37.319561738254585,3.655932203389829,,55,61,42.79875,50.196309,[],[],['8486'],1,0
20.8429,113.9353,5.799575145132311,3.6625,,113,111,121.082922,119.987914,[],[],['8486'],1,0
10.0894,81.7018,19.006304003572165,4.918181818181818,,125,139,162.987766,181.722844,[],[],['8346'],1,0
33.0645,126.506,22.84195255823141,2.6835051572199946,,31,13,30.037082,11.460128,['8327'],[],['8327'],1,0
30.1538,126.8111,6.06145311576466,3.15,,253,248,297.375062,291.68306199999995,[],[],['21796'],1,0
34.4877,123.0401,18.057247131329976,3.3687500000000004,,195,190,200.758312,193.748094,[],[],['8327'],1,0
-6.4649,-1.546,42.57294674254294,4.363157894736842,,991,954,1134.044,1155.57275,[],['63203'],[],1,0
-0.5301,130.7056,13.901980865855194,1.6652173913043478,,2,4,19.672051,12.027302,[],[],['8492'],1,0
34.2674,135.0002,8.863369202885615,2.273333333333333,,3,1,8.346046,5.6780420000000005,[],[],['8487'],1,0
20.7509,114.0113,7.757258544591559,3.353846153846153,,124,119,133.777453,129.888141,[],[],['8486'],1,0
17.0517,-18.8384,3.901376217815415,4.551999995410442,,260,257,301.268562,299.664219,[],[],['8369'],1,0
35.4863,120.0386,3.087386175636166,1.9,,20,19,10.865766,11.978041,[],[],['8486'],1,0
51.2789,156.246,2.7615289972251165,0.6531250053085388,,21,19,28.286469,26.06585,['5690'],[],['5690'],1,0
21.5501,112.6195,6.494472707167793,0.9087378640776697,,8,3,11.740952,11.373293,[],[],['8486'],1,0
34.7086,123.1897,9.561781529670666,4.276190476190477,,183,181,183.784281,181.993281,[],[],['8327'],1,0
20.5083,108.448,12.203267563883651,4.488888888888888,,80,81,47.93077,38.152336000000005,[],[],['8486'],1,0
-23.6546,51.9997,46.6568894191624,4.776190476190477,,432,422,452.903969,428.653719,[],['63203'],[],1,0
21.0107,113.7578,10.145550575025355,3.077777777777778,,98,94,97.023758,93.554523,[],[],['8486'],1,0
12.3928,109.5022,9.628279358405376,3.15,,13,14,28.514744,24.524752,['8484'],[],['8484'],1,0
-0.4327,9.1055,85.79696437251292,3.725870606614581,,2,26,42.193621,37.361652,[],[],['8476'],1,0
21.5379,112.4026,51.97000389409488,2.50979381443299,,16,3,16.139362,4.135457000000001,[],[],['8486'],1,0
22.7406,121.1654,3.5161191775475262,5.400000000000001,,2,3,78.410258,82.093086,[],[],['8321'],1,0
-14.7459,-125.4557,111.86351596700914,3.532153848684753,,1069,1123,1211.61575,1279.406375,[],['63203'],[],1,0
21.5516,112.6489,5.654073532063032,1.252941176470589,,8,4,13.597912,10.313766,[],[],['8486'],1,0
16.9107,66.5111,1.6294445546540832,0.9571428571428572,,598,597,511.287156,510.855406,[],['63203'],[],1,1
35.4965,-178.2119,2.727217102166048,1.7095238095238097,,786,787,1824.523375,1823.35925,[],['63203'],[],1,0
34.4873,123.5669,2.0825796705602504,1.973684210526316,,147,145,150.56204699999998,148.74753099999998,[],[],['8327'],1,0
-33.9616,25.6998,2.5123270329224585,2.7,,3,5,4.611408,6.210532,[],[],['8396'],1,0
20.596,112.6392,15.72325214678302,3.9636363636363634,,110,109,111.778992,110.906016,[],[],['8486'],1,0
35.5729,129.6289,4.400886770719717,1.4777777777777776,,14,18,7.966428,11.352714,['8327'],[],['8327'],1,0
20.6276,116.0482,56.3750212757183,3.034090904756026,,97,51,220.253688,228.056359,[],[],['8321'],1,0
32.0491,126.9607,10.093454041602673,2.75555555290646,,130,130,141.562094,131.913578,[],[],['21796'],1,0
31.02,125.0771,11.448367728155016,3.2470588235294127,,211,218,183.309891,189.227312,[],[],['8486'],1,0
22.234,114.1789,1.9254783201408416,2.533333333333333,,1,0,1.029301,1.029228,[],[],['8486'],1,0
8.3683,82.0955,1.682901332318092,0.7500000000000001,,73,74,95.856023,96.916383,[],[],['8346'],1,0
10.3301,107.0724,1.9936807985847984,3.811111111111111,,2,0,2.223899,1.0938910000000002,[],[],['8484'],1,0
34.4031,122.6884,40.16305567781604,5.425925925925926,,202,217,177.738781,209.43175,[],[],['8486'],1,0
21.1751,110.7119,14.734657717012317,3.524590163934425,,10,11,10.861429,12.161263000000002,[],[],['8486'],1,0
-45.4388,-60.3601,8.503977818195818,1.4999999912346114,,398,396,420.528938,425.112219,[],['63203'],[],1,1
11.0569,108.708,59.95439441788007,2.656122448979592,,18,13,114.041094,94.312914,[],[],['8484'],1,0
20.281,111.7964,14.317567663524189,3.8142857142857145,,61,67,116.600539,121.150797,[],[],['8486'],1,0
20.6493,108.3685,5.700014757005822,4.014285714285714,,68,67,43.450875,41.37182,[],[],['8486'],1,0
13.651,-177.9232,26.956621225458484,6.844444444444445,,975,950,1363.942375,1389.763875,[],['63203'],[],1,0
-6.5734,-133.1721,114.92356502666026,3.6547803584957927,,651,755,676.203312,778.857875,[],['63203'],[],1,0
32.3563,124.0808,3.3264142724197323,2.65,,210,209,176.399781,179.49207800000002,[],[],['8486'],1,0
31.9488,127.3295,57.72686436519494,1.9768421052631568,,101,92,162.163062,153.02053099999998,[],[],['21796'],1,0
20.7807,110.9135,18.34269797871117,3.2100000000000004,,30,36,25.76409,21.295037,[],[],['8486'],1,0
-16.9275,-34.6836,77.26712146495194,5.968000049591067,,402,452,499.7736880000001,530.203,[],['63203'],[],1,0
17.5135,107.5895,8.147128736014169,4.591666666666666,,44,49,120.082234,124.117992,[],[],['8484'],1,0
19.6327,107.2741,11.186936878512665,2.30625,,76,69,114.288203,116.431852,[],[],['8484'],1,0
8.5351,107.4159,5.635443962062679,4.566666666666666,,75,79,192.676141,192.487672,[],[],['8484'],1,0
20.3795,113.4446,8.811382893978182,2.6826086956521737,,147,148,148.001906,148.84420300000002,[],[],['8486'],1,0
20.7266,108.527,6.349414296699262,2.657142857142857,,70,65,25.83376,21.061621,[],[],['8486'],1,0
21.1294,110.7066,8.723310069744008,1.342857142857143,,10,11,5.5597460000000005,12.161263000000002,[],[],['8486'],1,0
32.6674,126.8926,17.086283981928943,2.590322560841037,,69,70,70.084391,72.120625,[],[],['8327'],1,0
61.9444,-178.6745,47.78778705050836,3.90313900532744,,121,117,163.575875,153.951984,[],[],['5690'],1,0
49.9305,-3.7631,586.5370253340869,3.64136875183872,,38,13,45.46377,18.017646,['5696'],[],['5696'],1,0
34.4464,128.3604,7.977345762769702,1.33333333877344,,15,11,23.415348,21.005098,['8327'],[],['8327'],1,0
10.275,107.0777,8.19764849640897,2.8803278688524587,,7,3,1.560024,4.956803,[],[],['8484'],1,0
38.3713,122.6159,14.160452432515644,1.7333333289011932,,75,70,70.392672,68.02848399999999,[],[],['8486'],1,0
32.9912,126.5016,11.847715271263391,1.963636333292181,,31,23,30.037082,21.452898,['8327'],[],['8327'],1,0
-10.1766,173.3056,150.69637983978973,5.413636376979676,,462,487,692.1340620000001,648.846812,[],['63203'],[],1,0
22.0821,114.298,10.68489096782045,3.306451617517779,,2,5,0.0,4.268532,[],[],['8486'],1,0
10.2832,107.0704,19.381498968971155,2.7744827586206915,,6,4,1.559975,3.964746,[],[],['8484'],1,0
19.2649,108.5013,23.74390537986799,1.976,,17,10,17.271143,20.144801,['8486'],[],['8486'],1,0
21.6869,112.1083,6.200606284963391,1.515384615384615,,4,6,3.924224,6.671696,[],[],['8486'],1,0
24.514,118.7555,8.586593876294526,1.759375,,10,14,13.339439,15.104583,['8486'],[],['8486'],1,0
36.7733,123.7066,5.349721316310433,2.3714285714285714,,106,106,104.552047,104.908328,[],[],['8486'],1,0
12.4799,109.4696,10.051669452479562,3.1125000000000003,,11,7,20.318734,22.161906,['8484'],[],['8484'],1,0
20.5796,108.4209,8.337821546613618,3.3999999999999995,,77,76,43.869262,36.829504,[],[],['8486'],1,0
21.5438,112.6141,6.38082750620483,1.8206896551724137,,8,5,10.841196,10.576521,[],[],['8486'],1,0
49.8237,-0.2203,116.9660419233175,3.2450396841658047,,19,48,14.972239,39.450738,[],[],['5677'],1,0
22.127,115.3254,8.167884299762896,4.9125,,62,62,58.98523,61.031922,[],[],['8486'],1,0
21.4622,112.8473,7.30933524351503,2.814285714285714,,14,14,16.107732,14.602609,['8486'],[],['8486'],1,0
37.2813,141.0865,8.63145940613135,1.1583333333333334,,5,8,6.274437,9.728181,['8487'],[],['8487'],1,0
24.0822,117.9991,1.6693505000690545,3.1166666666666667,,9,8,7.333659,6.338856,[],[],['8486'],1,0
24.7954,-82.4925,0.5036047888720716,0.233333334326744,,41,41,42.785773,42.785773,[],[],['8456'],1,0
33.0524,126.5521,20.874231266854288,2.6874999937911825,,32,16,30.538596,15.678192999999998,['8327'],[],['8327'],1,0
30.2031,126.4289,10.172969904972131,2.8800000000000003,,273,266,315.151969,318.508562,[],[],['21796'],1,0
31.3167,124.2593,1.70328928817604,0.525,,151,153,123.304594,124.689547,[],[],['8486'],1,0
24.5246,118.7868,2.9689345469221475,2.2000000000000006,,15,14,16.095439,13.750361000000002,['8486'],[],['8486'],1,0
21.5999,112.0321,6.575056149209496,1.311904761904762,,5,5,3.924677,4.281926,[],[],['8486'],1,0
34.8371,123.005,26.207023497877262,3.3774193548387097,,203,197,203.921984,197.849328,[],[],['8327'],1,0
35.5764,123.6578,2.8214001848457912,2.757142857142857,,169,171,170.111875,168.9195,[],[],['8327'],1,0
33.7014,126.6006,17.218305706380658,1.8794979054059933,,17,17,18.006743999999998,21.048922,['8327'],[],['8327'],1,0
50.164,0.488,4.31628182085169,3.518421091531452,,34,36,34.987754,37.839242,[],[],['5677'],1,0
-5.5712,-131.3625,72.49795662606022,4.149283651742858,,912,968,936.624562,992.27,[],['63203'],[],1,0
20.928,113.7821,57.9890408190923,3.2966942371415686,,114,99,108.202891,107.591734,[],[],['8486'],1,0
3.5173,100.9226,8.62829143215775,3.057142870766776,,20,12,21.20457,16.161827,[],[],['8483'],1,0
21.4145,109.6615,4.370077179249626,3.8130434782608695,,11,7,3.038682,6.9324390000000005,['8486'],[],['8486'],1,0
20.8535,113.7999,122.26341087873048,3.232867132867133,,118,101,118.582922,111.315273,[],[],['8486'],1,0
30.1422,126.8831,8.254095116853039,3.275,,248,244,293.16593800000004,286.159125,[],[],['21796'],1,0
20.6503,112.6581,15.123451149226357,2.843333333333333,,104,102,106.492367,104.425805,[],[],['8486'],1,0
32.4471,127.3777,8.664227264885326,2.198823535267045,,102,103,117.901688,114.050773,[],[],['21796'],1,0
21.1375,111.2983,83.43805131757522,3.5844444444444448,,33,29,30.38992,15.70461,[],[],['8486'],1,0
36.8055,124.2509,16.05615366449541,2.8125,,116,109,122.453727,116.418586,[],[],['8327'],1,0
30.3096,125.3613,37.2663880641565,2.6360000009536737,,235,236,219.904609,217.406688,[],[],['8486'],1,0
23.5149,117.3613,35.85096469523313,2.845047923322685,,7,3,0.0,1.019259,[],[],['8486'],1,0
20.9127,113.5405,192.04173574839547,3.272796940729308,,90,100,90.078352,108.571836,[],[],['8486'],1,0
30.1885,126.8669,8.316643000912832,3.0125,,248,240,290.733812,283.78593800000004,[],[],['21796'],1,0
14.675,109.2994,15.957222335757328,2.95,,22,24,91.281742,90.928414,['8484'],[],['8484'],1,0
30.1535,126.8062,7.236103961471629,3.35,,253,248,297.534406,291.523312,[],[],['21796'],1,0
30.1926,126.6442,6.962266472136978,2.825,,260,254,308.528875,301.87243800000005,[],[],['21796'],1,0
30.8631,124.6528,67.52515775669195,4.133333333333332,,150,210,126.212586,182.215562,[],[],['8486'],1,0
22.6081,113.7295,40.7307619257989,3.547826086956522,,12,5,1.026712,0.0,[],[],['8486'],1,0
36.6049,122.6989,40.653115700325976,2.9770833333333337,,42,24,30.681287,19.850156,['8486'],[],['8486'],1,0
38.4705,118.3823,0.977353423892983,0.3542857206293514,,35,35,4.131464,4.131464,[],[],['8486'],1,0
15.3927,157.8303,72.77979463588018,3.974999999999999,,619,627,909.5615,945.489,[],['63203'],[],1,0
35.1221,140.4174,19.631375923388408,2.391578947368421,,7,9,8.003164,11.135854,['8487'],[],['8487'],1,0
22.3158,115.0157,32.283832324050685,3.392592592592593,,35,26,28.701598,23.921264,['8486'],[],['8486'],1,0
36.9909,124.8123,11.777291309424823,2.5142856949851624,,82,73,93.470531,91.49493,[],[],['8327'],1,0
21.5833,112.1911,57.89804657253668,2.493442622950819,,2,6,1.03415,6.073683,[],[],['8486'],1,0
10.8783,-14.4702,1.2032495109582573,1.1304347826086956,,0,0,0.0,0.0,['8472'],[],['8472'],1,0
33.6589,126.7006,20.998001307632585,2.3384615405071423,,10,12,16.243284,23.750812000000003,['8327'],[],['8327'],1,0
9.7127,-15.4053,1.27719373437185,4.330000019073486,,117,116,97.550805,96.791984,[],[],['8472'],1,0
36.6043,124.2622,36.72793419771321,2.593333333333333,,117,116,149.116875,133.932375,[],[],['8327'],1,0
52.4013,144.8209,11.418634628934656,3.6368421629855514,,105,104,203.310969,196.579469,[],[],['5690'],1,0
34.6597,127.8661,8.093300912952566,2.5862745098039213,,5,5,2.743872,1.439676,[],[],['8327'],1,0
9.2566,-84.5033,6.480984512631036,8.254545454545454,,30,29,43.305156,39.875426,[],[],['8424'],1,0
10.2411,107.1121,13.861028198801003,2.2172413793103454,,10,10,3.282817,8.823831,[],[],['8484'],1,0
15.7725,108.7339,52.90752212612519,2.7526315789473683,,18,25,25.042182,29.402285,['8484'],[],['8484'],1,0
32.2083,127.0807,30.709027552009434,2.827586206896552,,121,115,130.958281,121.150734,[],[],['21796'],1,0
35.1789,139.5359,7.432028508953834,0.9537414965986396,,6,5,8.001538,7.60414,[],[],['8487'],1,0
48.9942,-6.8184,3.3068000598737344,4.688888920678033,,106,104,106.404469,104.401344,[],[],['5696'],1,0
38.7421,119.1765,33.88815467158215,2.46881188118812,,52,45,17.827403999999998,10.156369,[],[],['8486'],1,0
38.7856,119.3827,26.11963400550233,1.4506173044811062,,52,60,13.651719,20.583799,[],[],['8486'],1,0
34.4426,122.7332,48.83917683377827,4.148717948717948,,203,207,181.201,209.914688,[],[],['8486'],1,0
15.1233,108.9436,10.227253059858665,2.432,,4,5,34.567527,34.062742,[],[],['8484'],1,0
31.2743,122.7262,7.680449958071987,4.680952380952382,,42,48,2.418633,5.850855999999999,['8486'],[],['8486'],1,0
33.9756,122.5192,2.637955479868353,2.8176470588235296,,183,185,150.858406,153.01129699999998,[],[],['8486'],1,0
36.5164,124.364,39.2330162527055,2.781538461538461,,113,105,148.412484,133.33675,[],[],['8327'],1,0
33.6933,126.6856,10.64730814948468,2.187499997516473,,14,15,20.976615,24.599621,['8327'],[],['8327'],1,0
-15.3468,-119.5053,103.7386444913186,3.3665689208989966,,1144,1203,1510.49275,1583.929625,[],['63203'],[],1,0
38.4189,122.5382,12.228950144237915,1.279687497823034,,69,66,62.959859,64.095605,[],[],['8486'],1,0
20.6511,107.0446,4.626116974029209,1.315,,8,5,8.956217,6.671696,['8484'],[],['8484'],1,0
8.3272,68.5055,3.490014402984158,1.1363636390729384,,456,454,501.739875,500.646562,[],['63203'],[],1,1
5.9967,79.3686,11.664814495167112,4.49090909090909,,84,74,100.785602,91.787016,[],[],['8346'],1,0
-43.2801,173.8344,24.13766044869087,4.014285714285714,,61,61,75.643992,93.917945,[],[],['8455'],1,0
22.3135,113.8339,7.328329060379179,3.945098039215687,,5,5,0.0,2.223899,[],[],['8486'],1,0
20.8644,113.8713,4.315553385452208,2.5846153846153848,,110,109,115.121789,115.671453,[],[],['8486'],1,0
34.481,122.8663,25.09523038113793,3.077777777777778,,207,209,204.085625,210.566312,[],[],['8486'],1,0
10.2399,107.0779,8.274176671946966,2.677777777777778,,13,5,3.120217,3.465582,[],[],['8484'],1,0
-31.0265,35.5316,175.8051025889855,4.378563655286992,,454,374,437.99625,362.189531,[],['63203'],[],1,0
34.1013,122.6118,2.679256326418681,3.504545454545454,,196,197,165.618688,167.585375,[],[],['8486'],1,0
33.0476,126.4617,0.7476304877432394,1.2000000051089696,,20,20,18.994646,18.926057,['8327'],[],['8327'],1,0
34.2317,124.0165,5.893466791953375,3.5425925925925923,,99,99,104.612031,104.772648,[],[],['8327'],1,0
34.2923,124.0287,58.20427074752097,5.228676470588238,,99,101,104.437289,102.606648,[],[],['8327'],1,0
20.4257,111.7348,32.27881325347676,2.9287671232876717,,66,72,108.433961,106.124797,['8486'],[],['8486'],1,0
22.404,120.3593,32.619716931907114,3.096212121212122,,5,4,3.335848,5.653948000000001,[],[],['8321'],1,0
4.3956,8.3386,5.21286376072988,2.99,,18,17,12.231441,16.524956999999997,['8474'],[],['8474'],1,0
21.1425,113.6648,44.44705296021014,3.495121951219512,,90,78,80.095766,78.69394500000001,[],[],['8486'],1,0
32.6933,126.8648,19.573132053954204,2.6916666370299125,,64,68,64.49395700000001,69.728492,[],[],['8327'],1,0
8.3154,108.6924,9.852632619132944,3.742857142857143,,219,220,281.092375,275.712219,[],[],['8484'],1,0
38.72,122.4559,7.873137824369093,2.13,,42,38,36.672703,37.178008,[],[],['8486'],1,0
38.0704,120.0694,11.98391986525516,3.9542857142857137,,43,45,19.389189,23.736723,[],[],['8486'],1,0
20.8533,113.9886,3.8683396885228793,4.025,,110,110,120.273469,120.948953,[],[],['8486'],1,0
30.2557,126.401,7.94498592804258,2.7428571428571424,,270,263,315.232094,315.947156,[],[],['21796'],1,0
36.1138,123.0768,64.43804764815118,2.73888888888889,,114,92,103.918,82.180594,[],[],['8486'],1,0
30.228,126.4315,10.786687708593536,3.966666666666667,,271,262,318.918844,317.1515,[],[],['21796'],1,0
30.1278,124.3802,24.14980068334435,2.829629629629629,,132,153,125.406695,142.896969,[],[],['8486'],1,0
32.5971,147.5152,24.16706193333631,4.700000000000001,,706,703,707.885688,704.827188,[],['63203'],[],1,0
8.8713,-14.1998,42.01585468050209,4.364999999999999,,84,62,87.50564800000001,63.318367,[],[],['8472'],1,0
20.689,112.6521,28.7264920155127,2.738095238095238,,103,88,103.665844,91.890266,[],[],['8486'],1,0
30.2494,126.4101,6.05784917698214,2.7142857142857144,,270,265,316.385094,316.322906,[],[],['21796'],1,0
20.2107,112.7159,9.847322719699076,3.222222222222222,,148,149,155.344391,152.690719,[],[],['8486'],1,0
-14.1059,-34.3974,23.532061263444287,3.9857142857142858,,410,425,436.428875,445.085688,[],['63203'],[],1,0
33.6241,126.8877,3.5594970592671005,2.2428571837288995,,9,11,17.310947,18.007092,['8327'],[],['8327'],1,0
38.2648,121.9977,5.331965152479,2.01,,69,68,64.493059,63.476477,[],[],['8486'],1,0
22.1177,113.6568,9.743496260557595,3.696551724137932,,4,3,1.515842,0.0,[],[],['8486'],1,0
33.0218,126.5068,21.28612104162391,2.414150934455529,,31,14,30.022631,12.443082,['8327'],[],['8327'],1,0
22.9034,120.1064,2.975761291760107,2.7,,7,6,9.324826,9.069781,[],[],['8321'],1,0
21.6202,112.2203,5.019128588052741,3.116666666666667,,6,8,5.931877,8.814098,[],[],['8486'],1,0
31.6844,127.1649,12.143309572550477,3.0160714285714283,,122,112,187.645516,180.099312,[],[],['21796'],1,0
34.5758,127.7262,8.654453111161457,3.5354166666666664,,1,0,0.0,2.746519,[],[],['8327'],1,0
20.3531,108.6706,14.153430185555653,2.770370370370371,,78,77,48.723355000000005,46.015867,[],[],['8486'],1,0
4.1634,5.7987,241.00006840225927,2.488516746411484,,41,15,42.437191,14.469211,['8474'],[],['8474'],1,0
36.8149,122.4872,2.691833935395408,3.105555555555555,,9,8,0.0,0.0,['8486'],[],['8486'],1,0
35.4873,120.0428,8.546719544019052,3.88,,20,20,10.865766,13.7614,[],[],['8486'],1,0
-11.6592,115.2176,22.22261452670429,4.635714285714285,,312,311,322.732469,320.332969,[],[],['8492'],1,0
34.4917,122.7106,20.706923665643235,3.136,,216,220,196.004266,204.482812,[],[],['8486'],1,0
39.427,122.6075,15.48776149327056,3.312121212121212,,9,6,10.153872,5.5597460000000005,['8486'],[],['8486'],1,0
20.7124,106.9498,17.073157152478206,1.7645569639869887,,7,4,5.656179,3.494185,['8484'],[],['8484'],1,0
-17.8377,-122.6401,94.48501873634522,4.178651675581932,,771,803,1078.304875,1140.4845,[],['63203'],[],1,1
-5.0334,-167.0562,10.469962027127286,1.709230765860814,,428,437,1011.908812,1008.6995,[],['63203'],[],1,0
22.1497,113.73,4.038691129102167,2.803125,,2,3,0.0,1.029814,[],[],['8486'],1,0
-45.4456,-60.3695,9.852730734889247,1.3600000036614286,,397,397,419.756344,425.24275,[],['63203'],[],1,1
3.2051,166.784,21.20428922125065,3.539285712582725,,266,249,409.536844,419.218125,[],[],['8318'],1,0
38.0691,120.0746,37.275280998873626,4.225217391304349,,41,44,20.412533,24.608279,[],[],['8486'],1,0
-19.7499,-125.4963,6.2887980166737085,2.3063829787234043,,546,551,754.115188,760.43375,[],['63203'],[],1,0
22.0874,113.6149,82.52958182002858,3.691317365269462,,6,3,3.921565,0.0,[],[],['8486'],1,0
-45.1968,-60.2647,1.830158121256641,3.036363634196195,,383,382,428.510375,429.165406,[],['63203'],[],1,1
-18.4724,-111.3543,10.687625090016986,4.111538470364534,,969,975,975.995625,982.52225,[],['63203'],[],1,0
11.1443,108.7194,8.680717675754645,3.3433333333333324,,6,4,98.665742,90.637234,[],[],['8484'],1,0
22.9807,120.0336,8.47869083516881,3.29014084800868,,10,5,13.720374,11.314291,[],[],['8321'],1,0
34.4787,122.069,5.129315590771293,3.4875,,162,166,142.207109,145.64303099999998,[],[],['8486'],1,0
33.0692,126.526,19.88505388152617,2.469930070263523,,29,13,26.945639,12.231441,['8327'],[],['8327'],1,0
29.6871,-93.2014,14.49416230827874,3.088235294117647,,12,5,4.849563,11.51414,['8456'],[],['8456'],1,0
71.1958,43.8175,8.548442153416309,4.888888888888889,,267,267,307.508344,300.447094,[],[],['5690'],1,0
32.6738,127.4967,64.47195589871106,2.044191344656001,,94,79,123.047336,83.855211,[],[],"['21796', '8327']",1,0
21.4631,111.0874,11.832299971954091,4.090909090909091,,3,0,4.2868770000000005,3.037812,[],[],['8486'],1,0
55.8569,149.0596,24.18088497844707,3.883516483254484,,366,353,427.000469,414.923281,[],[],['5690'],1,0
13.6383,109.4656,30.93611008959758,2.568965517241379,,13,20,36.095637,24.839787,['8484'],[],['8484'],1,0
-24.7844,12.898,9.410637444845698,5.74375,,170,175,260.009891,257.721375,[],[],['8395'],1,0
5.5447,79.199,82.92137685334599,4.255555563502843,,153,75,162.250203,81.707492,[],[],['8346'],1,0
39.5847,123.1753,34.48249852161617,3.357777777777778,,9,9,9.532562,8.19676,['8486'],[],['8486'],1,0
13.5979,109.6965,7.478366942723727,1.5333333333333332,,35,38,51.036582,52.785117,[],[],['8484'],1,0
21.5374,112.6604,8.230443975966708,2.2551724137931037,,9,5,13.640506,7.63333,['8486'],[],['8486'],1,0
-14.3309,-113.6205,101.55703648585518,3.4610810807025114,,1464,1489,1474.23525,1499.469625,[],['63203'],[],1,0
55.0533,7.0884,52.95351452488599,3.977777798970541,,89,74,20.657418,5.213981,[],[],['5669'],1,0
-5.2287,-135.1812,61.11019009034698,3.904624245414845,,601,643,609.206312,656.4415,[],['63203'],[],1,0
61.942,-178.527,120.178488283656,3.761196316934071,,117,145,164.522469,175.274891,[],[],['5690'],1,0
60.5009,3.3935,98.82763225501668,2.8256637224581387,,94,48,51.382242,50.1915,[],[],['5686'],1,0
34.5843,124.0141,37.699135547760335,7.591935559242002,,111,90,117.265141,91.439961,[],[],['8327'],1,0
10.3719,107.4132,6.498067681127772,1.7782608555710837,,11,10,28.974588,29.862492,[],[],['8484'],1,0
21.0816,113.755,42.6177822923597,2.634745762711864,,93,85,92.084,85.82871899999999,[],[],['8486'],1,0
44.713,-124.4696,8.932007695390444,3.3117647112584585,,32,29,35.434137,33.170016000000004,[],[],['8456'],1,0
21.8298,114.9729,11.892612511818305,2.8999999949806616,,73,79,58.018977,65.763641,[],[],['8486'],1,0
34.8661,124.0966,12.460053642994186,5.609090909090909,,100,102,101.539016,103.040477,[],[],['8327'],1,0
34.4797,123.0255,7.687433502322976,1.4708333333333334,,194,194,199.452703,197.301047,[],[],['8327'],1,0
19.6549,107.3528,8.622969783841805,2.2888888888888888,,68,63,115.402016,117.3695,[],[],['8484'],1,0
30.2432,126.3198,4.410377768591868,1.58,,273,270,308.41793800000005,309.702938,[],[],['21796'],1,0
32.0701,126.9145,3.649616487762533,3.0166666666666666,,134,131,136.097109,132.004281,[],[],['21796'],1,0
22.1863,115.7077,2.021476378694793,2.555555555555556,,54,55,53.135453,53.728672,[],[],['8486'],1,0
20.8599,113.7889,125.34774466056471,3.351456310679611,,118,101,118.582922,111.315273,[],[],['8486'],1,0
16.9554,42.3307,0.9559798605978392,0.73,,8,8,17.071588,17.746018,[],[],['8356'],1,0
19.7061,108.5412,46.344711745762666,2.909090901866104,,40,41,55.933438,23.252121,[],[],['8486'],1,0
34.7346,123.173,8.619038863891168,2.084905660377358,,185,181,185.629188,182.253188,[],[],['8327'],1,0
-37.1582,174.276,32.855224354899,3.755555555555555,,36,13,65.612117,36.815855000000006,['8455'],[],['8455'],1,0
13.764,109.5537,31.779149212530687,2.311111111111111,,21,29,31.229799,38.435727,['8484'],[],['8484'],1,0
34.6116,121.9824,16.371000045108435,2.9466666666666663,,158,163,137.152328,142.500891,[],[],['8486'],1,0
-49.2299,63.7006,6.9416630377820265,1.1325966875526792,,363,357,3052.1935,3053.64475,[],[],['8387'],1,0
20.7021,113.9297,10.4380178360325,2.8227272727272723,,129,125,132.93365599999998,134.279266,[],[],['8486'],1,0
16.8069,-19.6778,3.721536632347203,3.908333306511243,,324,322,336.176625,333.869344,[],[],['8362'],1,0
-44.6146,-177.9251,11.080721627157612,3.1842105162771124,,122,111,690.298188,695.045375,[],[],['8455'],1,0
15.0773,155.5706,126.2764740168534,3.7549618320610714,,742,799,909.45075,962.610625,[],['63203'],[],1,0
34.6374,128.0884,4.242676043158187,1.8181818120858888,,9,8,7.222376000000001,9.523106,[],[],['8327'],1,0
34.4768,122.0794,72.42848088642111,3.3773480662983424,,141,184,125.627078,162.747984,[],[],['8486'],1,0
10.2431,106.9417,11.63541730832641,3.791891891891892,,14,14,8.824379,5.471017,[],[],['8484'],1,0
10.1635,107.0776,12.937643504449069,2.994642857142858,,19,15,8.962663000000001,6.24053,[],[],['8484'],1,0
10.2352,107.233,1.0682263152397091,2.428571428571429,,17,16,18.602629,19.696281,[],[],['8484'],1,0
20.8787,113.9276,87.13936921870837,3.2058333333333326,,133,79,136.118281,90.12132,[],[],['8486'],1,0
20.6854,107.0874,8.4626524522036,1.093103448275862,,4,3,5.433269,5.656041,['8484'],[],['8484'],1,0
66.0135,-30.4944,8.999699611954588,2.6173912999422653,,177,169,295.645188,301.717625,[],[],['8438'],1,0
21.1446,113.7349,5.7245157511822296,2.966666666666666,,84,81,80.336242,82.05471899999999,[],[],['8486'],1,0
10.2447,107.2875,21.443251925368585,2.2325581395348832,,17,16,22.979719,26.517092,[],[],['8484'],1,0
22.7112,120.1534,2.0163046906236826,3.54,,9,7,6.118912,6.788986,[],[],['8321'],1,0
36.1939,126.3331,6.677964512346519,2.9517241752353205,,12,11,15.421122,12.12007,[],[],['8327'],1,0
15.4625,108.9632,1.834532489544734,1.1166666666666667,,12,12,17.470937999999997,18.02743,[],[],['8484'],1,0
21.5002,111.7208,4.574824107001302,6.200000000000001,,8,8,5.423534,4.698011999999999,[],[],['8486'],1,0
34.6831,123.0716,19.373921043476106,4.227272727272728,,197,192,198.583359,193.047344,[],[],['8327'],1,0
21.1086,110.8259,60.92526705345156,2.8208955223880605,,21,23,3.3057570000000003,14.455341,[],[],['8486'],1,0
20.5764,108.3832,7.624097344479759,3.2,,75,72,46.492824,41.459754,[],[],['8486'],1,0
20.9615,72.5859,1.3104954840157226,0.2125,,15,14,0.0,0.0,[],[],['8480'],1,0
34.744,123.1771,66.740507320668,4.397560975609755,,181,183,186.376203,183.967109,[],[],['8327'],1,0
22.3101,113.8371,11.106153753792016,4.438461538461539,,5,4,0.0,2.223899,[],[],['8486'],1,0
12.5158,109.5162,14.095891707827306,3.255555555555555,,14,9,25.19285,28.324084,['8484'],[],['8484'],1,0
22.2606,120.4687,29.070493358220137,3.18,,12,7,10.472755,18.044861,[],[],['8321'],1,0
-6.1368,-2.1857,21.37801995410352,3.4750000000000005,,1010,1016,1148.3415,1154.518125,[],['63203'],[],1,0
34.9627,127.9331,25.900916893654948,2.9710227272727283,,1,1,7.291293,6.474908,[],[],['8327'],1,0
34.6365,127.8452,7.81872577765539,2.6603448198273267,,4,5,4.707705,3.659379,[],[],['8327'],1,0
34.1308,127.1987,13.522460642946072,3.441666677594185,,9,7,16.429602,10.016566999999998,[],[],['8327'],1,0
30.2607,126.4665,10.635893562746505,3.84,,266,258,318.804094,311.838375,[],[],['21796'],1,0
32.5742,127.5094,54.12914816126071,2.304705879647359,,92,84,124.500023,89.05704700000001,[],[],"['8327', '21796']",1,0
8.2488,-13.3884,175.42825465360218,3.836052358675699,,23,7,39.057977,11.41927,['8390'],[],['8390'],1,0
30.2433,126.4156,11.32795508885648,4.044444444444444,,271,262,317.757094,316.712344,[],[],['21796'],1,0
20.1864,111.7162,74.79685346827415,3.155045871559633,,44,63,102.310516,119.491336,['8486'],[],['8486'],1,0
9.6572,107.1735,9.695571916824008,2.2642857142857142,,57,63,65.242012,65.75900800000001,[],[],['8484'],1,0
17.658,158.5697,35.22646911158525,5.726666666666668,,765,772,1180.460625,1200.110375,[],['63203'],[],1,0
34.4146,122.6726,77.65259686627086,3.757471264367816,,198,221,174.13459400000002,202.040062,[],[],['8486'],1,0
33.5966,126.887,13.701850914371546,2.5666666759385004,,6,8,14.456016,14.455341,['8327'],[],['8327'],1,0
19.6313,108.7867,2.730192673592834,1.5916666686534882,,20,19,26.959637,26.322213,['8486'],[],['8486'],1,0
11.1236,108.7324,10.122922819126217,2.806122448979592,,7,6,99.632625,92.60818,[],[],['8484'],1,0
35.9792,140.7634,11.684012105086834,2.6304761904761897,,6,10,0.0,0.0,['8487'],[],['8487'],1,0
21.7871,115.1274,8.00356299615363,2.477551020408164,,87,85,74.50229700000001,74.66520299999999,[],[],['8486'],1,0
30.1988,126.8092,8.774204868287867,2.8,,251,242,295.657938,287.158188,[],[],['21796'],1,0
-4.7579,-135.0135,70.14486741145996,3.8619926237532103,,645,697,651.739562,707.75025,[],['63203'],[],1,0
22.2809,117.4765,5.950256360130831,3.799999999999999,,121,126,97.369648,93.799141,[],[],['8486'],1,0
32.0632,126.9749,5.004052945819948,2.9666666666666663,,129,128,138.59034400000002,134.57507800000002,[],[],['21796'],1,0
30.2684,126.454,7.316842202933858,2.6500000000000004,,265,258,318.781906,313.861375,[],[],['21796'],1,0
20.6001,108.5279,14.826196232514048,2.7925926363026647,,78,71,32.997996,25.885758000000003,[],[],['8486'],1,0
20.6545,107.0554,5.891654762955783,1.1066666666666662,,6,5,7.783645000000001,6.7523040000000005,['8484'],[],['8484'],1,0
44.6113,-124.2007,2.116472327800512,2.666666666666667,,10,8,12.08047,10.289034,['8456'],[],['8456'],1,0
20.9705,114.0498,55.93309173078451,2.9163043478260877,,117,88,126.738039,98.39693,[],[],['8486'],1,0
21.8915,114.8259,1.9105167867040949,2.6625,,57,57,41.644438,41.768082,[],[],['8486'],1,0
10.2946,106.9429,11.263313664111648,2.536065573770492,,10,10,10.997183,7.363269,[],[],['8484'],1,0
32.5837,127.4728,42.951191963913566,2.434736840975912,,99,82,116.95875,88.77092200000001,[],[],"['8327', '21796']",1,0
12.8867,109.4754,18.00115772369436,3.1975609756097567,,8,3,36.753395,52.50532,['8484'],[],['8484'],1,0
35.1566,140.4849,10.566116389021667,1.7300578034682077,,10,12,15.456104,17.30916,['8487'],[],['8487'],1,0
12.0378,101.7348,5.290194652985273,2.26,,59,54,75.413609,78.077109,[],[],['8332'],1,0
20.7195,108.509,11.97043302582777,3.775,,72,65,30.447348,22.088898,[],[],['8486'],1,0
11.2927,109.0357,76.6595911123649,4.056962025316456,,26,4,90.07675,42.293059,[],[],['8484'],1,0
17.1382,65.8412,2.044062399101782,0.9500000048428772,,628,626,569.525688,568.840875,[],['63203'],[],1,1
30.4787,125.3432,0.9082425033139104,1.4555555555555555,,231,231,211.293672,211.293672,[],[],['8486'],1,0
20.8063,113.8343,127.51333555415911,3.428252796967233,,126,107,121.898492,117.980219,[],[],['8486'],1,0
20.7024,107.2288,4.534332098374436,0.7608695652173911,,9,10,14.791971,13.70085,['8484'],[],['8484'],1,0
17.4165,109.0455,47.22003756726031,6.168181818181819,,108,88,108.26032,87.82204700000001,[],[],['8486'],1,0
35.3151,139.7015,2.135832043096619,0.573076923076923,,3,3,1.435161,0.907279,[],[],['8487'],1,0
31.5919,-10.2318,27.64179301708836,2.9743589850572443,,33,50,118.983414,108.206805,[],[],['8367'],1,0
21.5843,112.1917,58.07788414898513,2.533846153846154,,2,7,1.03415,6.819982,[],[],['8486'],1,0
34.766,124.0633,44.46626450055062,2.9506666666666668,,103,102,104.50493,103.559508,[],[],['8327'],1,0
51.1794,156.3965,1.2914138607477372,0.7107142891202655,,17,16,34.915773,33.711144999999995,['5690'],[],['5690'],1,0
34.6987,139.0704,1.3968162338556718,1.2818181818181815,,8,8,7.314343,7.313459,[],[],['8487'],1,0
38.9562,118.8469,4.80391824498906,2.54,,11,11,8.217504000000002,9.264691,['8486'],[],['8486'],1,0
14.6749,109.2975,16.822378644527294,3.2529411764705887,,22,24,91.281742,91.828945,['8484'],[],['8484'],1,0
20.8477,113.819,124.17322613015476,3.295555555555556,,118,99,118.582922,110.204539,[],[],['8486'],1,0
-4.4184,107.2065,10.13672307216853,2.564285714285714,,134,132,125.901477,128.934414,[],[],['8492'],1,0
34.2649,124.0245,33.841547713204484,3.5833333333333326,,98,104,103.526148,106.490094,[],[],['8327'],1,0
30.2559,126.4532,5.759825067294859,1.82,,265,260,318.497062,314.932812,[],[],['21796'],1,0
30.6985,122.8207,0.786523404618447,0.5,,2,2,0.0,0.0,[],[],['8486'],1,0
14.6505,109.5069,15.007418196377472,2.613333333333333,,44,46,93.26743,107.374242,[],[],['8484'],1,0
-45.407,-60.3733,4.610927785437375,1.9432432432432432,,394,393,421.236562,422.532094,[],['63203'],[],1,1
36.4935,124.3366,42.41303888876882,1.9193548387096773,,116,109,151.063547,133.07828099999998,[],[],['8327'],1,0
4.7798,100.4395,29.619701715530848,2.324719101123596,,20,5,23.296779,9.543194,[],[],['8483'],1,0
34.3668,128.8861,2.1270810929224018,0.857142857142857,,29,28,23.928883000000003,24.267998,[],[],['8327'],1,0
19.6317,107.2175,8.733529700381592,2.2,,81,74,113.898844,115.271164,[],[],['8484'],1,0
-18.8798,103.1573,84.57126305817812,3.735483870967742,,982,924,1001.5535,943.462938,[],['63203'],[],1,1
20.8366,113.8446,17.357763579137607,3.210526315789474,,114,112,116.654281,120.123312,[],[],['8486'],1,0
22.4716,120.2399,16.995875022347455,2.9353658536585368,,14,6,8.298335,1.027307,[],[],['8321'],1,0
12.4028,109.5171,5.870161410148976,2.85,,15,16,28.788363,26.898744,['8484'],[],['8484'],1,0
30.9057,124.1337,81.78182643109932,3.716444444444444,,108,168,83.202648,137.844141,[],[],['8486'],1,0
30.2032,126.4735,12.378183299368274,3.4166666666666665,,272,263,319.141906,314.633125,[],[],['21796'],1,0
21.1593,111.1685,87.2201764494657,3.126415094339623,,33,21,20.812828,20.478354,[],[],['8486'],1,0
34.4305,123.422,2.117721580999492,3.217647058823529,,157,157,162.49082800000002,162.16417199999998,[],[],['8327'],1,0
-21.1266,-108.0971,116.2743050351043,4.459900990099013,,638,689,641.0810620000001,692.189938,[],['63203'],[],1,0
35.0174,121.3362,15.54954102841889,4.58,,110,105,88.916281,83.96582799999999,[],[],['8486'],1,0
32.549,127.5024,30.032201357412227,2.172272722186012,,95,94,121.307578,102.251883,[],[],['21796'],1,0
30.3126,125.3927,47.39261459631233,2.853424657534246,,237,238,221.722969,217.941047,[],[],['8486'],1,0
13.2619,100.3394,106.71434662024988,2.4615196058270974,,13,25,21.735223,14.59914,[],[],['8332'],1,0
21.397,109.6323,47.4924005418688,3.5780701754385964,,18,7,0.0,7.596342,['8486'],[],['8486'],1,0
36.6558,124.2343,12.253413608289236,2.507142857142857,,119,119,141.367062,132.63529699999998,[],[],['8327'],1,0
11.1329,108.7378,3.72023832401422,3.7964285824980055,,5,7,96.626734,94.590328,[],[],['8484'],1,0
33.6719,124.0537,7.250110479079391,1.5175438596491229,,107,103,109.596406,106.171914,[],[],['8327'],1,0
20.9605,113.8314,236.0949082157524,3.0834677419354843,,105,81,105.56225,91.326391,[],[],['8486'],1,0
-4.5927,106.7279,5.812747814741453,3.4454545454545458,,90,91,76.089484,78.555898,[],[],['8492'],1,0
29.5655,-93.9869,1.3258266769872276,2.8599999999999994,,13,13,20.457098,18.27035,['8456'],[],['8456'],1,0
12.8376,74.4954,1.404194705729028,0.6714285714285715,,35,34,18.583166,17.57573,[],[],['8480'],1,0
33.06,126.5374,21.290795912365677,2.575675678817002,,29,13,26.945639,12.266792,['8327'],[],['8327'],1,0
11.5554,109.0592,23.75958737190211,2.4078947368421058,,2,2,39.342793,37.980102,[],[],['8484'],1,0
20.8147,114.0422,4.23174170841004,3.1333333333333333,,116,113,126.867906,123.534891,[],[],['8486'],1,0
10.2328,107.1547,6.534394094427729,3.330769230769231,,11,15,6.565634,13.131268,[],[],['8484'],1,0
54.9958,154.5117,16.75206706895406,1.9366197197789885,,70,68,274.251219,282.227438,[],[],['5690'],1,0
19.3365,105.9372,3.3229727484793306,3.575,,4,2,12.639813,12.639046,['8484'],[],['8484'],1,0
22.9579,119.9653,9.914782859307747,2.60940170940171,,16,9,20.953371,18.458189,[],[],['8321'],1,0
23.1248,116.7284,3.918643696413673,4.659090909090909,,12,10,9.063609,6.349539,[],[],['8486'],1,0
20.8743,113.9118,5.517167043244529,3.1333333333333337,,109,107,115.155484,116.547445,[],[],['8486'],1,0
30.264,126.361,2.95169230686603,1.6333333333333333,,269,266,311.79,313.294125,[],[],['21796'],1,0
20.3713,113.4423,14.861532779400305,2.882857142857143,,148,149,149.022547,149.710562,[],[],['8486'],1,0
34.4497,123.0418,30.712545002585497,3.649999999999999,,192,191,197.65,194.764078,[],[],['8327'],1,0
19.3106,105.8931,4.133467166160857,1.3277777777777782,,5,3,7.346211,8.468221999999999,['8484'],[],['8484'],1,0
21.1574,110.6676,2.852344834016745,1.6166666666666667,,7,8,8.955870999999998,9.858038,[],[],['8486'],1,0
14.7039,109.5392,14.27906106699428,3.0666666666666664,,49,50,101.664453,105.921773,[],[],['8484'],1,0
30.1992,126.7875,9.028365353640568,3.177777777777777,,252,243,297.25443800000005,288.762875,[],[],['21796'],1,0
8.4705,107.0763,0.7746812969548339,1.0318181818181815,,43,44,195.706141,195.715375,[],[],['8484'],1,0
33.0666,126.4892,12.819471265037617,2.219230767196187,,24,16,22.238984,14.574748,['8327'],[],['8327'],1,0
20.7575,113.9164,76.92529551772688,3.2631578947368416,,126,112,126.910367,122.231797,[],[],['8486'],1,0
30.2832,126.344,4.24669742807221,1.7999999999999998,,270,266,309.702938,309.900969,[],[],['21796'],1,0
35.9849,140.7234,9.330359256259454,1.8245283018867933,,3,5,0.0,0.8997,['8487'],[],['8487'],1,0
21.5808,115.0154,13.949222476842202,3.4727272727272727,,85,96,71.89115600000001,82.061172,[],[],['8486'],1,0
38.9058,118.348,16.257673090847668,2.253260869565218,,15,8,1.111949,1.111949,['8486'],[],['8486'],1,0
4.581,103.5907,17.827057318056184,2.232307692307692,,8,22,7.012465,20.227717,[],[],['8483'],1,0
35.0606,140.2691,18.100061101107368,3.6618644067796615,,8,8,13.28952,9.079719,['8487'],[],['8487'],1,0
38.0635,120.0264,22.20503244774357,4.167272727272728,,42,46,17.826305,20.253699,[],[],['8486'],1,0
21.4013,113.7778,5.106669817056892,5.625,,56,53,59.014809,56.718828,[],[],['8486'],1,0
-34.0605,-51.2031,3.858288940326288,1.3375,,171,168,210.919172,207.160359,[],[],['8464'],1,0
19.2405,105.8113,26.36996493410248,2.2288135556177884,,3,5,10.852762,5.44955,['8484'],[],['8484'],1,0
30.3338,125.4167,1.015492671178242,1.7349593495934958,,239,239,221.708062,221.482312,[],[],['8486'],1,0
32.9651,126.6119,6.917218511738121,2.8666666679912143,,33,28,32.03667,28.354818,[],[],['8327'],1,0
34.1777,123.9295,1.0430027492785576,0.3755102063016015,,106,106,111.412789,111.412789,[],[],['8327'],1,0
26.4969,50.3372,28.75536275857738,2.624336283185841,,11,15,9.558266,8.320938,['8356'],[],['8356'],1,0
22.5439,113.7253,36.28684739113084,3.897297297297297,,7,8,1.51369,0.0,[],[],['8486'],1,0
21.848,114.2727,13.123427782278991,2.6800000000000006,,19,17,25.574832,21.352346,['8486'],[],['8486'],1,0
1.5467,165.2328,6.708087446074504,1.6688888931439976,,293,294,296.12056199999995,296.596125,[],[],['8317'],1,0
34.103,122.4737,24.276361836974505,3.604166666666668,,181,187,151.153141,160.81128099999998,[],[],['8486'],1,0
22.1754,113.7088,6.995842687453592,3.428571428571429,,2,5,1.515594,3.491156,[],[],['8486'],1,0
5.1393,-0.6503,18.800018085209132,5.554545454545455,,27,10,81.408945,90.687391,['8400'],[],['8400'],1,0
22.4815,-17.0407,2.669882704722616,2.908333326379457,,38,40,160.624219,159.483141,[],[],['8368'],1,0
49.8261,-0.2618,1.4741201786036393,2.704166680574417,,33,34,23.350936,23.350936,[],[],['5677'],1,0
-49.1683,-55.3912,41.97473325392376,1.876470588585909,,300,305,314.817344,321.653594,[],[],['8389'],1,0
21.03,113.9401,125.15194837879288,2.654028436018958,,121,83,117.626672,93.683992,[],[],['8486'],1,0
20.7958,113.8347,121.66684899100896,3.3584699453551914,,128,108,123.021195,119.050617,[],[],['8486'],1,0
19.6832,107.6841,10.05645431443512,3.171428571428571,,51,49,113.958531,107.678219,[],[],['8486'],1,0
44.992,-124.1669,6.099918751093043,3.328571393376305,,11,12,37.89634,44.38668,['8456'],[],['8456'],1,0
22.9108,120.1038,38.36287315944758,4.099596774193548,,13,0,12.497531,1.023782,[],[],['8321'],1,0
20.7454,113.9264,7.612091212091897,2.58,,124,120,129.85593,129.384445,[],[],['8486'],1,0
22.6078,121.462,1.7496152692026274,2.0727272727272728,,5,4,105.75118,105.905148,[],[],['8321'],1,0
10.3155,107.1688,14.393673849454313,2.250561797752809,,6,6,9.36576,11.05445,[],[],['8484'],1,0
36.7866,176.3612,120.66434021827858,4.185430463576158,,1037,1064,1810.429375,1729.661875,[],['63203'],[],1,0
22.83,120.1026,2.4750456331758297,2.3428571428571425,,9,8,8.494977,7.173348,[],[],['8321'],1,0
18.1857,109.4463,3.846151444461664,0.7714285714285715,,5,2,3.871588,1.111949,[],[],['8486'],1,0
35.1404,139.1726,7.542249219885153,2.809756097560975,,3,2,8.528666,11.279794,[],[],['8487'],1,0
24.8659,118.8855,7.203723254884396,2.704,,3,2,2.3038510000000003,1.111949,[],[],['8486'],1,0
33.659,126.5935,15.345267350503828,1.676595745600285,,13,12,12.26646,17.167562,['8327'],[],['8327'],1,0
22.5452,-22.4036,6.02031937038105,5.771428653172085,,565,565,581.6218120000001,582.3074379999999,[],['63203'],[],1,0
22.6851,114.6084,15.39661647872486,2.331818181818182,,0,3,0.0,2.449055,[],[],['8486'],1,0
20.8242,112.1282,16.61288831733404,2.783333333333333,,82,78,75.05606200000001,77.423844,['8486'],[],['8486'],1,0
20.775,112.1375,9.77884631228614,2.2538461538461534,,87,85,81.326469,83.432484,['8486'],[],['8486'],1,0
31.9832,126.8474,6.063070477387279,2.0809523809523807,,141,138,143.026359,138.93675,[],[],['21796'],1,0
20.8486,112.1958,13.462900187935803,2.76,,80,73,76.650938,73.651703,['8486'],[],['8486'],1,0
20.9347,111.9986,22.375367642867012,3.325,,71,65,60.026547,61.734016,['8486'],[],['8486'],1,0
21.7355,114.7164,24.316419601048576,2.5500000000000007,,52,61,39.778473,46.895957,[],[],['8486'],1,0
21.1993,113.813,13.336804928811748,2.7999999999999994,,76,71,82.285578,76.75236699999999,[],[],['8486'],1,0
32.9133,127.6035,62.52216249766098,2.3380327783647155,,95,77,104.727062,78.77994500000001,[],[],"['21796', '8327']",1,0
29.9628,123.8845,9.639874343700004,3.540000000000001,,104,108,90.316125,96.637586,[],[],['8486'],1,0
33.0491,126.2041,5.155285184046868,2.5176470712119463,,16,13,19.711615,16.911535,['8327'],[],['8327'],1,0
20.17,108.5146,4.841089740305074,2.1375,,78,77,59.443062,57.879574,[],[],['8486'],1,0
22.3236,114.5274,135.45760200004415,2.954198473282443,,5,7,7.350995,6.981293,[],[],['8486'],1,0
15.3052,109.1976,10.321192814602206,2.4111111111111114,,16,10,45.027148,45.523078,['8484'],[],['8484'],1,0
34.7198,123.5632,8.963316279250344,1.2384615384615385,,148,146,149.056438,147.54796900000002,[],[],['8327'],1,0
22.2038,114.1941,6.593925520169021,1.25,,2,0,2.223899,2.33991,[],[],['8486'],1,0
4.6963,100.0756,24.914483397388523,3.1375,,56,42,61.834984,53.188707,[],[],['8483'],1,0
33.7615,123.4772,32.37304523926733,2.9424242424242424,,158,147,161.968672,151.36175,[],[],['8327'],1,0
-2.2111,-155.5839,28.560892849143197,8.475000000000001,,202,209,514.816781,509.713781,[],[],['8441'],1,0
20.8894,113.9193,6.116754916785465,3.333333333333333,,107,105,113.750875,114.476836,[],[],['8486'],1,0
22.6716,114.6161,9.461775126919129,0.9656249999999996,,2,2,3.078344,2.333915,[],[],['8486'],1,0
33.1481,126.0969,11.49296374472245,2.5104477590700585,,17,13,17.632932,14.165081,['8327'],[],['8327'],1,0
21.5067,112.444,5.501244917827866,4.78,,14,11,13.667316,10.289408,[],[],['8486'],1,0
38.3944,122.5921,13.020589366021332,1.3395833333333331,,73,68,68.08575,65.885594,[],[],['8486'],1,0
20.801,111.8612,4.596124140912238,1.0857142857142856,,84,83,74.500602,72.395672,[],[],['8486'],1,0
30.4355,125.3659,23.899050480655905,3.299999998916279,,233,234,215.398547,213.995562,[],[],['8486'],1,0
33.0427,126.2236,5.173133476773532,2.7914893551075712,,17,14,20.358793,17.888396,['8327'],[],['8327'],1,0
33.6215,126.8605,14.821253273013578,2.022580638287529,,5,11,18.117342,17.887467,['8327'],[],['8327'],1,0
-37.7938,139.7251,142.2071180418408,2.456740740740741,,66,19,88.41143799999999,59.139914,[],[],['8323'],1,0
30.2143,126.5116,11.419170317796706,2.818181818181818,,268,260,319.64153100000004,311.331344,[],[],['21796'],1,0
22.5245,113.7292,20.67324275429364,3.212658227848101,,10,10,1.0272329999999998,1.026935,[],[],['8486'],1,0
21.6043,112.2336,7.083656313124839,3.341176470588236,,6,8,5.3137360000000005,8.895595,[],[],['8486'],1,0
29.3593,-94.5251,39.86186550230445,2.6913746630727786,,15,13,0.0,5.899767,['8456'],[],['8456'],1,0
38.9714,118.0868,20.21646842973879,1.6167741935483877,,18,10,1.111949,4.447797,['8486'],[],['8486'],1,0
20.8802,113.9935,3.9757962416728927,3.21,,107,106,117.134516,116.575812,[],[],['8486'],1,0
30.2432,126.376,10.180725884928908,3.372727272727273,,274,265,311.885094,315.18675,[],[],['21796'],1,0
23.4405,118.0714,33.546379348160734,1.985951661631421,,52,57,50.412039,55.821676,[],[],['8486'],1,0
33.6935,126.6281,10.46474687885837,1.8006060626470672,,15,16,18.250369,20.975934,['8327'],[],['8327'],1,0
19.2239,115.9854,15.215645534840624,6.514285714285714,,188,174,356.648469,344.226812,[],[],['8321'],1,0
38.5594,121.6446,3.631860477618702,1.048000014960766,,31,33,30.725092,33.078262,[],[],['8486'],1,0
20.0702,107.4189,4.80969530048194,1.1,,34,30,81.04173399999999,80.989977,[],[],['8484'],1,0
30.3227,126.3312,9.810567428154634,2.73,,269,263,305.164688,311.44725,[],[],['21796'],1,0
35.3529,140.3988,4.878209227962832,2.385714285714285,,0,2,22.65283,25.791607,['8487'],[],['8487'],1,0
33.9586,122.5483,11.724994531589893,3.36883116883117,,182,191,149.51946900000002,159.46884400000002,[],[],['8486'],1,0
32.0302,126.8771,1.9105129682900144,2.5,,137,135,138.34240599999998,136.451672,[],[],['21796'],1,0
38.2737,121.9839,48.76153853602671,4.080357137867916,,69,66,65.656859,60.552891,[],[],['8486'],1,0
20.6232,108.5628,16.336897317595618,2.769696969696969,,77,64,33.247078,19.319832,[],[],['8486'],1,0
-45.3655,-60.4335,20.86401703241228,2.9066666666666663,,386,382,414.524625,419.687594,[],['63203'],[],1,1
-43.1085,147.4246,3.4930793892473724,2.0875000000000004,,2,3,4.208092,6.589595999999999,[],[],['8323'],1,0
-13.5969,-121.0254,7.116628411020245,1.624242433393844,,1286,1289,1588.0805,1592.11025,[],['63203'],[],1,0
11.4424,109.1438,44.56785857584967,3.196825396825397,,14,4,63.418535000000006,38.918223,[],[],['8484'],1,0
45.7487,-124.0298,4.1140029188497,2.3686274554215228,,5,4,21.079545,24.11523,['8456'],[],['8456'],1,0
30.2181,126.8264,10.092255335259878,2.8299999809265137,,248,239,293.621281,284.330219,[],[],['21796'],1,0
32.6205,127.4092,38.25704819628142,2.291907507732423,,102,81,110.783508,87.92007000000001,[],[],"['8327', '21796']",1,0
16.9943,109.2377,15.690978208974585,2.67,,129,126,132.69340599999998,127.425078,[],[],"['8486', '8484']",1,0
15.5493,108.7788,8.455769209253445,2.245945945945946,,8,15,10.511308,17.791189,[],[],['8484'],1,0
32.7488,126.7218,9.999322262695935,2.042857136045184,,55,57,55.622977,57.012906,[],[],['8327'],1,0
30.1977,126.6857,11.038475841682052,3.2,,257,252,304.689344,299.653969,[],[],['21796'],1,0
33.1578,126.1047,7.6612836819643295,2.156521731096765,,16,12,17.170268,12.888853999999998,['8327'],[],['8327'],1,0
12.3525,109.4107,4.8035795336219165,2.466666666666667,,5,4,22.711947,19.424768,[],[],['8484'],1,0
25.1994,119.0183,5.44754362958247,3.1600000000000006,,1,1,0.0,2.298961,[],[],['8486'],1,0
20.8419,114.026,4.009615367577121,3.3,,112,112,122.231797,122.423914,[],[],['8486'],1,0
15.4119,108.9563,12.024433813459712,2.952631578947368,,9,9,15.049847,20.396361,[],[],['8484'],1,0
19.3779,105.8578,16.39830408540499,1.557894736842105,,4,5,4.749396,6.965527,['8484'],[],['8484'],1,0
22.0654,114.2513,9.404752148226732,3.33661971830986,,2,2,1.111949,1.0303989999999998,[],[],['8486'],1,0
35.7176,122.4069,8.828365078048833,3.075,,120,111,112.820969,107.851844,[],[],['8486'],1,0
12.6585,109.4987,28.18216288507206,3.494444444444445,,4,10,22.044148,41.659797,['8484'],[],['8484'],1,0
34.643,127.8311,3.4679050634313997,1.964444444444444,,2,4,6.403913999999999,4.574224,[],[],['8327'],1,0
19.4024,61.8716,1.6111729436345883,0.5428571552038193,,329,330,434.939438,435.893188,[],[],['8354'],1,0
32.6913,127.175,21.150329261004927,2.252272723073309,,80,65,85.644789,75.014797,[],[],['8327'],1,0
31.955,126.5636,32.042309803922706,3.2000000000000006,,149,138,153.460453,139.277859,[],[],"['21796', '8327']",1,0
21.8892,113.9882,57.5821166641436,2.7072961373390583,,3,2,7.851718,4.902997,[],[],['8486'],1,0
36.6578,123.6788,25.796142408083565,1.8857142857142852,,110,105,106.866352,103.892805,[],[],['8486'],1,0
33.9787,122.5141,24.138715380474466,3.628571428571429,,181,193,147.893281,163.886078,[],[],['8486'],1,0
30.1238,122.7679,1.5495356728726184,0.9696969713225512,,3,0,0.0,0.0,[],[],['8486'],1,0
14.8222,109.0564,7.699438088416206,2.3909090865742075,,2,6,72.945961,67.22439800000001,[],[],['8484'],1,0
20.0836,111.673,12.398828589351728,3.1099999999999994,,38,51,99.502984,111.806125,[],[],['8486'],1,0
11.0343,108.7644,4.968606783131013,3.92,,16,16,105.550922,102.756898,[],[],['8484'],1,0
1.4098,103.0967,66.74964229749814,3.008275862068966,,22,4,46.241223,33.887387000000004,['8483'],[],['8483'],1,0
34.7406,122.4758,2.994382322888382,3.0285714285714285,,196,194,177.301828,175.230031,[],[],['8486'],1,0
33.0288,126.4477,23.098198101523582,2.5196969732642187,,26,18,25.844797,16.782854999999998,['8327'],[],['8327'],1,0
31.6045,123.9291,25.413044250609182,2.0542857142857143,,131,149,109.375938,122.647281,[],[],['8486'],1,0
30.274,126.3096,4.197764562417989,1.090909090909091,,272,269,306.866938,307.241438,[],[],['21796'],1,0
34.4139,122.6537,118.19926611417378,3.805555555555556,,188,221,165.605797,202.944062,[],[],['8486'],1,0
20.8504,113.9827,9.142168364946674,3.825,,113,109,122.19357,119.855156,[],[],['8486'],1,0
38.2608,122.5275,10.995665821613832,2.381972789115645,,83,82,78.42628900000001,78.259945,[],[],['8486'],1,0
21.6708,112.1432,19.930119124823985,3.245054945054945,,2,4,2.347058,3.81457,[],[],['8486'],1,0
22.0807,114.2967,3.244729494554017,3.475,,2,2,0.0,1.515941,[],[],['8486'],1,0
11.224,108.8165,23.89446594635686,3.223943661971832,,5,3,88.154219,73.78492200000001,[],[],['8484'],1,0
4.383,5.6014,5.105022009386114,2.9833333333333334,,19,20,13.343392,15.724445,['8474'],[],['8474'],1,0
35.354,140.4014,1.992753385781824,2.704545454545454,,2,2,23.693105,24.739619,['8487'],[],['8487'],1,0
8.4071,68.4051,1.8802231772944524,0.4636363636363636,,463,461,512.824875,511.74625,[],['63203'],[],1,1
23.0401,121.3595,8.41514469981381,3.141176470588235,,2,4,63.747504,63.232922,[],[],['8321'],1,0
14.7558,109.305,12.322567371865414,2.6533333333333333,,24,27,95.475672,86.306617,['8484'],[],['8484'],1,0
10.3133,107.137,13.41795426351958,2.235955056179775,,5,6,7.362711,8.447018,[],[],['8484'],1,0
30.2718,126.3338,3.770109858298986,1.2454545454545454,,270,267,308.7575,309.135094,[],[],['21796'],1,0
18.8205,105.8316,1.5383567984701896,2.05,,5,6,10.463743,12.401197,['8484'],[],['8484'],1,0
14.8174,109.5129,8.54501706702367,2.625,,47,49,103.527828,97.717188,[],[],['8484'],1,0
51.8542,155.4756,18.66008609727192,3.840000023444494,,77,59,82.090289,71.124172,[],[],['5690'],1,0
35.329,140.6329,13.14888813351027,2.219402985074627,,19,22,32.727748,37.412309,['8487'],[],['8487'],1,0
10.2627,107.3074,16.06985942939926,3.8117647058823536,,16,11,22.978994,22.256902,[],[],['8484'],1,0
36.6509,123.7386,36.24995394354223,2.6958333333333337,,117,110,113.133875,108.896156,[],[],['8486'],1,0
10.2453,107.2882,1.4553266629084276,2.6000000000000005,,16,15,24.073232,24.202848000000003,[],[],['8484'],1,0
34.8092,-170.2441,14.52312266717877,3.951851854721705,,988,996,1743.91275,1747.58025,[],['63203'],[],1,0
34.7033,128.5771,3.5075878937919667,2.8166666825612388,,1,1,2.404424,0.0,[],[],['8327'],1,0
38.4104,122.5588,13.88249343049993,1.672807017543859,,71,67,65.260992,64.964105,[],[],['8486'],1,0
22.3914,113.7563,18.362304570011787,3.1428571428571432,,6,0,1.111949,0.0,[],[],['8486'],1,0
35.0631,140.2995,12.004537536567428,3.1024793388429748,,10,7,11.26737,7.836609999999999,['8487'],[],['8487'],1,0
30.2547,126.5623,10.314491117469654,2.5800000000000005,,261,252,311.90475,305.181219,[],[],['21796'],1,0
19.1914,63.4477,1.3748238199269112,0.525,,493,492,566.927375,565.400312,[],['63203'],[],1,1
34.0932,122.4771,32.870941534310326,3.562025316455696,,180,187,149.77829699999998,160.81128099999998,[],[],['8486'],1,0
30.6909,122.8211,1.202493417696303,1.2058823529411766,,3,3,0.0,0.0,[],[],['8486'],1,0
22.7783,120.0743,1.672840353204329,3.4615384615384617,,15,12,14.556208,11.660338,[],[],['8321'],1,0
9.7183,107.3971,15.691864887661811,3.08,,75,73,67.612531,66.616461,[],[],['8484'],1,0
42.285,-9.2832,6.082796889431505,3.2172413858874087,,31,27,33.218062,28.42898,[],[],['5693'],1,0
34.0942,122.4958,11.24803355365664,3.781967213114753,,183,188,153.304828,160.31195300000002,[],[],['8486'],1,0
10.345,107.2302,51.07175700943793,2.72,,6,2,8.928965,13.253235,[],[],['8484'],1,0
22.3398,113.7875,18.227380007682434,2.8493506493506486,,8,4,0.0,3.918715,[],[],['8486'],1,0
33.2212,173.3108,32.76780632118106,1.658015267175574,,958,967,2238.543,2209.052,[],['63203'],[],1,1
3.8386,100.3382,38.40841099872488,3.000000009313226,,46,23,52.843824,26.878146,['8483'],[],['8483'],1,0
34.8262,123.9505,0.5832250821849743,0.9153846153846154,,113,113,114.353859,114.503742,[],[],['8327'],1,0
33.6535,126.8396,17.046663577169408,1.9403361309977127,,8,13,22.926607,22.716336,['8327'],[],['8327'],1,0
18.9398,105.7183,9.309593730704934,2.910344827586207,,5,10,5.944609000000001,12.276591,['8484'],[],['8484'],1,0
-28.7684,114.4688,1.87146254075116,2.355555555555556,,10,10,5.847573000000001,4.8564560000000006,['8323'],[],['8323'],1,0
20.6671,107.0885,8.031097399114577,1.3146341463414632,,6,4,7.365481,6.178571,['8484'],[],['8484'],1,0
21.6878,112.1046,1.7285674857136517,0.4428571428571428,,4,6,3.924224,5.654958,[],[],['8486'],1,0
23.0055,116.8244,7.294101226906635,3.3166666666666664,,26,21,19.593477,15.33322,['8486'],[],['8486'],1,0
-17.6372,-124.52,20.739875822360126,3.2660606060606057,,778,779,1004.907562,1013.541125,[],['63203'],[],1,0
20.6684,106.8534,45.32758000809328,2.091089108910891,,7,9,3.833043,5.433505,['8484'],[],['8484'],1,0
11.1422,108.7573,6.6775733996999245,4.346666666666666,,4,8,95.126445,92.628938,[],[],['8484'],1,0
12.2468,109.4711,7.118435928326289,3.0428571428571427,,15,13,36.43177,31.162229,['8484'],[],['8484'],1,0
34.4582,123.206,21.386835120913496,7.094736842105263,,176,179,181.004266,180.690281,[],[],['8327'],1,0
22.6091,121.0413,63.157705216895785,3.5147928994082824,,3,2,53.47393,80.554156,[],[],['8321'],1,0
17.6397,107.6795,7.705125970506771,1.8468354430379752,,58,65,127.843906,129.026547,[],[],['8484'],1,0
-5.5874,-130.9309,109.19297900916924,3.717870670353053,,921,1020,945.055875,1043.111688,[],['63203'],[],1,0
33.0378,126.4664,22.990499451527235,2.1909090919386247,,26,18,24.533705,16.705203,['8327'],[],['8327'],1,0
-34.0578,-51.2012,4.038857684083902,1.432,,169,169,209.259969,206.732609,[],[],['8464'],1,0
33.6689,126.8502,5.994415432569821,2.271428568022592,,11,12,22.713176,23.16534,['8327'],[],['8327'],1,0
21.4303,111.0963,4.903724565244198,2.153846153846154,,5,1,2.453038,0.0,[],[],['8486'],1,0
41.6402,141.043,4.870360475745772,3.083333333333333,,11,9,14.13477,18.266428,['8487'],[],['8487'],1,0
5.4977,81.4435,14.351298744110402,1.680487804878049,,77,76,78.52282799999999,77.325555,[],[],['8346'],1,0
-8.1105,-129.2041,100.97985093568111,3.444092827519788,,1037,1102,1041.939688,1107.400625,[],['63203'],[],1,0
21.7785,114.6468,47.99623775292365,3.620689655172415,,44,47,34.627012,32.180232,[],[],['8486'],1,0
21.4613,108.5581,3.6094310980490154,4.725,,15,15,5.424022,3.925578,['8486'],[],['8486'],1,0
-33.527,-50.1584,17.782775484748264,3.1333333333333333,,233,227,219.463375,211.652109,[],[],['8464'],1,0
19.827,107.4672,11.52158812362826,2.570370370370371,,47,39,103.250258,108.827938,[],[],['8484'],1,0
20.8418,108.7233,7.0081078190174,3.3666666666666663,,44,40,7.364521,8.956114,[],[],['8486'],1,0
13.721,110.1395,11.798466470248188,1.908,,84,89,95.3715,98.279086,[],[],['8484'],1,0
9.9103,81.8125,9.93666241595338,4.866666666666666,,125,135,152.727656,162.459969,[],[],['8346'],1,0
59.4901,1.4832,2.2927086730628234,1.7999999693461826,,157,157,6.508958,5.266491,[],[],['5696'],1,0
20.6315,108.4036,7.965658516225993,1.5034482758620689,,72,75,41.459754,33.448652,[],[],['8486'],1,0
30.158,126.4918,16.841794159428797,3.55,,277,263,319.62028100000003,313.06028100000003,[],[],['21796'],1,0
20.2671,108.5434,4.563674769507887,1.0166666666666668,,81,80,61.560480000000005,58.672438,[],[],['8486'],1,0
33.3414,124.1865,11.248464098545282,5.60000003530429,,120,113,121.650797,113.974516,[],[],['8327'],1,0
22.1502,114.3676,9.094509438957903,2.1416666666666666,,8,15,6.360832,6.75074,[],[],['8486'],1,0
30.2801,126.401,9.65503283102116,2.8909090909090907,,268,260,313.680344,316.392125,[],[],['21796'],1,0
21.2719,113.5919,4.662077563550416,1.8,,74,72,61.905941,61.70518,[],[],['8486'],1,0
19.5006,107.4541,11.16193254717775,2.026315789473684,,76,73,122.548984,120.364883,[],[],['8486'],1,0
35.0396,123.1185,13.14600726651126,2.911538461538462,,192,194,192.939422,194.486297,[],[],['8327'],1,0
-9.8584,115.3733,17.823484443665254,4.8,,116,114,124.659094,120.985648,[],[],['8492'],1,0
34.8836,123.0296,10.37023371273471,2.8173913043478267,,198,198,199.316406,199.157953,[],[],['8327'],1,0
35.0326,123.2099,8.10925364224608,5.0,,185,183,186.164062,183.980219,[],[],['8327'],1,0
31.5667,123.2797,22.152475966750117,6.359999999999999,,86,107,52.008316,72.875719,[],[],['8486'],1,0
22.4794,113.8124,22.1182041305572,3.2128787878787883,,4,3,0.0,0.0,[],[],['8486'],1,0
21.0029,112.2667,6.017183797686792,1.6428571428571423,,62,60,61.864117,60.025223,['8486'],[],['8486'],1,0
34.8772,121.311,53.2013484312191,3.08235294117647,,98,125,86.71820299999999,103.946758,[],[],['8486'],1,0
21.6723,112.1436,21.002148263988992,3.291397849462365,,2,4,1.518104,3.81457,[],[],['8486'],1,0
35.3133,140.5649,7.144551371806502,2.465671641791045,,13,17,27.448992,31.686545,['8487'],[],['8487'],1,0
20.3009,112.807,22.248881933850136,3.053571428571429,,142,139,146.11254699999998,141.251906,[],[],['8486'],1,0
10.2188,107.1958,9.856258659294925,2.4018518518518515,,17,16,14.398766,16.414086,[],[],['8484'],1,0
-1.0052,87.5159,0.9160158072329212,0.5428571428571428,,982,981,1065.32625,1065.2405,[],['63203'],[],1,1
33.046,126.4766,23.29001769824861,2.133678755418934,,26,17,24.533705,15.678243,['8327'],[],['8327'],1,0
21.487,111.7019,10.336888195550468,4.927272727272728,,8,9,6.751435000000001,4.138593,[],[],['8486'],1,0
15.5195,108.9875,1.4058538683727244,2.0812500111758703,,13,13,22.688453000000003,23.199959,[],[],['8484'],1,0
39.4906,123.2664,40.90961602958944,3.405714285714285,,14,14,15.807885,17.229671999999997,['8486'],[],['8486'],1,0
10.2606,107.286,6.572666589288176,4.161538461538461,,16,11,24.073232,21.058668,[],[],['8484'],1,0
15.2835,109.283,10.590273317951308,2.2461538461538457,,22,17,54.46466,53.1115,['8484'],[],['8484'],1,0
-11.103,-77.7472,1.4606992122223057,0.6541666686534882,,12,11,14.227709,13.280845,['8432'],[],['8432'],1,0
22.9601,116.9663,13.25071653737158,4.066666666666667,,33,37,28.347695,33.172457,['8486'],[],['8486'],1,0
8.4362,107.1196,4.682978414368734,1.4967741935483871,,50,53,200.226047,199.283703,[],[],['8484'],1,0
71.3711,25.6363,126.57502540082896,3.7783333354526096,,19,36,24.82851,42.02366000000001,['5686'],[],['5686'],1,0
11.06,108.7781,9.496868076965182,4.055555582046509,,16,14,105.550922,99.260641,[],[],['8484'],1,0
34.5159,128.9163,15.043020957856577,4.362500000000001,,25,29,7.228529000000001,21.18634,['8327'],[],['8327'],1,0
6.2645,82.3642,5.235118392150819,0.7533333333333334,,77,76,139.929,141.657062,[],[],['8346'],1,0
18.8891,108.0235,13.186624204830208,2.379411764705883,,64,55,63.218809,52.759016,[],[],['8486'],1,0
21.0089,113.9225,123.97442587288916,2.729953923697844,,121,88,114.967977,98.39693,[],[],['8486'],1,0
15.6845,108.5918,18.13232817793508,2.8857142653848444,,4,14,21.772324,26.708264,[],[],['8484'],1,0
-44.7764,167.4673,9.424814733927024,2.954545454545454,,0,0,212.261078,211.929172,['8455'],[],['8455'],1,0
21.5083,111.5048,3.793682997546165,2.754545454545455,,2,1,13.631212,10.404294,[],[],['8486'],1,0
10.0907,81.5215,2.002899166406474,0.5700000017881394,,116,118,165.927031,167.41118799999998,[],[],['8346'],1,0
20.7231,108.5331,11.510172171254675,2.872727272727273,,70,63,26.143791,19.011148,[],[],['8486'],1,0
35.9813,140.7635,14.049130022661677,2.4518867924528287,,7,9,0.899928,0.0,['8487'],[],['8487'],1,0
30.8938,135.1147,15.125324033238927,7.484615384615385,,286,271,291.280188,276.81218800000005,[],[],['8487'],1,0
10.2492,107.3022,8.973275838228899,1.9538461538461545,,16,15,24.073232,24.957068,[],[],['8484'],1,0
30.2455,126.4281,10.643430967702429,2.890909090909091,,269,260,318.483875,316.392125,[],[],['21796'],1,0
10.1568,107.1563,11.839179703190783,4.657142857142857,,21,21,11.969572,16.2986,[],[],['8484'],1,0
21.8708,114.7885,23.06105958152897,3.4105263157894745,,47,58,32.180232,43.040281,[],[],['8486'],1,0
34.8871,121.3496,49.08078494787618,3.4865384615384607,,101,124,89.594625,102.971273,[],[],['8486'],1,0
12.6872,109.4471,11.27358843000828,3.192857156481061,,0,5,25.799289,32.180691,[],[],['8484'],1,0
-6.7096,42.3301,60.3572161645797,5.857142920721144,,268,301,308.165375,341.519625,[],[],['8479'],1,0
20.8341,113.862,10.626551441854144,3.05,,114,112,115.749148,120.123312,[],[],['8486'],1,0
34.309,124.028,40.34903397802627,3.599337748344371,,98,104,103.358812,106.26893,[],[],['8327'],1,0
33.5155,123.1534,60.41311399712136,3.846153846153846,,194,177,165.330641,181.383031,[],[],['8486'],1,0
11.6109,109.2436,35.780477151116834,3.0920000000000005,,14,5,45.32298,25.257365,[],[],['8484'],1,0
21.2944,113.9868,22.510540753671428,3.3692307692307693,,64,60,73.33381200000001,70.243203,[],[],['8486'],1,0
20.921,108.5787,13.137520537802295,2.975,,55,52,21.488916,15.358201,[],[],['8486'],1,0
18.8351,105.7565,2.2964041730411475,3.229411764705882,,2,3,3.944312,4.760622000000001,['8484'],[],['8484'],1,0
33.6455,126.6877,2.842497792119954,1.3666666652642048,,9,10,17.164611,19.263748,['8327'],[],['8327'],1,0
22.5433,120.9927,33.14708522398427,1.993506493506494,,3,3,53.47393,61.046949,[],[],['8321'],1,0
35.3513,140.3992,7.466936092555155,1.569811320754717,,0,2,22.65283,24.739619,['8487'],[],['8487'],1,0
-35.118,150.7593,5.173266098749322,4.599999999999999,,0,2,1.436507,3.799628,['8323'],[],['8323'],1,0
20.036,107.4258,4.470530030415139,2.4714285714285715,,34,31,84.258242,84.653117,[],[],['8484'],1,0
38.8945,120.9286,4.166980011342568,2.7,,7,6,13.685859,13.889475,['8486'],[],['8486'],1,0
20.4646,-17.5346,94.55312999162504,3.396916896350504,,70,49,70.513914,52.311129,[],[],"['8369', '8368']",1,0
20.2354,111.7877,59.290427687418486,2.636538461538462,,58,64,114.19775,120.530461,[],[],['8486'],1,0
12.4658,109.454,10.13238095717763,2.6666666666666665,,6,9,14.798552,19.573393,['8484'],[],['8484'],1,0
34.6196,128.5696,14.27130989808494,3.004761929313342,,2,3,12.367453,10.049236,[],[],['8327'],1,0
30.748,124.6979,0.6374795036014491,1.01,,173,173,148.131203,148.131203,[],[],['8486'],1,0
17.7373,-16.2367,28.970681526223576,3.14369747919195,,16,22,44.101512,21.467621,['8369'],[],['8369'],1,0
32.0185,126.9615,12.273722480727857,2.954838709677419,,130,130,143.712875,131.913578,[],[],['21796'],1,0
22.1509,114.1758,31.73635248613466,3.95034482758621,,4,0,1.515594,2.223899,[],[],['8486'],1,0
10.2903,107.1904,12.536772715846949,2.0467532467532474,,11,7,13.546955,11.967521,[],[],['8484'],1,0
21.7058,112.0965,9.530872392785646,1.935483870967741,,6,6,6.365585,7.783645000000001,[],[],['8486'],1,0
19.9674,-17.3075,53.41657477405811,3.2219827714151363,,70,85,94.060031,86.345852,[],[],['8369'],1,0
21.3701,112.8743,85.44102136888189,4.438461538461538,,29,25,31.561613,25.989639,['8486'],[],['8486'],1,0
18.8349,105.7741,2.925947589225212,2.4194444444444443,,2,4,4.592899999999999,5.712249,['8484'],[],['8484'],1,0
2.7435,168.3188,25.377792529865594,2.9567567567567568,,211,204,391.73025,404.323188,[],[],['8318'],1,0
-13.9743,-120.9466,130.65712587536382,4.324887560850848,,1185,1296,1503.87175,1601.02525,[],['63203'],[],1,0
38.9517,118.6518,14.770502886618443,2.053174603174603,,9,7,1.111949,3.446096,['8486'],[],['8486'],1,0
21.5478,112.6756,2.2325796178393165,1.17027027027027,,7,7,10.62725,9.843824,[],[],['8486'],1,0
33.6425,126.8401,19.25554759696306,2.1280701749941757,,7,13,20.980711,21.449646,['8327'],[],['8327'],1,0
30.2674,126.3824,7.231822773210363,1.9916666666666667,,269,262,312.934469,315.586594,[],[],['21796'],1,0
21.5553,112.6582,6.800080813873771,0.946236559139785,,7,4,12.305632,8.918556,[],[],['8486'],1,0
19.9757,108.7271,16.567025039831805,2.958333333333333,,53,46,31.327676,25.946818,[],[],['8486'],1,0
21.1902,110.751,11.795421525771223,3.3960000000000004,,13,13,12.275341,14.11422,[],[],['8486'],1,0
30.6949,122.8132,3.201680570187384,1.6189189189189186,,2,0,0.0,0.0,[],[],['8486'],1,0
17.6989,107.7396,8.958751299699086,3.0890411350825064,,69,75,127.973797,131.757016,[],[],['8484'],1,0
10.1878,107.1758,4.92130285068852,4.79,,17,20,11.812754,15.953341,[],[],['8484'],1,0
34.6159,123.5379,1.9164821842898825,1.2403846153846148,,150,150,151.040953,151.040953,[],[],['8327'],1,0
35.2581,140.5567,1.83479214586016,0.9305555555555556,,14,15,24.478285,26.601547,['8487'],[],['8487'],1,0
17.1028,108.8006,14.586487218780812,1.7166666666666668,,111,119,114.678648,123.168336,[],[],['8484'],1,0
36.6952,122.3445,18.90251652328778,4.5210526315789465,,15,10,18.340992,8.022248,['8486'],[],['8486'],1,0
19.8078,107.1527,10.019514965861628,2.49,,72,67,97.265133,90.135555,[],[],['8484'],1,0
52.0813,2.4577,204.2744610417088,2.736368239871863,,53,65,26.357283,12.260668,[],[],['5696'],1,0
21.5942,115.6135,5.186759034177572,4.370588235294118,,121,117,120.130281,115.867273,[],[],['8486'],1,0
21.4919,111.7027,6.203775135548095,4.966666666666667,,8,6,6.751435000000001,3.817882,[],[],['8486'],1,0
34.4787,122.7275,66.74752052925615,3.6157894736842096,,210,215,187.572344,208.854406,[],[],['8486'],1,0
22.5177,114.9244,22.972281848521185,2.9285714285714293,,6,10,6.750291,11.350478,[],[],['8486'],1,0
32.7185,126.7346,20.610918766182227,2.748275853436569,,60,60,59.986965,61.049164,[],[],['8327'],1,0
32.0434,126.9952,11.301436286954887,3.0145454545454538,,128,127,144.200328,135.12092199999998,[],[],['21796'],1,0
8.6315,81.2781,4.430479820241275,1.4338709677419357,,5,7,2.463977,6.254627999999999,['8346'],[],['8346'],1,0
34.4778,122.8831,59.426818637270856,3.504545454545455,,215,190,194.612781,192.737734,[],[],"['8486', '8327']",1,0
33.0623,126.4905,23.933064185649883,2.6173913116040435,,30,14,28.910682,12.054081,['8327'],[],['8327'],1,0
32.7854,126.593,14.79584334785761,2.171428566887265,,52,50,50.736805,49.564047,[],[],['8327'],1,0
30.2,126.573,14.362299619387391,3.4214285714285717,,265,257,314.00003100000004,307.46515600000004,[],[],['21796'],1,0
34.7467,123.0559,37.07266053807429,2.828378391426962,,196,193,196.754609,193.886422,[],[],['8327'],1,0
35.0039,123.1768,24.784815424832253,3.648148203337634,,186,187,186.832297,188.173844,[],[],['8327'],1,0
59.0163,145.2401,7.796609547314652,1.635294131204194,,43,38,120.513461,125.270352,[],[],['5690'],1,0
34.6251,127.5826,17.250165381943575,3.7050359748679096,,1,1,8.310808000000002,7.221691,[],[],['8327'],1,0
54.6482,-165.2457,7.154574806567653,2.6000000128433816,,22,20,61.807359,59.711059,['8463'],[],['8463'],1,0
4.3591,99.7899,156.77259647693597,3.0646766169154227,,89,74,86.682562,81.190859,['8483'],[],['8483'],1,0
38.99,118.7969,5.414750542163576,2.4666666666666663,,7,6,4.110608,5.184881000000001,['8486'],[],['8486'],1,0
59.376,145.8921,2.8126247301991945,1.1555555476634591,,2,2,153.013672,154.71040599999998,[],[],['5690'],1,0
23.1013,116.7097,50.02557490650197,4.682315113920102,,13,5,5.116256,3.787885,[],[],['8486'],1,0
23.1405,119.8663,63.06103069651857,3.11510067114094,,17,19,28.205795,21.716391,[],[],['8321'],1,0
8.175,68.7939,1.3801245203475858,0.3545454545454545,,435,434,470.099625,468.963375,[],['63203'],[],1,0
13.3783,-17.3595,46.83146949382312,3.443979056093707,,57,66,86.151703,88.762375,[],[],['8370'],1,0
33.6057,123.7475,18.11963040105489,2.3811659192825108,,136,132,138.64084400000002,135.353906,[],[],['8327'],1,0
20.8056,112.6255,25.471827687626966,2.5521739130434784,,93,85,92.315086,89.010281,[],[],['8486'],1,0
34.3404,122.5908,46.82183422651245,3.774509803921569,,194,217,169.24778099999995,198.493359,[],[],['8486'],1,0
36.8718,124.3024,0.6411089366476189,0.6,,106,105,113.018383,111.967914,[],[],['8327'],1,0
13.9786,109.5321,8.352725979385617,4.8,,24,29,33.840184,39.924555,['8484'],[],['8484'],1,0
5.7067,4.6434,16.273911284245145,2.428571428571429,,42,40,19.613982,16.11545,[],[],['8474'],1,0
34.7612,128.8507,4.5748956771744105,1.5142857165454515,,11,12,9.307791,8.083883,[],[],['8327'],1,0
33.0581,126.5413,19.753379553787653,2.8070422545285303,,30,14,28.18624,13.375807,['8327'],[],['8327'],1,0
13.4432,109.3948,45.92810553242374,2.8796610169491528,,4,10,53.847648,32.397721000000004,['8484'],[],['8484'],1,0
34.3363,122.2102,7.607996012420997,3.761538461538462,,168,173,150.600234,157.130188,[],[],['8486'],1,0
26.2789,50.2767,33.73262550656111,2.821052631578949,,6,4,6.850475,6.8424890000000005,[],[],['8356'],1,0
34.484,127.6174,0.7977054486594984,1.0821428557059596,,7,7,12.129296,11.338659,[],[],['8327'],1,0
10.2625,107.0434,4.991006262569368,1.2358974358974355,,9,7,0.0,0.0,[],[],['8484'],1,0
20.8491,112.1852,17.346582784006365,2.77,,80,75,76.235883,75.218281,['8486'],[],['8486'],1,0
15.5515,108.9305,4.39460278082048,2.1333333333333333,,17,20,19.290346000000003,21.731088,[],[],['8484'],1,0
5.2313,82.0736,30.068586063727317,1.584931506849315,,133,143,142.750781,156.342016,[],[],['8346'],1,0
32.8042,126.6039,17.384663502335194,2.3399999976158137,,48,48,47.035785,48.266828,[],[],['8327'],1,0
21.5559,114.0159,45.52644813932271,6.3166666666666655,,40,23,50.048379,33.613167999999995,['8486'],[],['8486'],1,0
17.0139,108.7617,2.7832789907277347,0.7142857142857143,,105,106,109.227773,110.764742,[],[],['8484'],1,0
26.3454,120.0375,7.745144685625432,2.1352941176470592,,7,9,6.678628,5.976951,[],[],['8486'],1,0
7.1406,140.5214,17.323029456337437,6.874999976158142,,114,101,375.463375,367.56825,[],[],['8316'],1,0
-19.9357,-105.9564,6.825587926165675,5.1571428571428575,,859,863,862.3355,865.782188,[],['63203'],[],1,1
19.659,107.3306,31.019620974701983,2.4873417721518982,,73,56,115.61582,115.828227,[],[],['8484'],1,0
20.8356,113.7129,121.14634281762368,2.9800000069869887,,104,102,104.950273,112.383164,[],[],['8486'],1,0
-13.2755,151.9587,23.144972649960707,7.9714285714285715,,237,214,378.849656,357.9825,[],[],['8324'],1,0
20.7808,113.9229,9.359549605494983,2.941176470588235,,122,114,127.877609,123.09593,[],[],['8486'],1,0
12.7121,109.5471,18.88188633358821,2.9470588235294115,,7,15,30.345436000000003,45.856648,['8484'],[],['8484'],1,0
30.988,122.8939,1.2970211523595976,2.636363636363636,,23,24,3.972311,5.259896,['8486'],[],['8486'],1,0
16.9956,108.7045,2.7681719654906938,1.6833333333333331,,98,101,102.330172,104.655562,[],[],['8484'],1,0
30.5508,127.0081,5.495007056096948,2.6285714421953474,,205,201,256.165156,252.044469,[],[],['21796'],1,0
17.9443,65.765,1.2674689866500772,0.2785714285714286,,572,571,556.701062,555.483625,[],['63203'],[],1,1
-43.2096,147.452,2.228836045567702,3.1666666666666665,,2,3,5.673103,6.578729999999999,[],[],['8323'],1,0
11.1322,108.7661,10.31472145875514,3.4861702127659564,,6,8,97.082766,92.628938,[],[],['8484'],1,0
21.7087,112.1573,2.542276704017046,0.1916666666666666,,5,4,5.62378,5.164664,[],[],['8486'],1,0
21.5267,108.2934,2.301137436154008,2.9740740740740743,,3,2,6.9300630000000005,5.423045,['8486'],[],['8486'],1,0
-7.131,-18.9143,81.51585338974617,3.134474326535367,,478,518,478.200188,517.8405,[],['63203'],[],1,0
22.7136,120.2108,4.484009657660756,0.7779661016949154,,3,2,2.223899,3.271643,[],[],['8321'],1,0
33.3052,127.2382,25.452062494625974,2.9146341456145777,,36,29,39.361512000000005,31.338463,[],[],['8327'],1,0
10.357,107.1423,8.397908677860658,2.413924050632912,,2,2,5.5272250000000005,4.580296000000001,[],[],['8484'],1,0
23.0565,119.9695,12.506131396039656,2.9824324324324323,,8,4,18.722869,16.6169,[],[],['8321'],1,0
22.0405,114.2196,1.3947187196142212,1.1222222222222222,,2,2,2.223899,1.111949,[],[],['8486'],1,0
-21.3264,-99.3101,2.095244608915058,3.72142859016146,,1193,1195,1198.445,1200.551125,[],['63203'],[],1,0
32.8693,127.5814,0.9009262995013712,0.2750000000000001,,86,86,90.062344,90.062344,[],[],"['21796', '8327']",1,0
20.8759,113.9695,6.354301402617972,3.181818181818182,,108,106,117.650906,116.2075,[],[],['8486'],1,0
16.9619,108.6977,10.300790573961876,2.15,,91,100,96.205852,103.910195,[],[],['8484'],1,0
20.1872,107.7647,8.272336677803967,2.3157303370786524,,5,6,94.001,93.643039,['8484'],[],['8484'],1,0
33.3049,127.2219,24.341888192363744,2.314285707473755,,34,28,37.263602,29.527887,[],[],['8327'],1,0
20.9088,114.0221,3.5388978494320926,2.7375,,104,104,114.199203,114.647648,[],[],['8486'],1,0
20.7783,113.9694,1.9773641487533395,1.4272727272727272,,118,118,127.978953,127.978953,[],[],['8486'],1,0
50.4777,-5.3283,179.67920907599944,3.802040814349846,,10,23,13.501004,26.3621,['5696'],[],['5696'],1,0
20.9612,-17.5266,8.857439928853598,4.539583335320156,,46,44,51.19827,49.048512,[],[],['8368'],1,0
-11.9725,-141.0483,110.02446041059216,3.335443035188216,,208,265,344.666094,272.474969,[],[],['8440'],1,0
35.3443,140.4032,12.4500134162376,1.867251461988304,,0,2,20.251447,25.397396,['8487'],[],['8487'],1,0
19.3048,105.8862,113.14517765554004,3.2546783625731024,,8,2,11.315974,11.594312,['8484'],[],['8484'],1,0
6.0215,81.0435,44.38142035231246,2.0132978723404267,,11,3,18.891805,21.471568,['8346'],[],['8346'],1,0
19.0453,108.5287,5.078773243231213,1.276923076923077,,10,9,6.120316,4.348403,['8486'],[],['8486'],1,0
22.1458,113.7464,5.95222370783237,3.219444444444445,,3,3,1.111949,2.223899,[],[],['8486'],1,0
32.5946,127.5558,17.778625085636726,2.3187969886046607,,97,95,117.135391,108.023062,[],[],['21796'],1,0
31.8647,127.1101,1.7811059557399511,1.95,,118,116,161.288719,160.821266,[],[],['21796'],1,0
32.0367,126.9958,10.958839650679028,2.9807017543859646,,127,127,144.45254699999998,135.12092199999998,[],[],['21796'],1,0
20.8219,113.8088,76.86107201938148,3.2719424460431648,,120,110,116.575023,121.273195,[],[],['8486'],1,0
32.779,126.6309,16.830279680484495,2.0318181704391134,,53,51,51.690996,51.712355,[],[],['8327'],1,0
32.7326,126.7416,13.62681411155302,2.3100000113248824,,59,58,59.079168,58.946434,[],[],['8327'],1,0
20.9523,113.4944,221.7343290454224,3.4945544676984293,,77,95,78.393281,105.075641,[],[],['8486'],1,0
38.4276,122.5149,0.6171770381274696,1.1774193548387095,,68,68,62.078168,62.61641,[],[],['8486'],1,0
21.1544,111.6911,40.52724917876153,3.2478260869565223,,54,31,45.921809,28.978549,[],[],['8486'],1,0
-5.8442,-167.5369,157.59656504476297,5.202020202020202,,438,408,928.812625,990.301062,[],['63203'],[],1,1
30.2953,126.4704,1.4849176842197254,0.7166666666666667,,259,258,314.093156,312.714281,[],[],['21796'],1,0
-5.1883,98.1406,1.9728358272911088,0.3076923076923077,,322,320,353.01218800000004,351.321906,[],[],['8492'],1,0
10.2984,107.0563,8.521318619606802,1.531205673758866,,6,3,1.111949,3.335848,[],[],['8484'],1,0
34.3877,122.6984,39.07729924436249,3.1978723404255334,,206,220,182.005844,202.384781,[],[],['8486'],1,0
21.0642,113.8688,158.90285739377242,2.7757261410788385,,113,77,111.167016,87.941352,[],[],['8486'],1,0
28.8578,-89.1785,7.32444825601435,2.2181818181818183,,16,14,7.169889,13.81275,['8456'],[],['8456'],1,0
26.2211,120.0972,11.089814975740063,2.8054545454545448,,8,9,11.97144,14.581539,[],[],['8486'],1,0
19.921,113.4932,32.41336433533709,3.2837209302325583,,202,191,202.974234,191.824109,[],[],['8486'],1,0
21.8062,113.0149,2.155006406539888,2.1874999780207878,,6,4,1.032429,2.223899,[],[],['8486'],1,0
16.8829,66.1164,7.0936705194495735,1.2923076817622552,,630,626,553.9185620000001,548.5625620000001,[],['63203'],[],1,1
33.041,126.5822,20.85573968493656,2.505128195843636,,32,16,31.171545,16.248022000000002,['8327'],[],['8327'],1,0
13.1142,74.7286,34.451721616841226,3.733333333333333,,8,0,5.5597460000000005,23.169035,['8480'],[],['8480'],1,0
19.2057,105.7943,3.2315334118373147,0.7931034503311947,,5,4,12.630403,9.139979,['8484'],[],['8484'],1,0
59.1524,145.827,12.109036464145465,2.4571428355716525,,11,5,150.422531,153.457438,['5690'],[],['5690'],1,0
22.5555,113.6272,3.1565009499518872,1.4695652173913043,,5,6,0.0,0.0,[],[],['8486'],1,0
15.4229,108.9536,1.6769860439369433,2.190322580645162,,11,11,16.078831,16.116848,[],[],['8484'],1,0
35.3513,140.4006,1.4608307210857765,1.665,,2,2,23.693105,25.054217,['8487'],[],['8487'],1,0
31.6807,123.2763,17.22363710600332,3.3545454545454545,,100,116,64.571746,80.39775,[],[],['8486'],1,0
21.9509,115.8374,5.100441858002305,3.4761904761904754,,83,85,81.97560899999999,83.73204700000001,[],[],['8486'],1,0
20.8131,114.1844,5.5501087520217816,3.254545454545455,,116,117,126.87725,127.517844,[],[],['8486'],1,0
32.7933,126.606,18.58401656791961,2.3925925691922507,,50,49,49.24468,49.026996,[],[],['8327'],1,0
-20.425,37.1127,56.37991469305705,3.7225531869429234,,207,171,219.468891,177.113266,[],[],['8347'],1,0
21.5687,108.5722,4.387024267997252,1.3166666666666664,,6,8,5.932076,6.9300630000000005,['8486'],[],['8486'],1,0
3.1637,166.7497,28.39250192097533,6.354166666666665,,278,255,405.779875,411.44525,[],[],['8318'],1,0
-13.9304,-123.637,46.837542537589904,3.4409742066716724,,1171,1207,1388.30475,1422.816625,[],['63203'],[],1,0
16.712,-176.3469,14.370037947945889,5.736507961201292,,728,716,1703.44075,1717.47925,[],['63203'],[],1,0
23.4235,117.3362,4.086317225531506,3.8476190476190473,,17,14,10.007544,6.976587,[],[],['8486'],1,0
20.7567,108.5339,13.023961665989995,2.75,,70,60,26.584301,17.70901,[],[],['8486'],1,0
22.3964,115.6103,20.2520771992559,3.235,,34,27,32.653035,26.403385,['8486'],[],['8486'],1,0
19.682,107.6931,13.242165302050116,2.9791666666666665,,50,49,113.081594,105.989727,[],[],['8486'],1,0
5.3776,82.1835,38.61988836060857,1.5537735849056604,,134,107,148.08173399999998,134.024859,[],[],['8346'],1,0
20.2523,112.3819,3.8090720108237193,2.1499999999999995,,118,121,144.98970300000002,146.179984,[],[],['8486'],1,0
30.6551,125.0962,15.673285673151971,5.6125,,208,210,185.873938,187.415562,[],[],['8486'],1,0
30.2512,126.3197,0.8565663652759845,1.836363636363636,,273,273,308.212125,308.212125,[],[],['21796'],1,0
33.4585,123.1783,22.57801964619598,3.96,,195,184,168.318188,182.651672,[],[],['8486'],1,0
33.6632,123.3025,7.592417386251525,3.5631578947368414,,172,170,175.345828,173.630438,[],[],"['8486', '8327']",1,0
20.8361,112.1196,16.625423802837012,3.330434782608695,,83,77,74.914875,75.459969,['8486'],[],['8486'],1,0
9.9534,109.156,48.297870048589445,3.712676056338029,,79,47,220.868453,196.827125,['8484'],[],['8484'],1,0
34.4166,122.6617,74.8447230920912,3.578767123287672,,194,221,171.29328099999998,202.769969,[],[],['8486'],1,0
20.2513,108.7206,25.403824558198323,2.551515151515152,,69,62,51.309777,52.131,[],[],['8486'],1,0
21.2766,113.6168,55.93412254769726,3.614457831325301,,66,56,60.267664,64.218375,[],[],['8486'],1,0
34.4508,122.7442,41.08163077993777,3.4811320754716983,,211,213,188.282781,212.272391,[],[],['8486'],1,0
19.7463,107.1724,8.895728269893882,1.9,,73,68,102.122539,97.127078,[],[],['8484'],1,0
50.6491,-0.4644,11.42490026485122,2.514285709582218,,19,17,13.8514,16.546977,['5696'],[],['5696'],1,0
31.7263,127.0924,16.701645534239365,3.27,,128,114,182.446531,172.565375,[],[],['21796'],1,0
10.354,107.193,12.005178711429208,1.6364485981308416,,5,3,7.978233,8.600767,[],[],['8484'],1,0
13.4732,109.3674,26.98409801601417,2.628,,6,7,42.825551,29.670096,[],[],['8484'],1,0
22.3329,116.5105,9.647868988452924,4.50625,,67,67,67.629102,67.62881200000001,[],[],['8486'],1,0
4.3739,-82.4806,19.481015917514075,0.7761589442163903,,112,99,428.542875,426.8241880000001,[],[],['8426'],1,0
25.8753,51.6367,2.572910434524681,0.6462857142857141,,6,6,1.000517,1.495787,['8468'],[],['8468'],1,0
-33.6402,-50.7099,2.1251392999621848,0.9588235294117649,,188,187,189.825203,188.066375,[],[],['8464'],1,0
5.2474,-153.6734,9.303741182479389,1.9432835872493568,,538,544,552.437,557.97375,[],['63203'],[],1,0
55.8515,148.9729,20.59791206144461,4.337209307870199,,367,354,427.520406,416.141281,[],[],['5690'],1,0
33.0517,126.5716,18.208802412337995,2.402777775294251,,31,16,29.855857,16.006294,['8327'],[],['8327'],1,0
11.0374,108.5551,13.911811218084726,3.668,,7,11,119.535875,111.246906,[],[],['8484'],1,0
24.5902,118.1562,4.431293044209022,1.9928571428571429,,2,1,1.502946,1.011024,[],[],['8486'],1,0
-8.2227,172.2713,32.07433703744858,6.126315807433504,,501,484,760.387812,756.50075,[],['63203'],[],1,0
32.9403,124.0503,11.1907769301307,2.1102564102564108,,163,156,163.58528099999998,156.625844,[],[],['8327'],1,0
45.4251,-123.9769,3.230538144104485,3.364999997615814,,1,1,17.549266,14.415614,['8456'],[],['8456'],1,0
59.8819,167.6811,19.475377977517372,3.548051938608096,,54,55,90.543266,97.825656,[],[],['5690'],1,0
-3.11,60.5584,15.651283821950903,4.072727272727272,,531,542,536.3911879999999,547.307,[],['63203'],[],1,0
-6.228,-130.1434,107.91372702236568,3.4291358011151543,,986,1070,1006.31925,1088.016125,[],['63203'],[],1,0
51.0944,156.1946,25.618105935070712,1.858888867249091,,28,26,37.910238,40.78177,[],[],['5690'],1,0
12.5722,109.5989,12.6348692509056,2.5500000000000003,,17,15,32.868812,38.060105,['8484'],[],['8484'],1,0
34.1139,122.6162,3.674504114616432,2.8166666666666678,,196,198,166.21168799999998,168.791922,[],[],['8486'],1,0
21.501,111.989,6.801244369692409,5.0,,14,12,13.859262,12.231441,[],[],['8486'],1,0
33.9877,123.0306,43.7811267513994,7.874074074074076,,196,183,188.071484,187.084625,[],[],['8486'],1,0
34.4339,122.6352,71.79990081930862,3.5682634730538925,,198,221,176.89918799999998,203.674953,[],[],['8486'],1,0
22.2873,113.6231,13.862689536299891,3.765625,,3,5,0.0,3.490918,[],[],['8486'],1,0
37.971,119.7617,8.558710840226723,2.8538461538461544,,52,50,9.915682,7.83279,[],[],['8486'],1,0
31.8111,127.0649,12.432803857998602,2.763291139240505,,126,117,170.128016,163.695,[],[],['21796'],1,0
17.1171,65.8832,2.649239862701729,0.7272727333686569,,626,625,566.18275,564.8241879999999,[],['63203'],[],1,1
60.0701,168.4996,20.889423839286017,3.5313953452332068,,61,51,123.527094,134.509953,[],[],['5690'],1,0
22.1564,114.4239,5.500864239274386,2.716666666666667,,11,16,7.578713,6.671696,[],[],['8486'],1,0
36.8512,176.2733,121.22077764621028,3.6454545454545446,,1038,1066,1809.36225,1730.6115,[],['63203'],[],1,1
31.7955,127.0793,12.532788892650505,2.7878048780487807,,126,116,171.443172,165.339328,[],[],['21796'],1,0
34.6132,128.2745,6.794284946381716,3.4848484812360825,,2,2,2.880122,3.532963,[],[],['8327'],1,0
-19.865,-110.8744,120.4840363117694,4.320538720538719,,785,827,791.993062,833.942125,[],['63203'],[],1,0
-26.6711,155.2177,17.07450175908728,3.716666666666667,,174,188,183.980797,198.011562,[],[],['8323'],1,0
10.3603,107.1805,12.804134540772989,2.4487499999999995,,3,3,5.974595999999999,7.048993,[],[],['8484'],1,0
22.0906,114.754,53.84301694061628,3.48855421686747,,34,39,19.171102,29.794234,['8486'],[],['8486'],1,0
21.0469,111.4679,1.3533016751487632,1.885714285714286,,48,47,35.027184,33.933445,[],[],['8486'],1,0
11.0659,108.7923,20.244699474478445,2.074311926605505,,16,13,101.734781,95.336742,[],[],['8484'],1,0
9.6943,107.2994,7.051076835513201,1.1428571428571428,,67,72,64.299172,65.451723,[],[],['8484'],1,0
20.9072,113.4781,227.89382431958023,3.3380859375000003,,81,99,83.938969,109.461367,[],[],['8486'],1,0
20.8696,113.9499,9.109293709442262,3.553333333333333,,109,108,116.724117,118.400133,[],[],['8486'],1,0
30.2772,126.3556,4.44891489702373,2.350000001986821,,269,265,310.648406,312.923219,[],[],['21796'],1,0
19.7344,-17.1276,1.2348381266839463,0.8200000057617822,,55,55,110.792703,109.687906,[],[],['8369'],1,0
29.892,122.9592,14.028828960640972,2.492810457516341,,37,27,32.459885,24.051984,['8486'],[],['8486'],1,0
-6.767,113.2495,37.54076728330993,4.146666666666665,,11,13,7.448687,19.086791,[],[],['8492'],1,0
34.0069,122.5011,20.59182557218436,3.166176470588236,,176,191,144.71748399999998,162.680109,[],[],['8486'],1,0
44.3771,-124.3184,9.339785881796596,3.117741952019353,,17,18,37.120945,30.867463,['8456'],[],['8456'],1,0
35.3093,140.4262,17.670996057878792,2.3563451776649744,,1,2,19.443061,21.819988,['8487'],[],['8487'],1,0
11.5191,109.0374,2.344942478996075,1.95,,2,3,44.22816,42.85002,[],[],['8484'],1,0
36.703,123.7135,28.759429724594757,2.8583333333333343,,112,107,108.856016,105.667844,[],[],['8486'],1,0
-74.3817,-133.8548,15.252645836830922,1.1576419203302228,,14,16,2717.353,2703.703,[],['63203'],[],1,0
34.4835,122.7232,67.80964757347823,3.540000007727316,,210,214,187.572344,209.598656,[],[],['8486'],1,0
5.5262,5.0451,78.97778988681081,2.41244019138756,,24,3,3.996513,8.462083,['8474'],[],['8474'],1,0
31.4996,127.2434,0.1734860695769255,0.4103448275862069,,117,117,202.317,202.317,[],[],['21796'],1,0
22.0912,114.5518,58.74844822255408,3.096978827617678,,9,32,4.269939999999999,27.88998,['8486'],[],['8486'],1,0
35.2707,140.4833,2.4112560850218685,1.4821428571428574,,7,8,20.410404,21.106240000000003,['8487'],[],['8487'],1,0
30.4354,126.3384,7.18503219283808,3.4857142857142858,,260,254,306.545062,304.792625,[],[],['21796'],1,0
36.3051,122.4971,5.726590088191586,2.353846153846154,,56,52,54.49284,48.999105,[],[],['8486'],1,0
22.1383,114.7269,38.12987854325471,3.9494623655914,,36,33,19.576189,27.874781,['8486'],[],['8486'],1,0
21.3973,113.7741,2.779517987170716,3.413333333333332,,55,55,57.904418,57.858293,[],[],['8486'],1,0
21.7333,114.4735,34.77789157452687,2.3622807029046524,,37,43,33.422254,33.557035000000006,[],[],['8486'],1,0
22.0012,119.361,35.591501024231626,6.192500000000001,,116,94,114.819766,91.032375,[],[],['8321'],1,0
54.6941,-0.5011,20.732693391762407,3.224884788836202,,18,24,18.326953,20.189113000000003,['5696'],[],['5696'],1,0
33.3387,127.1319,27.854209529822725,3.070000028610229,,26,18,30.163094,19.984492,['8327'],[],['8327'],1,0
20.6355,111.8699,7.984901780411346,2.34,,94,97,92.315125,89.010391,['8486'],[],['8486'],1,0
33.0656,126.5171,20.591100861078008,2.5037037070702626,,30,14,27.938854,13.343392,['8327'],[],['8327'],1,0
21.0471,111.2435,19.76803059000922,2.8857142857142857,,41,28,35.311519999999994,26.001543,[],[],['8486'],1,0
19.7464,-17.1533,1.5284314456370578,1.9913043509358948,,58,56,110.089094,108.843578,[],[],['8369'],1,0
35.0437,124.0698,9.54132884725625,5.050000063578287,,109,109,110.314656,110.153664,[],[],['8327'],1,0
10.3212,107.2044,17.201338820579736,3.096,,7,2,11.404433999999998,10.366588,[],[],['8484'],1,0
29.9623,123.8813,4.1443640666865456,1.45,,104,107,91.562992,95.019219,[],[],['8486'],1,0
34.3493,123.3683,6.444151779270734,2.321180555555556,,161,161,166.162328,165.93884400000002,[],[],['8327'],1,0
20.8141,114.039,8.027317641805114,3.35625,,117,110,127.699039,121.312969,[],[],['8486'],1,0
21.0325,114.3934,79.43380666230934,3.4145631128144487,,103,99,113.574242,100.841695,[],[],['8486'],1,0
50.5036,-8.7254,76.86183304634102,3.855128194277103,,136,100,137.272344,100.706422,[],[],['5681'],1,0
29.8756,122.9503,12.978706407736018,2.4367741935483864,,36,28,30.629758,25.004871,['8486'],[],['8486'],1,0
21.9657,115.9922,9.01949059339435,3.3740740740740747,,89,88,88.530508,88.257555,[],[],['8486'],1,0
20.99,113.5949,246.7322254262556,3.32125,,76,83,79.497477,93.769617,[],[],['8486'],1,0
36.8908,124.3196,7.110830438688101,2.0,,108,101,114.564766,108.233852,[],[],['8327'],1,0
-24.5098,154.0029,5.644619013909103,1.5273972602739727,,77,79,92.723281,95.377016,[],[],['8323'],1,0
34.9513,129.0359,7.361784347587851,3.730909086357463,,13,11,7.836804,4.447797,['8327'],[],['8327'],1,0
73.7156,17.9797,173.9667508359866,3.575456922110316,,87,64,87.265453,66.064594,[],[],['5686'],1,0
-20.6171,-40.0589,27.00887965196373,2.4424242424242424,,36,35,38.318805,19.768742,[],[],['8464'],1,0
22.3122,116.266,15.127578888854444,4.383636363636365,,59,61,63.263215,66.324117,[],[],['8486'],1,0
21.4996,111.9892,5.795207451374961,4.199999999999999,,14,13,13.859262,13.189783,[],[],['8486'],1,0
-30.6189,104.1899,142.17184030990998,2.8535433025810666,,956,931,958.95325,935.272125,[],['63203'],[],1,0
15.5706,108.7753,41.27279970814047,2.807246376811595,,6,21,10.38489,26.686783,[],[],['8484'],1,0
30.2555,126.4195,8.530300367894506,2.623076923076923,,267,260,317.8595,316.392125,[],[],['21796'],1,0
35.0526,123.0567,4.8257548312863765,5.128571428571429,,198,197,199.104062,195.28325,[],[],['8486'],1,0
35.0377,123.1744,6.847837779481987,2.9642857142857144,,187,187,187.953656,188.41575,[],[],['8327'],1,0
20.4144,108.5458,19.896589815641523,2.6966666666666663,,80,81,55.465289,38.745855000000006,[],[],['8486'],1,0
34.6913,127.8272,16.47801248568172,3.552380952380952,,1,3,4.447797,1.828144,[],[],['8327'],1,0
59.1229,165.8742,12.984524242318196,5.002173910970273,,63,70,132.93,129.871641,[],[],['5690'],1,0
21.3082,113.7098,12.55920916282112,3.566666666666667,,69,63,61.860953,66.788992,[],[],['8486'],1,0
20.0316,108.5516,14.206310579003704,3.1666666666666665,,62,70,44.253531,49.126137,[],[],['8486'],1,0
35.6186,121.4329,21.70480861134611,3.431250000000001,,60,58,44.388285,45.499188,[],[],['8486'],1,0
-3.044,-15.3552,22.111749074713817,6.944444470935398,,542,549,546.819062,553.488375,[],['63203'],[],1,0
15.5831,108.7687,52.84894259650391,2.2392857142857143,,5,23,11.222585,28.930521,[],[],['8484'],1,0
29.3197,48.4344,20.81501020827129,2.148,,15,6,20.343389,23.55443,['8357'],[],['8357'],1,0
34.0027,122.4999,14.99319030744194,2.9223684135236234,,178,188,145.751391,158.385406,[],[],['8486'],1,0
34.2495,125.2271,3.494654687914761,1.957142858100789,,16,16,17.214238,15.167202,[],[],['8327'],1,0
60.0477,168.5903,31.15437481408032,3.5727272766796667,,61,52,124.598414,147.801375,[],[],['5690'],1,0
23.4962,117.2795,3.821393744568725,1.8300000000000003,,10,9,6.218796,4.078897,[],[],['8486'],1,0
-14.1667,-83.6617,15.76549961797609,2.169230769230769,,733,720,744.459375,732.136375,[],['63203'],[],1,0
21.7091,112.0941,12.901593626465072,2.816326530612245,,6,6,6.07193,7.783645000000001,[],[],['8486'],1,0
42.4571,14.355,2.381500949743457,3.865217405816783,,5,6,10.092146,10.721375,['5682'],[],['5682'],1,0
21.497,111.7116,12.975774620816646,5.5687500000000005,,8,8,6.367567,4.698011999999999,[],[],['8486'],1,0
4.791,100.4079,33.13221110559654,2.35145631067961,,22,7,25.510688,15.089329,[],[],['8483'],1,0
20.574,113.5604,28.95520467898397,2.145652173913043,,129,135,129.417742,135.040109,[],[],['8486'],1,0
35.588,140.77,1.0469702719283724,2.527272727272728,,12,12,11.69227,11.69227,['8487'],[],['8487'],1,0
21.6976,112.1012,5.07983534548684,2.1611111111111114,,5,6,5.421573,6.751238,[],[],['8486'],1,0
24.8513,119.3833,1.8908068469241237,2.9166666666666665,,17,16,29.414555,29.960104,['8486'],[],['8486'],1,0
11.1311,108.8156,7.941360307798414,1.916666666666667,,13,9,94.312914,89.796703,[],[],['8484'],1,0
30.3191,126.432,1.9127228812856591,1.86,,260,258,315.864969,314.494,[],[],['21796'],1,0
31.2075,123.9207,29.7130484228126,3.004761904761904,,111,128,82.81525,102.765164,[],[],['8486'],1,0
21.9289,115.6259,7.705693994206875,6.13,,84,79,82.44491400000001,77.411109,[],[],['8486'],1,0
36.8921,124.3399,13.179969870546508,2.533333333333333,,110,98,116.954523,104.744555,[],[],['8327'],1,0
22.1383,114.728,40.58933829016352,4.142753623188408,,35,33,18.545863,27.874781,['8486'],[],['8486'],1,0
22.1334,117.4596,13.296481615997726,3.8090909090909086,,130,138,114.318328,104.627766,[],[],['8486'],1,0
26.3311,119.9493,9.422163833795077,3.0775,,3,2,2.436989,0.0,[],[],['8486'],1,0
7.772,107.7897,19.577758270770527,2.976470588235294,,147,156,283.50175,284.51525,[],[],['8484'],1,0
38.8757,141.6731,3.738046614151771,1.8826086956521737,,0,2,7.273222,7.868907,[],[],['8487'],1,0
4.3928,5.521,19.87521303228667,2.157142857142857,,24,24,11.606396,28.971922,[],[],['8474'],1,0
20.8066,114.0045,11.778189180822675,3.126086956521738,,116,112,125.925516,122.472062,[],[],['8486'],1,0
35.4285,124.3768,4.871998100974612,3.1769230769230767,,107,111,109.663695,112.983625,[],[],['8327'],1,0
-16.0645,-117.986,111.89209645618708,3.3358008062534665,,1157,1210,1494.324875,1523.669875,[],['63203'],[],1,0
34.43,133.8588,22.307708784336647,4.68252427184466,,0,3,2.1451170000000004,0.917155,[],[],['8487'],1,0
21.5963,115.0801,17.270402933907143,3.290909090909091,,92,99,78.125625,84.311414,[],[],['8486'],1,0
35.1446,140.4494,16.750489638889015,2.5067510548523178,,7,9,10.063245,14.588466,['8487'],[],['8487'],1,0
34.8763,121.1018,11.271026360304976,4.814285714285714,,94,102,82.713359,90.464617,[],[],['8486'],1,0
-3.3597,-22.5637,60.44096022254613,4.568965517241379,,1051,1023,1050.6235,1022.934125,[],['63203'],[],1,0
10.1632,107.1019,15.267127194480864,3.645999999999999,,21,12,11.59411,5.583294,[],[],['8484'],1,0
14.8116,109.5157,8.810574184462853,2.66,,47,50,104.28475,99.251906,[],[],['8484'],1,0
19.8044,108.7429,49.49642203329563,2.563917525773196,,36,34,30.618311,12.405585,[],[],['8486'],1,0
34.6365,128.0503,6.271816034401004,2.36875,,9,8,5.600888,6.403913999999999,[],[],['8327'],1,0
22.4684,116.3003,8.419475939436033,2.758333333333333,,45,47,49.422195,50.048234,[],[],['8486'],1,0
30.2753,126.4144,16.244560606349857,3.5500000000000007,,270,260,314.288312,316.392125,[],[],['21796'],1,0
11.0583,108.6571,10.075086217639496,4.236842105263158,,16,10,111.157133,103.610664,[],[],['8484'],1,0
27.9954,-13.4806,42.270039663118986,3.121951213697109,,25,36,74.526742,40.850762,[],[],"['8368', '8367']",1,0
22.1503,117.416,12.29707328931515,3.3181818181818183,,130,130,115.812719,103.875555,[],[],['8486'],1,0
34.5377,122.0922,3.473713543545842,4.081818181818181,,166,169,145.36790599999998,147.855453,[],[],['8486'],1,0
-15.3123,-118.2354,95.5061340679862,3.035534998463516,,1199,1273,1565.002625,1626.896375,[],['63203'],[],1,0
8.2562,82.102,2.4942985348162146,0.6307692355834521,,66,68,100.257547,101.869484,[],[],['8346'],1,0
34.7224,127.9364,12.772027959871744,2.6555555555555546,,2,0,5.2253680000000005,7.783645000000001,[],[],['8327'],1,0
4.7781,100.4347,29.223808624788678,1.5666666666666669,,20,6,23.296779,10.463721,[],[],['8483'],1,0
29.3339,48.2384,5.752096817956402,4.099999988079071,,11,10,17.541131,19.576896,['8357'],[],['8357'],1,0
20.8731,114.1003,6.239660048858049,3.4545454545454546,,108,108,119.266461,118.754281,[],[],['8486'],1,0
26.2357,120.0857,13.080186427670665,2.8397435897435903,,7,10,10.97382,14.117634,[],[],['8486'],1,0
22.2266,120.5871,9.731299343586736,2.5649999999999995,,11,3,24.196248,23.596135,[],[],['8321'],1,0
34.6456,128.4171,0.512062659676672,0.4104166713853677,,4,4,10.681348,10.681348,[],[],['8327'],1,0
33.3034,127.2284,25.179997738906405,2.6382352955201087,,36,29,38.709438,30.999354,[],[],['8327'],1,0
4.1686,6.3034,9.921696211086772,2.271428571428572,,15,14,11.606617,11.174665999999998,['8474'],[],['8474'],1,0
5.6233,100.198,5.459343373889039,4.166666666666666,,12,14,1.568792,6.762847,[],[],['8483'],1,0
34.5799,127.7454,7.14986672711352,2.6333333291610086,,0,0,0.915616,5.088661,[],[],['8327'],1,0
21.3308,109.6555,42.524515572795416,3.1567375886524816,,12,9,8.363045,5.318602,['8486'],[],['8486'],1,0
16.9705,66.275,0.5801572283553474,0.4833333333333333,,610,609,532.439125,531.448062,[],['63203'],[],1,1
21.6727,112.1883,2.520302984392678,0.4263157894736842,,6,4,5.931328000000001,3.923922,[],[],['8486'],1,0
6.1409,82.234,9.19128254887992,1.25531914893617,,73,70,124.940258,126.156406,[],[],['8346'],1,0
20.7221,111.8431,9.304491856198316,2.327272727272728,,90,91,81.429617,81.27829700000001,['8486'],[],['8486'],1,0
22.0991,114.3661,9.50317208213202,3.2904761904761903,,2,9,1.515941,5.269731,[],[],['8486'],1,0
33.3309,127.2069,25.312990733610427,2.7634146460672704,,33,25,35.818164,27.475383,[],[],['8327'],1,0
19.6891,109.0469,11.07274345972128,1.0145569620253163,,8,9,3.938512,0.0,['8486'],[],['8486'],1,0
20.9657,114.0467,2.871782134407148,3.2,,98,96,109.09382,106.927562,[],[],['8486'],1,0
20.9597,108.7488,8.65622841410904,4.355555555555556,,38,34,14.482234,20.097475,[],[],['8486'],1,0
34.4509,127.6901,12.225846377197158,2.8389610624932624,,8,5,11.061236,7.0726,[],[],['8327'],1,0
40.4533,-73.7379,2.848835865114628,2.79999998341436,,15,14,4.758693,3.335848,['8456'],[],['8456'],1,0
19.9438,107.5652,8.499129587042122,2.164,,30,22,100.865008,101.207508,['8484'],[],['8484'],1,0
17.2672,109.083,17.388258454357317,2.4000000000000004,,116,104,116.245266,104.952367,[],[],['8486'],1,0
34.0814,122.5204,27.860391331085403,3.7335877862595432,,180,191,149.382297,164.422734,[],[],['8486'],1,0
-26.1738,102.4352,242.0622397490564,3.531904761904761,,1084,1022,1104.452375,1047.044688,[],['63203'],[],1,0
36.0348,140.7058,17.122626002423075,2.7848484848484865,,3,9,2.698073,1.798259,['8487'],[],['8487'],1,0
33.2882,127.2684,20.07125476006812,1.8644444379541607,,36,35,38.492602,36.409652,[],[],['8327'],1,0
59.7967,156.8214,22.870465200823443,5.6977011458627125,,83,89,116.44518,123.897328,[],[],['5690'],1,0
38.8329,119.1263,20.114047312143576,2.5350785340314137,,41,35,11.700948,4.468904,[],[],['8486'],1,0
38.9121,118.6078,13.896582587928377,1.835,,8,8,0.0,1.111949,['8486'],[],['8486'],1,0
22.132,114.7823,22.4969618575841,2.933333333333333,,40,35,29.89907,26.086973,['8486'],[],['8486'],1,0
5.9137,80.1099,18.343120835581512,1.9364864864864864,,22,6,23.524658,7.841126,['8346'],[],['8346'],1,0
32.7631,126.6746,16.59805410516874,2.680952367328462,,54,54,53.281992,53.86752,[],[],['8327'],1,0
31.6769,123.2765,19.81047209918212,2.8,,100,117,65.17582,81.306219,[],[],['8486'],1,0
49.8386,-5.7088,1.584448960220495,2.1833333199222884,,23,21,30.636541,28.018611,['5696'],[],['5696'],1,0
4.7755,100.4517,37.896124506179866,2.5344594594594603,,20,4,22.19,7.438391999999999,[],[],['8483'],1,0
21.0388,113.7968,145.53099260621593,3.3422053231939164,,94,82,95.367703,92.662023,[],[],['8486'],1,0
5.5696,104.0738,4.401266311635707,2.3888888888888893,,89,93,82.783266,82.492164,[],[],['8483'],1,0
36.609,123.7284,28.769012940954894,3.18125,,116,111,112.212844,109.332297,[],[],['8486'],1,0
35.0637,124.0691,15.482635173669909,5.5888888888888895,,110,111,111.06232,111.956992,[],[],['8327'],1,0
29.851,-16.5846,10.023264555653313,4.781818181818182,,75,75,75.91868,75.58405499999999,[],[],['8363'],1,0
8.3856,104.1417,14.369610246321988,4.2142857142857135,,74,62,266.505094,254.897203,[],[],['8484'],1,0
22.4684,116.2897,5.268566276801133,2.6,,45,46,49.422195,50.048234,[],[],['8486'],1,0
20.8172,113.6788,114.18681443967712,3.3786982248520694,,111,100,111.86893,111.238266,[],[],['8486'],1,0
33.0235,123.4357,6.637157787783803,5.828571428571428,,191,189,172.960688,179.931062,[],[],['8486'],1,0
13.3888,109.503,27.17790889749816,3.11578947368421,,11,22,56.153152,45.867809,['8484'],[],['8484'],1,0
20.8851,113.9724,6.867193553462895,2.816666666666667,,107,106,116.823008,116.387203,[],[],['8486'],1,0
10.2993,107.2325,9.789946254945276,2.7684210526315787,,10,8,15.956925,15.59768,[],[],['8484'],1,0
21.4896,111.9931,9.012366149208628,4.518749999999999,,16,14,14.530172,12.308627,[],[],['8486'],1,0
27.9027,49.0393,2.7393143972772127,1.872727272727273,,18,17,11.880044,14.131904,[],[],['8356'],1,0
30.2772,124.984,5.493863032131231,2.315384615384615,,194,198,178.337578,182.948781,[],[],['8486'],1,0
-21.896,165.7563,4.077510926545451,3.838095238095238,,7,5,21.681781,21.088039,[],[],['8312'],1,0
26.9563,50.3941,1.079026002558903,0.8325773195876282,,40,40,8.989389,8.989389,['8356'],[],['8356'],1,0
11.1529,108.8212,6.121302737202828,3.5931818181818174,,10,7,92.714211,87.32217200000001,[],[],['8484'],1,0
18.895,108.07,24.192510951394027,5.224,,64,52,62.73627,49.439035,[],[],['8486'],1,0
16.8031,-19.7219,2.2463716531049585,3.3409091061489145,,324,323,336.95065600000004,338.503531,[],[],['8362'],1,0
33.3613,127.1594,23.123595589095125,2.2425531789343407,,26,20,28.598688,22.290471,['8327'],[],['8327'],1,0
35.576,140.7664,0.7900121116417242,3.4333333333333336,,14,13,13.616077,12.754444,['8487'],[],['8487'],1,0
34.9975,123.1722,11.805855093490884,2.5125000195112075,,186,187,187.180422,187.708859,[],[],['8327'],1,0
36.8273,122.4741,1.8998255857367208,2.875,,8,6,0.0,0.0,['8486'],[],['8486'],1,0
20.8727,114.1184,5.950771718338457,2.8769230769230774,,109,109,119.428102,120.126,[],[],['8486'],1,0
21.4939,111.9627,3.932277324955989,5.2,,13,13,11.861059,13.502739,[],[],['8486'],1,0
35.3131,140.4257,11.85640544405662,2.014754098360655,,1,2,20.404648,21.819988,['8487'],[],['8487'],1,0
21.1493,111.344,108.50658630298396,3.080487804878048,,40,22,31.220039,9.349423,[],[],['8486'],1,0
34.8804,121.3347,55.88767066422954,3.4046153846153846,,97,126,85.921367,104.83032,[],[],['8486'],1,0
22.026,114.7123,37.05924226128186,3.430909090909092,,27,51,12.181066,41.600367,['8486'],[],['8486'],1,0
21.7648,114.9349,5.767070659516814,2.0666666666666664,,71,75,56.158875,60.036418,[],[],['8486'],1,0
38.983,118.7735,3.997921714438916,1.4886363636363635,,7,5,3.757146,2.055201,['8486'],[],['8486'],1,0
3.0403,-166.5487,27.8039462508469,8.72800003051758,,547,527,805.19675,797.698438,[],['63203'],[],1,0
36.6626,123.7036,11.516930548842048,3.2142857142857144,,110,108,107.642039,106.250977,[],[],['8486'],1,0
11.4415,109.1312,10.984952603069416,3.2363636363636363,,13,9,56.751227,45.641906000000006,[],[],['8484'],1,0
6.1746,84.9972,6.535131298544348,1.7307692307692308,,356,357,428.9835,431.215062,[],[],['8346'],1,0
22.6333,121.4863,12.156789768594832,2.8264705882352943,,2,2,107.259891,106.744758,[],[],['8321'],1,0
20.9618,113.706,157.34549726210196,3.316053511705685,,100,95,98.920141,104.897117,[],[],['8486'],1,0
30.5669,125.2733,5.524589973089649,1.2882352941176471,,224,227,203.597359,205.301781,[],[],['8486'],1,0
20.8736,114.0698,6.719480045341674,3.575,,108,108,119.091109,118.415406,[],[],['8486'],1,0
22.4036,120.3703,21.98433591169988,2.267272727272727,,6,4,2.223899,5.5597460000000005,[],[],['8321'],1,0
21.0843,108.3913,18.362988823090696,3.195454545454545,,37,45,19.829217,8.37195,[],[],['8486'],1,0
20.6187,113.4707,4.992156483089513,3.14,,125,125,125.952758,126.110953,[],[],['8486'],1,0
33.9713,122.5478,20.59684546728203,2.8257142857142847,,184,194,150.857297,164.659734,[],[],['8486'],1,0
29.3954,127.0018,18.605200325427784,2.721052631578948,,201,202,254.452312,259.318172,[],[],['21796'],1,0
15.5124,108.9832,1.1514452990802329,0.8322580668234058,,13,14,21.731793000000003,22.265332,[],[],['8484'],1,0
19.8279,107.1775,14.04388711378532,2.9153846153846152,,71,61,95.131047,89.830656,[],[],['8484'],1,0
33.3449,127.1689,24.10975726868053,2.519999998807908,,27,21,30.041338,23.216975,['8327'],[],['8327'],1,0
10.2587,107.3346,9.297133403550616,3.907692307692307,,18,15,27.321496,27.140484,[],[],['8484'],1,0
38.8738,118.7882,15.56559204987166,1.603448275862069,,19,15,5.195855,6.922935000000001,['8486'],[],['8486'],1,0
38.7025,123.3033,6.486400760200868,2.806666666666667,,39,39,37.910414,37.067934,[],[],['8486'],1,0
42.6543,-124.6406,1.0079150778415853,1.337499987334013,,15,13,73.663305,74.330984,['8456'],[],['8456'],1,0
-24.5094,154.003,5.894348230279313,2.9434782608695658,,77,79,92.723281,95.377016,[],[],['8323'],1,0
24.7726,121.8971,15.313674926029488,2.858715596330275,,7,3,12.231441,7.810847,[],[],['8321'],1,0
4.7833,100.428,26.685117070358334,2.606086956521739,,19,8,23.270061,12.397175,[],[],['8483'],1,0
-19.2454,-79.3176,19.39435896278818,2.7718309893154767,,618,604,622.669812,608.1655,[],['63203'],[],1,0
20.6919,112.2712,10.91756863651876,2.5750000000000006,,97,95,95.70768,95.624641,[],[],['8486'],1,0
21.7108,112.1473,4.269933314750196,0.7416666666666666,,6,4,6.984432,5.164664,[],[],['8486'],1,0
22.1076,113.8715,10.554612916293232,3.439999999999999,,2,3,2.223899,3.491286,[],[],['8486'],1,0
21.6983,112.1555,96.43051950305303,3.3630177514792914,,5,0,6.150563,0.0,[],[],['8486'],1,0
4.7049,-1.6053,137.27322187546528,3.8250000000000006,,46,3,38.524730000000005,2.223899,['8400'],[],['8400'],1,0
35.4878,120.04,2.6976987849490217,3.6333333333333337,,20,19,10.865766,12.868765,[],[],['8486'],1,0
34.2824,123.8732,35.16264585796626,3.090991006939261,,111,118,116.369344,123.289211,[],[],['8327'],1,0
35.6518,140.7989,13.262639612013729,1.8921348314606752,,7,6,7.764727,7.959037,['8487'],[],['8487'],1,0
-19.5877,-124.9671,14.880172434696206,4.066346192359924,,561,563,802.970875,808.7114379999999,[],['63203'],[],1,0
34.9493,-6.9593,9.907095142801872,3.1857142448425293,,54,60,78.04410899999999,86.01291400000001,[],[],['8367'],1,0
4.3442,7.7056,20.314894359496808,2.5818181818181816,,15,17,15.883755,6.4787040000000005,['8474'],[],['8474'],1,0
32.9464,124.0343,18.4115716902086,3.662790697674419,,164,155,164.472516,155.76334400000002,[],[],['8327'],1,0
-17.9166,-124.1647,235.5292367846989,3.1329512893982803,,726,784,961.893,1051.647375,[],['63203'],[],1,1
16.7354,66.139,4.7742507822652405,0.7947368370859247,,641,636,557.22625,553.50925,[],['63203'],[],1,1
37.5161,130.5243,10.798516855356064,1.543661967706932,,27,19,34.857699000000004,27.296479,['8327'],[],['8327'],1,0
29.7712,122.3727,4.661672983462497,0.8489999999999999,,3,6,0.0,0.0,[],[],['8486'],1,0
-43.6694,169.16,11.011254145982802,1.5536585365853657,,6,8,186.951078,186.058812,['8455'],[],['8455'],1,0
-27.64,157.931,37.142607753387374,5.75625,,429,445,431.279281,448.846188,[],[],['8323'],1,0
4.4037,100.1684,45.34762849501446,2.599999998555039,,47,41,46.765387,45.307102,[],[],['8483'],1,0
-8.2444,-79.0926,3.642857057649203,2.1000000038184226,,12,9,7.783033,5.502350000000001,['8432'],[],['8432'],1,0
9.47,107.0043,8.425572584655564,1.7300000000000002,,50,53,87.953242,83.396195,[],[],['8484'],1,0
45.3659,-124.0455,7.004815827273335,3.266666666666666,,4,5,27.809344,21.449346,['8456'],[],['8456'],1,0
15.222,108.9915,13.59346765615406,2.7340425531914905,,9,8,34.765547,27.376898,[],[],['8484'],1,0
32.9206,124.0945,12.269830889060584,3.3052631553850675,,160,154,160.734062,154.376453,[],[],['8327'],1,0
21.5046,112.426,6.194762196346495,4.469230769230769,,17,12,16.663990000000002,11.469204,[],[],['8486'],1,0
22.0688,117.3389,8.84165402745973,2.933333333333333,,129,132,125.038969,119.171562,[],[],['8486'],1,0
14.7229,109.2177,15.6461222216397,2.793333333333333,,15,18,93.835234,80.52441400000001,[],[],['8484'],1,0
33.0376,127.6178,26.30501316159797,1.7826086893585154,,80,77,82.996461,78.97568,[],[],['8327'],1,0
-21.6007,179.5771,148.20929842828244,4.9030612212054585,,182,232,228.751812,300.571312,[],[],['8325'],1,0
33.7632,124.7606,2.902767050959794,0.6623762457235024,,48,45,48.402305,46.208223,[],[],['8327'],1,0
11.4412,109.1367,9.409850306355937,3.0375,,13,10,54.529035,45.602922,[],[],['8484'],1,0
5.2104,83.7834,11.723850836592726,4.15,,266,277,308.101062,319.622469,[],[],['8346'],1,0
19.7525,107.1488,6.731129520244165,2.2125,,74,71,100.196703,97.561406,[],[],['8484'],1,0
13.4461,134.9023,52.90982039321535,5.890909090909091,,561,557,569.23825,566.006562,[],['63203'],[],1,0
20.9223,113.6163,130.7450444216516,3.272614107883819,,104,99,104.376711,110.027312,[],[],['8486'],1,0
34.1121,122.4983,8.307488988496237,4.2457142857142856,,186,188,156.509062,160.96390599999998,[],[],['8486'],1,0
5.6816,4.9014,7.490003225951021,2.4368421052631577,,19,20,9.935795,5.9623360000000005,['8474'],[],['8474'],1,0
21.1002,114.1168,70.07076312464498,2.3855072463768114,,97,75,104.129648,85.491602,[],[],['8486'],1,0
35.3128,140.4255,16.021650752971887,1.9209790209790216,,1,3,18.498334,22.789742,['8487'],[],['8487'],1,0
19.9302,107.4807,8.018730176788726,1.888235294117647,,35,32,96.188383,98.821781,[],[],['8484'],1,0
14.7458,109.1215,15.211888980582946,2.792857149669102,,2,11,85.26805499999999,73.58207,[],[],['8484'],1,0
20.9484,112.2496,1.6700356449526634,1.0777777777777775,,67,66,67.230109,66.126758,[],[],['8486'],1,0
33.2359,125.1126,12.223604910155668,4.642857163293021,,93,89,93.445023,88.960758,[],[],['8327'],1,0
6.9489,166.9316,32.500821515033934,6.942857142857143,,164,150,221.872562,208.669688,[],[],['8318'],1,0
-29.8549,57.1597,65.19256330070273,3.8973746985410433,,971,928,980.921812,936.484,[],['63203'],[],1,0
34.677,128.8183,9.253589093783036,2.8274999927729367,,15,13,15.220444,13.623993,[],[],['8327'],1,0
11.3396,109.1021,68.61817693223301,3.340909090909091,,15,7,74.04068,43.420664,[],[],['8484'],1,0
38.2847,122.5333,12.067344230993656,1.4197802197802196,,84,80,76.476195,76.434078,[],[],['8486'],1,0
69.7632,16.6836,4.746001397389296,2.490909064357931,,32,35,37.961312,41.022715,[],[],['5686'],1,0
38.6724,122.0912,4.7393074664740045,2.541176470588235,,33,31,22.172012,19.426938,[],[],['8486'],1,0
35.508,129.9243,11.989455391713983,3.0444444444444443,,41,46,34.414730000000006,39.290488,[],[],['8327'],1,0
-24.5115,154.0042,6.938463965697078,2.493220338983051,,77,79,92.723281,95.377016,[],[],['8323'],1,0
20.5003,-17.4498,6.763460583369846,2.78974358974359,,55,48,55.362656,48.63959,[],[],['8369'],1,0
5.3606,171.8011,17.45141618175598,5.62,,77,74,197.890078,201.366031,[],[],['8318'],1,0
19.6993,109.1284,11.750025155534765,5.9192307692307695,,8,2,2.223899,0.0,['8486'],[],['8486'],1,0
35.1377,122.502,38.95499132266294,3.3411111125681137,,183,163,165.646484,148.992062,[],[],['8486'],1,0
34.4442,127.7639,2.154853199778277,1.263829792718938,,2,2,3.833223,3.5375810000000003,[],[],['8327'],1,0
35.3727,121.6589,38.95497947868875,3.4523076923076923,,99,88,80.063406,71.70496899999999,[],[],['8486'],1,0
33.5331,123.6825,7.129268602121213,7.215789483722887,,146,140,149.33954699999998,142.55217199999998,[],[],['8327'],1,0
12.8926,-17.0595,54.31607520392778,3.1252155176460223,,43,26,95.431414,63.052527000000005,[],[],['8371'],1,0
18.4315,178.5497,13.537685200274511,2.2750000000000004,,1098,1108,1476.29425,1485.530375,[],['63203'],[],1,1
38.3262,122.4887,18.158857236067583,2.28122742799,,82,76,70.4855,71.293211,[],[],['8486'],1,0
-2.1847,-152.8477,9.806704589968438,1.8760683821816733,,299,306,695.009812,691.467625,[],[],['8441'],1,0
44.2305,-124.146,16.28838565851411,3.0000000000000004,,4,2,49.475992,35.762941,['8456'],[],['8456'],1,0
20.3552,-25.6753,9.794170218317522,4.955999994277955,,353,353,376.746469,376.210844,[],[],['8362'],1,0
34.336,122.6108,38.838699817193394,2.67286432160804,,200,212,177.660953,189.013984,[],[],['8486'],1,0
20.8913,114.0663,5.432204268015934,2.872727272727273,,106,105,116.869336,116.10507,[],[],['8486'],1,0
-7.5024,-79.7533,0.8116027027465457,0.6263157941008869,,20,19,23.716885,22.748885,['8432'],[],['8432'],1,0
19.8802,107.4101,8.719510681829224,1.9153846153846152,,45,40,95.927539,99.404359,[],[],['8484'],1,0
13.0302,80.5698,4.753627668872906,1.0207547169811324,,30,31,18.571467,19.998262,[],[],['8480'],1,0
32.0199,126.9845,14.94941670357322,3.1039603960396027,,130,127,146.943125,135.909688,[],[],['21796'],1,0
35.0112,123.1625,13.802540606434484,3.106060606060606,,187,188,188.451422,188.828484,[],[],['8327'],1,0
9.6091,107.3833,1.6246759581643022,1.9333333333333336,,81,82,77.339242,77.841766,[],[],['8484'],1,0
19.7349,109.1387,8.62273027596958,4.476923076923077,,8,0,0.0,0.0,['8486'],[],['8486'],1,0
34.8899,121.1665,8.146608453235835,4.457142857142857,,101,107,89.02666400000001,94.183156,[],[],['8486'],1,0
36.9553,123.8791,8.91058658631335,3.7749999880790712,,112,113,107.92743,114.366633,[],[],"['8327', '8486']",1,0
31.8962,126.8299,9.482300876599284,2.994736842105262,,143,142,153.655906,144.974578,[],[],['21796'],1,0
37.5395,120.0785,0.9390971201261548,1.6130434782608696,,7,7,10.812933999999998,10.812933999999998,['8486'],[],['8486'],1,0
36.9266,124.348,6.904044639150012,1.6727272727272726,,103,97,109.786148,103.682086,[],[],['8327'],1,0
36.6135,123.7452,45.26341053362284,3.1674418604651167,,117,110,113.618086,108.725328,[],[],['8486'],1,0
36.5689,124.2098,44.73928816590317,2.658928571428571,,125,120,154.3165,136.08175,[],[],['8327'],1,0
20.9056,114.0068,6.605575621617825,3.0000000000000004,,105,104,115.293031,114.647648,[],[],['8486'],1,0
19.8956,107.4882,11.449078938627368,2.492,,39,31,99.108695,104.752727,[],[],['8484'],1,0
6.3869,82.4912,3.536862290810797,0.8166666666666668,,83,85,155.25234400000002,157.845531,[],[],['8346'],1,0
20.8915,114.0676,6.0133602372279045,3.0071428571428567,,106,105,116.869336,116.201938,[],[],['8486'],1,0
20.9654,114.0455,3.765247388027408,2.833333333333333,,99,96,110.204539,106.927562,[],[],['8486'],1,0
-43.4742,173.9897,18.042286518274985,4.234615395490366,,70,81,89.027242,98.503133,[],[],['8455'],1,0
33.1387,173.3397,36.93797983023664,1.54040404040404,,952,962,2246.4085,2216.147,[],['63203'],[],1,1
43.0737,36.9057,24.207789073847177,4.845454606142911,,160,172,174.308875,178.693969,[],[],['5697'],1,0
22.083,114.4558,7.256104047340229,3.5,,13,19,0.0,3.031733,[],[],['8486'],1,0
19.9508,107.502,8.293165741741925,2.0555555224418645,,33,27,96.630547,98.214703,[],[],['8484'],1,0
20.8784,113.9844,7.818502060353939,3.221428571428571,,108,106,117.782938,116.773289,[],[],['8486'],1,0
22.0868,114.3214,16.181411523027897,3.2703296703296703,,2,10,0.0,4.121011,[],[],['8486'],1,0
9.6078,106.6624,2.494558155501179,1.9708333333333328,,12,12,81.359438,78.88284399999999,[],[],['8484'],1,0
-5.5615,-136.6469,131.5362343756574,4.307441860465116,,448,512,454.790875,518.156875,[],['63203'],[],1,0
4.7693,100.4487,21.577940493667057,1.05679012345679,,17,6,18.870594,7.835926000000001,[],[],['8483'],1,0
36.9404,123.3415,6.52093933171583,2.733333333333334,,68,74,67.36219500000001,71.341984,[],[],['8486'],1,0
22.0511,114.3134,4.8596754841704985,2.9777777777777774,,1,2,3.491415,4.547972,[],[],['8486'],1,0
15.5599,108.7716,61.596751756214175,2.5935483870967757,,4,18,9.266292,22.264777,[],[],['8484'],1,0
20.1322,107.2976,13.377042356606834,2.4846153846153847,,47,37,67.363523,67.70967200000001,[],[],['8484'],1,0
35.4349,124.2725,5.350091402247268,3.575,,115,118,117.405469,119.919859,[],[],['8327'],1,0
33.2246,123.7427,8.408191634306817,1.936893216151636,,159,154,160.514844,155.545188,[],[],['8327'],1,0
36.673,123.7172,46.77247705033255,2.954347826086956,,112,107,108.856016,105.667844,[],[],['8486'],1,0
-13.9494,-121.3679,102.28555628959786,3.322254330856519,,1190,1270,1492.787375,1564.074125,[],['63203'],[],1,0
10.3659,107.2237,3.0761990305401685,3.0571428571428574,,3,3,10.155102,9.461686,[],[],['8484'],1,0
21.5435,112.6964,6.430731912420296,2.6476190476190475,,9,4,11.468573,6.366526,['8486'],[],['8486'],1,0
40.9727,28.7698,0.5329935956354724,0.55,,2,2,2.753444,2.753444,['5697'],[],['5697'],1,0
33.3267,127.1492,26.15391061746248,2.194339632987976,,28,21,31.609025000000003,22.359801,['8327'],[],['8327'],1,0
38.0598,120.0496,27.526693494108468,4.093258426966291,,42,45,17.826305,22.865449,[],[],['8486'],1,0
10.4566,109.236,2.269169226435728,2.066666666666667,,29,30,160.35834400000002,158.201703,['8484'],[],['8484'],1,0
20.8122,114.0547,13.80054876505566,3.535,,115,114,125.327352,124.886469,[],[],['8486'],1,0
6.2001,82.3197,4.833471585769374,1.0666666666666669,,76,77,133.996484,137.533203,[],[],['8346'],1,0
20.8054,113.9652,7.49359776685226,1.95,,116,112,125.635641,121.373641,[],[],['8486'],1,0
20.1638,107.4618,9.9251466862735,2.444444444444444,,29,26,77.172352,73.144445,[],[],['8484'],1,0
21.3934,111.5343,10.097285878108291,3.715384615384615,,15,11,12.624263,14.769681,[],[],['8486'],1,0
20.7964,112.1595,12.453447732032366,2.1769230769230767,,84,83,79.590242,82.341078,['8486'],[],['8486'],1,0
18.882,108.3164,25.154219115838305,4.005882352941177,,35,31,44.499797,26.696928,[],[],['8486'],1,0
19.9535,107.4823,7.891607039217379,2.0357142857142856,,34,28,94.447812,97.680125,[],[],['8484'],1,0
22.0109,113.8782,5.206735505776803,3.4545454545454546,,3,2,3.032922,1.111949,[],[],['8486'],1,0
19.6347,107.6019,16.108639236159465,3.1281249999999994,,58,52,115.951758,114.24175,[],[],['8486'],1,0
34.8913,121.4559,25.730190697512743,3.06896551724138,,116,126,97.483,104.317898,[],[],['8486'],1,0
29.5479,124.9632,13.45499171078259,2.4384615384615387,,221,219,207.208234,207.548719,[],[],['8486'],1,0
-23.3696,-9.1633,107.574064197222,4.363085941891771,,909,843,923.45825,857.066,[],['63203'],[],1,0
19.6889,107.6895,8.49936533871272,2.7400000000000007,,50,49,111.336648,107.678219,[],[],['8486'],1,0
44.19,-124.4749,2.6293172616502187,2.033333347903357,,29,28,58.935277,56.71293,[],[],['8456'],1,0
11.1099,108.7536,2.1915414805755944,1.4526315789473685,,8,9,97.067352,96.583008,[],[],['8484'],1,0
19.9998,108.5296,5.061853861220156,1.4249999999999998,,66,69,46.849184,47.893617,[],[],['8486'],1,0
5.4873,5.0353,10.073207162624117,2.2428571428571424,,17,14,2.477357,3.137863,['8474'],[],['8474'],1,0
34.8865,121.2572,27.13966382957568,3.465217391304348,,103,115,90.026008,93.33293,[],[],['8486'],1,0
22.913,116.2202,5.827129449132992,3.7,,2,2,10.763513,8.435878,[],[],['8486'],1,0
15.4973,108.8174,40.52117888933866,2.683132530120481,,5,15,5.5597460000000005,15.82073,[],[],['8484'],1,0
36.1517,120.2934,17.8938007060645,2.4990825688073395,,3,2,3.4545250000000003,2.858107,[],[],['8486'],1,0
-45.1954,-60.3629,27.225061701484535,3.98691587637518,,377,378,411.890125,431.125375,[],['63203'],[],1,1
19.8795,107.4765,8.082480773895783,1.93,,41,35,98.805844,103.791102,[],[],['8484'],1,0
51.6852,-10.2041,23.742428525908903,2.355555555555556,,2,3,11.140819,10.621344,[],[],['5681'],1,0
53.8266,-6.0765,58.55458549798694,3.25687499754131,,15,9,10.75259,12.327848,['5681'],[],['5681'],1,0
-5.3054,-17.2892,67.07966378810082,5.371428571428572,,454,414,454.343281,415.318844,[],['63203'],[],1,0
20.7698,108.6033,2.4604209089410047,0.7764705980525297,,59,57,16.634965,14.555595,[],[],['8486'],1,0
20.9207,114.1839,3.5512528050495256,3.0333333333333337,,104,105,114.775633,115.482859,[],[],['8486'],1,0
34.6363,127.9034,15.347406032937077,2.6769230783176727,,9,9,1.111949,0.0,[],[],['8327'],1,0
10.3249,107.231,11.93502349528264,3.671428571428572,,8,5,14.149757,14.962719,[],[],['8484'],1,0
37.5178,126.5989,2.056539364665477,1.99375,,1,1,0.0,0.881932,[],[],['8327'],1,0
34.9735,123.3906,29.943310923787298,8.488888888888889,,181,156,181.841719,157.008562,[],[],['8327'],1,0
34.8446,124.0835,20.671291989022208,4.85,,101,103,101.753461,104.207844,[],[],['8327'],1,0
34.6014,122.5054,17.764508738486438,8.649999999999999,,196,207,175.416672,188.595219,[],[],['8486'],1,0
12.5666,109.5124,12.722119198964329,2.9333333333333336,,10,7,25.18998,30.345436000000003,['8484'],[],['8484'],1,0
26.3628,120.0303,11.595184022429592,2.903125,,6,8,4.479144,5.103193,[],[],['8486'],1,0
3.2621,100.9676,61.509916690421456,2.13918918918919,,41,10,37.573664,10.99762,[],[],['8483'],1,0
24.6336,160.1075,2.679819037089512,3.076190476190476,,620,623,1809.2445,1812.204625,[],['63203'],[],1,1
34.6653,-6.8946,128.12677255818514,3.287719299918728,,31,41,40.461844,64.263305,[],[],['8367'],1,0
3.9299,-179.8012,143.48920647357397,4.54,,481,507,829.136188,888.502062,[],['63203'],[],1,0
15.315,109.0695,19.284905495416545,1.83963133640553,,15,4,37.20084,30.347297,[],[],['8484'],1,0
22.8127,120.0177,0.9305817909761044,0.5222222222222223,,17,17,16.733896,16.547549,[],[],['8321'],1,0
30.4322,126.3386,9.5481422402417,3.188888888888888,,261,254,306.691656,304.792625,[],[],['21796'],1,0
23.5313,117.316,9.4431078551969,2.861224489795918,,6,2,3.254664,1.50839,[],[],['8486'],1,0
22.193,115.7095,54.819260253230105,2.9642857142857126,,56,48,54.572727,46.94384,[],[],['8486'],1,0
-21.9082,161.2931,0.8409897629525364,0.9696629241192616,,318,317,340.260688,338.891375,[],[],['8312'],1,0
10.8101,103.455,15.642384115267149,2.959090909090909,,8,11,16.272097,8.962404000000001,[],[],['8331'],1,0
70.2889,39.9047,49.61047356429371,6.390322589105176,,189,198,245.581703,241.801234,[],[],['5690'],1,0
21.6264,114.9488,5.653044234950638,3.8,,80,84,66.574742,69.70854700000001,[],[],['8486'],1,0
34.8804,121.1833,13.3294650870191,3.2818181818181817,,99,111,87.58866400000001,95.421031,[],[],['8486'],1,0
22.0758,114.2957,13.287887967067329,3.333333333333333,,2,4,1.111949,3.807869,[],[],['8486'],1,0
35.1535,123.0657,22.56896433118766,4.813793103448276,,198,183,198.258891,177.697812,[],[],"['8486', '8327']",1,0
19.7804,107.1612,9.493568986420495,2.13,,72,68,99.693109,93.631273,[],[],['8484'],1,0
-2.9321,83.6246,2.288519073986361,0.6849999999999999,,1039,1039,1045.562625,1045.088375,[],['63203'],[],1,0
19.9801,108.8406,12.578504426956908,1.52,,39,39,19.048363,23.759592,[],[],['8486'],1,0
-16.1811,-133.4155,4.099175678788282,0.9708333333333332,,402,406,783.193062,785.989125,[],['63203'],[],1,0
21.1424,108.9636,16.03028408115363,3.14,,16,16,11.289181,13.874468,['8486'],[],['8486'],1,0
22.5017,113.7424,33.53632657550158,3.394146341463415,,7,7,1.513942,0.0,[],[],['8486'],1,0
35.4706,121.8622,62.46436885159218,3.0355421686746995,,107,98,90.009742,84.756688,[],[],['8486'],1,0
22.1418,114.1788,5.653006521300662,3.8428571428571434,,5,5,2.223899,3.031237,[],[],['8486'],1,0
35.7509,129.5189,13.74148773381425,2.1825000103563066,,3,4,8.895595,5.84512,['8327'],[],['8327'],1,0
21.0444,111.4701,3.953909012079301,3.5636363636363635,,48,47,35.027184,34.138691,[],[],['8486'],1,0
35.4314,121.9005,50.32023543527382,3.673469387755103,,109,98,92.867555,83.83828100000001,[],[],['8486'],1,0
24.5821,119.0213,22.48157544104831,3.7609374962747095,,30,32,19.010918,14.66148,['8486'],[],['8486'],1,0
-5.1311,-164.0607,37.38930721296899,7.256338038075135,,618,646,892.714375,927.554688,[],['63203'],[],1,0
61.7871,-178.6345,2.8948817711584054,3.282608695652174,,129,129,172.963922,171.75960899999998,[],[],['5690'],1,0
34.3051,128.4177,15.069315488391744,3.088636365803806,,29,23,35.704184,33.966047,['8327'],[],['8327'],1,0
59.0929,144.4508,2.013548120766373,1.5208333308498063,,32,32,76.15107,77.761758,[],[],['5690'],1,0
10.1713,107.0835,19.973772035576765,2.3959999999999995,,19,12,8.962663000000001,5.583294,[],[],['8484'],1,0
28.9356,-89.3429,13.94421380126173,2.8630136986301373,,5,5,1.111949,5.941029,['8456'],[],['8456'],1,0
31.1216,127.0702,16.569883117053504,6.384848484848485,,157,146,228.638547,218.392938,[],[],['21796'],1,0
33.1751,126.0722,29.97499849306396,2.5701639374992893,,20,11,22.420639,12.298454,['8327'],[],['8327'],1,0
36.8868,124.3299,9.47893654191076,2.338461538461538,,109,100,115.623648,106.613,[],[],['8327'],1,0
19.978,107.586,9.858140157313482,2.213333333333334,,24,19,99.468828,99.985945,['8484'],[],['8484'],1,0
14.8443,109.5087,10.372395172297791,2.28,,48,50,101.296375,95.660531,[],[],['8484'],1,0
20.9523,113.4702,232.8632741549997,3.550099800399201,,76,95,77.83644500000001,105.075641,[],[],['8486'],1,0
31.9567,126.8704,13.82751939476404,2.978125,,140,135,148.874312,136.197594,[],[],['21796'],1,0
34.8928,121.1315,63.19414510656865,3.393333333333333,,84,116,75.67609399999999,95.404617,[],[],['8486'],1,0
8.4897,107.0487,3.236101746474108,1.4208333333333336,,41,40,195.703062,193.479172,[],[],['8484'],1,0
8.9141,107.2932,3.693833775919911,3.5,,64,66,148.746234,148.023109,['8484'],[],['8484'],1,0
17.3783,109.1763,0.7642593931264429,0.5222222222222223,,95,95,95.878133,95.878133,[],[],['8486'],1,0
21.9531,115.8502,7.902195992164603,3.6352941176470592,,83,84,81.97560899999999,83.088391,[],[],['8486'],1,0
33.6517,123.4992,19.46400058007528,9.94285707473755,,163,148,166.23459400000002,151.88532800000002,[],[],['8327'],1,0
10.2882,107.1708,16.165277642935983,3.198701298701299,,8,6,9.367315,11.05445,[],[],['8484'],1,0
21.9858,113.7421,25.86018385751194,2.975862068965517,,0,2,0.0,3.032526,[],[],['8486'],1,0
22.6019,113.6618,10.71721996733134,1.7666666666666662,,8,9,2.335096,1.026414,[],[],['8486'],1,0
19.5293,107.7536,2.5002813016577887,0.8529411764705883,,66,65,95.524656,95.142516,[],[],['8486'],1,0
-20.2101,-124.3142,143.36638068463148,4.3969696969696965,,474,517,779.393312,823.583438,[],['63203'],[],1,0
15.5163,108.7695,3.318874851816905,2.92,,8,10,10.511308,12.278298,[],[],['8484'],1,0
19.9675,107.5517,7.461002302269906,2.055555555555556,,27,22,98.750039,99.699797,['8484'],[],['8484'],1,0
33.5143,123.1528,58.14725582695657,3.70952380952381,,193,178,164.824984,181.873859,[],[],['8486'],1,0
30.5912,122.1186,0.6801350871172918,0.5944444444444444,,1,1,0.9572,1.111949,[],[],['8486'],1,0
20.2054,110.3194,26.286677828824363,2.8432000000000004,,6,6,6.380438,7.783645000000001,[],[],['8486'],1,0
-18.8686,37.6747,54.96989967929108,4.237096771297436,,127,105,155.538906,125.614141,[],[],['8347'],1,0
15.6279,108.8831,78.05805663737753,2.721513944223108,,8,42,9.150186,46.605758,['8484'],[],['8484'],1,0
11.1067,108.6663,22.955726840447877,3.501818181818183,,9,5,109.407742,94.607125,[],[],['8484'],1,0
24.5996,119.0443,27.002281365033006,3.844444453114212,,25,32,20.23082,17.327893,['8486'],[],['8486'],1,0
9.7319,74.8051,8.795451848818878,2.2740740740740737,,132,134,139.528734,135.495438,[],[],['8480'],1,0
34.8988,121.1721,6.250627407417374,2.4375,,102,108,90.464617,93.106719,[],[],['8486'],1,0
19.6201,107.715,9.52718163880074,2.522222222222222,,58,54,106.292859,101.907078,[],[],['8486'],1,0
-36.7075,21.4778,37.261950082898565,3.783977897621649,,245,249,246.363031,250.824766,[],[],['8396'],1,0
22.3026,113.8134,9.96339253593064,3.765753416982416,,5,6,0.0,2.057278,[],[],['8486'],1,0
33.0586,126.1308,35.49606140250766,2.9074999997764817,,24,12,26.107621,15.186407,['8327'],[],['8327'],1,0
10.2668,107.223,12.324936114121954,3.910714285714286,,14,10,16.413048999999997,16.582048999999998,[],[],['8484'],1,0
3.9943,99.0415,36.62101748639589,4.005000000000001,,20,46,21.079109,37.223422,['8492'],[],['8492'],1,0
33.5639,123.4562,40.71882007203996,3.004854368932039,,166,157,169.44351600000002,160.503328,[],[],['8327'],1,0
22.9873,119.9633,3.7875674283509215,2.438888888888889,,11,9,19.481459,18.458189,[],[],['8321'],1,0
31.6624,127.0175,3.192552615507352,2.7807692307692307,,131,130,180.452797,179.608688,[],[],['21796'],1,0
34.8986,121.074,45.836711181048514,3.4571428571428577,,82,109,75.020594,89.88258599999999,[],[],['8486'],1,0
59.7568,156.8525,6.848757585020473,3.7428571411541527,,83,87,112.881719,119.417617,[],[],['5690'],1,0
35.0344,129.2427,23.94043865744952,3.0719626264594417,,14,13,12.799588,13.524186,['8327'],[],['8327'],1,0
21.624,112.2673,8.277958348831081,3.4805555555555543,,8,7,8.330562,9.342338,[],[],['8486'],1,0
35.5254,129.9204,11.260580235334029,1.5246575342465754,,41,47,34.935508,40.55293,[],[],['8327'],1,0
-43.8607,174.205,48.046176602287616,4.363291139240506,,86,93,99.937492,109.902703,[],[],['8455'],1,0
22.2296,120.5822,17.94516703302915,3.176923076923077,,10,2,23.49575,24.584662,[],[],['8321'],1,0
22.0154,114.9533,33.97011098938219,3.748484848484849,,58,59,46.972414,50.878504,['8486'],[],['8486'],1,0
-13.5781,-118.6052,3.145003371586352,1.6777777539359209,,1388,1388,1753.904125,1754.62125,[],['63203'],[],1,0
34.8015,127.5341,25.259773724186445,4.433962264150944,,1,1,13.301717,12.673247,[],[],['8327'],1,0
22.2019,115.6691,24.605141807606955,2.686363636363637,,53,51,51.242535,49.86307,[],[],['8486'],1,0
35.7129,121.4987,28.40545911941621,3.194029850746269,,52,68,40.647434,56.877551,[],[],['8486'],1,0
19.6338,109.0482,0.7699676998225523,1.5799999999999998,,3,3,4.742759,4.742759,['8486'],[],['8486'],1,0
51.7889,155.7952,10.321518717386173,2.5106060491366806,,50,44,56.890531,52.476363,[],[],['5690'],1,0
-24.6155,-42.6236,41.280625528709606,1.8193277310924372,,184,176,18.325148,7.801683,[],[],['8464'],1,0
35.3275,121.6166,79.07958606295472,3.4194444444444447,,97,87,77.467031,70.553586,[],[],['8486'],1,0
34.5438,127.8172,7.80959254413697,2.1123809537007694,,2,5,2.881522,7.070547,[],[],['8327'],1,0
5.2089,5.2205,6.928737497214486,2.9727272727272727,,13,15,7.006741,7.10855,['8474'],[],['8474'],1,0
34.9001,121.1318,49.085276490676485,3.165853658536585,,85,112,76.05082,91.006672,[],[],['8486'],1,0
20.7503,112.2949,11.687359423705534,2.451515151515152,,90,89,90.662977,89.397211,[],[],['8486'],1,0
19.2184,-16.9306,13.93560478319593,2.878571428571428,,52,40,162.807984,162.559859,[],[],['8369'],1,0
21.9995,119.0868,6.561997580577993,5.118181818181818,,137,132,134.957031,129.361055,[],[],['8321'],1,0
20.2486,107.5249,10.871975771684948,2.177777806917826,,24,26,73.39868799999999,69.176102,['8484'],[],['8484'],1,0
36.6254,123.72,48.31614441360974,2.9666666666666672,,115,108,111.080586,107.120188,[],[],['8486'],1,0
4.9599,100.0786,3.5086589643433848,1.6428571598870412,,35,32,42.212598,39.121336,[],[],['8483'],1,0
-2.6762,-22.9259,3.717282525851252,0.4605263157894737,,1061,1056,1061.247875,1056.979875,[],['63203'],[],1,1
19.5221,112.7751,12.531264194730742,3.8375,,164,169,201.293172,207.481594,[],[],['8486'],1,0
5.9756,81.9999,16.18841218189447,1.910256407963924,,66,63,98.264266,103.316344,[],[],['8346'],1,0
30.484,125.3719,1.6590652100881933,1.5951923076923078,,234,234,214.142156,213.995562,[],[],['8486'],1,0
38.2656,122.07,12.254836230137606,5.715999999999999,,70,71,64.703773,64.381266,[],[],['8486'],1,0
-4.5967,108.0403,3.094348642603232,1.3545454545454545,,149,147,143.787203,146.173688,[],[],['8492'],1,0
14.7838,109.241,1.904312624267808,0.4833333333333334,,19,20,83.572188,82.656672,['8484'],[],['8484'],1,0
-24.5129,154.0053,9.279066818605486,3.430434782608695,,77,80,92.138703,96.223422,[],[],['8323'],1,0
52.825,3.3262,33.81119755351757,5.434246629068297,,93,89,44.277434,54.877895,[],[],['5668'],1,0
20.8775,114.1245,8.272857144395806,3.666666666666667,,107,109,118.320344,119.330414,[],[],['8486'],1,0
35.2396,140.4106,14.59905744531252,2.2705426356589125,,2,2,11.290844,15.795349,['8487'],[],['8487'],1,0
22.9033,119.971,0.9922965017087938,1.1,,18,17,20.973086,20.465236,[],[],['8321'],1,0
20.0411,107.4319,4.364521726386624,0.9285714285714286,,34,30,84.258242,85.36290600000001,[],[],['8484'],1,0
4.7766,100.4307,33.55676020339543,1.4837004405286338,,20,9,22.19,12.974894,[],[],['8483'],1,0
11.0753,108.6726,9.522613476455485,5.192307692307692,,12,10,105.663555,103.076391,[],[],['8484'],1,0
34.4381,128.0853,0.5779408853271607,0.3123076961590693,,16,16,1.111949,1.441285,[],[],['8327'],1,0
40.972,1.4016,1.3124431840265265,0.984000011831522,,19,17,14.195681,13.434383,['5693'],[],['5693'],1,0
10.232,107.0232,22.576168702621253,2.2313432835820888,,12,11,0.0,0.0,[],[],['8484'],1,0
20.8746,114.079,8.65203385458727,3.5000000000000004,,108,108,119.091109,118.632398,[],[],['8486'],1,0
35.3189,140.4279,17.86783096469157,2.0947867298578187,,1,3,19.443061,23.771949,['8487'],[],['8487'],1,0
24.7836,121.8555,37.25540347870703,3.0391304347826105,,2,3,11.301704,3.0264960000000003,[],[],['8321'],1,0
-9.4488,-176.1022,139.9862175522666,5.158904109589039,,387,374,401.533406,460.398656,[],['63203'],[],1,0
21.8203,114.7301,35.04937791457835,2.486516853932584,,47,55,33.368637,40.061605,[],[],['8486'],1,0
37.2719,126.3862,3.155198338567887,2.7555555555555555,,2,3,3.776066,2.3933910000000003,[],[],['8327'],1,0
22.9963,119.9599,8.396133993899527,2.855555555555556,,12,8,20.503539,18.722869,[],[],['8321'],1,0
33.3659,127.1967,24.77923878198313,2.5977777785725062,,30,24,32.081658,26.923754,['8327'],[],['8327'],1,0
24.8629,119.3062,16.201854826614277,4.084615384615385,,24,18,22.531922,22.562848,['8486'],[],['8486'],1,0
-5.7648,-166.7971,148.30970360565885,6.4670886075949365,,448,527,936.521688,913.240562,[],['63203'],[],1,0
35.1735,174.8887,125.58762430329584,4.338957809041219,,964,1016,2031.25,1918.764,[],['63203'],[],1,0
21.3641,112.8462,21.06717029661765,2.737499999999999,,28,26,32.263131,25.825266,['8486'],[],['8486'],1,0
6.4589,82.5083,1.7509205479891468,0.61,,82,84,159.287109,161.435297,[],[],['8346'],1,0
38.2672,122.0982,2.5531162727973467,4.275000055631002,,70,71,63.974805,64.381266,[],[],['8486'],1,0
13.3149,84.6002,5.849635351356283,0.8775,,436,438,439.203344,441.1075,[],['63203'],[],1,1
12.4745,109.4605,11.146395644571582,2.45,,11,4,20.318734,20.315102,['8484'],[],['8484'],1,0
22.5587,116.7205,11.823787829338713,3.775,,47,50,46.964516,48.881867,[],[],['8486'],1,0
31.9565,126.8705,11.255950928096915,3.08,,140,138,149.954703,139.415734,[],[],['21796'],1,0
50.9573,-11.3513,23.527238871494077,2.8181818290190264,,101,105,119.809125,121.420672,[],[],['5681'],1,0
21.8697,114.7661,41.6333735845984,2.498795180722892,,46,58,31.971381,43.040281,[],[],['8486'],1,0
42.4861,-68.0553,13.354041705052095,3.1499999999999995,,167,161,177.674547,170.832766,[],[],['8456'],1,0
29.4511,-92.5937,13.091276008706842,3.1875000298023224,,17,11,10.710408,6.698967,['8456'],[],['8456'],1,0
34.7534,128.1898,3.992178585329656,3.913333333333333,,4,4,11.461723,13.804486,[],[],['8327'],1,0
22.5943,120.0875,6.76201957912327,0.8340425531914895,,17,16,12.519646,12.317859,[],[],['8321'],1,0
30.241,-88.1882,2.2734862423393425,2.816666666666667,,2,2,10.624837,10.624837,['8456'],[],['8456'],1,0
12.5039,109.4971,15.562972354211624,2.833333333333333,,13,8,23.22985,27.329123,['8484'],[],['8484'],1,0
23.55,117.3615,6.915426863355729,1.504761904761905,,3,3,1.111949,1.508443,[],[],['8486'],1,0
23.1524,116.7294,20.09558116842677,4.827472527472526,,10,4,8.792704,0.0,[],[],['8486'],1,0
34.8737,121.3016,58.47624495829466,3.438028169014084,,96,126,84.151219,104.496258,[],[],['8486'],1,0
10.3153,107.1889,2.101570598646008,3.527272727272728,,8,7,11.94932,11.967521,[],[],['8484'],1,0
10.1951,107.1679,20.544007730516423,1.535051546391752,,17,17,10.806808,13.548962,[],[],['8484'],1,0
34.5437,122.0096,19.21355897861394,3.5846153846153848,,157,163,136.946812,142.47304699999998,[],[],['8486'],1,0
35.462,129.6365,27.51863653179291,3.4686956521739125,,16,21,11.828749,18.419816,['8327'],[],['8327'],1,0
16.7048,108.8439,12.073753410158842,1.475,,77,86,83.172398,93.275375,[],[],['8484'],1,0
33.9291,122.5774,0.731258614622254,1.67,,186,187,153.607328,154.42857800000002,[],[],['8486'],1,0
48.9304,-2.0229,17.281854636578565,3.080512825113076,,15,14,15.280981,14.659776,['21789'],[],['21789'],1,0
4.0862,5.8746,75.72412223693881,2.431730769230768,,30,24,30.196184,36.274598,[],[],['8474'],1,0
38.3428,122.4784,20.49483623622853,2.4152466346463792,,80,74,68.52654700000001,69.49825,[],[],['8486'],1,0
45.201,-3.0437,6.222303271256164,1.5723076868515746,,146,145,130.810227,127.80718,[],[],['5677'],1,0
34.8997,121.1969,16.455435399621898,4.225000000000001,,101,114,88.730047,94.454922,[],[],['8486'],1,0
31.1646,123.8938,40.66373208950979,3.1283950617283955,,106,126,76.306141,102.194438,[],[],['8486'],1,0
34.9037,121.1271,50.49594290128718,3.923684210526316,,86,113,77.641812,92.806562,[],[],['8486'],1,0
52.5272,155.7902,11.76840758275566,1.594308950552126,,36,31,15.274581,9.515248,[],[],['5690'],1,0
19.1137,63.4425,2.7011763984806803,0.3,,494,497,571.571312,573.0625,[],['63203'],[],1,1
21.2003,114.0266,127.19921432247811,2.902424242424241,,97,66,104.129648,76.442164,[],[],['8486'],1,0
20.8733,114.0844,9.23289917617298,3.493333333333333,,108,108,119.091109,118.754281,[],[],['8486'],1,0
21.0938,112.2722,7.355986268817161,5.833333333333333,,54,48,54.181734,48.327344,['8486'],[],['8486'],1,0
36.9232,124.3288,7.293966697532491,1.4615384615384617,,105,97,111.394336,104.222727,[],[],['8327'],1,0
24.8079,121.8562,36.42476285851788,3.161386138613861,,2,3,11.301704,3.0264960000000003,[],[],['8321'],1,0
10.2811,107.0039,29.346379976157543,2.949999999999999,,12,8,2.188268,1.111949,[],[],['8484'],1,0
38.0686,120.0416,47.72483700399325,4.136697247706422,,41,46,18.068594,23.864992,[],[],['8486'],1,0
11.0831,108.5768,6.91107862050884,5.035714285714287,,10,7,112.778797,106.676484,[],[],['8484'],1,0
33.2127,123.8429,11.812785391740192,2.680851079808906,,152,147,153.732375,148.779688,[],[],['8327'],1,0
51.8515,155.8038,6.648210759604543,1.6147541034905637,,51,44,62.003008,56.800359,[],[],['5690'],1,0
20.5527,-17.2804,9.13113043084106,3.6288135294186863,,34,35,33.441695,35.029148,[],[],['8369'],1,0
-19.8856,-110.8602,117.35132322562532,4.066222222222217,,784,827,791.241188,833.942125,[],['63203'],[],1,1
15.6205,-16.8206,104.03199611542423,2.9382222222222207,,14,18,101.435109,122.496539,['8371'],[],['8371'],1,0
20.0429,-17.4164,9.9231068282492,3.315662643277501,,92,85,90.878422,82.904,[],[],['8369'],1,0
20.2144,108.5807,36.5435842835968,2.794285714285714,,75,77,55.131145,58.553672,[],[],['8486'],1,0
34.9612,128.9337,5.02942480163378,3.142307703770124,,10,8,6.195341999999999,5.6459660000000005,[],[],['8327'],1,0
18.7618,105.8234,4.247081406021909,2.3840000000000003,,3,6,13.782122,15.223897999999998,['8484'],[],['8484'],1,0
19.9443,-17.3405,246.24262484972425,3.607046975701447,,65,92,97.260672,94.279586,[],[],['8369'],1,0
32.5743,123.6646,2.2464892448171403,2.575,,187,189,167.430812,168.88471900000002,[],[],['8486'],1,0
20.8769,114.1083,8.089478160712172,3.193333333333333,,108,108,119.266461,119.024688,[],[],['8486'],1,0
51.2505,156.5154,8.717968598774217,2.047457628204661,,7,2,26.695814,24.940824,['5690'],[],['5690'],1,0
33.651,123.4897,32.35573245951187,9.886666666666663,,174,148,177.504562,151.88532800000002,[],[],"['8486', '8327']",1,0
-35.7214,150.6001,22.3219410157298,4.250909090909091,,25,25,28.017068,34.159973,[],[],['8323'],1,0
20.0733,107.4184,4.9417385936380125,1.2000000000000002,,34,30,81.04173399999999,80.989977,[],[],['8484'],1,0
17.0809,108.9891,14.803508086844964,2.428125,,121,128,126.530922,128.752578,[],[],"['8486', '8484']",1,0
20.0661,107.3816,2.950380974168876,1.0375,,37,35,79.02463300000001,79.517414,[],[],['8484'],1,0
11.7791,109.2485,11.195541610697736,2.2454545454545456,,1,3,15.365054,15.603062,[],[],['8484'],1,0
26.2761,120.0891,13.496610371350402,2.7947368421052627,,8,10,12.426034,12.832255,[],[],['8486'],1,0
19.9913,107.2738,7.820031871126474,1.526315789473684,,52,46,81.933656,78.30650800000001,[],[],['8484'],1,0
34.4559,123.202,33.205487770395926,4.054545454545455,,182,177,187.319562,178.781047,[],[],['8327'],1,0
-22.5433,165.3071,54.37643624729503,2.431554161246103,,110,75,112.061406,78.80655499999999,[],[],['8312'],1,0
20.2134,107.4053,8.796093898922644,2.2545454545454544,,37,33,66.316062,67.65146899999999,[],[],['8484'],1,0
34.3627,123.2608,3.9247809253206833,3.1,,170,171,175.181156,175.81682800000002,[],[],['8327'],1,0
21.3668,112.8807,93.2587996165471,4.521019108280256,,29,26,31.561613,26.539795,['8486'],[],['8486'],1,0
34.8856,124.0622,75.35539852626441,3.441530054644807,,104,119,105.166633,119.55975,[],[],['8327'],1,0
61.8481,-178.8686,4.857641433719856,3.6771428823471055,,114,115,160.750953,159.68325,[],[],['5690'],1,0
10.3618,107.152,18.24648045541113,2.712765957446809,,2,0,5.5272250000000005,5.90316,[],[],['8484'],1,0
-17.6178,-124.6122,121.10235307301456,4.321951219512197,,740,812,960.536,1045.017438,[],['63203'],[],1,0
27.0142,49.6775,2.4529077271254778,0.7631901840490797,,2,2,1.111949,0.0,[],[],['8356'],1,0
34.8954,121.1907,32.0840647004572,3.5333333333333337,,99,113,87.58866400000001,94.915414,[],[],['8486'],1,0
33.3553,127.1896,29.43569509010813,2.5755102245175108,,29,23,32.148727,25.996959,['8327'],[],['8327'],1,0
33.3535,127.1792,24.81954719668812,2.228260880417149,,28,21,30.708432,24.116553,['8327'],[],['8327'],1,0
34.2787,123.8355,10.382656205192331,2.9875,,116,117,121.304039,122.396922,[],[],['8327'],1,0
16.9585,66.0262,4.783384590539095,0.7390243902439025,,630,626,558.465,555.30325,[],['63203'],[],1,1
36.927,124.3432,6.824909572423025,1.7428571428571429,,103,97,109.786148,103.682086,[],[],['8327'],1,0
5.8194,81.1873,29.58690270031776,2.242528735632184,,37,22,37.502086000000006,23.74817,['8346'],[],['8346'],1,0
-8.1143,-150.559,16.349203616388177,6.300000000000001,,202,201,807.0078120000001,804.40925,[],[],['8441'],1,0
-24.5147,154.0064,10.887844882532772,3.124489795918368,,77,81,91.563898,97.072945,[],[],['8323'],1,0
10.2552,107.2155,9.041621482237383,2.8533333333333326,,15,10,15.31933,16.582048999999998,[],[],['8484'],1,0
33.0304,124.013,9.180014947782976,3.5781250000000004,,155,151,156.023219,151.672438,[],[],['8327'],1,0
19.8391,107.2144,2.396668168297184,0.3,,63,61,92.936984,91.252812,[],[],['8484'],1,0
29.5601,-93.9518,4.744044494474574,2.8617647058823525,,14,14,17.740153999999997,14.230905,['8456'],[],['8456'],1,0
33.1903,123.5615,47.90384833318079,5.222058823529411,,191,164,172.960688,166.455094,[],[],"['8486', '8327']",1,0
34.8778,121.0984,7.430706640104244,3.662500000000001,,96,102,84.4845,90.464617,[],[],['8486'],1,0
21.0383,111.474,11.709712105656129,4.75,,50,48,38.160059,35.602668,[],[],['8486'],1,0
-34.7284,24.6594,26.59114128995666,3.3922705215532423,,65,57,71.2355,59.111395,[],[],['8396'],1,0
4.2192,6.4469,9.469997069995877,2.25,,12,10,20.480686,25.922643,['8474'],[],['8474'],1,0
43.9038,-59.5427,2.743606086512925,3.211111121707493,,18,19,196.532375,197.014062,['8493'],[],['8493'],1,0
35.3895,121.6472,21.435083689646834,3.755555555555556,,100,87,80.744906,70.066445,[],[],['8486'],1,0
22.149,117.4167,15.190567608834009,3.666666646798451,,130,130,117.30768,102.386602,[],[],['8486'],1,0
10.1596,107.1001,15.017301542918116,2.912162159423572,,20,13,10.532371,7.740313,[],[],['8484'],1,0
35.6969,121.4887,22.434396926645626,3.103,,53,66,40.695578000000005,55.154461000000005,[],[],['8486'],1,0
34.8907,121.2059,36.564065358240704,3.255172413793104,,98,116,86.71820299999999,95.080445,[],[],['8486'],1,0
51.2336,-19.8082,51.04448736480109,5.086666667461395,,665,627,685.8175620000001,647.4343120000001,[],['63203'],[],1,0
35.3559,123.1798,1.335408816073265,1.022058823529412,,177,176,170.305844,169.273922,[],[],['8486'],1,0
35.122,123.0771,17.074254752235817,2.9939393939393937,,197,189,195.530078,184.3315,[],[],['8486'],1,0
35.0422,123.1548,29.047614732752344,3.211764705882352,,189,191,190.439609,189.486531,[],[],"['8327', '8486']",1,0
-17.9121,67.4545,34.28997102048434,4.890909090909091,,451,480,458.070438,486.766531,[],['63203'],[],1,1
-19.6362,67.9625,69.42562452595655,5.674074074074075,,447,481,454.36725,487.979406,[],['63203'],[],1,1
6.2448,82.2703,8.921768186061886,1.217948720241204,,70,67,128.549484,131.650172,[],[],['8346'],1,0
12.53,109.5195,17.099164706418698,3.145454545454545,,15,8,26.269381000000003,29.267795,['8484'],[],['8484'],1,0
9.3749,-39.4425,42.838506325884616,4.171999994277954,,1335,1320,1379.013375,1378.0625,[],['63203'],[],1,0
59.0426,145.4101,27.952326190182816,3.106578949250673,,43,23,133.729578,130.555508,[],[],['5690'],1,0
17.8912,177.335,118.980919236669,4.566475644152623,,930,984,1320.351125,1391.2325,[],['63203'],[],1,1
20.896,112.3851,22.33939699992846,2.6899999999999986,,75,76,75.474531,75.95975,[],[],['8486'],1,0
-15.5393,-118.3987,37.29763808397925,2.4644970296049964,,1193,1217,1575.32075,1593.418125,[],['63203'],[],1,0
-30.9486,159.5932,11.638275556386512,5.9,,73,85,76.580562,87.785992,[],[],['8323'],1,0
31.3091,124.714,3.455479998499349,1.27,,190,193,160.71871900000002,163.349469,[],[],['8486'],1,0
-5.7301,-166.465,49.27407053998314,3.830681818181819,,503,526,920.235375,913.0825,[],['63203'],[],1,1
8.6799,107.1286,4.713637030735366,5.170370370370369,,41,45,173.55075,172.634578,['8484'],[],['8484'],1,0
29.4998,-93.999,52.3990039082472,2.75702005730659,,19,16,20.258121,9.527721,['8456'],[],['8456'],1,0
38.943,118.7102,14.719915395487046,2.8012345679012336,,10,6,0.0,1.111949,['8486'],[],['8486'],1,0
22.4032,120.3739,20.040011996050325,2.7727272727272725,,5,4,2.449991,5.5597460000000005,[],[],['8321'],1,0
33.6732,123.3178,46.09964374509767,3.258088235294117,,174,164,177.745312,168.091484,[],[],"['8486', '8327']",1,0
34.696,127.8225,12.856502835718144,1.9542288554470928,,2,3,2.223899,2.139847,[],[],['8327'],1,0
10.2357,107.2433,6.6409995960902375,3.13,,18,14,18.636125,21.884066,[],[],['8484'],1,0
51.1425,-8.5419,43.18883406488932,1.907142857355731,,54,43,60.652492,46.115715,[],[],['5681'],1,0
31.1055,122.4984,7.089806168854976,2.731578947368421,,30,33,9.588453,5.285187,[],[],['8486'],1,0
20.9434,114.0603,9.659716172334749,3.8333333333333335,,102,99,112.426047,109.368367,[],[],['8486'],1,0
31.0983,122.4945,8.732259182189729,3.165476190476192,,29,33,8.895595,5.285187,[],[],['8486'],1,0
20.3694,111.824,63.29422609565073,2.8057377049180325,,54,90,104.18918,110.785875,['8486'],[],['8486'],1,0
21.9019,114.873,9.843128936085677,5.066666666666666,,63,59,47.719812,44.712027,[],[],['8486'],1,0
22.2026,113.0878,0.6503206836765851,0.4285714285714286,,1,1,0.0,0.0,[],[],['8486'],1,0
21.6154,115.625,15.226276633483945,5.952173913043477,,121,108,120.130281,107.064516,[],[],['8486'],1,0
38.3523,122.5441,3.5698083240311704,0.7467289713359324,,76,73,70.78842999999999,70.5545,[],[],['8486'],1,0
23.0162,119.9814,2.41903394105264,1.8944444444444448,,7,6,17.541967,16.71257,[],[],['8321'],1,0
10.3781,107.2612,10.396235532992142,2.923076923076923,,2,2,10.366588,15.670471,[],[],['8484'],1,0
35.5399,119.9568,13.323236948920014,1.9722891566265064,,16,8,2.935058,7.767569000000001,[],[],['8486'],1,0
17.0751,66.162,0.9388806717585816,0.6142857142857143,,609,608,539.503312,539.128875,[],['63203'],[],1,1
36.6686,123.7207,18.076901713796417,4.392857142857143,,110,111,107.642039,109.332297,[],[],['8486'],1,0
38.0693,120.0315,40.877535854222806,3.894117647058824,,43,43,16.966994,25.480094,[],[],['8486'],1,0
38.1106,120.1643,2.6828732415821137,1.63125,,41,39,29.22048,29.960133000000003,[],[],['8486'],1,0
33.7263,123.4052,11.041124552771004,2.4745762711864407,,163,157,166.812172,160.647094,[],[],['8327'],1,0
-19.9064,-109.9653,104.93252760488195,3.7397306397306393,,749,835,754.642,840.640938,[],['63203'],[],1,0
20.1246,108.4331,1.4937955159418417,0.9333333333333332,,72,72,62.877824,64.082574,[],[],['8486'],1,0
30.1343,123.3927,8.788622660755472,7.2555555555555555,,54,59,40.766656000000005,48.122375,[],[],['8486'],1,0
22.4152,116.3245,40.144038488596784,4.8618181783502745,,51,54,56.147938,55.833652,[],[],['8486'],1,0
19.806,107.1704,11.90660164485754,2.09375,,71,66,98.929984,90.467078,[],[],['8484'],1,0
10.3913,107.8324,3.5895912807885333,2.283333333333333,,29,30,73.351375,76.629109,[],[],['8484'],1,0
13.3902,109.3362,37.532813355666015,2.4459459459459465,,3,3,47.310875,40.115398,[],[],['8484'],1,0
22.3993,120.4836,7.267790934381145,2.552941176470588,,4,2,8.372195,7.570967,[],[],['8321'],1,0
22.0851,117.2793,14.06799463487178,3.75,,129,125,126.547062,118.410094,[],[],['8486'],1,0
-17.7532,172.408,20.42261639403224,8.000000068119594,,292,312,353.295719,373.561906,[],[],['8313'],1,0
21.2099,108.7464,4.143862462461392,3.22,,39,39,18.530131,16.762574,[],[],['8486'],1,0
22.706,120.1538,34.715632262395935,3.1516339869281045,,10,5,6.256076,6.1521930000000005,[],[],['8321'],1,0
6.5182,82.4846,3.199329550838894,0.8500000000000001,,78,78,158.263906,160.241891,[],[],['8346'],1,0
24.7861,121.8556,36.06606063418664,2.7774545454545447,,2,3,11.301704,3.0264960000000003,[],[],['8321'],1,0
34.9016,121.1343,49.876884240770224,3.850000000000001,,87,113,78.501062,92.054203,[],[],['8486'],1,0
20.1159,109.0898,58.375501537638286,2.8041666666666663,,24,39,18.864277,44.78348,['8486'],[],['8486'],1,0
13.2504,74.6657,12.272026407872666,3.0785714285714283,,10,3,24.677717,32.246528999999995,['8480'],[],['8480'],1,0
37.7942,121.2145,32.276139321383475,4.831746031746033,,7,19,6.578031,2.223899,['8486'],[],['8486'],1,0
31.0807,127.0404,14.071318123702616,3.965384615384617,,162,155,231.990062,227.143078,[],[],['21796'],1,0
-0.3092,137.9483,15.541468928570636,1.97,,126,130,211.254625,222.096516,[],[],['8492'],1,0
-44.2615,-178.9235,12.388100534285218,3.860714270955039,,175,163,600.407562,610.0275,[],[],['8455'],1,0
10.729,-17.3622,9.802381565335288,0.5500000042089245,,112,115,222.464594,225.955844,[],[],['8471'],1,0
34.5806,122.4856,9.614884160559871,2.3196969696969703,,199,204,178.584266,183.934172,[],[],['8486'],1,0
28.2331,121.5678,1.236314886580063,1.0166666666666666,,4,3,1.111949,0.0,[],[],['8486'],1,0
23.3463,117.513,11.9681845634559,4.5218181818181815,,32,27,17.397740000000002,24.94348,['8486'],[],['8486'],1,0
26.3944,120.0474,14.396331544646186,2.992424245946334,,7,9,3.984979,5.9056180000000005,[],[],['8486'],1,0
22.4021,120.3692,20.85445288247009,1.8486486486486489,,5,4,3.335848,5.5597460000000005,[],[],['8321'],1,0
11.3403,-17.4082,18.603621324145895,2.7529411756691826,,100,102,191.457938,178.912578,[],[],['8471'],1,0
20.3064,112.9752,42.12991067725488,5.762500000000001,,145,140,147.90384400000002,141.396422,[],[],['8486'],1,0
34.4579,-163.5832,0.7014811529649134,1.181818181818182,,1210,1211,1417.994875,1419.056125,[],['63203'],[],1,1
10.5861,108.8458,7.040205815727967,3.5970588235294114,,8,11,151.4655,144.95775,[],[],['8484'],1,0
19.5332,112.8572,5.988665632365008,3.1166666666666667,,173,176,210.688719,214.803203,[],[],['8486'],1,0
31.3159,124.2984,0.7840274034803687,0.2206349206349206,,155,155,127.144508,127.144508,[],[],['8486'],1,0
-20.024,-107.152,11.122749395851956,2.7782608752449343,,810,812,812.852562,814.752625,[],['63203'],[],1,0
-14.9903,173.0798,11.592652758873635,7.857142857142858,,476,466,504.155281,494.952688,[],['63203'],[],1,0
20.8765,114.0917,9.500545769533414,3.585714285714286,,108,108,119.140594,118.885055,[],[],['8486'],1,0
35.259,140.4156,4.205858895307706,2.265957446808512,,2,2,14.359762,15.795349,['8487'],[],['8487'],1,0
21.934,114.2359,33.86659779271063,2.823744292237443,,8,4,13.96639,7.783645000000001,['8486'],[],['8486'],1,0
0.4821,105.7824,4.806450848111162,2.45,,106,109,167.568797,169.67928099999995,[],[],['8492'],1,0
35.5721,119.9577,18.24426786165349,1.9679611650485436,,15,6,3.510405,5.422727,[],[],['8486'],1,0
22.7488,117.5329,29.10456599869999,3.694444444444444,,87,82,67.152758,46.525145,[],[],['8486'],1,0
6.1657,4.4664,46.34570714427905,2.30625,,24,7,44.970312,53.473219,['8474'],[],['8474'],1,0
34.8686,121.1449,60.68189455726752,3.573076923076923,,85,117,76.112625,99.510258,[],[],['8486'],1,0
55.5401,6.6805,15.01549878269438,3.052212395631108,,87,89,60.605719,69.42132000000001,[],[],['5674'],1,0
33.1438,123.3081,9.37964702083326,1.649230769230769,,190,192,171.041891,174.063891,[],[],['8486'],1,0
20.0651,107.4288,9.290624503442327,1.9625,,34,28,83.40907000000001,80.56371899999999,[],[],['8484'],1,0
5.0976,5.2429,21.4328954099599,3.111111111111111,,18,13,20.393432,6.7369,['8474'],[],['8474'],1,0
9.6069,107.4437,7.697413982739528,2.245454545454545,,89,88,84.371227,81.68475,[],[],['8484'],1,0
34.809,128.8212,25.27448388331941,1.8664974631353992,,6,9,6.490209,0.912411,[],[],['8327'],1,0
36.5368,123.6275,53.24994175248837,3.1068965517241374,,112,105,107.586984,102.876336,[],[],['8486'],1,0
30.1487,123.9362,27.79904784202017,2.7338709677419355,,108,101,97.337375,95.271891,[],[],['8486'],1,0
19.7787,107.1743,13.931241652722262,2.0181818181818185,,71,66,99.993125,92.909781,[],[],['8484'],1,0
12.3262,101.3257,2.290942849482953,0.6475409836065575,,26,25,23.59327,22.711947,[],[],['8332'],1,0
20.9245,113.9518,14.956054610275157,3.641666666666666,,103,102,110.891258,112.383164,[],[],['8486'],1,0
31.0854,174.0849,10.108053648639778,8.862962956781741,,794,791,2435.63275,2429.003,[],['63203'],[],1,0
10.2296,107.1404,20.82179484819596,2.79375,,13,10,6.932243000000001,11.438733,[],[],['8484'],1,0
20.0629,107.3993,9.047467254850613,3.0,,37,31,80.546594,81.442461,[],[],['8484'],1,0
