MMSI,segment_id,start_time,end_time,start_lat,start_lon,end_lat,end_lon,route_distance_km,direct_distance_km,duration_hours,average_speed_knots,maximum_speed_knots,num_records,moving_records,route_efficiency
200134975,1,2024-08-02 09:58:15,2024-08-03 11:14:11,37.38095,24.72063333333333,37.43606666666667,24.9393,42.5891754743567,19.313987850093923,25.265555555555554,4.096496619545175,7.9,2122,1627,0.4534952281882761
201622454,5,2024-07-01 19:50:59,2024-07-01 22:37:23,37.362555,24.811388333333333,37.217416666666665,25.725328333333337,80.8586545482932,80.85121925436876,2.773333333333333,16.05721544715447,16.400000000000002,984,984,0.9999080457872322
201622454,7,2024-07-02 20:59:45,2024-07-03 02:57:27,36.989041666666665,26.661528333333333,37.38918666666667,24.74742833333333,192.5575630404078,169.55371562485476,5.961666666666667,15.76974697469747,16.7,1818,1818,0.8805352173535467
201622454,8,2024-07-03 20:04:20,2024-07-03 22:34:39,37.362878333333335,24.811721666666667,37.231316666666665,25.632766666666665,78.31476955512673,72.6265251232643,2.5052777777777777,16.032981783317354,16.900000000000002,1043,1043,0.9273669007241552
201622454,10,2024-07-04 23:40:18,2024-07-05 03:10:55,37.16704,25.88483833333333,37.393103333333336,24.737301666666667,145.484053889185,101.52952106187348,3.5102777777777776,16.040577889447235,16.400000000000002,796,796,0.6978738792858246
201622454,11,2024-07-05 20:53:05,2024-07-06 01:52:12,37.524618333333336,24.95938,37.80620166666667,26.52034833333333,157.07164168889574,137.3969537936033,4.985277777777778,15.627840909090908,16.6,704,704,0.874740674486225
201622454,13,2024-07-09 22:39:48,2024-07-10 02:57:19,37.101615,26.256656666666668,37.34838833333333,24.8427,192.89439338122685,125.19206733834632,4.291944444444445,16.101052631578945,16.7,1140,1140,0.6490186943428831
201622454,14,2024-07-10 19:53:51,2024-07-11 01:35:39,37.36058666666667,24.825746666666667,37.009185,26.59256,157.97696268813164,156.51619726351586,5.696666666666666,15.263182897862237,16.0,2526,2526,0.9907533009892112
201622454,15,2024-07-11 22:00:50,2024-07-12 03:10:20,37.07294666666667,26.426936666666663,37.39180833333333,24.74357833333333,163.75983894599793,149.029629227932,5.158333333333333,16.070405982905985,17.1,1872,1872,0.9100499254709
201622454,16,2024-07-12 21:01:53,2024-07-12 22:12:52,37.52859,24.94717333333333,37.54242333333333,25.32425,51.22946696142528,33.24868584165669,1.1830555555555555,15.609565217391305,16.1,460,460,0.6490148700296307
201622454,18,2024-07-14 10:32:25,2024-07-14 11:10:25,37.677685,26.06463,37.636915,25.865621666666662,36.68800668764048,17.519015452730365,0.6333333333333333,15.37826086956522,15.9,115,115,0.4775134174469119
201622454,19,2024-07-14 12:27:25,2024-07-14 14:03:31,37.5414,25.475475,37.52688333333333,24.95117833333333,80.61851834653933,46.230600856765854,1.6016666666666666,15.852571428571428,16.900000000000002,700,700,0.5734489023730659
201622454,20,2024-07-15 20:01:51,2024-07-16 02:45:51,37.35552,24.83537833333333,36.90014,26.93907833333333,196.6497728452701,186.4988457660901,6.733333333333333,15.486906077348063,16.2,1810,1810,0.9483806824065488
201622454,21,2024-07-16 21:32:50,2024-07-17 03:02:22,37.022415,26.58617,37.38858333333334,24.748308333333338,194.12590202238115,162.76539589312296,5.492222222222222,16.603837342497137,17.3,1746,1746,0.8384527474049157
201622454,22,2024-07-17 20:02:43,2024-07-18 01:00:08,37.36058333333333,24.82772,37.075091666666665,26.381915,144.62514692404483,137.6215471434843,4.956944444444445,15.357913832199548,16.400000000000002,2205,2205,0.951574121585932
201622454,23,2024-07-18 22:13:05,2024-07-19 01:36:53,37.07081,26.436895,37.264695,25.313268333333333,104.4408791525396,99.56211436403268,3.3966666666666665,16.087291501191423,17.1,1259,1259,0.9532868276474262
205811699,25,2024-07-04 01:44:37,2024-07-04 02:43:01,36.825125,24.840355,36.744895,25.176011666666668,32.289712061670244,29.89217897365693,0.9733333333333334,17.29402985074627,17.6,134,134,0.925749319676984
205811699,35,2024-09-26 22:40:00,2024-09-27 08:34:01,36.868588333333335,24.91072,37.465765,25.31972,83.18681729898866,36.25863496768783,9.900277777777776,14.881064270905322,21.8,1965,1447,0.4358699628736565
226225103,37,2024-07-09 02:43:00,2024-07-09 07:33:57,37.152875,24.69614333333333,37.4654,25.315316666666668,81.2352281198975,54.76378526409072,4.849166666666667,15.65782178217822,17.400000000000002,1206,1010,0.6741383822208662
226225103,38,2024-07-09 09:33:56,2024-07-09 22:46:53,37.465316666666666,25.31505,37.04530333333334,24.934325,36.70583615656005,33.70559969651719,13.215833333333334,8.54364694471387,11.4,1684,1031,0.918262685877906
226225103,45,2024-08-20 02:46:54,2024-08-20 04:00:24,37.1183,24.660161666666667,37.38138333333333,25.03031333333333,63.48661192145492,32.766526244229304,1.225,19.43783231083844,19.700000000000003,489,489,0.5161171033157
234463823,47,2024-09-17 06:12:18,2024-09-19 17:38:49,37.53655333333333,25.15552333333333,37.44305166666667,24.942975,22.92432039149886,18.75377237992737,59.441944444444445,7.829032258064516,10.1,19997,310,0.8180732104443071
238007480,53,2024-07-21 11:12:46,2024-07-23 06:34:32,37.15706,25.30544833333333,37.08932333333333,25.148331666666667,31.47692549945704,13.930598902921645,43.36277777777778,6.606875,9.7,16499,640,0.4425654247319021
241749307,87,2024-07-02 04:08:40,2024-07-02 06:59:28,37.70861,26.157651666666663,37.52836166666667,24.969048333333333,159.09656823853595,104.68793156952276,2.8466666666666667,20.483159268929505,20.9,766,766,0.6580150202395474
241749307,88,2024-07-02 19:41:24,2024-07-02 22:11:18,37.52515833333333,24.959143333333333,37.68811,26.045303333333333,96.59035481781928,95.68046502290076,2.498333333333333,21.22570422535212,21.8,852,852,0.9905799104203036
241749307,89,2024-07-04 00:17:04,2024-07-04 02:33:58,37.66202833333333,25.92351,37.52466166666667,24.971265,94.64831884785656,83.89891226751595,2.2816666666666667,20.59980506822612,21.0,513,513,0.8864279185178149
241749307,90,2024-07-04 19:34:57,2024-07-04 20:39:40,37.52672333333334,24.95598333333333,37.55341333333333,25.413401666666665,41.68727787667571,40.3303406186231,1.0786111111111112,20.48293963254593,21.0,381,381,0.9674496074781648
241749307,91,2024-07-06 00:13:42,2024-07-06 02:36:36,37.66251,25.97193333333333,37.525105,24.95876,138.4998746542743,89.26643281745852,2.381666666666667,20.74328358208956,21.3,938,938,0.644523563940306
241749307,92,2024-07-09 06:09:01,2024-07-09 07:15:44,37.55399166666667,25.441648333333333,37.52402666666666,24.974008333333337,83.81735835050671,41.2321701485803,1.1119444444444444,20.369178082191784,21.0,438,438,0.4919287717963619
241749307,93,2024-07-09 20:40:03,2024-07-09 21:38:40,37.532718333333335,24.953503333333337,37.54349,25.36063333333333,37.713981769959126,35.89737470754468,0.9769444444444444,20.3015923566879,20.8,314,314,0.9518320003044214
241749307,95,2024-07-10 22:35:53,2024-07-11 02:32:29,37.813165,26.640948333333338,37.52617,24.959176666666668,156.8254960827495,148.02118629446662,3.943333333333333,20.75839064649244,21.8,1454,1454,0.9438591937650416
241749307,96,2024-07-11 19:39:14,2024-07-11 22:10:55,37.525216666666665,24.955655,37.683915,26.030466666666666,95.02986850974484,94.68341908809847,2.5280555555555555,20.726602564102567,21.3,312,312,0.9963543102071024
241749307,97,2024-07-13 00:40:05,2024-07-13 02:33:17,37.624006666666666,25.769855,37.52535833333334,24.96768833333333,93.66076329016086,70.69379534482206,1.8866666666666667,20.86634844868735,21.3,419,419,0.7547855992355393
241749307,98,2024-07-14 19:00:16,2024-07-14 19:55:36,37.524901666666665,24.95550666666667,37.538131666666665,25.347681666666663,35.662419224894435,34.58182590696465,0.9222222222222224,20.50601851851852,21.0,216,216,0.9696993826718444
241749307,101,2024-07-16 03:32:07,2024-07-16 06:21:44,37.704483333333336,26.142435,37.525145,24.956153333333333,164.6621939237821,104.48860825368372,2.8269444444444445,20.766392092257004,21.5,607,607,0.6345634402396509
241749307,102,2024-07-16 19:15:36,2024-07-16 20:10:38,37.52694833333333,24.957485,37.537751666666665,25.349471666666663,34.68867663383894,34.56482952810875,0.9172222222222224,20.64926829268293,21.1,205,205,0.9964297540941828
241749307,104,2024-07-17 22:59:02,2024-07-18 02:28:56,37.77319,26.447316666666666,37.5233,24.97126833333333,160.93413961687546,129.9524768649148,3.498333333333333,20.654986020503262,21.6,1073,1073,0.8074885613101327
241749307,105,2024-07-18 19:32:43,2024-07-18 22:22:15,37.527501666666666,24.952951666666667,37.716573333333336,26.131956666666667,105.47489513016592,103.83764313500347,2.825555555555556,20.442539267015707,20.9,764,764,0.9844773299547545
241749307,106,2024-07-20 00:26:24,2024-07-20 02:32:18,37.640605,25.83744833333333,37.52502833333333,24.97404,102.02796760936069,76.08262138676136,2.098333333333333,20.47124183006536,21.0,459,459,0.7457035866681427
241749307,107,2024-07-21 19:38:26,2024-07-21 22:34:32,37.52174166666666,24.95818,37.721181666666666,26.221861666666666,112.73347023051274,111.2960132736558,2.935,21.00399385560676,21.9,651,651,0.9872490667242152
241749307,108,2024-07-22 03:58:58,2024-07-22 06:55:47,37.32828666666666,26.60161,36.90077166666666,26.933778333333333,72.56825197070789,29.46480381337853,2.9469444444444446,19.290106007067138,20.8,566,566,0.4060288488865898
241749307,109,2024-07-22 21:46:53,2024-07-23 00:05:50,37.004601666666666,26.863496666666663,37.32098833333333,26.553,33.76224161259155,27.52093835147696,2.3158333333333334,20.967785234899328,21.8,149,149,0.8151395475237961
241749307,110,2024-07-23 03:41:56,2024-07-23 07:54:45,37.82718833333333,26.75876166666667,37.52573666666667,24.980968333333333,174.6784580469784,156.45786652216972,4.213611111111111,20.842238805970148,21.6,670,670,0.895690678011891
241749307,111,2024-07-23 20:26:04,2024-07-23 21:15:03,37.52178833333333,24.95915,37.52854,25.3034,32.28678745839568,30.35840467363236,0.8163888888888889,20.29051383399209,20.8,253,253,0.940273314982229
241749307,113,2024-07-25 01:46:35,2024-07-25 02:44:23,37.54529333333333,25.384871666666665,37.52220833333333,24.978395,83.50495553827973,35.841882549242186,0.9633333333333334,20.44146341463415,21.0,287,287,0.4292186292202959
241749307,114,2024-07-25 20:00:25,2024-07-25 21:01:25,37.52253833333334,24.969166666666663,37.548375,25.39080833333333,37.99999630116818,37.17823821069402,1.0166666666666666,20.071374045801527,20.4,262,262,0.9783747849878368
241749307,115,2024-07-27 02:19:34,2024-07-27 03:01:58,37.526493333333335,25.28954,37.524791666666665,24.98257333333333,36.003078149039126,27.07032338796728,0.7066666666666667,20.80635838150289,21.200000000000003,173,173,0.7518891378094501
241749307,116,2024-07-28 18:59:18,2024-07-28 20:07:47,37.53143,24.960101666666667,37.55827833333333,25.441916666666668,44.47143499455937,42.47864766763088,1.1413888888888888,20.399193548387096,20.9,248,248,0.9551894979963592
241749307,118,2024-07-30 04:05:15,2024-07-30 07:55:21,37.793956666666666,26.569506666666665,37.527501666666666,24.958475,155.6229426400537,141.81227348743428,3.835,20.43563218390805,21.4,1131,1131,0.9112555712009466
241749307,119,2024-07-30 20:57:44,2024-07-30 22:33:20,37.52321833333333,24.97066833333333,37.60134666666666,25.631801666666668,59.36746404043185,58.27448414391976,1.5933333333333333,20.35700483091788,20.9,207,207,0.981589580855808
241749307,120,2024-08-01 02:43:48,2024-08-01 03:40:37,37.54545333333333,25.38333833333333,37.52234666666666,24.990975,56.5015632542221,34.59734618968688,0.9469444444444444,20.087545787545785,20.5,273,273,0.6123254684834155
241749307,121,2024-08-01 19:45:53,2024-08-01 20:39:29,37.52399666666667,24.961126666666665,37.53857833333333,25.335271666666667,35.63090858925616,32.992054605902915,0.8933333333333333,20.38424657534247,20.8,292,292,0.9259391890963752
241749307,124,2024-08-02 23:46:44,2024-08-03 02:39:31,37.706965,26.160046666666663,37.523495,24.96972,184.20581039964,104.84431734464113,2.879722222222222,20.156981132075472,20.9,1060,1060,0.5691694367141745
241749307,125,2024-08-04 19:19:36,2024-08-04 20:16:13,37.522515,24.971343333333333,37.54051833333333,25.371446666666667,35.43029749892928,35.28094920653034,0.9436111111111112,20.367281105990788,21.0,217,217,0.9957847293717064
241749307,130,2024-08-06 03:46:39,2024-08-06 06:42:40,37.716355,26.19532833333333,37.52542,24.97601166666667,145.90380842205482,107.38955931454132,2.933611111111111,20.56764705882353,21.200000000000003,374,374,0.7360298574516737
241749307,131,2024-08-06 19:54:54,2024-08-06 21:41:24,37.52721666666667,24.972986666666667,37.619926666666665,25.727815,66.81197652669567,66.5229554703911,1.775,20.617127071823205,21.0,181,181,0.995674113065805
241749307,132,2024-08-08 01:32:28,2024-08-08 02:34:04,37.54632166666666,25.404613333333337,37.52350333333333,24.974443333333333,66.41826545041309,37.93049085405697,1.0266666666666666,20.243781094527364,21.0,201,201,0.5710852368220204
241749307,134,2024-08-13 04:46:33,2024-08-13 08:03:34,37.74727,26.345006666666663,37.52163333333333,24.973403333333337,165.28188246245014,120.77968692451714,3.283611111111111,20.430000000000003,21.0,910,910,0.7307497054431038
241749307,135,2024-08-13 21:44:51,2024-08-13 22:57:39,37.52433833333333,24.958831666666665,37.566098333333336,25.490956666666666,48.210025803498056,46.913960457573324,1.2133333333333334,21.233636363636364,21.700000000000003,550,550,0.973116269399908
241749307,137,2024-08-15 01:53:16,2024-08-15 03:12:36,37.57216833333333,25.515961666666666,37.52500166666667,24.971905,89.43649556543167,47.96374218867078,1.3222222222222222,20.108116883116885,21.1,308,308,0.536288255543069
241749307,138,2024-08-15 18:59:37,2024-08-15 19:46:06,37.54367166666667,24.961345,37.53210166666667,25.286393333333333,29.598929201177107,28.660184090694667,0.7747222222222222,20.635249042145595,21.3,261,261,0.9682844908306648
241749307,139,2024-08-15 21:00:01,2024-08-15 22:42:55,37.64566666666666,25.80245333333333,37.784375,26.521216666666668,108.69995428276462,63.22435731421537,1.715,20.48022727272727,20.8,440,440,0.581641066285528
246228378,155,2024-07-01 19:56:02,2024-07-01 22:40:43,37.51227166666666,24.95405833333333,37.33670666666666,25.506941666666663,55.33274817027583,48.82394422513429,2.7447222222222223,13.62087912087912,14.8,367,364,0.8823697690721605
246228378,156,2024-07-03 05:39:10,2024-07-03 07:59:06,37.36092833333333,25.425435,37.511253333333336,24.971253333333333,55.18545082957238,40.10171894547899,2.332222222222222,13.724810606060606,14.3,528,528,0.7266719460048259
246228378,157,2024-07-08 19:40:29,2024-07-08 22:40:14,37.51457833333333,24.96334333333333,37.38357,25.57968333333333,61.51149179864607,54.40908506162828,2.995833333333333,13.641842105263157,15.1,781,760,0.8845352871579336
246228378,158,2024-07-10 04:56:26,2024-07-10 07:49:51,37.30457,25.54440333333333,37.50731833333333,24.969106666666665,60.09560066146909,50.816046820894826,2.890277777777778,13.494936708860758,15.1,959,948,0.8455868027204203
246228378,159,2024-07-15 19:33:11,2024-07-16 00:53:53,37.51129333333333,24.95722333333333,37.15112666666667,26.241081666666663,121.04782136000703,113.5138789956482,5.345,14.08273431994362,14.7,1437,1419,0.9377606116350312
246228378,160,2024-07-17 04:09:27,2024-07-17 07:39:45,37.277321666666666,25.704916666666666,37.50989166666667,24.960861666666663,119.49086437387555,65.7327774570447,3.505,12.935726795096322,14.9,1229,1142,0.5501071383279402
246228378,161,2024-07-22 19:20:02,2024-07-23 02:58:48,37.51164,24.95414,36.899655,26.930836666666668,181.46394966434443,175.0600130153177,7.646111111111111,14.14175,15.3,2044,2000,0.9647095929474028
246228378,163,2024-07-29 19:05:11,2024-07-30 00:50:32,37.51065333333333,24.963045,37.1149,26.34624,128.9409927516405,122.32659483037834,5.755833333333333,13.81056451612903,15.2,1258,1240,0.9487021328120028
246228378,164,2024-07-31 04:34:28,2024-07-31 07:00:41,37.34501,25.55834,37.508845,24.967066666666668,121.961284159587,52.212081056518215,2.4369444444444444,13.343723849372385,14.2,478,478,0.4281037332158492
246228378,165,2024-08-05 20:02:07,2024-08-05 23:12:01,37.50818666666667,24.96288833333333,37.303055,25.606275,63.65930080847966,56.83035795114106,3.165,13.636226415094342,14.8,278,265,0.8927267065360391
246228378,169,2024-08-12 19:40:32,2024-08-13 01:10:57,37.511715,24.95759333333333,37.10371833333333,26.281641666666665,124.84532028940755,117.10406747645938,5.506944444444445,13.60458089668616,15.0,1057,1026,0.9379932480047874
246228378,171,2024-08-19 19:17:15,2024-08-19 23:10:17,37.513735,24.958276666666663,37.211675,25.89754,90.00975120385517,83.01225430808594,3.883888888888889,14.4801261829653,15.3,954,951,0.922258457531771
246228378,172,2024-08-20 00:12:35,2024-08-20 02:44:53,37.12871333333333,26.21019,36.90240166666667,26.92815333333333,91.44904947345388,63.74629051327131,2.5383333333333336,14.623124999999998,15.5,160,160,0.6970689239561291
246228378,174,2024-08-26 18:48:19,2024-08-26 20:34:40,37.51191166666667,24.958946666666662,37.36473166666666,25.412538333333337,40.6435259725085,40.04839260429759,1.7725,14.302389078498292,14.9,293,293,0.9853572406928114
246228378,175,2024-08-28 02:36:32,2024-08-28 05:05:18,37.29542833333333,25.6164,37.50514166666667,24.95822833333333,76.15985407454448,58.14044344855216,2.4794444444444443,13.975983717774762,14.5,737,737,0.7634001424378373
246228378,176,2024-09-02 19:09:25,2024-09-02 22:29:12,37.51589,24.953741666666662,37.28613833333333,25.66358333333333,69.59691321664968,62.70416434554039,3.3297222222222222,12.821995464852606,14.4,466,441,0.9009618594771192
246228378,180,2024-09-09 18:54:34,2024-09-09 20:54:18,37.522553333333335,24.945341666666668,37.35203,25.454671666666663,46.79932135858192,44.970287809259226,1.9955555555555555,13.763492063492064,14.4,315,315,0.9609175198223832
246228378,181,2024-09-11 03:24:18,2024-09-11 05:20:14,37.35717,25.436803333333337,37.51261333333333,24.957153333333338,43.93318685502128,42.351054882701824,1.9322222222222225,13.717761194029851,14.1,670,670,0.9639877713050852
246228378,182,2024-09-16 18:37:11,2024-09-16 20:48:29,37.51424,24.970673333333337,37.36813333333333,25.397485,45.031003171607054,37.68261063934408,2.188333333333333,13.24307116104869,14.5,273,267,0.8368148161332483
246228378,183,2024-09-18 03:55:57,2024-09-18 06:22:27,37.364685,25.409655,37.517845,24.958051666666663,47.46193491774309,39.87136080897331,2.441666666666667,13.631107954545454,14.6,728,704,0.8400702769087457
246228378,184,2024-09-23 19:24:03,2024-09-23 22:03:17,37.51927,24.957968333333337,37.34821,25.461266666666667,50.9982834705127,44.43987998212519,2.653888888888889,13.494705882352942,15.6,717,680,0.8713995248059753
246228378,185,2024-09-25 03:59:33,2024-09-25 06:06:43,37.372526666666666,25.381318333333333,37.51535833333333,24.977543333333333,48.74590308080884,35.64749608416287,2.1194444444444445,14.037920489296637,14.8,669,654,0.7312921462357155
246228378,186,2024-09-30 19:36:59,2024-09-30 21:30:28,37.51638166666667,24.969616666666667,37.45843166666667,25.31028166666667,33.55549625055723,30.057654470982573,1.8913888888888888,10.481142857142856,14.6,191,175,0.8957594978343801
248692941,193,2024-07-09 09:29:34,2024-07-09 12:05:14,37.47000666666667,25.279301666666665,37.60945,25.018581666666662,42.3584009067153,22.98921708367208,2.594444444444445,13.396017699115044,19.5,630,452,0.5427309953059979
248964690,228,2024-07-10 13:07:24,2024-07-10 13:58:34,37.041685,25.026445,37.23336166666667,25.212985,31.44676923941806,16.539673388762075,0.8527777777777777,31.819437340153456,33.0,398,391,0.5259577943552255
260995738,229,2024-07-02 00:48:24,2024-07-02 02:36:28,36.765861666666666,25.46216,37.120023333333336,24.68769333333333,68.86349347127916,68.83021064340835,1.801111111111111,24.27572815533981,24.5,103,103,0.9995166840049338
260995738,230,2024-07-02 16:06:44,2024-07-02 17:18:03,37.34610333333333,24.861015,37.32021833333334,25.334435,57.208461009870376,41.856751964529664,1.188611111111111,19.150815217391305,19.4,368,368,0.731653172024816
260995738,232,2024-07-03 23:41:51,2024-07-04 02:05:06,37.266635,26.039891666666666,37.305825,24.82923,182.67940276778413,107.10507923299996,2.3875,24.22605118829982,24.700000000000003,1094,1094,0.5863007958765242
260995738,233,2024-07-04 14:42:14,2024-07-04 15:18:38,37.522443333333335,24.95802833333333,37.51338833333333,25.257906666666667,37.80981750302583,26.44797277126033,0.6066666666666667,23.75223880597015,24.0,201,201,0.6995001435577878
260995738,234,2024-07-06 01:35:29,2024-07-06 03:39:17,37.488236666666666,25.988105,37.524971666666666,24.95386,154.76059892139642,91.2293441356502,2.063333333333333,24.116598639455777,25.200000000000003,735,735,0.5894868898897578
260995738,237,2024-07-09 16:09:36,2024-07-09 17:13:18,37.34884,24.86759,37.3231,25.28663,48.64569253643615,37.04745198053096,1.0616666666666668,18.86035714285714,19.4,280,280,0.7615772342593748
260995738,238,2024-07-10 23:26:51,2024-07-11 02:09:41,37.27119166666667,26.216596666666668,37.31234,24.829063333333337,204.6122429995192,122.74329997763748,2.713888888888889,24.396153846153847,25.1,2054,2054,0.5998824810200918
260995738,239,2024-07-11 14:34:28,2024-07-11 15:50:18,37.52529,24.9594,37.51055,25.597891666666666,67.83387585529988,56.31211210804062,1.2638888888888888,24.141484716157205,24.5,229,229,0.8301473474427886
260995738,240,2024-07-13 02:22:21,2024-07-13 03:57:35,37.50814833333333,25.739455,37.522195,24.953545,81.43745269060673,69.31623120793195,1.5872222222222223,24.021885521885523,24.700000000000003,594,594,0.8511591278680444
260995738,241,2024-07-13 12:34:03,2024-07-13 14:03:03,37.51712833333333,24.956758333333333,37.51523,25.30732,37.04328119851344,30.918731982045266,1.4833333333333334,22.338209606986897,24.6,515,458,0.8346650453655289
260995738,242,2024-07-14 01:54:16,2024-07-14 03:30:50,37.53423,25.32165,37.51971833333333,24.95309333333333,40.12255270118877,32.50115640957369,1.6094444444444445,23.181973203410475,24.6,838,821,0.8100470738146909
260995738,244,2024-07-16 16:07:35,2024-07-16 16:57:23,37.34755833333333,24.864825,37.32671833333333,25.202015,45.97155989462705,29.810614616649723,0.83,19.498360655737702,19.8,244,244,0.6484577570345585
260995738,245,2024-07-17 23:41:36,2024-07-18 02:22:54,37.270955,26.14438833333333,37.32375666666667,24.778648333333333,200.9581648254502,120.80649478983452,2.688333333333333,24.499333333333336,25.0,1200,1200,0.6011524582480415
260995738,246,2024-07-18 14:32:31,2024-07-18 15:49:57,37.52527166666667,24.961585,37.5112,25.60187833333333,72.63653103756417,56.47077081215778,1.2905555555555557,23.62869565217392,24.700000000000003,115,115,0.777443113065983
260995738,247,2024-07-20 02:15:22,2024-07-20 04:14:40,37.496435,25.934571666666667,37.52453166666667,24.958685,114.96801744792198,86.07720299322,1.9883333333333333,24.026603773584903,24.8,530,530,0.7487056392201519
260995738,248,2024-07-20 12:53:22,2024-07-20 14:17:21,37.523446666666665,24.957798333333333,37.495666666666665,25.295015,35.12923812653444,29.74442142920564,1.3997222222222223,22.20404040404041,24.1,307,297,0.8467141052722847
260995738,249,2024-07-21 01:52:17,2024-07-21 03:29:12,37.534868333333335,25.32317833333333,37.519865,24.970296666666663,40.0248171833087,31.118696929791323,1.6152777777777778,23.157960644007154,24.5,587,559,0.7774850485205604
260995738,251,2024-07-23 00:39:08,2024-07-23 02:25:58,36.760441666666665,25.49833,37.100233333333335,24.713005,140.37305632088328,69.8064535032603,1.7805555555555554,24.41307692307692,24.9,130,130,0.4972923959401973
260995738,252,2024-07-23 16:06:24,2024-07-23 16:57:42,37.34824166666667,24.86459333333333,37.326051666666665,25.208203333333337,43.80918128733414,30.378198559791173,0.855,19.23192307692308,19.700000000000003,260,260,0.6934208233782708
260995738,253,2024-07-25 00:56:12,2024-07-25 02:09:13,37.290055,25.43891333333333,37.31166833333333,24.829921666666667,73.99137786349044,53.866210206551806,1.2169444444444444,23.805223880597016,24.6,402,402,0.7280065834958724
260995738,255,2024-07-27 03:47:59,2024-07-27 05:39:27,37.50029166666667,25.898291666666665,37.52321666666667,24.969573333333333,145.2635303255925,81.91539954420418,1.8577777777777773,23.990350877192984,24.6,456,456,0.563908913411368
260995738,256,2024-07-27 14:36:42,2024-07-27 16:10:28,37.52173166666667,24.95432333333333,37.512175,25.306096666666665,38.35719823835814,31.02528136406213,1.5627777777777778,22.578523489932884,24.5,449,447,0.808851605147638
260995738,257,2024-07-28 03:28:29,2024-07-28 05:01:21,37.52758833333333,25.313423333333333,37.52038833333334,24.95355333333333,38.393141945590514,31.736385636343154,1.5477777777777777,23.78028455284553,24.700000000000003,494,492,0.8266160055699247
260995738,260,2024-07-30 16:02:16,2024-07-30 16:46:16,37.34633166666666,24.862665,37.32458166666667,25.16636,42.75160953778072,26.84996898363916,0.7333333333333333,19.81645021645021,20.3,231,231,0.6280458039810439
260995738,261,2024-08-01 01:08:01,2024-08-01 02:17:13,37.28970666666667,25.41974,37.312515,24.83126,73.54934513482416,52.05175945225136,1.153333333333333,24.48837837837837,25.0,740,740,0.7077120721718823
260995738,266,2024-08-03 02:13:53,2024-08-03 04:04:13,37.50081333333333,25.883301666666668,37.521065,24.97445,139.22547540259828,80.16399477713622,1.8388888888888888,23.85890243902439,24.9,820,820,0.5757853908943461
260995738,267,2024-08-04 02:09:17,2024-08-04 03:48:23,37.585305,25.353843333333337,37.52021666666667,24.952536666666667,75.5486791620356,35.37717637257356,1.6516666666666666,22.4247005988024,24.8,737,668,0.4682699521019706
260995738,271,2024-08-06 15:58:21,2024-08-06 16:56:52,37.34600666666667,24.874541666666666,37.32430166666666,25.27823666666667,79.95985318847117,35.69117850551512,0.9752777777777778,19.836708860759494,20.200000000000003,158,158,0.4463637323268768
260995738,272,2024-08-08 00:56:05,2024-08-08 02:09:56,37.284571666666665,25.448016666666668,37.320125,24.835335,69.21171077843601,54.19154864682278,1.2308333333333332,24.0276,24.3,250,250,0.7829823600272426
260995738,275,2024-08-13 15:26:05,2024-08-13 16:20:29,37.347321666666666,24.859131666666663,37.323105,25.293796666666665,44.35054757779122,38.429241615754016,0.9066666666666666,23.05550458715597,23.5,436,436,0.8664885489485517
260995738,278,2024-08-15 14:26:22,2024-08-15 15:47:14,37.52723666666667,24.956866666666667,37.51386166666666,25.63126,70.10721509483871,59.47636790442536,1.3477777777777775,24.16835443037975,25.0,158,158,0.8483630083432598
260995738,281,2024-08-17 03:10:49,2024-08-17 04:56:01,37.511295,25.809926666666662,37.52497,24.953198333333333,144.921924846996,75.55927479177159,1.7533333333333334,23.694077134986227,24.4,726,726,0.5213791831121805
260995738,282,2024-08-17 14:23:23,2024-08-17 15:46:10,37.52408,24.957845,37.500506666666666,25.29937333333333,36.1481014896038,30.12361560070008,1.3797222222222223,22.414323607427058,25.1,379,377,0.8333388022981963
260995738,283,2024-08-18 03:35:56,2024-08-18 05:04:17,37.55189,25.331088333333337,37.520485,24.951283333333333,42.34550853908591,33.48899313436163,1.4725,22.153801169590643,24.5,873,855,0.790851126594701
260995738,286,2024-08-19 23:56:17,2024-08-20 02:41:19,36.592555,25.897535,37.121858333333336,24.686411666666668,182.4889432340817,107.7568904333088,2.750555555555556,24.47386018237082,24.9,329,329,0.5904844892169011
261098615,288,2024-07-01 06:02:17,2024-07-01 07:56:44,37.48704,24.951505,36.94078666666667,25.283346666666667,44.759626652833234,29.404401864103104,1.9075,33.49516943042538,42.900000000000006,1467,1387,0.6569402844257602
261098615,289,2024-07-01 10:33:38,2024-07-01 12:24:47,37.01152,25.295626666666667,37.49019166666667,24.951681666666666,28.635113312806656,30.45643712365526,1.8525,30.061027568922302,41.900000000000006,857,798,1.0
261098615,290,2024-07-02 05:58:24,2024-07-02 07:45:24,37.490275,24.950091666666665,36.96328333333334,25.286916666666663,25.1765422450754,29.83905182102725,1.7833333333333334,30.18150594451784,43.6,812,757,1.0
261098615,291,2024-07-02 10:18:00,2024-07-02 12:15:29,36.97441833333333,25.285141666666668,37.48822666666667,24.951905,29.740960883314905,29.5189124217858,1.958055555555556,31.31495422177009,43.2,1034,983,0.9925339177035912
261098615,292,2024-07-03 05:59:12,2024-07-03 07:50:44,37.49005666666667,24.951696666666667,36.96139166666666,25.28799666666667,26.154326388819264,29.793122045870245,1.8588888888888888,31.04257294429708,42.900000000000006,796,754,1.0
261098615,293,2024-07-03 10:32:55,2024-07-03 12:24:30,36.98522,25.294456666666665,37.48888,24.95172833333333,24.12590597836667,30.35583457934592,1.8597222222222225,29.835787923416788,42.900000000000006,722,679,1.0
261098615,294,2024-07-04 05:59:45,2024-07-04 07:47:09,37.48224,24.95331,36.96265833333333,25.286851666666667,29.548859145192147,29.54974178670597,1.79,28.182954545454542,43.6,852,792,1.0
261098615,295,2024-07-04 10:24:52,2024-07-04 12:13:31,37.01036166666667,25.296796666666665,37.480693333333335,24.95498333333333,28.555900416498897,30.269514137115085,1.8108333333333333,30.59734042553192,43.400000000000006,1404,1316,1.0
261098615,296,2024-07-05 06:02:10,2024-07-05 07:58:01,37.49021666666667,24.950466666666667,36.94213833333333,25.282353333333333,39.24584882319375,29.40762702404881,1.9308333333333327,32.56342637151107,44.3,1074,1039,0.749318154807479
261098615,297,2024-07-05 10:37:41,2024-07-05 12:28:45,37.03487,25.30043,37.489575,24.95097,29.49613236504389,30.938355921953143,1.8511111111111112,28.51909476661952,42.6,773,707,1.0
261098615,298,2024-07-06 06:05:19,2024-07-06 08:01:29,37.487903333333335,24.949516666666668,36.941073333333335,25.283,45.25338129383938,29.549494870114053,1.9361111111111111,33.55705229793978,44.7,1327,1262,0.6529787172861888
261098615,299,2024-07-09 06:04:29,2024-07-09 07:18:49,37.48837666666667,24.951031666666665,37.26921166666666,25.325646666666668,59.33984904774697,33.10354611471732,1.238888888888889,31.10097402597403,43.6,971,924,0.5578636724889714
261098615,300,2024-07-09 10:59:30,2024-07-09 12:30:59,37.16965,25.34171,37.483338333333336,24.953658333333333,34.09038536677658,34.317262861124775,1.5247222222222223,30.555819209039548,42.8,941,885,1.0
261098615,301,2024-07-10 06:07:25,2024-07-10 08:08:36,37.489808333333336,24.952985,36.89756833333333,25.274283333333333,43.77229200996797,28.482387869367333,2.019722222222222,31.571372549019607,44.3,1069,1020,0.6506944590171616
261098615,302,2024-07-10 11:08:07,2024-07-10 12:42:53,37.12278166666667,25.35868333333333,37.48930666666666,24.95224,37.025504860375406,35.9548052232234,1.5794444444444444,29.71058530510585,42.1,852,803,0.9710821056677106
303144099,329,2024-07-01 00:02:50,2024-07-01 05:45:32,37.46266666666666,25.326166666666666,37.5665,25.07883333333333,23.284202928971027,21.81561975571328,5.711666666666667,14.985245901639344,19.4,586,427,0.9369279172777486
304385446,344,2024-07-01 01:53:38,2024-07-01 06:43:18,36.935923333333335,25.285976666666667,37.314371666666666,24.806896666666667,57.18438561606716,42.480137752872594,4.8277777777777775,14.316477857878477,17.2,972,971,0.7428625366036442
304385446,350,2024-07-06 01:13:08,2024-07-06 08:53:16,37.50205833333333,24.94870166666667,37.088728333333336,25.722311666666663,113.78968953288664,68.43582585333834,7.668888888888889,14.416586998087954,17.900000000000002,2348,2092,0.6014237857073996
304385446,356,2024-07-12 05:41:41,2024-07-12 09:08:07,36.998846666666665,24.971525,37.473661666666665,25.251301666666667,43.96651515483804,24.78472857439253,3.440555555555556,14.907150153217568,17.400000000000002,988,979,0.5637182862254945
306211122,359,2024-07-04 01:30:00,2024-07-04 16:52:03,37.618415,25.45931833333333,37.20234666666666,24.7386,145.06180927968893,63.660045567255615,15.3675,14.689556377079482,18.6,1307,1082,0.4388477290016062
306211122,361,2024-07-11 00:45:56,2024-07-11 16:06:35,37.665888333333335,25.563731666666666,37.34137,24.97009333333333,101.31059781882628,52.36973486405535,15.344166666666666,13.56423200859291,19.3,1203,931,0.5169225726780148
334424486,362,2024-07-03 14:29:40,2024-07-03 16:50:22,37.43967,24.94500333333333,37.087628333333335,25.149891666666665,17.476692417385937,18.14439325848882,2.345,26.67152974504249,32.4,791,706,1.0
334424486,387,2024-07-27 08:58:39,2024-07-27 09:50:55,37.336043333333336,24.851023333333337,37.13321833333333,25.33794,48.22881255760521,43.10810071416311,0.8711111111111111,30.785845588235293,32.1,544,544,0.8938246336186311
334424486,389,2024-07-27 14:00:53,2024-07-27 16:39:09,37.106395,25.37233,37.49091833333333,24.95136,46.71207173954164,37.243677592826096,2.637777777777778,25.029967689822293,31.700000000000003,1343,1238,0.7973030569162152
334424486,415,2024-08-14 08:13:27,2024-08-14 10:13:09,37.13420666666666,25.325023333333338,37.08885833333333,25.146791666666665,37.74175152977299,15.804717096748451,1.995,31.32840909090909,33.2,352,352,0.4187595025705346
346795489,484,2024-07-01 18:41:18,2024-07-02 04:38:34,37.086846666666666,25.149756666666665,36.95014,24.978273333333338,16.43081759417156,15.227030853612195,9.954444444444444,30.77647058823529,33.2,1026,51,0.9267360413649544
346795489,486,2024-07-02 18:15:17,2024-07-03 04:12:58,36.99236166666667,24.989418333333333,37.08685166666667,25.149755,15.91769886075825,14.232323915831834,9.961388888888887,15.836000000000002,34.0,1429,50,0.8941194352481844
346795489,487,2024-07-03 08:28:35,2024-07-03 10:17:20,37.14719333333333,25.331533333333333,37.12779166666667,25.13692,39.38732216287528,17.251220685915154,1.8125,31.440290620871856,33.300000000000004,771,757,0.4379891736375869
346795489,489,2024-07-04 17:25:58,2024-07-05 07:37:03,37.470325,24.957996666666663,37.272955,25.31754,60.29963874800069,31.774445956983183,14.184722222222222,28.24692874692875,34.7,4568,1221,0.5269425591382453
346795489,506,2024-07-16 05:02:00,2024-07-16 08:32:29,37.08685166666667,25.14973833333333,36.92824333333333,25.35752833333333,38.25342511864133,18.453332461573734,3.5080555555555555,29.867405764966744,33.4,959,902,0.4823968678449453
346795489,513,2024-07-18 04:51:13,2024-07-18 08:15:12,37.08689666666667,25.14981833333333,36.91328166666667,25.368348333333333,41.08364068776432,19.409248376010947,3.399722222222222,31.458116480793063,33.6,859,807,0.4724325315646011
366763109,528,2024-08-20 02:17:22,2024-08-20 04:11:52,36.311095,24.953075,36.38129666666666,25.392166666666668,45.728482857870816,39.32613241877112,1.9083333333333328,12.037241379310345,12.8,145,145,0.8599920653611248
366763109,531,2024-09-03 01:29:55,2024-09-03 02:46:46,36.27649,24.709156666666665,36.32441333333333,25.037115,48.35446187652581,29.38998966998386,1.2808333333333333,12.634666666666668,13.0,150,150,0.6078030553836344
369314059,534,2024-07-05 07:55:42,2024-07-05 15:14:51,37.35506333333333,24.88148,37.44983666666667,25.327285,45.079614104286,39.379213215620354,7.319166666666667,12.37847222222222,14.1,2821,576,0.8735481436136856
369314059,540,2024-07-12 07:27:27,2024-07-12 13:37:32,37.35299,24.88125833333333,37.45052666666667,25.319628333333338,73.369202113134,38.722856352474,6.168055555555555,12.035329341317366,14.0,2129,501,0.5277808022603823
369314059,541,2024-07-14 21:19:30,2024-07-14 22:20:52,37.47848666666667,25.278428333333338,37.510666666666665,24.97547833333333,30.36515031092347,26.727300429560067,1.0227777777777778,14.476422764227642,14.9,123,123,0.880196546234295
369314059,542,2024-07-17 05:26:43,2024-07-17 14:11:58,37.355665,24.881723333333333,37.45109333333333,25.32074833333333,53.06757978651461,38.779855833588776,8.754166666666666,11.664756446991404,14.5,2308,698,0.7307636034956961
369314059,544,2024-07-21 04:18:50,2024-07-21 05:13:32,37.444138333333335,25.20772,37.258095,25.05845,23.81345289646834,13.199253434708693,0.9116666666666666,14.751533742331288,15.1,163,163,0.5542771765226122
369314059,545,2024-07-24 07:53:17,2024-07-24 14:38:27,37.22236,25.12493333333333,37.44992166666667,25.326768333333337,25.77364934873411,17.849656564231612,6.752777777777778,9.659883720930232,14.4,1665,172,0.6925544893823237
369314059,568,2024-08-19 08:32:14,2024-08-19 14:51:39,37.35045333333333,24.878558333333338,37.393193333333336,25.358285,76.88576208440699,42.3925542964576,6.323611111111111,13.031450094161958,14.4,2361,531,0.5513706718536269
371681494,575,2024-07-03 13:27:22,2024-07-03 15:24:33,37.347413333333336,25.297675,37.52209166666667,24.958445,43.57116193555292,29.953784990245147,1.9530555555555555,14.925691699604744,16.3,255,253,0.6874681247782756
371681494,576,2024-07-04 19:24:05,2024-07-05 04:53:40,37.498995,24.96173333333333,37.46264333333333,25.324593333333333,38.15816340585357,32.01864845694829,9.493055555555555,11.866288492706644,16.400000000000002,739,617,0.8391034997254753
371681494,577,2024-07-05 06:05:42,2024-07-05 10:23:53,37.46266333333333,25.324605,37.499793333333336,24.96111,38.2018518310699,32.07450791759788,4.303055555555556,8.918764302059499,14.4,537,437,0.8396061023280394
371681494,578,2024-07-09 19:56:00,2024-07-10 02:15:39,37.507725,24.956271666666662,37.17843166666667,25.29088833333333,71.5062925075295,29.58745224503923,6.3275,13.463447653429602,15.9,1167,1108,0.4137741058512259
371681494,580,2024-07-10 13:19:58,2024-07-10 14:54:14,37.10583,25.370356666666662,37.113545,25.13461,28.72596024403395,20.905058238740747,1.5711111111111111,15.60923076923077,16.2,132,130,0.7277409723172783
371681494,582,2024-07-11 20:13:54,2024-07-11 22:00:44,37.51911333333334,24.975151666666665,37.50695833333333,25.308658333333337,37.41273084472347,29.415769789431103,1.7805555555555554,14.604074074074076,15.6,283,270,0.7862502716392802
371681494,585,2024-07-16 19:59:11,2024-07-17 03:04:40,37.51216333333333,24.95718,37.14280166666666,25.33000833333333,73.15033927677433,32.97308779323692,7.091388888888889,11.600808625336928,15.6,1183,1113,0.4507578244918144
371681494,587,2024-07-17 11:40:49,2024-07-17 14:05:29,37.09276833333333,25.315946666666665,37.11307666666666,25.133145,28.77244874652784,16.211603353438075,2.411111111111111,15.092121212121212,15.8,183,165,0.5634419057013503
371681494,589,2024-07-18 21:22:23,2024-07-19 01:13:24,37.51762833333333,24.971626666666666,36.957465,25.272196666666662,43.35791497917684,26.629949561352795,3.850277777777778,14.798623063683303,15.7,594,581,0.6141888874071124
371681494,590,2024-07-20 01:00:12,2024-07-20 03:27:37,37.32616166666666,25.292891666666662,37.52323333333333,24.95848,38.478991083926005,29.532866655714056,2.4569444444444444,13.734210526315788,15.9,315,304,0.7675062631268144
371681494,594,2024-07-24 14:10:45,2024-07-24 20:54:06,37.17966666666667,25.282825,37.493785,24.96456166666667,68.99823129197009,28.143894738662443,6.7225,13.01615487316422,16.1,868,749,0.4078929881487815
371681494,595,2024-07-25 21:19:31,2024-07-25 23:04:53,37.52041166666667,24.972561666666667,37.462625,25.322911666666663,31.617921254141024,30.91046888694565,1.7561111111111112,14.57542372881356,14.9,118,118,0.9776249563812576
371681494,596,2024-07-27 17:40:22,2024-07-27 19:47:10,37.50543166666667,25.300103333333333,37.52046166666667,24.969888333333333,36.86621831804281,29.125480233726915,2.1133333333333333,14.656621004566212,15.7,251,219,0.7900316756783411
371681494,600,2024-08-01 03:25:08,2024-08-01 07:32:57,37.49856166666667,24.958783333333333,37.39470666666666,25.371985,50.6662661124488,36.47789590921919,4.130277777777778,12.478492647058822,16.2,608,544,0.7199641636954277
371681494,602,2024-08-01 14:54:32,2024-08-01 16:56:19,37.5374,25.15623,37.50394,24.95628333333333,37.16193117354638,17.633899552187827,2.0297222222222224,9.142191142191145,15.0,480,429,0.4745151555724443
371681494,606,2024-08-13 01:04:05,2024-08-13 04:09:19,37.52376833333334,24.973931666666665,37.11630666666667,25.358305,42.89399289731093,33.99860098816183,3.087222222222222,14.630434782608695,16.0,608,575,0.7926191685990893
371681494,607,2024-08-13 05:22:43,2024-08-13 05:54:20,37.169801666666665,25.296451666666663,37.13203833333333,25.147665,18.668628855404563,13.18681254986078,0.5269444444444444,14.782222222222224,15.3,135,135,0.706362135751775
371681494,611,2024-08-17 16:14:35,2024-08-17 23:26:39,37.10566666666666,25.370436666666667,37.50917666666667,24.957055,77.42002002973439,36.56907946848595,7.201111111111112,13.077923627684966,15.6,906,838,0.4723465513757425
371681494,612,2024-08-20 00:07:27,2024-08-20 02:13:09,37.52574833333333,24.971253333333333,37.578028333333336,25.656861666666668,61.71192718528067,60.440105603017656,2.095,15.9515947467167,16.400000000000002,533,533,0.9793909923045416
371681494,614,2024-08-22 15:35:49,2024-08-22 17:45:02,37.50931,24.953893333333333,37.49209333333334,25.23483833333333,32.295569544787924,24.78386753160994,2.153611111111111,12.235171102661596,16.2,572,526,0.7674076624423466
375886596,615,2024-07-21 18:18:57,2024-07-22 08:58:02,37.47925333333333,24.962451666666663,36.92878,25.58766,75.00713821646255,55.38100656645052,14.651388888888889,14.058513396715645,17.2,1494,1157,0.7383431481764693
375886596,619,2024-07-24 12:13:10,2024-07-24 14:54:18,37.16124333333333,25.22057833333333,37.48708333333333,24.94954,34.09513991153142,23.974524920388305,2.685555555555556,14.17421875,17.6,764,640,0.7031654653008128
375886596,633,2024-08-02 07:41:19,2024-08-02 08:51:59,37.53662666666666,25.130445,37.43939,24.941158333333338,23.99315920542871,16.702011669453398,1.1777777777777778,13.986567164179103,17.2,307,268,0.6961155688774152
375886596,634,2024-08-02 09:53:30,2024-08-02 11:26:09,37.43938333333333,24.941206666666663,37.553066666666666,25.089755,25.127754906141547,13.106976387137212,1.544166666666667,13.827981651376149,16.6,264,218,0.5216135080947363
375886596,635,2024-08-02 18:11:42,2024-08-02 19:27:48,37.547563333333336,25.08632,37.43919666666667,24.94109333333333,25.64058921664625,12.814292757844582,1.268333333333333,13.02482993197279,17.5,352,294,0.4997659238472317
375886596,642,2024-08-07 11:29:56,2024-08-07 15:58:00,36.98434666666667,25.312398333333338,37.48918,24.953471666666665,51.82718520932872,31.789272113446035,4.467777777777778,14.807932692307691,17.2,472,416,0.6133706082059049
386691164,663,2024-08-03 09:12:01,2024-08-03 11:14:30,37.48311,24.951311666666665,37.206,25.336536666666667,41.82992613342478,34.058028173587694,2.0413888888888887,26.578995756718527,34.5,1679,1414,0.8142024459941171
386691164,666,2024-08-13 13:03:22,2024-08-13 15:29:12,37.012,25.29594,37.48064333333333,24.95020833333333,64.9871990015095,30.61577373889964,2.430555555555556,30.691253101736976,36.9,1920,1612,0.4711046822957935
386691164,669,2024-08-16 09:05:36,2024-08-16 10:03:01,37.4891,24.948271666666667,37.46065333333333,25.31982,32.84416651198865,32.7878783021811,0.9569444444444444,28.48713567839196,35.4,1275,995,0.9982862037376712
395657503,670,2024-07-04 08:22:16,2024-07-04 12:33:58,36.93763833333333,26.20766833333333,37.36174333333334,24.811615,123.64356141004887,123.73121326677465,4.195,17.350495750708216,17.900000000000002,1413,1412,1.0
395657503,671,2024-07-05 04:55:27,2024-07-05 07:03:51,37.37731333333333,24.762065,37.22638666666667,25.496945,69.39072160239388,65.00086628739734,2.14,16.938936781609197,17.3,696,696,0.9367371427530292
395657503,672,2024-07-09 02:25:18,2024-07-09 04:32:05,37.387746666666665,24.74171833333333,37.23696,25.461528333333337,130.4645918779344,63.65904973139887,2.1130555555555555,16.940629470672388,17.6,699,699,0.4879412016323916
395657503,673,2024-07-11 09:09:27,2024-07-11 12:56:21,37.031965,26.034808333333338,37.38103666666667,24.77138,162.6662844778605,111.89272156795214,3.7816666666666654,17.35487288135593,18.1,944,944,0.6878667077637786
395657503,674,2024-07-12 04:56:38,2024-07-12 07:22:08,37.38828166666666,24.742591666666662,37.220105,25.56509,75.3035620637956,72.74845120933097,2.425,16.806314580941446,17.3,871,871,0.9660691900298156
395657503,676,2024-07-15 09:54:14,2024-07-15 11:47:51,37.22742,25.55050333333333,37.34177833333333,24.856158333333333,95.97946691119628,61.42941975329128,1.8936111111111111,17.900123915737296,18.3,807,807,0.6400266820624043
395657503,677,2024-07-16 02:48:04,2024-07-16 06:10:17,37.391461666666665,24.739318333333333,37.122375,25.887311666666665,111.92212461072344,101.60142568279512,3.370277777777778,17.11211519364449,17.5,1007,1007,0.9077867851077276
395657503,678,2024-07-18 08:40:52,2024-07-18 12:59:49,36.934333333333335,26.146116666666668,37.376,24.759711666666668,145.7473705007239,122.86736452225836,4.315833333333333,17.931666666666672,19.0,1080,1080,0.8430159947321184
395657503,679,2024-07-19 04:49:40,2024-07-19 07:11:22,37.388725,24.739925,37.213225,25.521086666666665,70.84883617073666,69.09541158796628,2.361666666666667,16.492915531335154,17.0,734,734,0.9752511872101208
395657503,680,2024-07-22 07:24:42,2024-07-22 11:29:42,36.91456166666666,26.21788833333333,37.344701666666666,24.860016666666667,182.1069618365436,120.37936875705026,4.083333333333333,17.685638766519823,18.5,1135,1135,0.6610366102593097
395657503,681,2024-07-23 02:26:49,2024-07-23 04:56:37,37.377833333333335,24.76517,37.21230833333333,25.61943833333333,83.96001605691923,75.56752142806454,2.4966666666666666,16.908631578947368,17.400000000000002,950,950,0.9000417696065571
395657503,682,2024-07-25 10:45:48,2024-07-25 12:41:13,37.221365,25.577235,37.34500333333333,24.856306666666665,67.52031894626509,63.78248942057408,1.9236111111111112,18.301690507152145,18.8,769,769,0.9446414118886834
395657503,683,2024-07-26 05:09:24,2024-07-26 07:10:05,37.36175833333333,24.81087,37.2381,25.498971666666662,64.88968511617132,60.86473217391219,2.011388888888889,16.84219001610306,17.3,621,621,0.9379723767336318
395657503,685,2024-08-01 10:28:50,2024-08-01 12:20:32,37.22672333333333,25.542566666666666,37.345398333333335,24.86355,98.7376388531966,60.07219111894463,1.8616666666666664,17.8234219269103,18.4,602,602,0.6084021434648659
395657503,686,2024-08-02 05:20:22,2024-08-02 08:59:34,37.35400833333333,24.847585,37.02388166666667,26.055436666666665,108.35417596088452,106.99568614683764,3.653333333333333,16.633419689119172,17.900000000000002,772,772,0.9874625061563176
395657503,687,2024-08-05 06:58:27,2024-08-05 12:05:45,36.82148166666666,26.36439,37.385221666666666,24.735375,171.78977895618758,144.46615184607185,5.121666666666667,17.02676056338028,18.0,923,923,0.8409473062010039
395657503,688,2024-08-06 02:36:53,2024-08-06 05:42:48,37.37933666666667,24.76922833333333,37.15705166666667,25.828285,96.71120294434492,93.71615719974284,3.098611111111111,16.842732558139534,17.6,344,344,0.969031036183826
395657503,689,2024-08-13 03:10:46,2024-08-13 05:24:46,37.359005,24.826405,37.20988333333333,25.60934333333333,157.94105035915254,69.2675783030895,2.2333333333333334,17.183983572895276,17.7,974,974,0.4385660228647168
395657503,690,2024-08-19 08:12:36,2024-08-19 11:29:31,37.057228333333335,26.005091666666665,37.34223833333333,24.873571666666667,135.25734496066903,100.21962007822528,3.281944444444445,17.818087557603686,18.3,868,868,0.7409551038235133
395657503,691,2024-08-20 02:30:27,2024-08-20 05:23:46,37.38576166666667,24.734016666666665,37.194613333333336,25.730396666666667,100.48928572225728,88.14409304795156,2.888611111111111,16.914128440366973,18.0,1090,1090,0.8771491648529909
395657503,692,2024-08-22 10:51:33,2024-08-22 13:05:21,37.22707,25.546101666666665,37.387445,24.737801666666662,87.82119118215452,71.48969851285455,2.23,17.834352078239608,18.7,818,818,0.8140369943807073
395657503,693,2024-08-23 05:07:37,2024-08-23 07:22:49,37.35561833333333,24.822096666666667,37.215426666666666,25.60011666666667,76.28524993435863,68.83141068545153,2.2533333333333334,16.989285714285714,17.400000000000002,840,840,0.9022899019755336
395657503,695,2024-08-26 09:55:22,2024-08-26 11:53:10,37.24895833333333,25.4286,37.385665,24.73885,112.53047937919476,60.99651875000852,1.9633333333333327,17.40199146514936,18.3,703,703,0.5420444228666983
395657503,696,2024-08-27 02:27:20,2024-08-27 03:32:56,37.38844666666667,24.745485,37.29411666666667,25.113121666666668,33.09135304958679,32.50104534030977,1.0933333333333333,16.715015974440895,17.400000000000002,313,313,0.9821612700939591
408286708,718,2024-07-01 22:08:00,2024-07-02 02:43:54,37.60119666666667,25.016193333333337,37.10556,25.37216833333333,38.04736835839292,31.47877474233492,4.598333333333334,13.538548057259714,14.7,1111,978,0.8273574783363689
408286708,719,2024-07-02 04:39:23,2024-07-02 09:52:40,37.10556166666667,25.372165,37.55449,25.0971,33.38049802804682,24.33579912518677,5.221388888888889,11.612916666666669,14.1,330,240,0.7290424218578
408286708,730,2024-07-17 20:16:34,2024-07-18 00:28:35,37.54056166666667,24.98034833333333,37.105943333333336,25.370695,42.8561009904448,34.52639360829688,4.200277777777778,13.005148005148005,14.7,857,777,0.8056354360373307
408286708,731,2024-07-18 02:31:36,2024-07-18 07:50:26,37.105925,25.370708333333333,37.55000833333333,24.992725,39.972033785871226,33.43186983812613,5.313888888888889,10.660483870967743,13.8,387,248,0.836381506560799
408286708,733,2024-07-22 20:08:53,2024-07-22 23:07:27,37.53866166666667,24.971063333333333,37.58358833333333,25.367138333333333,40.85116102031405,34.91195166783116,2.976111111111111,11.019823788546256,14.1,640,454,0.8546134502877532
408286708,734,2024-07-23 11:04:29,2024-07-23 15:09:57,37.51678,25.297896666666663,37.484005,24.95319,44.93729118855054,30.408829693961582,4.091111111111111,9.449930069930067,14.7,1060,715,0.6766947648528795
408286708,741,2024-08-02 22:24:28,2024-08-03 06:29:28,37.56913166666666,25.06532333333333,37.44683666666667,25.29467333333333,49.30939095305978,20.23174358669211,8.083333333333334,12.91984,14.2,1992,1250,0.4103020377183685
419321940,742,2024-07-01 07:17:26,2024-07-01 09:07:44,37.26347833333333,24.820216666666667,36.894145,25.272525,60.24748684307591,40.131251416190125,1.8383333333333327,34.875,37.7,220,208,0.6661066464186017
419321940,745,2024-07-02 11:15:00,2024-07-02 12:58:02,36.97260333333333,25.285401666666665,37.27947,24.810763333333337,56.19490832083089,42.083847421976586,1.7172222222222222,33.02888888888889,37.1,1095,1035,0.7488907568228299
419321940,748,2024-07-04 07:20:05,2024-07-04 08:53:19,37.22728166666667,24.89817,36.96244833333333,25.287695,61.31466961053528,34.55191036618824,1.5538888888888889,33.605223880597016,38.400000000000006,843,804,0.5635178430489564
419321940,749,2024-07-04 11:11:05,2024-07-04 12:58:45,36.944568333333336,25.28006833333333,37.280645,24.811796666666663,62.287465922815336,41.5276310483064,1.7944444444444445,32.945189873417725,37.6,847,790,0.6667092718102567
419321940,752,2024-07-06 07:15:18,2024-07-06 08:58:30,37.27234666666666,24.824501666666663,36.960031666666666,25.29566,59.1132737716807,41.78093287311537,1.72,34.17969696969697,38.8,339,330,0.7067944339284976
419321940,757,2024-07-11 07:13:55,2024-07-11 08:52:19,37.27686,24.827635,37.00085666666666,25.299648333333337,57.320664362080834,41.84329481680531,1.64,34.79659090909091,38.5,184,176,0.7299862149623964
419321940,761,2024-07-13 07:14:34,2024-07-13 08:57:14,37.27163,24.82419833333333,36.98602666666667,25.29418833333333,58.8285303519568,41.66971165482944,1.711111111111111,34.87075812274369,38.7,284,277,0.7083248791960242
419321940,762,2024-07-13 11:18:41,2024-07-13 13:02:47,36.96192333333333,25.28703833333333,37.293706666666665,24.821511666666662,57.955488717729445,41.275842791846166,1.735,34.78169491525424,37.3,604,590,0.7121990290320729
419321940,763,2024-07-14 07:14:09,2024-07-14 08:57:01,37.26640166666667,24.820445,36.965291666666666,25.292305,58.30903842379078,41.84303850842968,1.7144444444444444,33.85880281690141,38.400000000000006,292,284,0.717608103984051
419321940,764,2024-07-14 11:16:01,2024-07-14 13:08:39,36.939031666666665,25.284881666666667,37.278463333333335,24.809631666666668,62.343039048584544,42.148579095984765,1.877222222222222,34.37859078590786,37.2,374,369,0.6760751439007964
419321940,765,2024-07-15 07:18:18,2024-07-15 09:01:10,37.27016833333333,24.82436333333333,36.979245,25.290325,57.27700123566337,41.31500210373925,1.7144444444444444,34.84846153846154,38.8,130,130,0.721319224338417
419321940,766,2024-07-15 11:21:20,2024-07-15 13:09:56,36.963235,25.286218333333338,37.28313833333333,24.813446666666668,50.61966590579246,41.92029746976683,1.81,34.85833333333334,36.6,279,276,0.828142515752358
419321940,767,2024-07-16 07:14:25,2024-07-16 09:05:17,37.270698333333335,24.8055,36.887708333333336,25.276266666666668,63.22780624654422,41.76868134716467,1.8477777777777773,34.77592067988668,39.0,361,353,0.6606062083554826
419321940,768,2024-07-16 11:17:41,2024-07-16 13:04:40,36.95757166666667,25.29057333333333,37.250888333333336,24.785378333333338,61.28769762398896,44.8052046046343,1.7830555555555556,33.56271551724138,36.7,481,464,0.7310635958218283
419321940,771,2024-07-18 07:21:53,2024-07-18 09:02:59,37.23562,24.856321666666663,36.988398333333336,25.296575,59.75636306898262,39.04145368145951,1.685,33.9643137254902,38.8,273,255,0.6533438729594392
419321940,772,2024-07-18 11:21:25,2024-07-18 13:04:27,36.95907166666667,25.289225,37.27538166666667,24.802106666666667,61.329857501910624,43.1954338133114,1.7172222222222222,34.81057268722467,36.7,469,454,0.7043132916453576
419321940,773,2024-07-19 07:28:29,2024-07-19 09:12:51,37.26941833333333,24.82349,36.968543333333336,25.28945833333333,55.37756420309532,41.31897163583577,1.7394444444444443,34.98842975206611,38.7,121,121,0.7461319801698005
419321940,779,2024-07-22 07:17:35,2024-07-22 08:55:51,37.259798333333336,24.837106666666667,36.999941666666665,25.299895,57.33958898743076,41.03014617235612,1.6377777777777778,32.07073954983923,38.2,673,622,0.7155640090365876
419321940,780,2024-07-22 11:25:42,2024-07-22 13:05:32,36.98730666666667,25.29767333333333,37.28147666666667,24.811816666666665,57.83825562671182,43.07325391012031,1.663888888888889,31.95605942142299,38.5,1360,1279,0.7447191040496648
419321940,786,2024-07-25 11:38:55,2024-07-25 13:26:46,36.96072333333333,25.287756666666667,37.28020333333333,24.80446833333333,58.60727128132436,42.854128049711896,1.7975,34.4025,36.6,282,280,0.73120838272789
419321940,788,2024-07-26 11:25:20,2024-07-26 13:14:56,36.941653333333335,25.282081666666667,37.27404833333333,24.806825,61.41792565570804,42.14946981863552,1.8266666666666669,34.80362116991643,36.9,361,359,0.6862730932157141
419321940,789,2024-07-27 07:16:40,2024-07-27 09:02:48,37.269398333333335,24.8225,36.96512,25.291825,61.14798940219134,41.61759295717668,1.768888888888889,34.5103139013453,37.9,236,223,0.6806044379226187
419321940,790,2024-07-27 11:25:48,2024-07-27 13:23:30,36.94270333333333,25.282155,37.28601333333334,24.80868333333333,62.63753580121792,41.987904362400926,1.961666666666667,33.57118881118881,36.2,762,715,0.6703313568345151
419321940,791,2024-07-28 07:16:45,2024-07-28 08:58:39,37.27234,24.824691666666663,36.999991666666666,25.30042333333333,56.04247057832536,42.174281420186674,1.6983333333333333,34.7112676056338,38.3,143,142,0.7525414383943619
419321940,792,2024-07-28 11:19:19,2024-07-28 13:12:54,36.959045,25.289635,37.28579,24.815853333333333,60.62410804503082,42.01044756153415,1.8930555555555555,34.369942196531795,35.800000000000004,177,173,0.6929660314396596
419321940,794,2024-07-29 11:20:16,2024-07-29 13:22:36,36.94468166666667,25.2804,37.37621,24.76018833333333,65.27624311675157,46.10635877111756,2.0388888888888888,34.07978723404256,35.9,285,282,0.7063267824505892
419321940,796,2024-07-30 11:20:04,2024-07-30 13:09:50,36.94044333333333,25.283845,37.267741666666666,24.82262,58.63662450963812,40.90721328170181,1.8294444444444444,34.370430107526886,36.3,195,186,0.6976392932539607
419321940,798,2024-07-31 11:27:22,2024-07-31 13:20:00,36.95513666666667,25.286816666666667,37.3173,24.837218333333333,48.96700099827975,39.86043237021426,1.877222222222222,34.347593582887704,36.3,187,187,0.8140264169254431
419321940,801,2024-08-01 11:28:22,2024-08-01 13:16:14,36.96098,25.288745,37.31381666666667,24.836291666666668,48.66485038967343,40.11254917017854,1.7977777777777777,34.84045801526718,36.0,131,131,0.8242612244563754
419321940,803,2024-08-02 11:18:01,2024-08-02 13:06:16,36.938271666666665,25.283821666666668,37.269185,24.80278,61.45643781336312,42.6646889350681,1.8041666666666667,34.92344497607655,36.7,428,418,0.6942265196794577
419321940,804,2024-08-03 07:21:10,2024-08-03 09:10:26,37.26980666666667,24.8237,36.96924666666666,25.290811666666663,60.75204405863931,41.4200276768458,1.8211111111111111,31.57579693034238,37.7,920,847,0.6817882150083083
439165167,817,2024-07-27 04:56:55,2024-07-27 08:48:27,37.50051,25.012968333333333,37.397396666666666,25.22335333333333,38.11845520136052,18.57324833052665,3.858888888888889,6.2673222390317695,10.9,2345,661,0.4872508141374977
439729450,818,2024-07-01 00:00:04,2024-07-01 01:51:07,37.33025,25.48113333333333,37.50869333333333,24.94813333333333,50.96294046040521,47.07137320586326,1.850833333333333,19.093441064638785,25.4,1136,1052,0.9236392716082495
439729450,819,2024-07-01 18:42:42,2024-07-01 22:18:35,37.5077,24.9475,37.2629,26.4115,133.5635448501637,129.3467287390547,3.598055555555556,22.552800908402727,25.700000000000003,2723,2642,0.9684283902779042
439729450,820,2024-07-02 18:43:25,2024-07-03 01:52:58,36.903533333333336,27.0069,37.5034,24.952216666666665,240.28929288287583,181.9713499217199,7.159166666666667,22.060118753092528,26.200000000000003,2158,2021,0.7573011170764824
439729450,821,2024-07-03 18:57:10,2024-07-03 22:55:48,37.5041,24.95223333333333,37.25156666666667,26.56938333333333,146.79228851736244,142.89153041981731,3.977222222222222,24.19325189063409,25.3,3450,3438,0.9734266824439912
439729450,823,2024-07-04 23:03:56,2024-07-05 01:46:59,37.30265,25.86328333333333,37.50736666666667,24.9476,170.83688877629072,80.88182076476797,2.7175,19.49866071428572,25.0,1225,1120,0.4734447070777667
439729450,824,2024-07-05 18:33:58,2024-07-05 20:32:07,37.505183333333335,24.95215,37.28876666666667,25.479016666666663,51.412193069242406,46.5442830263999,1.9691666666666667,21.61236531554644,25.200000000000003,2036,1949,0.9053160397906708
439729450,825,2024-07-08 18:32:10,2024-07-08 20:42:29,37.50751666666667,24.94845,37.326,25.517166666666668,101.63255511960566,50.22733881094334,2.171944444444444,20.51103238866397,25.0,2076,1976,0.4942052155614271
439729450,826,2024-07-09 22:46:52,2024-07-10 01:58:18,37.2877,26.032016666666667,37.5051,24.95148333333333,144.94510720467744,95.45350101832511,3.190555555555556,20.14192592592593,25.4,1497,1350,0.658549314697011
439729450,827,2024-07-10 18:57:58,2024-07-10 21:36:19,37.50523333333334,24.950883333333337,37.30021666666666,25.873066666666663,75.26558162117595,81.45842842252068,2.6391666666666667,22.98580307491004,25.200000000000003,3189,3057,1.0
440238215,828,2024-07-01 09:25:30,2024-07-01 09:59:50,37.45021666666667,25.1638,37.46148333333333,24.95991666666667,17.595157762716198,17.996587704167467,0.5722222222222222,23.36554455445545,35.1,537,505,1.0
440238215,831,2024-07-02 15:26:33,2024-07-02 16:58:33,37.4594,24.95768333333333,37.173566666666666,25.163566666666668,41.181071564633456,18.21528290558576,1.5333333333333334,25.776740237691,35.6,612,589,0.4423217321335841
440238215,835,2024-07-04 16:03:15,2024-07-04 16:35:04,37.46585,24.95815,37.46011666666666,25.13843333333333,15.73411777370841,15.911913140939689,0.5302777777777777,23.408686868686868,35.300000000000004,535,495,1.0
440238215,837,2024-07-05 15:36:43,2024-07-05 16:10:55,37.46575,24.95898333333333,37.45735,25.140016666666668,18.441371135094005,15.978419232104862,0.57,24.21011608623549,33.9,645,603,0.866444209329851
440238215,842,2024-07-10 15:54:44,2024-07-10 17:26:16,37.462,24.96035,37.24698333333333,25.206316666666662,23.26873400119438,21.744559939390548,1.5255555555555556,23.332444444444448,34.9,482,450,0.9344969063754996
440238215,843,2024-07-11 09:34:53,2024-07-11 10:05:48,37.45048333333333,25.1081,37.46403333333333,24.96058333333333,23.39376900960997,13.020928613543946,0.5152777777777777,23.65386138613861,35.4,541,505,0.5565981526189754
440238215,846,2024-07-12 15:44:22,2024-07-12 16:21:57,37.46026666666667,24.95725,37.4629,25.163516666666663,21.024342979972023,18.205553748731475,0.6263888888888889,23.90098360655737,33.7,671,610,0.865927356972546
440238215,848,2024-07-13 15:31:55,2024-07-13 16:15:46,37.47238333333333,24.959516666666666,37.4506,25.09443333333333,11.412002239708606,11.90813460355904,0.7308333333333333,22.316796875,34.4,615,512,1.0
440238215,850,2024-07-14 15:33:31,2024-07-14 16:56:59,37.464533333333335,24.95683333333333,37.2452,25.20705,26.537638956232705,22.12018830607101,1.3911111111111112,25.81474358974359,35.300000000000004,656,624,0.8335401782559787
440238215,852,2024-07-15 15:43:48,2024-07-15 17:10:06,37.469013333333336,24.958466666666663,37.245783333333335,25.2062,26.45269702736577,21.90014080774369,1.4383333333333332,23.92810902896081,35.2,609,587,0.8278982209295187
440238215,856,2024-07-17 16:07:46,2024-07-17 16:43:58,37.46716666666666,24.95945,37.45608333333333,25.101916666666668,16.068631833829244,12.574436283394355,0.6033333333333334,19.492721979621543,25.5,726,687,0.7825455467167672
446911976,1008,2024-09-04 18:40:55,2024-09-04 21:00:17,37.44896,25.32666,37.437,25.008668333333333,39.88891824147724,28.073632164226588,2.3227777777777776,14.068032786885244,15.7,764,732,0.703795274524018
449094058,1010,2024-07-01 05:39:20,2024-07-01 08:40:22,37.10599333333333,25.372511666666668,37.56787,25.080321666666663,64.50943022945643,25.847478714840666,3.0172222222222222,29.86296296296296,34.0,1907,1863,0.4006775230055921
449094058,1014,2024-07-02 13:38:05,2024-07-03 02:33:35,37.577365,25.06271,37.105995,25.372511666666668,67.89071951552768,27.402469679273683,12.925,29.292853304674907,34.7,3185,1861,0.4036261491234646
449094058,1015,2024-07-03 06:08:55,2024-07-03 08:37:01,37.10574833333333,25.372001666666662,37.57364166666667,25.071518333333337,64.84921361274822,26.57965676596941,2.4683333333333333,29.994827586206902,35.1,1407,1334,0.409868605727307
449094058,1017,2024-07-03 20:50:44,2024-07-04 08:42:08,37.10599666666667,25.37242833333333,37.594926666666666,25.04282333333333,50.04972178401534,29.14986578367694,11.856666666666667,28.71005361930296,34.300000000000004,2161,1492,0.5824181382959595
449094058,1020,2024-07-05 14:14:49,2024-07-05 16:38:11,37.57514333333334,25.06694,37.10729666666667,25.366835,65.19380524322978,26.52713471720753,2.3894444444444445,30.75495337995338,35.300000000000004,1789,1716,0.4068965543311695
454406528,1023,2024-07-13 21:40:54,2024-07-14 01:18:33,37.05860833333333,24.96824833333333,37.43908666666667,25.433145,41.43662367266181,41.15550225530411,3.6275,12.90952380952381,13.7,573,567,0.9932156292564162
454406528,1028,2024-07-15 02:33:41,2024-07-15 06:02:07,37.441435,25.43771,37.016295,25.291488333333337,13.025381510302347,12.972035530287345,3.473888888888889,15.41437908496732,16.8,157,153,0.995904459307176
454406528,1029,2024-07-28 14:31:31,2024-07-28 16:37:44,37.35154333333333,24.86768333333333,37.43476,25.44095,88.21681278210734,50.644225347581056,2.103611111111112,13.711497326203208,16.900000000000002,1122,1122,0.5740881329806218
454406528,1046,2024-08-14 13:30:22,2024-08-14 14:45:57,37.61551666666666,25.020648333333337,37.50288166666667,25.364271666666667,30.54602243191749,30.290073168695184,1.2597222222222222,14.889108910891087,16.2,303,303,0.9916208644253838
454406528,1051,2024-08-15 21:00:44,2024-08-15 22:44:05,37.39209666666667,25.355071666666667,37.35634,24.88201,48.56799955061364,41.80222615132041,1.7225,13.24814814814815,14.0,432,432,0.8606948307137401
454406528,1052,2024-08-23 01:04:30,2024-08-23 03:20:59,37.35506333333333,24.871058333333337,37.43891666666666,25.437256666666663,51.007415730237454,50.01723652874168,2.274722222222222,12.792471358428806,13.3,611,611,0.980587544236067
454406528,1054,2024-08-28 10:28:43,2024-08-28 12:31:59,37.100335,25.30829,37.441145,25.436026666666667,24.663090168686367,11.32229209047627,2.0544444444444445,12.78065573770492,13.2,308,305,0.4590784047350109
462919369,1066,2024-07-06 03:43:25,2024-07-06 09:15:13,37.55765333333333,25.346108333333333,37.41220666666667,24.982736666666668,34.540531407721744,32.06315984928142,5.53,9.07401215805471,11.6,804,658,0.9282763913155518
477832320,1076,2024-07-06 08:31:10,2024-07-06 09:16:31,37.292033333333336,24.815416666666668,37.08708333333333,25.14773333333333,32.05309841294033,29.439984444630348,0.7558333333333334,31.013772455089818,32.5,504,501,0.9184754642236076
477832320,1077,2024-07-08 14:28:31,2024-07-08 15:46:25,37.179433333333336,25.30803333333333,37.27236666666667,24.79748333333333,57.68001309861721,45.20421873526959,1.2983333333333331,33.233333333333334,34.7,483,483,0.7837068042613412
477832320,1079,2024-07-10 08:39:15,2024-07-10 10:15:43,37.341883333333335,24.871883333333333,37.105783333333335,25.37215,55.61028998679788,44.29683793488286,1.6077777777777778,31.378853046594983,34.4,282,279,0.7965582978509753
477832320,1080,2024-07-10 11:40:30,2024-07-10 15:48:02,36.89788333333333,25.69445,37.25933333333333,24.792833333333338,146.91598777602826,79.98665949177112,4.125555555555556,31.640073982737363,34.1,831,811,0.5444380880705092
477832320,1084,2024-07-14 08:28:00,2024-07-14 09:52:21,37.28086666666667,24.803633333333337,37.16945,25.210316666666667,39.63021485938991,36.008563811457456,1.4058333333333333,30.779038461538462,32.9,542,520,0.908613893192801
496008645,1095,2024-07-06 08:17:59,2024-07-06 09:16:25,37.54755166666666,25.10081,37.474986666666666,25.271211666666662,23.082127335396,15.030685003365718,0.9738888888888888,10.975,19.6,291,208,0.6511828301162021
525791007,1107,2024-07-01 07:41:07,2024-07-01 10:15:40,37.281578333333336,24.811008333333337,37.02583,25.30952333333333,59.33209944752407,44.18314586634395,2.575833333333333,23.023830734966594,24.5,512,449,0.7446752479308687
525791007,1108,2024-07-01 13:42:55,2024-07-01 17:11:31,36.7877,25.393335,37.29560666666666,24.78827666666667,76.15787705481176,53.71040901105061,3.4766666666666666,23.0934328358209,24.5,1087,1005,0.7052508694851691
525791007,1109,2024-07-02 07:41:36,2024-07-02 10:26:26,37.28665,24.814255,36.97872666666667,25.32122333333333,63.42405273726154,44.94590266182407,2.7472222222222222,23.11463414634147,24.5,615,574,0.708657058671661
525791007,1110,2024-07-02 13:42:35,2024-07-02 17:26:55,36.791066666666666,25.39073833333333,37.31080666666666,24.76140833333333,75.96540863121773,55.857800133510445,3.738888888888889,23.207985480943744,24.9,1198,1102,0.735305728488583
525791007,1111,2024-07-03 07:40:10,2024-07-03 10:05:28,37.28303,24.814885,37.09572666666666,25.32610333333333,60.47206826873531,45.286330892580615,2.421666666666667,24.02822299651568,24.8,294,287,0.7488801390309667
525791007,1112,2024-07-03 13:51:06,2024-07-03 17:08:23,36.84377333333333,25.371336666666668,37.28508833333333,24.808295,68.2315114648875,49.96475888955275,3.288055555555556,24.19813953488373,24.8,651,645,0.7322827505479638
525791007,1113,2024-07-04 07:41:28,2024-07-04 10:20:17,37.28046333333333,24.81173833333333,37.02784,25.30775,60.87673965512133,43.96098118395668,2.6469444444444443,22.09172185430464,24.4,1054,906,0.7221310049290462
525791007,1114,2024-07-04 13:48:39,2024-07-04 17:11:04,36.83348166666666,25.378083333333333,37.28359,24.806091666666667,71.76331250970854,50.762965314532615,3.373611111111111,23.9424739195231,24.700000000000003,696,671,0.7073665294876837
525791007,1117,2024-07-05 13:46:59,2024-07-05 17:11:47,36.768765,25.39919,37.29322666666667,24.78500333333333,77.30824364015012,54.528633124884365,3.4133333333333336,23.53449001051525,24.5,963,951,0.7053404728569574
525791007,1118,2024-07-06 07:41:48,2024-07-06 09:16:28,37.28511666666667,24.812498333333338,37.13197666666667,25.160053333333337,37.4594133914716,30.78086469992937,1.5777777777777775,23.19798657718121,24.0,323,298,0.8217124058578361
525791007,1121,2024-07-09 13:45:50,2024-07-09 17:18:17,36.766036666666665,25.39977,37.29850833333333,24.791766666666668,121.28496790799473,53.97922038576332,3.540833333333333,23.21010575793185,24.0,856,851,0.4450610930343098
525791007,1122,2024-07-10 07:47:34,2024-07-10 10:21:05,37.28205666666667,24.81088,37.09426,25.331633333333333,56.673505604512016,46.13168614885932,2.558611111111111,23.387888198757764,24.3,327,322,0.8139903409325465
525791007,1123,2024-07-10 13:53:14,2024-07-10 17:25:31,36.755811666666666,25.402735,37.307805,24.762976666666667,77.68654520248015,56.79842423094521,3.538055555555556,23.435880077369443,24.6,1053,1034,0.7311230546152787
525791007,1124,2024-07-11 07:47:05,2024-07-11 10:30:19,37.27820333333333,24.809846666666665,37.04270666666667,25.304336666666668,62.860882682712,43.822143834685065,2.7205555555555554,22.915853658536584,24.1,462,410,0.6971289928567457
525791007,1125,2024-07-11 13:53:02,2024-07-11 17:18:00,36.792411666666666,25.39039,37.296845,24.790555,77.42863492951807,53.24469827887016,3.416111111111112,22.35475792988314,24.5,1261,1198,0.6876615909261202
525791007,1126,2024-07-12 07:42:35,2024-07-12 10:22:01,37.28085333333333,24.812048333333333,37.09343166666667,25.327338333333337,59.0723253494344,45.648349022936806,2.6572222222222224,23.40551470588236,24.3,282,272,0.7727535483478961
525791007,1127,2024-07-12 13:55:08,2024-07-12 17:20:19,36.77304,25.396275,37.311055,24.762823333333333,77.76090215066635,56.23067418104461,3.419722222222222,23.71878072763029,24.700000000000003,1025,1017,0.7231227085315234
525791007,1128,2024-07-13 07:43:42,2024-07-13 10:26:45,37.28586,24.812671666666667,37.027213333333336,25.307686666666665,64.06413707884933,43.87139920314196,2.7175,23.134538152610443,24.4,524,498,0.684804341454652
525791007,1129,2024-07-13 13:44:49,2024-07-13 17:10:33,36.76513,25.399978333333333,37.28507833333333,24.80515,75.54827923074711,52.81452047713398,3.428888888888889,23.00540098199673,24.5,1293,1222,0.6990830368991277
525791007,1130,2024-07-14 07:41:52,2024-07-14 10:17:13,37.285005,24.807461666666665,37.03548833333333,25.305276666666668,58.11689773332381,44.11716953084142,2.589166666666667,23.15437788018433,24.5,468,434,0.7591108825746037
525791007,1131,2024-07-14 13:48:05,2024-07-14 17:19:52,36.79101666666666,25.390811666666668,37.28721166666666,24.80715333333333,75.82239694626739,51.812751745264976,3.5297222222222224,22.33314001657001,24.6,1380,1207,0.6833436271077372
525791007,1132,2024-07-15 07:43:47,2024-07-15 10:28:51,37.281706666666665,24.810226666666665,37.030485,25.30570833333333,57.9892285629466,43.91285631483488,2.751111111111112,23.39090909090909,24.9,465,418,0.7572588462212083
525791007,1133,2024-07-15 13:55:25,2024-07-15 17:22:20,36.79064833333333,25.39246333333333,37.285963333333335,24.80596,74.76834754128078,52.0657466817043,3.448611111111111,23.051081081081087,24.5,1224,1110,0.6963608049911493
525791007,1134,2024-07-16 07:41:17,2024-07-16 10:17:35,37.283795,24.81187,37.05825,25.30493,60.14080660620539,43.68913574802435,2.605,22.822782874617737,24.6,709,654,0.7264474524609462
526575618,1142,2024-08-04 02:26:20,2024-08-04 15:23:14,37.410516666666666,25.323295,37.15103,24.92326333333333,37.591302226104354,35.39630332489333,12.948333333333334,10.926200873362449,12.1,2704,229,0.9416088623903336
533187847,1158,2024-07-01 07:36:59,2024-07-01 09:22:43,37.49198666666667,24.954256666666662,37.47822333333333,25.299973333333337,37.7215393568762,30.504117934410463,1.762222222222222,21.948381294964022,25.1,1237,1112,0.8086657770197789
533187847,1159,2024-07-01 17:40:02,2024-07-01 19:50:22,37.48431833333333,25.298525,37.488795,24.95606833333333,38.528585767432205,30.215876797961627,2.172222222222222,18.938438735177865,25.4,1173,1012,0.7842456761935648
533187847,1161,2024-07-02 18:00:11,2024-07-02 18:49:57,37.509193333333336,25.389006666666667,37.52396,24.959163333333333,45.16673735717946,37.91098956057119,0.8294444444444444,24.833831775700933,25.3,535,535,0.8393563887683613
533187847,1163,2024-07-03 19:09:37,2024-07-03 19:42:35,37.502065,25.21240333333333,37.52169,24.952933333333338,30.545569027520905,22.88601275168692,0.5494444444444444,21.90445544554455,23.6,202,202,0.7492416569836073
533187847,1164,2024-07-04 07:34:38,2024-07-04 09:32:50,37.492981666666665,24.95883333333333,37.50996166666667,25.34656333333333,42.55856481224873,34.20364258046634,1.97,22.33336693548387,25.3,1119,992,0.8036841169658575
533187847,1165,2024-07-04 17:21:04,2024-07-04 19:11:14,37.48820333333333,25.29638,37.48473833333333,24.95812833333333,42.29566877252663,29.844892519143965,1.836111111111111,18.91055900621118,24.3,1045,966,0.7056252657844215
533187847,1166,2024-07-05 07:36:51,2024-07-05 09:23:53,37.48732833333333,24.962783333333338,37.47394166666667,25.30169666666667,35.83128104577076,29.905619202034472,1.7838888888888889,22.03941825476429,25.4,1110,997,0.8346232210853175
533187847,1167,2024-07-05 17:23:45,2024-07-05 19:03:47,37.482605,25.29698833333333,37.48544,24.957641666666667,36.5975322302178,29.94248833325609,1.6672222222222222,22.021782178217823,25.8,994,909,0.8181559386272831
533187847,1168,2024-07-06 07:31:45,2024-07-06 09:16:39,37.49759,24.955651666666668,37.46356166666666,25.32251,35.95629695144733,32.37155416977907,1.7483333333333333,22.554382657869933,25.700000000000003,1186,1061,0.9003027818323776
533187847,1169,2024-07-08 17:35:03,2024-07-08 19:14:05,37.48202333333333,25.29815333333333,37.48681833333333,24.963733333333337,36.49735509140456,29.507624564901786,1.6505555555555556,22.05524752475248,26.3,1105,1010,0.808486655841291
533187847,1172,2024-07-10 19:26:05,2024-07-10 19:57:13,37.505835,25.24025333333333,37.52243166666667,24.967748333333333,29.315805640456528,24.03499906912056,0.5188888888888888,25.1300925925926,25.5,216,216,0.8198648662055418
533187847,1173,2024-07-11 07:37:11,2024-07-11 09:25:44,37.48627666666667,24.962781666666668,37.477381666666666,25.302526666666665,35.976184927775286,29.978519881347143,1.8091666666666664,21.490189520624305,25.3,1005,897,0.8332879081406526
533187847,1174,2024-07-11 17:27:21,2024-07-11 19:06:19,37.48744833333333,25.29993333333333,37.48944,24.96146833333333,39.1794820400308,29.86292614265744,1.6494444444444445,20.819156118143464,23.9,1260,1185,0.76220829341607
533187847,1175,2024-07-12 07:34:53,2024-07-12 09:27:00,37.48666166666667,24.963276666666665,37.47596166666667,25.299765,36.95729950556066,29.69136538712796,1.868611111111111,22.004302203567683,25.4,1087,953,0.8033965085208821
533187847,1176,2024-07-12 17:22:52,2024-07-12 19:11:50,37.483,25.298576666666666,37.49013166666667,24.954491666666662,38.63522793486196,30.359547005221124,1.816111111111111,20.8748031496063,24.3,1255,1143,0.7857996090098542
533187847,1177,2024-07-13 07:33:52,2024-07-13 09:23:35,37.493985,24.959243333333333,37.48211,25.30169666666667,34.86383291130287,30.21498701135282,1.8286111111111112,22.319713261648744,25.3,1244,1116,0.8666570622978493
533187847,1178,2024-07-13 17:35:45,2024-07-13 19:09:43,37.48026333333333,25.298211666666667,37.485585,24.95768333333333,38.74055237333066,30.04719633485528,1.566111111111111,20.919582504970176,24.0,1082,1006,0.775600617288566
533187847,1179,2024-07-14 07:49:20,2024-07-14 09:01:48,37.520608333333335,24.960851666666667,37.47522666666666,25.301341666666666,34.16146406488815,30.037907564490084,1.2077777777777778,21.550375939849623,23.5,133,133,0.879292161115649
533187847,1180,2024-07-14 18:22:39,2024-07-14 20:01:21,37.48334333333333,25.299088333333337,37.48554833333333,24.957691666666665,38.44999335052606,30.12320042245708,1.645,20.55903225806452,24.5,1008,930,0.7834383779430472
533187847,1181,2024-07-15 07:33:44,2024-07-15 08:43:56,37.49782666666667,24.95563,37.45962333333333,25.18606833333333,25.459015612161068,20.33446664800101,1.17,22.267123287671232,25.200000000000003,1180,1022,0.7987137820948503
534176328,1182,2024-07-01 09:00:38,2024-07-01 10:59:54,37.47515666666666,24.952001666666668,37.122283333333336,25.367383333333333,41.12043113921643,36.74829690919065,1.9877777777777776,27.14762684124387,37.2,696,611,0.8936748932611241
534176328,1183,2024-07-01 12:52:00,2024-07-01 14:54:43,37.111538333333336,25.363578333333333,37.47693833333334,24.951435,43.072070934609286,36.46452263030364,2.0452777777777778,29.291211401425183,37.0,904,842,0.8465932062022969
534176328,1184,2024-07-02 08:57:21,2024-07-02 11:42:43,37.47595666666667,24.95325,37.018415,25.334543333333333,73.991431990139,33.76129304442217,2.756111111111111,29.9495736906212,37.8,877,821,0.4562865204301169
534176328,1185,2024-07-02 12:51:49,2024-07-02 15:04:27,37.043755,25.315753333333333,37.474986666666666,24.95256833333333,48.48856886123335,32.15252345707344,2.210555555555556,30.457570207570207,36.9,1774,1638,0.6630949151972066
534176328,1186,2024-07-03 08:57:29,2024-07-03 10:29:36,37.465165,24.95377166666667,37.351325,25.301236666666668,36.299878770741095,30.690654115264245,1.5352777777777775,25.80679611650485,37.2,500,412,0.845475388749836
534176328,1187,2024-07-03 12:45:50,2024-07-03 14:34:20,37.15716666666667,25.352053333333338,37.474003333333336,24.952635,45.81641162723883,35.32738597225268,1.808333333333333,28.116577540106952,37.6,592,561,0.771064007798677
534176328,1188,2024-07-04 09:02:30,2024-07-04 11:26:00,37.47402833333334,24.952731666666665,36.97976,25.367441666666668,52.55515351974077,36.72976930815193,2.3916666666666666,30.258000000000003,37.5,1171,1100,0.6988804493617451
534176328,1189,2024-07-04 12:32:56,2024-07-04 14:45:02,37.04998333333333,25.313393333333337,37.47721166666667,24.951931666666667,53.65645765577848,31.99807148980442,2.2016666666666667,30.71326397919376,37.3,831,769,0.5963508007755786
534176328,1190,2024-07-05 09:06:08,2024-07-05 11:26:06,37.467306666666666,24.95298333333333,37.162125,25.263236666666668,52.40345966670037,27.4435740683639,2.332777777777778,26.817952755905512,37.2,709,635,0.5236977528375448
534176328,1191,2024-07-05 13:33:24,2024-07-05 15:21:18,37.15800166666666,25.35188833333333,37.479195,24.951326666666667,50.69983084788238,35.4272016801228,1.7983333333333331,30.20686131386861,36.9,752,685,0.6987637056702826
534176328,1193,2024-07-08 14:07:47,2024-07-08 15:44:53,37.36018833333333,25.297095,37.47640333333333,24.95170333333333,70.15505852029804,30.50347145358609,1.6183333333333334,24.6911190053286,36.3,638,563,0.4348007413429851
534176328,1194,2024-07-09 09:24:05,2024-07-09 10:48:54,37.44067166666667,24.941925,37.163665,25.159951666666668,41.550762856013016,19.291871356481565,1.4136111111111112,30.40810810810811,36.7,539,518,0.4642964420011783
534176328,1195,2024-07-09 13:27:20,2024-07-09 15:24:56,37.12475333333333,25.361406666666667,37.47338166666667,24.95275,61.63326360485376,36.15323819996444,1.96,26.36496913580247,37.5,715,648,0.5865864646037873
534176328,1196,2024-07-10 09:38:44,2024-07-10 12:06:48,37.48071166666666,24.952943333333337,37.13070833333333,25.36490333333333,40.94475551582792,36.442206391808526,2.4677777777777776,21.652904238618525,29.1,735,637,0.8900335569892741
534176328,1197,2024-07-10 14:41:10,2024-07-10 17:03:54,37.11391,25.363368333333337,37.47974166666667,24.951075,45.11901085375665,36.47655022588025,2.378888888888889,24.015528531337697,29.5,1130,1069,0.8084519038795192
534176328,1198,2024-07-11 09:41:58,2024-07-11 12:01:12,37.47102666666667,24.953288333333333,37.10952,25.364636666666662,44.85085517316914,36.395988682897375,2.3205555555555555,23.964725274725275,29.3,999,910,0.8114892913941657
534176328,1199,2024-07-11 14:00:52,2024-07-11 16:26:24,37.094785,25.337106666666667,37.48060666666667,24.951616666666663,48.03929077932027,34.11106624317832,2.4255555555555555,25.068464052287585,35.1,1289,1224,0.710065983277636
534176328,1200,2024-07-12 09:11:08,2024-07-12 11:29:50,37.46947166666666,24.953506666666662,37.15826166666667,25.234753333333337,55.48564560333713,24.879593780179853,2.3116666666666665,28.69755766621438,36.2,832,737,0.4483969414007051
534176328,1201,2024-07-12 13:41:50,2024-07-12 15:32:02,37.16478333333333,25.350818333333333,37.47662666666667,24.951406666666667,52.71638320075888,35.32423015557877,1.836666666666667,28.39685452162516,36.4,849,763,0.6700806848044586
534176328,1202,2024-07-13 09:03:52,2024-07-13 11:00:34,37.47530166666667,24.952595,37.139678333333336,25.3607,42.77627494601112,36.09996334880137,1.945,26.07415730337079,36.2,704,623,0.8439248951519019
534176328,1203,2024-07-13 12:55:34,2024-07-13 14:46:42,37.108655,25.36503,37.47842666666666,24.951328333333333,44.63374500062221,36.60284197160487,1.8522222222222224,30.558684985279683,35.800000000000004,1094,1019,0.8200710464939612
534176328,1204,2024-07-14 09:05:24,2024-07-14 10:45:18,37.47242666666666,24.952816666666667,37.32405333333333,25.305913333333333,38.88018241372061,31.19275207300379,1.665,27.321732026143792,36.7,706,612,0.8022789538661226
584196090,1307,2024-07-02 02:15:19,2024-07-02 05:16:09,37.32852333333334,24.84931333333333,37.137655,25.230646666666665,35.578850422268715,33.76185045225025,3.013888888888889,9.388571428571428,10.1,322,315,0.9489303350599206
628693508,1349,2024-07-01 05:25:08,2024-07-01 07:20:36,37.118555,25.146065,37.35902333333333,25.291378333333338,24.976114791468525,12.872214314264546,1.9244444444444444,31.640740740740743,33.7,166,162,0.5153809718500135
628693508,1351,2024-07-02 06:51:54,2024-07-02 08:25:48,37.08793,25.146031666666666,37.35936,25.312566666666665,24.47192999243041,14.754736774351947,1.565,31.9875,34.0,260,248,0.6029249339515044
628693508,1358,2024-07-09 13:42:50,2024-07-09 14:52:17,37.12895666666667,25.14975833333333,37.41071,25.30059,32.948907933270306,13.357935901344964,1.1575,30.514814814814816,32.300000000000004,194,189,0.4054136157835061
628693508,1363,2024-07-12 07:29:09,2024-07-12 08:31:12,37.142491666666665,25.147951666666668,37.44106333333333,25.30027,18.223072934542973,13.486807296806209,1.034166666666667,31.534939759036146,34.7,332,332,0.7400951170667337
628693508,1366,2024-07-14 07:07:47,2024-07-14 08:42:04,37.08791833333333,25.14573,37.44987166666667,25.301765,21.33673577387425,13.825156500426978,1.571388888888889,29.302777777777777,31.700000000000003,361,360,0.6479508696618524
628693508,1370,2024-07-16 07:40:08,2024-07-16 09:49:13,37.139105,25.149735,37.106366666666666,25.37227,29.92511588343204,19.73019729771374,2.151388888888889,29.770238095238096,33.6,259,252,0.6593189939370397
628693508,1373,2024-07-18 07:42:59,2024-07-18 08:50:03,37.16502166666667,25.16159,37.38481,25.31086,24.0337363877749,13.21457035765216,1.1177777777777778,31.160586319218243,33.5,309,307,0.5498342057364805
628693508,1378,2024-07-21 07:37:06,2024-07-21 08:46:01,37.16806833333333,25.164618333333333,37.35971833333333,25.313936666666667,29.076448282478182,13.219138024839642,1.148611111111111,32.25186246418338,34.0,353,349,0.4546338636829194
628693508,1380,2024-07-22 05:25:32,2024-07-22 07:48:51,37.11257666666667,25.13527833333333,37.162218333333335,25.31195333333333,38.08190861019391,15.661379980206709,2.388611111111111,30.02370744010088,35.2,839,793,0.4112551222292049
628693508,1388,2024-07-27 07:28:16,2024-07-27 08:30:46,37.15468166666667,25.157836666666668,37.44677166666666,25.295331666666662,23.13826778841945,12.17481521248494,1.0416666666666667,31.21282051282052,32.6,355,351,0.5261766059505264
628693508,1394,2024-07-31 07:38:16,2024-07-31 08:39:08,37.16512,25.17523333333333,37.44515333333333,25.30291666666667,28.15024636220572,11.30616846521006,1.0144444444444445,29.474814814814817,31.8,135,135,0.4016365725448721
628693508,1397,2024-08-02 07:35:58,2024-08-02 08:43:42,37.15956,25.167756666666666,37.41142166666667,25.299196666666667,28.511676408374733,11.63867741596614,1.1288888888888888,28.30745341614907,30.8,164,161,0.4082074041969525
628693508,1400,2024-08-05 13:31:00,2024-08-05 14:13:52,37.31984333333333,24.85698,37.170541666666665,25.279141666666668,44.64081574597242,37.369539823983104,0.7144444444444444,31.269260700389108,32.1,257,257,0.8371159711021781
628693508,1401,2024-08-06 07:17:22,2024-08-06 08:22:29,37.136008333333336,25.149643333333337,37.38558333333334,25.309771666666663,28.626281331053463,14.179369690835491,1.0852777777777778,33.09322033898305,34.6,125,118,0.495326987353187
628693508,1411,2024-08-16 07:53:06,2024-08-16 09:56:59,37.13084666666666,25.153315,37.10601166666667,25.372416666666663,35.21311499183575,19.426859083253905,2.064722222222222,29.418867924528307,32.5,217,212,0.5516938529226417
628693508,1419,2024-08-20 06:53:05,2024-08-20 09:12:34,37.087885,25.148793333333337,37.10616,25.37203333333333,29.95545337167559,19.79935474786201,2.3247222222222224,32.63900118906064,34.7,924,841,0.6609599428257464
653464635,1527,2024-07-02 23:50:34,2024-07-03 00:52:04,36.31301666666667,24.947755,36.34432,25.10574833333333,14.728303332106435,14.15351633905855,1.025,7.727536231884058,8.0,138,138,0.9609739845733012
653464635,1540,2024-08-17 00:41:34,2024-08-17 02:40:18,36.373415,26.13720333333333,36.504488333333335,25.558353333333333,107.43716036509042,51.78165297202985,1.978888888888889,14.729588014981276,16.0,267,267,0.4819715338349102
653464635,1542,2024-08-24 01:15:50,2024-08-24 14:02:01,37.134906666666666,24.94112,37.46576,25.31961,76.864934220319,33.484196113387426,12.769722222222224,12.57945205479452,14.0,700,584,0.4356238179741521
653464635,1544,2024-08-24 18:31:05,2024-08-24 19:54:44,37.46577333333333,25.319601666666667,37.33464666666666,24.853895,41.136689296426,41.13872777086503,1.3941666666666668,18.70901771336554,20.5,624,621,1.0
653464635,1547,2024-09-06 02:07:19,2024-09-06 18:53:57,37.57420333333334,25.421548333333337,37.22725166666667,25.82004,76.73072108522696,35.2065276749086,16.77722222222222,14.07575,18.4,4993,800,0.4588322275220602
675656627,1554,2024-07-03 14:41:09,2024-07-03 17:17:34,37.284236666666665,24.814521666666668,37.55594333333333,25.08777333333333,43.29177907313017,24.1368242068368,2.6069444444444443,13.04098591549296,14.9,853,710,0.5575382837943419
675656627,1555,2024-07-04 06:07:27,2024-07-04 08:03:05,37.53597333333333,25.151823333333333,37.493116666666666,24.95461833333333,27.687290271802564,17.3936115722356,1.9272222222222224,11.145041322314052,15.0,420,242,0.6282164632755591
675656627,1556,2024-07-05 09:42:39,2024-07-05 13:31:58,37.49297666666666,24.95468,37.16052,25.306326666666667,39.126321765736805,31.0994707727992,3.8219444444444446,12.779612903225807,15.3,938,775,0.7948477998776063
675656627,1559,2024-07-09 19:05:24,2024-07-10 11:20:46,37.19291666666667,25.07996,37.31256,24.834721666666667,40.65895163855812,21.706812633111348,16.25611111111111,10.695201827875096,15.7,1971,1313,0.5338753646694155
675656627,1560,2024-07-10 21:15:51,2024-07-10 23:39:59,37.32226,24.84275333333333,37.55909333333334,25.086636666666667,41.61082169721486,21.53653109651665,2.402222222222222,12.386743886743886,14.7,867,777,0.5175704352398828
675656627,1561,2024-07-11 05:57:16,2024-07-11 08:20:25,37.547473333333336,25.102453333333333,37.35883333333334,24.883963333333337,37.142346962410514,19.29001784116674,2.3858333333333333,12.72376950780312,15.3,1040,833,0.519353767835107
675656627,1563,2024-07-12 12:42:21,2024-07-12 13:34:09,37.08936,25.14858333333333,37.161323333333335,25.304793333333333,22.918829374152462,13.849903795730466,0.8633333333333333,13.87828947368421,14.8,152,152,0.6043024087150889
675656627,1565,2024-07-13 11:36:03,2024-07-14 06:54:43,37.13533666666667,25.339095,37.12239666666667,24.91497,80.6065769576374,37.600134894080966,19.31111111111111,13.911126760563382,15.5,1671,1420,0.4664648508004704
675656627,1569,2024-07-16 19:01:03,2024-07-17 04:55:51,37.18415666666667,25.086348333333333,37.31191666666667,24.836421666666663,36.01943131418864,22.123292984070613,9.913333333333334,13.392799188640977,15.3,1144,986,0.6142043940420538
675656627,1570,2024-07-17 14:51:23,2024-07-17 17:25:17,37.306466666666665,24.831278333333337,37.55529,25.09797,41.28737029663698,23.5533196440254,2.565,12.54,14.9,929,785,0.5704727492887556
675656627,1571,2024-07-18 06:05:45,2024-07-18 08:17:04,37.536566666666666,25.15645,37.358536666666666,24.883703333333333,36.22708502192384,24.08017104522108,2.188611111111112,13.238669950738917,15.3,996,812,0.6647007627207181
675656627,1573,2024-07-19 12:58:56,2024-07-19 13:53:44,37.12561333333333,25.148221666666668,37.10561,25.37155,29.742698208209312,19.8023346255226,0.9133333333333332,13.878070175438596,14.7,114,114,0.6657881032480415
708743043,1616,2024-07-01 07:31:06,2024-07-01 10:15:16,37.25821666666667,24.83735,37.19729666666667,25.489868333333337,65.38860968304466,57.77234030458109,2.736111111111111,19.410526315789472,22.8,263,247,0.8835229955892688
708743043,1618,2024-07-01 19:10:00,2024-07-01 21:48:04,37.16354666666667,25.41421666666667,37.28766666666667,24.808601666666668,92.13306126066674,53.62157110496503,2.6344444444444446,21.9685337726524,23.1,646,607,0.5820014050467358
708743043,1619,2024-07-02 08:02:31,2024-07-02 11:33:00,37.11846666666667,25.05551833333333,36.87278666666667,25.494735,78.92007971730754,39.00927434439957,3.5080555555555555,18.850253807106604,22.4,215,197,0.494288329207613
708743043,1620,2024-07-02 18:10:53,2024-07-02 22:01:05,36.87288,25.477315,37.29805666666667,24.79025,79.95473540523292,60.95041035491877,3.8366666666666656,18.65806182121972,23.0,1428,1197,0.7623114509228888
708743043,1622,2024-07-03 19:08:18,2024-07-03 21:49:21,37.161813333333335,25.4113,37.29796666666667,24.78905,64.11980837120805,55.09137832624258,2.6841666666666666,20.73063725490196,22.6,473,408,0.8591943695043927
708743043,1623,2024-07-04 07:30:13,2024-07-04 10:26:33,37.24628,24.86215,36.959966666666666,25.367,67.26463377026099,44.77510613647564,2.938888888888889,18.822735042735044,22.6,710,585,0.6656559863152276
708743043,1625,2024-07-04 18:37:15,2024-07-04 22:14:40,37.00065666666666,25.33106666666667,37.29319,24.7849,85.48977957044261,48.41103579415967,3.623611111111111,21.12260442260442,22.8,447,407,0.5662786363166317
708743043,1627,2024-07-05 19:05:35,2024-07-05 21:45:46,37.1998,25.477018333333337,37.289946666666665,24.80535,73.59534765986932,59.45444239680173,2.669722222222222,21.85952380952381,23.0,610,588,0.8078559893701208
708743043,1628,2024-07-06 07:34:19,2024-07-06 09:16:19,37.24881333333333,24.86335,37.170186666666666,25.283,46.79934361371196,37.1640273051008,1.7,20.18214285714286,21.9,175,168,0.7941142852741194
708743043,1630,2024-07-08 19:30:06,2024-07-08 22:00:58,37.143013333333336,25.38821666666667,37.28913333333333,24.809631666666668,93.37982530413822,51.235048593334255,2.5144444444444445,21.681155015197568,22.5,329,329,0.5486736393697635
708743043,1632,2024-07-09 18:39:44,2024-07-09 21:44:53,37.014336666666665,25.31843333333333,37.28741333333333,24.807901666666663,84.72402755848903,45.250091267056014,3.085833333333333,21.90541237113402,22.8,389,388,0.5340880570841339
708743043,1634,2024-07-10 18:53:42,2024-07-10 21:52:04,37.20332,25.55446833333333,37.29678666666667,24.789665,86.61863061931875,67.69377718393595,2.972777777777778,21.39490662139219,22.700000000000003,651,589,0.7815152086788827
708743043,1635,2024-07-11 07:24:20,2024-07-11 10:26:30,37.19693333333333,24.746265,37.044383333333336,25.30249833333333,69.74719101107603,49.318119283932745,3.036111111111111,18.299242424242426,22.6,140,132,0.7070982869561142
708743043,1637,2024-07-11 18:45:23,2024-07-11 21:42:14,37.02696666666667,25.30803166666667,37.28563333333334,24.81165,88.25087997797247,43.99264395615416,2.9475,21.4994,22.700000000000003,534,500,0.4984952440942773
708743043,1639,2024-07-12 18:52:42,2024-07-12 21:49:02,37.20773666666667,25.526566666666668,37.29456666666667,24.785701666666668,84.44225385811117,65.57400384051748,2.938888888888889,21.54665523156089,22.5,617,583,0.7765544007233851
708743043,1640,2024-07-13 07:19:57,2024-07-13 09:49:36,37.18626666666667,24.76901833333333,37.13843333333333,25.397798333333338,63.46005037760269,55.718831710012296,2.494166666666666,17.349122807017544,22.4,179,171,0.8780142999961666
708743043,1641,2024-07-13 19:01:46,2024-07-13 21:46:10,37.194786666666666,25.488265,37.29703333333333,24.7877,73.12251606332465,62.01148069577742,2.74,22.0733918128655,22.6,342,342,0.848049055670828
708743043,1642,2024-07-14 07:20:11,2024-07-14 09:59:00,37.277233333333335,24.810718333333337,37.068533333333335,25.308451666666667,62.59258264002841,44.10180984287624,2.6469444444444443,19.136991869918702,22.6,272,246,0.7045852397001561
708743043,1644,2024-07-14 18:43:10,2024-07-14 21:51:46,36.9736,25.35398333333333,37.29705333333333,24.788065,89.11468095557309,50.16988657816774,3.143333333333333,19.724352331606216,22.700000000000003,687,579,0.5629811613552121
708743043,1647,2024-07-15 19:14:57,2024-07-15 21:57:38,37.17654666666667,25.440083333333337,37.28978666666666,24.81086833333333,94.11194895078629,55.70541860433769,2.711388888888889,21.150619834710746,22.4,515,484,0.5919059080740914
708743043,1648,2024-07-16 07:31:56,2024-07-16 10:17:14,37.176786666666665,24.834216666666663,37.04306666666667,25.302368333333337,61.2944139437369,41.51438474617257,2.755,18.71338912133892,22.700000000000003,279,239,0.6772947496370431
708743043,1650,2024-07-16 18:41:03,2024-07-16 21:46:17,36.989066666666666,25.341181666666667,37.289233333333335,24.807918333333333,79.14162271075934,47.2724989638019,3.087222222222222,21.808983451536648,22.4,429,423,0.5973152602211578
708743043,1653,2024-07-17 19:08:43,2024-07-17 22:05:29,37.2143,25.51096666666667,37.3113,24.765966666666667,93.28915650033652,65.92983886155929,2.946111111111111,21.538138686131383,22.9,568,548,0.7067256403087048
708743043,1654,2024-07-18 07:21:03,2024-07-18 10:01:45,37.19005666666666,24.773035,37.05094666666667,25.301465,65.19713973801383,46.85300029550789,2.678333333333333,15.883200000000002,22.5,156,125,0.7186358248809769
708743043,1657,2024-07-18 18:38:59,2024-07-18 21:58:04,36.98058666666667,25.34845,37.2969,24.78855,80.59682816746316,49.63403287276702,3.3180555555555555,21.151522248243563,22.4,429,427,0.6158310941174757
708743043,1662,2024-07-19 19:09:49,2024-07-19 21:45:24,37.15821666666667,25.412231666666667,37.28301333333334,24.8054,88.39541136592963,53.7328545189695,2.5930555555555554,21.47359050445104,22.6,349,337,0.6078692738532787
708743043,1664,2024-07-20 20:57:40,2024-07-20 23:23:42,37.155,25.417366666666663,37.28761333333333,24.80348333333333,73.57059443892577,54.35680522912645,2.4338888888888888,22.053598014888344,22.9,415,403,0.738838739086857
708743043,1666,2024-07-21 17:22:09,2024-07-21 21:51:46,36.882196666666665,25.495731666666668,37.30533333333333,24.776835,104.06748236407807,63.76669406511269,4.493611111111111,19.770385395537524,22.9,568,493,0.6127436987667881
708743043,1667,2024-07-22 07:43:40,2024-07-22 10:09:07,37.14692,24.92524833333333,37.21025333333333,25.527998333333333,72.1138832753354,53.40079854774161,2.424166666666667,17.765506807866867,22.5,773,661,0.7405064894904351
708743043,1668,2024-07-22 18:06:26,2024-07-22 22:09:22,37.09808,25.794616666666663,37.30388333333333,24.78094833333333,119.9299921399229,89.77975586506288,4.0488888888888885,19.67822580645161,22.9,1330,1116,0.7486013653725284
708743043,1672,2024-07-23 19:53:48,2024-07-23 21:43:50,37.1706,25.281848333333333,37.28149666666667,24.808866666666667,70.30379535354747,41.878044858914215,1.833888888888889,21.24627659574468,22.5,188,188,0.5956726041363154
708743043,1674,2024-07-24 19:42:17,2024-07-24 22:17:36,37.16485333333333,25.419283333333333,37.29946666666667,24.790385,64.23612413880883,55.67828899072829,2.588611111111111,21.03508196721312,22.700000000000003,650,610,0.8667753501193848
708743043,1677,2024-07-25 19:12:51,2024-07-25 21:54:18,37.10534666666667,25.37054833333333,37.28568,24.810998333333337,54.37805975389617,49.56340403620621,2.6908333333333334,20.413253012048195,22.6,253,249,0.9114595897779344
708743043,1679,2024-07-26 19:19:17,2024-07-26 21:44:56,37.14085333333333,25.388798333333337,37.284146666666665,24.812618333333333,53.59805868236853,51.02447632471373,2.4275,21.706959706959708,22.200000000000003,287,273,0.9519836646900536
708743043,1680,2024-07-27 07:33:44,2024-07-27 10:28:19,37.18378333333333,24.768131666666665,37.20814666666666,25.524051666666665,77.26365100321281,66.95531482682826,2.9097222222222223,17.244274809160306,22.200000000000003,150,131,0.8665823315033881
708743043,1682,2024-07-27 19:14:36,2024-07-27 21:50:48,37.19367,25.488615,37.286253333333335,24.810481666666668,97.52507009391476,60.030625411402525,2.603333333333333,20.31958762886598,22.1,614,582,0.6155404487645504
708743043,1685,2024-07-28 19:02:33,2024-07-28 22:00:49,36.997346666666665,25.333951666666668,37.28083333333333,24.804451666666665,73.45423894978356,46.93861432867861,2.971111111111111,21.87459016393443,22.5,244,244,0.6390184555688861
708743043,1688,2024-07-29 19:13:13,2024-07-29 22:03:13,37.21365,25.50426833333333,37.28919,24.804451666666665,92.37990257168482,61.9405857151475,2.833333333333333,21.014035087719297,22.4,473,456,0.6704984957857358
708743043,1689,2024-07-30 07:50:09,2024-07-30 10:00:57,37.14893333333333,24.95125,37.099853333333336,25.324881666666663,58.27328729630296,33.12581692749177,2.18,19.195370370370373,22.0,115,108,0.5684562938599377
708743043,1691,2024-07-30 20:02:56,2024-07-30 21:51:15,37.17796666666667,25.253966666666667,37.295613333333336,24.82133333333333,71.76265028635842,38.30030312669409,1.805277777777777,21.80320512820513,22.3,156,156,0.5337080357799259
708743043,1693,2024-07-31 20:20:21,2024-07-31 22:46:59,37.136676666666666,25.393535,37.284,24.81353333333333,53.8975396851696,51.364409443517104,2.443888888888889,22.04972067039106,22.4,179,179,0.9530010041933415
708743043,1696,2024-08-01 18:45:48,2024-08-01 21:46:05,36.97018666666666,25.356701666666662,37.28313333333333,24.80953333333333,73.4641831309597,48.51324264302893,3.004722222222222,22.14177897574124,22.8,390,371,0.6603659167699124
708743043,1698,2024-08-02 18:58:39,2024-08-02 20:09:02,37.20816666666666,25.529381666666666,37.157736666666665,25.206981666666668,44.22661300349291,28.561593177916723,1.1730555555555555,18.19257540603248,22.6,492,431,0.6458010514090464
716124575,1699,2024-08-21 09:43:53,2024-08-23 10:54:36,37.47653,24.952441666666665,37.402006666666665,25.30314,39.68533905067649,30.96296296325016,49.17861111111111,4.746962391513983,8.1,14366,1037,0.7802116273647497
716124575,1700,2024-08-24 07:08:48,2024-08-24 10:37:09,37.39807,25.318618333333333,37.112435,25.12956,18.10716215367525,16.7417432420358,3.4725,5.646854663774404,8.1,461,461,0.9245923298167232
723806186,1702,2024-07-01 13:12:23,2024-07-01 20:58:07,37.54241666666667,24.961016666666666,37.57345,25.553533333333338,57.38469509062608,52.22932770233764,7.762222222222222,15.028675577156744,19.5,891,823,0.910161282897004
723806186,1709,2024-07-12 12:58:39,2024-07-12 21:01:27,37.5451,24.954433333333338,37.56073333333333,25.5146,92.87066115095158,49.381042249570754,8.046666666666667,15.607242693773824,19.700000000000003,922,787,0.5317184311771725
723806186,1711,2024-07-15 13:12:53,2024-07-15 15:14:16,37.5277,24.9599,37.46563333333334,25.320066666666666,37.32562274625563,31.77439459401102,2.023055555555556,15.909818181818183,19.0,573,550,0.8512756722109481
723806186,1713,2024-07-15 22:09:26,2024-07-16 01:27:10,37.63123333333333,25.87043333333333,37.85628333333333,26.822433333333333,122.56699554789544,83.70805703215441,3.295555555555556,14.47864214992928,15.1,707,707,0.6829575666594835
723806186,1719,2024-07-22 13:36:54,2024-07-23 02:13:06,37.525083333333335,24.958883333333333,37.8586,26.985466666666667,188.6414499768217,178.31500199367304,12.603333333333332,13.312531017369729,15.4,2499,2418,0.9452588602111708
723806186,1724,2024-07-29 13:12:50,2024-07-30 01:40:55,37.53378333333333,24.9541,37.85803333333333,26.83341666666667,171.43637503352448,165.34885479591586,12.468055555555557,14.362458471760796,17.8,1277,1204,0.964491081683113
723806186,1726,2024-08-02 13:18:51,2024-08-02 21:13:34,37.532833333333336,24.956116666666667,37.58116666666667,25.60171666666667,72.72051589034808,56.90926238528593,7.911944444444444,12.635773480662982,18.1,825,724,0.7825750641139123
723806186,1730,2024-08-05 13:42:18,2024-08-05 21:22:17,37.54026666666667,24.963216666666668,37.5562,25.486283333333333,62.06682708407388,46.11342943602117,7.666388888888889,11.202372881355934,16.3,636,590,0.7429641823571437
723806186,1732,2024-08-12 17:00:52,2024-08-12 22:40:07,37.46565,25.320066666666666,37.63803333333333,25.8717,121.1764042467046,48.63055147679482,5.654166666666667,15.27638036809816,18.0,370,326,0.4013203047169749
723806186,1734,2024-08-13 17:30:10,2024-08-13 20:59:49,37.32065,26.562116666666668,36.7798,26.844116666666668,25.08300753143985,25.04779297055028,3.494166666666666,12.109045226130654,13.5,208,199,0.9985960790050622
723806186,1736,2024-08-16 13:22:17,2024-08-17 02:25:48,37.53061666666667,24.966733333333337,37.869616666666666,27.060583333333337,202.20432336906936,184.21277598261008,13.05861111111111,14.059146735617324,17.6,1628,1547,0.9110229341950292
723806186,1740,2024-08-19 13:35:11,2024-08-19 17:22:29,37.52506666666667,24.953683333333338,37.46576666666667,25.3198,42.21575044726061,32.29982527659666,3.7883333333333336,11.7285,15.2,667,600,0.765113137499433
723806186,1741,2024-08-19 18:43:29,2024-08-19 23:44:23,37.46575,25.3198,37.74068333333334,26.28575,89.35244774753599,85.0960598815937,5.015,13.905672268907564,15.2,968,952,0.9523640597069188
723806186,1743,2024-08-23 13:19:09,2024-08-23 23:18:02,37.52675,24.957216666666667,37.71675,26.18091666666667,118.04699721287548,107.7743507552402,9.981388888888889,14.3337339055794,18.3,1267,1165,0.9129783332047786
723806186,1747,2024-09-02 13:12:27,2024-09-02 20:26:44,37.53,24.9599,37.52568333333333,25.361316666666667,80.04298193466254,35.3984865570961,7.2380555555555555,13.401809408926418,17.0,968,829,0.4422434759613424
753812392,1796,2024-07-13 23:11:47,2024-07-14 00:37:28,37.29121833333333,24.925401666666662,37.23948166666667,25.21007,54.3398562737257,25.19144082514494,1.4280555555555556,19.95056461731493,22.1,839,797,0.4635904942083083
753812392,1833,2024-08-13 07:48:43,2024-08-13 10:14:19,37.188833333333335,25.315908333333333,37.484343333333335,25.036596666666668,46.73942700414878,24.70034356760692,2.4266666666666667,18.642916666666668,22.6,555,480,0.5284691137829828
758938562,1843,2024-07-02 06:38:05,2024-07-02 09:10:41,37.18398333333333,24.733416666666667,37.60531666666667,25.394383333333337,58.40060160474314,58.39555667418762,2.543333333333333,15.927837259100642,16.2,934,934,0.9999136150927064
758938562,1844,2024-07-04 05:11:22,2024-07-04 06:31:46,37.54521666666667,25.2902,37.31016666666667,24.928616666666667,41.11582242189456,31.93174480579462,1.34,16.639715189873417,17.2,632,632,0.7766291156270454
758938562,1845,2024-07-09 05:50:21,2024-07-09 07:39:27,37.1929,24.74193333333333,37.46718333333333,25.18925,56.0783138386706,39.55388554940135,1.8183333333333327,14.748967193195629,15.7,823,823,0.7053330038273316
758938562,1846,2024-07-11 05:47:30,2024-07-11 07:57:53,37.592083333333335,25.3557,37.20641666666667,24.7606,67.25891600342919,52.57337975560268,2.1730555555555555,16.957444168734494,17.6,806,806,0.7816566617416526
758938562,1847,2024-07-16 04:13:46,2024-07-16 07:01:53,37.182116666666666,24.734616666666668,37.62348333333333,25.41133333333333,62.08810034820702,59.780755151753205,2.801944444444445,14.87984496124031,15.7,774,774,0.962837561730612
758938562,1848,2024-07-18 04:46:26,2024-07-18 06:49:02,37.553383333333336,25.311716666666666,37.190866666666665,24.72825,60.34618701391123,51.56392976488951,2.043333333333333,17.32069825436409,17.8,802,802,0.8544687297807696
758938562,1849,2024-07-23 04:13:56,2024-07-23 06:24:33,37.1897,24.7385,37.54715,25.30913333333333,51.34270796770631,50.432361250514205,2.176944444444445,15.951677852348991,16.5,894,894,0.9822692110870992
758938562,1850,2024-07-25 04:52:19,2024-07-25 06:51:19,37.539566666666666,25.284816666666668,37.1914,24.737416666666668,50.529060118255344,48.38107115509624,1.9833333333333327,16.91055634807418,17.2,701,701,0.9574900273598584
758938562,1851,2024-07-30 03:32:39,2024-07-30 06:12:27,37.1837,24.73305,37.60536666666667,25.38655,58.12865002926118,57.73611702940393,2.6633333333333336,15.102349624060151,15.8,1064,1064,0.9932471681406732
758938562,1852,2024-08-01 04:20:35,2024-08-01 06:16:23,37.53945,25.290866666666663,37.202866666666665,24.75238333333333,56.0260374552773,47.58925270558352,1.93,16.955807365439096,17.400000000000002,706,706,0.8494131455142008
758938562,1853,2024-08-06 02:47:40,2024-08-06 04:59:58,37.22023333333333,24.79,37.57738333333333,25.35355,53.11896255517912,49.786278674568,2.205,15.605847953216374,16.3,513,513,0.9372599968015344
758938562,1854,2024-08-13 02:02:38,2024-08-13 04:33:14,37.190016666666665,24.73955,37.6073,25.39305,111.99115013013297,57.73283286988117,2.51,15.948324324324329,16.7,925,925,0.5155124561431507
758938562,1855,2024-08-15 04:32:46,2024-08-15 06:49:28,37.60026666666667,25.3734,37.200833333333335,24.74708333333333,57.066597650489726,55.32999510846279,2.2783333333333333,16.814318181818184,17.5,880,880,0.9695688438854732
758938562,1856,2024-08-19 23:44:54,2024-08-20 02:05:01,37.187783333333336,24.73255,37.60221666666666,25.383,58.75945273590494,57.46617274211184,2.335277777777778,17.063374880153404,17.6,1043,1043,0.9779902648241848
758938562,1857,2024-08-22 05:37:38,2024-08-22 07:25:21,37.5378,25.2796,37.23441666666667,24.797616666666663,51.70404338452556,42.587616360715074,1.7952777777777778,16.369601100412655,16.900000000000002,727,727,0.8236805784025214
758938562,1858,2024-08-27 04:42:47,2024-08-27 07:06:23,37.19683333333333,24.7449,37.57408333333333,25.3424,57.468155323605416,52.79486354060764,2.393333333333333,15.138984881209502,15.8,926,926,0.9186803237952864
758938562,1859,2024-09-03 02:43:59,2024-09-03 05:18:30,37.198816666666666,24.74225,37.6272,25.422366666666665,113.10836300876626,60.07254865063692,2.575277777777778,16.05998134328358,16.5,1072,1072,0.5311061627333524
758938562,1860,2024-09-05 04:44:37,2024-09-05 06:37:25,37.54153333333333,25.282083333333333,37.2158,24.755583333333337,58.88807377034995,46.525485285275366,1.88,16.99491124260355,17.5,845,845,0.7900663463151154
758938562,1861,2024-09-10 06:26:11,2024-09-10 08:32:47,37.21105,24.75198333333333,37.54825,25.3081,49.46601964195512,49.14178275749686,2.11,15.820942408376965,16.3,955,955,0.9934452602654276
758938562,1862,2024-09-12 04:48:30,2024-09-12 06:40:06,37.56171666666667,25.30216666666667,37.249,24.79945,44.93406022722995,44.40807137368815,1.86,16.372169811320756,16.6,848,848,0.9882942059791194
758938562,1863,2024-09-17 04:08:32,2024-09-17 06:18:38,37.20035,24.74918333333333,37.557516666666665,25.327266666666667,55.53861917617247,51.083501179348815,2.168333333333333,16.14389438943894,16.5,909,909,0.9197834216459057
758938562,1864,2024-09-19 04:34:03,2024-09-19 06:22:16,37.53863333333334,25.27468333333333,37.22323333333333,24.76708333333333,49.49042868542343,44.85404212737104,1.803611111111111,17.109203980099505,17.8,804,804,0.9063175106539748
758938562,1865,2024-09-24 04:49:58,2024-09-24 07:11:52,37.1954,24.74383333333333,37.578916666666665,25.34975,55.60247336380811,53.53735092256715,2.365,15.6533522190746,16.1,1059,1059,0.9628591622583258
758938562,1866,2024-09-26 05:04:17,2024-09-26 05:45:30,37.5453,25.284133333333333,37.426,25.09573333333333,22.4095793887282,16.624846372440473,0.6869444444444445,16.718994413407824,17.2,358,358,0.7418633827997061
771283800,1872,2024-07-21 06:25:52,2024-07-24 04:32:59,37.246185,25.63833333333333,37.25568,24.92020833333333,81.70854393709547,63.56130107433906,70.11861111111111,9.719142212189617,14.4,20000,2215,0.7779027505773775
