MMSI,segment_id,start_time,end_time,start_lat,start_lon,end_lat,end_lon,route_distance_km,direct_distance_km,duration_hours,average_speed_knots,maximum_speed_knots,num_records,moving_records
200134975,1,2024-08-02 09:58:15,2024-08-03 11:14:11,37.38095,24.72063333333333,37.43606666666667,24.9393,42.5891754743567,19.313987850093923,25.265555555555554,4.096496619545175,7.9,2122,1627
200134975,4,2024-09-02 12:06:18,2024-09-04 16:49:13,37.4361,24.939233333333338,37.4377,24.94165,13.57079871862615,0.21339338327683494,52.71527777777778,2.794331983805668,4.3,9171,247
201622454,5,2024-07-01 19:50:59,2024-07-01 22:37:23,37.362555,24.811388333333333,37.217416666666665,25.725328333333337,80.8586545482932,80.85121925436876,2.7733333333333334,16.05721544715447,16.400000000000002,984,984
201622454,7,2024-07-02 20:59:45,2024-07-03 02:57:27,36.989041666666665,26.661528333333333,37.38918666666667,24.74742833333333,192.5575630404078,169.55371562485476,5.961666666666667,15.76974697469747,16.7,1818,1818
201622454,8,2024-07-03 20:04:20,2024-07-03 22:34:39,37.362878333333335,24.811721666666667,37.231316666666665,25.632766666666665,78.31476955512673,72.6265251232643,2.5052777777777777,16.032981783317354,16.900000000000002,1043,1043
201622454,10,2024-07-04 23:40:18,2024-07-05 03:10:55,37.16704,25.88483833333333,37.393103333333336,24.737301666666667,145.484053889185,101.52952106187347,3.5102777777777776,16.040577889447235,16.400000000000002,796,796
201622454,11,2024-07-05 20:53:05,2024-07-06 01:52:12,37.524618333333336,24.95938,37.80620166666667,26.52034833333333,157.07164168889574,137.3969537936033,4.985277777777778,15.627840909090908,16.6,704,704
201622454,12,2024-07-08 19:39:48,2024-07-08 21:49:24,37.36528166666667,24.816285,37.25112833333333,25.492536666666663,209.9687097915078,59.80993830309998,2.16,15.36481012658228,16.0,790,790
201622454,13,2024-07-09 22:39:48,2024-07-10 02:57:19,37.101615,26.256656666666668,37.34838833333333,24.8427,192.89439338122685,125.19206733834632,4.291944444444445,16.101052631578945,16.7,1140,1140
201622454,14,2024-07-10 19:53:51,2024-07-11 01:35:39,37.36058666666667,24.825746666666667,37.009185,26.59256,157.97696268813164,156.51619726351586,5.696666666666666,15.263182897862235,16.0,2526,2526
201622454,15,2024-07-11 22:00:50,2024-07-12 03:10:20,37.07294666666667,26.426936666666663,37.39180833333333,24.74357833333333,163.75983894599793,149.029629227932,5.158333333333333,16.070405982905985,17.1,1872,1872
201622454,16,2024-07-12 21:01:53,2024-07-12 22:12:52,37.52859,24.94717333333333,37.54242333333333,25.32425,51.229466961425274,33.24868584165669,1.1830555555555555,15.609565217391303,16.1,460,460
201622454,18,2024-07-14 10:32:25,2024-07-14 11:10:25,37.677685,26.06463,37.636915,25.865621666666662,36.688006687640474,17.519015452730365,0.6333333333333333,15.37826086956522,15.9,115,115
201622454,19,2024-07-14 12:27:25,2024-07-14 14:03:31,37.5414,25.475475,37.52688333333333,24.95117833333333,80.61851834653933,46.230600856765854,1.6016666666666666,15.852571428571428,16.900000000000002,700,700
201622454,20,2024-07-15 20:01:51,2024-07-16 02:45:51,37.35552,24.83537833333333,36.90014,26.93907833333333,196.64977284527015,186.4988457660901,6.733333333333333,15.486906077348063,16.2,1810,1810
201622454,21,2024-07-16 21:32:50,2024-07-17 03:02:22,37.022415,26.58617,37.38858333333334,24.748308333333338,194.12590202238113,162.76539589312296,5.492222222222222,16.603837342497137,17.3,1746,1746
201622454,22,2024-07-17 20:02:43,2024-07-18 01:00:08,37.36058333333333,24.82772,37.075091666666665,26.381915,144.62514692404483,137.6215471434843,4.956944444444445,15.357913832199548,16.400000000000002,2205,2205
201622454,23,2024-07-18 22:13:05,2024-07-19 01:36:53,37.07081,26.436895,37.264695,25.313268333333333,104.4408791525396,99.56211436403267,3.3966666666666665,16.087291501191423,17.1,1259,1259
205811699,24,2024-07-01 23:31:38,2024-07-02 15:32:43,36.84289666666667,24.82201166666667,37.331626666666665,24.865006666666662,86.69517452598433,3.929873747575763,16.018055555555556,11.74445196211096,13.9,1685,1478
205811699,25,2024-07-04 01:44:37,2024-07-04 02:43:01,36.825125,24.840355,36.744895,25.176011666666668,32.289712061670244,29.89217897365693,0.9733333333333334,17.29402985074627,17.6,134,134
205811699,26,2024-07-04 23:45:44,2024-07-05 15:28:21,37.00304666666667,24.87479,37.19025,24.74154,118.63711401252701,11.823661034160136,15.710277777777778,12.354900849858359,21.6,1986,1765
205811699,27,2024-07-18 23:22:32,2024-07-19 13:16:12,36.955711666666666,24.87264,37.28276666666667,24.830911666666665,95.37772168637582,3.753858957844345,13.894444444444444,11.81338495575221,18.5,2108,1808
205811699,28,2024-07-29 23:25:56,2024-07-30 16:18:55,36.89442,24.887173333333333,37.22666666666667,24.794675,91.78964454446384,8.232931108315242,16.883055555555554,9.496852957135104,12.0,2016,1843
205811699,29,2024-08-01 22:27:46,2024-08-02 15:51:25,36.84857,24.956838333333337,37.260243333333335,24.80331,107.57908912767013,13.64746755116421,17.394166666666667,11.321958456973293,21.9,1850,1685
205811699,30,2024-08-15 22:14:47,2024-08-16 13:35:57,36.836261666666665,24.984591666666667,37.21262333333333,24.757473333333333,116.45375759316588,20.175630596532095,15.352777777777778,12.268309485956545,18.7,2086,1887
205811699,31,2024-08-27 00:32:57,2024-08-27 16:26:11,37.05718333333333,24.90479833333333,37.203445,24.750746666666668,100.72043291002403,13.659886025291643,15.887222222222222,9.203173749327593,15.0,2087,1859
205811699,32,2024-09-12 21:57:14,2024-09-13 14:10:06,36.85054,24.961336666666668,37.20884,24.754583333333333,116.54918025823432,18.366419542969698,16.214444444444446,12.664258760107815,20.4,2087,1855
205811699,33,2024-09-23 23:57:07,2024-09-24 16:14:07,37.050135,24.90079,37.23597333333333,24.807931666666665,96.62968397305733,8.23855181218073,16.283333333333335,10.014100294985248,13.0,1980,1695
205811699,35,2024-09-26 22:40:00,2024-09-27 08:34:01,36.868588333333335,24.91072,37.465765,25.31972,83.18681729898866,36.25863496768783,9.900277777777777,14.881064270905322,21.8,1965,1447
226225103,36,2024-07-02 06:29:53,2024-07-03 01:25:59,37.118001666666665,24.624776666666666,36.87168,24.989331666666665,106.5443895653701,32.379609852026114,18.935,15.485462776659961,17.6,2438,1988
226225103,37,2024-07-09 02:43:00,2024-07-09 07:33:57,37.152875,24.69614333333333,37.4654,25.315316666666668,81.2352281198975,54.76378526409072,4.849166666666667,15.65782178217822,17.400000000000002,1206,1010
226225103,38,2024-07-09 09:33:56,2024-07-09 22:46:53,37.465316666666666,25.31505,37.04530333333334,24.934325,36.70583615656005,33.70559969651719,13.215833333333334,8.54364694471387,11.4,1684,1031
226225103,39,2024-07-16 02:13:48,2024-07-17 01:05:59,37.155676666666665,24.69314,36.87382333333333,24.98308833333333,122.04681815931247,25.74931738323665,22.869722222222222,15.768395721925133,18.4,2202,1870
226225103,40,2024-07-23 02:26:03,2024-07-24 00:46:50,37.134265,24.666686666666667,36.93376333333333,24.899835,130.24371345606073,20.698892187743887,22.34638888888889,14.533923154701718,18.1,5344,1978
226225103,41,2024-07-30 02:37:18,2024-07-31 00:20:52,37.15413333333333,24.690718333333333,37.09264666666667,24.951885,106.76226574394201,23.15530480573341,21.726111111111113,15.309988385598144,17.8,2065,1722
226225103,42,2024-08-06 02:36:26,2024-08-07 01:11:45,37.164366666666666,24.705783333333333,36.87237,24.983756666666668,117.95606208432565,24.685610283997168,22.58861111111111,15.326320201173514,17.400000000000002,1597,1193
226225103,43,2024-08-13 02:45:06,2024-08-14 02:56:27,37.154025,24.690411666666662,36.59796333333333,25.279805,155.8164357386945,52.43591267359474,24.189166666666665,15.499785867237687,17.7,2973,2335
226225103,45,2024-08-20 02:46:54,2024-08-20 04:00:24,37.1183,24.660161666666667,37.38138333333333,25.03031333333333,63.48661192145492,32.766526244229304,1.225,19.43783231083844,19.700000000000003,489,489
234463823,47,2024-09-17 06:12:18,2024-09-19 17:38:49,37.53655333333333,25.15552333333333,37.44305166666667,24.942975,22.92432039149886,18.75377237992737,59.441944444444445,7.829032258064516,10.1,19997,310
238007480,53,2024-07-21 11:12:46,2024-07-23 06:34:32,37.15706,25.30544833333333,37.08932333333333,25.148331666666667,31.47692549945704,13.930598902921643,43.36277777777778,6.606875,9.7,16499,640
241749307,87,2024-07-02 04:08:40,2024-07-02 06:59:28,37.70861,26.157651666666663,37.52836166666667,24.969048333333333,159.09656823853595,104.68793156952275,2.8466666666666667,20.483159268929505,20.9,766,766
241749307,88,2024-07-02 19:41:24,2024-07-02 22:11:18,37.52515833333333,24.959143333333333,37.68811,26.045303333333333,96.59035481781929,95.68046502290075,2.4983333333333335,21.225704225352118,21.8,852,852
241749307,89,2024-07-04 00:17:04,2024-07-04 02:33:58,37.66202833333333,25.92351,37.52466166666667,24.971265,94.64831884785657,83.89891226751595,2.2816666666666667,20.59980506822612,21.0,513,513
241749307,90,2024-07-04 19:34:57,2024-07-04 20:39:40,37.52672333333334,24.95598333333333,37.55341333333333,25.413401666666665,41.68727787667571,40.3303406186231,1.0786111111111112,20.482939632545932,21.0,381,381
241749307,91,2024-07-06 00:13:42,2024-07-06 02:36:36,37.66251,25.97193333333333,37.525105,24.95876,138.49987465427427,89.26643281745852,2.381666666666667,20.743283582089553,21.3,938,938
241749307,92,2024-07-09 06:09:01,2024-07-09 07:15:44,37.55399166666667,25.441648333333333,37.52402666666666,24.974008333333337,83.81735835050671,41.2321701485803,1.1119444444444444,20.369178082191784,21.0,438,438
241749307,93,2024-07-09 20:40:03,2024-07-09 21:38:40,37.532718333333335,24.953503333333337,37.54349,25.36063333333333,37.713981769959126,35.89737470754468,0.9769444444444444,20.3015923566879,20.8,314,314
241749307,95,2024-07-10 22:35:53,2024-07-11 02:32:29,37.813165,26.640948333333338,37.52617,24.959176666666668,156.8254960827495,148.02118629446662,3.9433333333333334,20.758390646492437,21.8,1454,1454
241749307,96,2024-07-11 19:39:14,2024-07-11 22:10:55,37.525216666666665,24.955655,37.683915,26.030466666666666,95.02986850974483,94.68341908809847,2.5280555555555555,20.726602564102567,21.3,312,312
241749307,97,2024-07-13 00:40:05,2024-07-13 02:33:17,37.624006666666666,25.769855,37.52535833333334,24.96768833333333,93.66076329016086,70.69379534482206,1.8866666666666667,20.86634844868735,21.3,419,419
241749307,98,2024-07-14 19:00:16,2024-07-14 19:55:36,37.524901666666665,24.95550666666667,37.538131666666665,25.347681666666663,35.662419224894435,34.58182590696465,0.9222222222222223,20.50601851851852,21.0,216,216
241749307,99,2024-07-14 21:09:15,2024-07-14 21:52:55,37.65502333333333,25.863621666666667,37.722701666666666,26.16751,72.1963465864296,26.74042824732383,0.7277777777777777,20.59449541284404,21.0,109,109
241749307,101,2024-07-16 03:32:07,2024-07-16 06:21:44,37.704483333333336,26.142435,37.525145,24.956153333333333,164.6621939237821,104.48860825368371,2.8269444444444445,20.766392092257004,21.5,607,607
241749307,102,2024-07-16 19:15:36,2024-07-16 20:10:38,37.52694833333333,24.957485,37.537751666666665,25.349471666666663,34.68867663383894,34.56482952810875,0.9172222222222223,20.64926829268293,21.1,205,205
241749307,104,2024-07-17 22:59:02,2024-07-18 02:28:56,37.77319,26.447316666666666,37.5233,24.97126833333333,160.93413961687546,129.9524768649148,3.4983333333333335,20.654986020503262,21.6,1073,1073
241749307,105,2024-07-18 19:32:43,2024-07-18 22:22:15,37.527501666666666,24.952951666666667,37.716573333333336,26.131956666666667,105.49547687318673,103.83764313500347,2.8255555555555554,20.442091503267974,20.9,765,765
241749307,106,2024-07-20 00:26:24,2024-07-20 02:32:18,37.640605,25.83744833333333,37.52502833333333,24.97404,102.02796760936067,76.08262138676136,2.098333333333333,20.47124183006536,21.0,459,459
241749307,107,2024-07-21 19:38:26,2024-07-21 22:34:32,37.52174166666666,24.95818,37.721181666666666,26.221861666666666,112.73347023051274,111.29601327365579,2.935,21.00399385560676,21.9,651,651
241749307,108,2024-07-22 03:58:58,2024-07-22 06:55:47,37.32828666666666,26.60161,36.90077166666666,26.933778333333333,72.56825197070789,29.464803813378534,2.9469444444444446,19.290106007067138,20.8,566,566
241749307,109,2024-07-22 21:46:53,2024-07-23 00:05:50,37.004601666666666,26.863496666666663,37.32098833333333,26.553,33.76224161259155,27.52093835147696,2.3158333333333334,20.967785234899328,21.8,149,149
241749307,110,2024-07-23 03:41:56,2024-07-23 07:54:45,37.82718833333333,26.75876166666667,37.52573666666667,24.980968333333333,174.6784580469784,156.45786652216972,4.213611111111111,20.842238805970148,21.6,670,670
241749307,111,2024-07-23 20:26:04,2024-07-23 21:15:03,37.52178833333333,24.95915,37.52854,25.3034,32.28678745839568,30.358404673632357,0.8163888888888889,20.290513833992094,20.8,253,253
241749307,113,2024-07-25 01:46:35,2024-07-25 02:44:23,37.54529333333333,25.384871666666665,37.52220833333333,24.978395,83.50495553827973,35.841882549242186,0.9633333333333334,20.44146341463415,21.0,287,287
241749307,114,2024-07-25 20:00:25,2024-07-25 21:01:25,37.52253833333334,24.969166666666663,37.548375,25.39080833333333,37.99999630116818,37.17823821069402,1.0166666666666666,20.071374045801527,20.4,262,262
241749307,115,2024-07-27 02:19:34,2024-07-27 03:01:58,37.526493333333335,25.28954,37.524791666666665,24.98257333333333,36.003078149039126,27.070323387967278,0.7066666666666667,20.80635838150289,21.200000000000003,173,173
241749307,116,2024-07-28 18:59:18,2024-07-28 20:07:47,37.53143,24.960101666666667,37.55827833333333,25.441916666666668,44.47143499455937,42.478647667630874,1.1413888888888888,20.399193548387096,20.9,248,248
241749307,118,2024-07-30 04:05:15,2024-07-30 07:55:21,37.793956666666666,26.569506666666665,37.527501666666666,24.958475,155.6229426400537,141.81227348743428,3.835,20.43563218390805,21.4,1131,1131
241749307,119,2024-07-30 20:57:44,2024-07-30 22:33:20,37.52321833333333,24.97066833333333,37.60134666666666,25.631801666666668,59.36746404043185,58.27448414391976,1.5933333333333333,20.357004830917877,20.9,207,207
241749307,120,2024-08-01 02:43:48,2024-08-01 03:40:37,37.54545333333333,25.38333833333333,37.52234666666666,24.990975,56.5015632542221,34.59734618968688,0.9469444444444445,20.087545787545785,20.5,273,273
241749307,121,2024-08-01 19:45:53,2024-08-01 20:39:29,37.52399666666667,24.961126666666665,37.53857833333333,25.335271666666667,35.63090858925616,32.992054605902915,0.8933333333333333,20.38424657534247,20.8,292,292
241749307,122,2024-08-01 22:51:18,2024-08-01 23:24:11,37.72812666666667,26.243693333333333,37.77174333333333,26.46817833333333,99.73243241367469,19.737063250757775,0.5480555555555555,20.09174311926606,20.3,109,109
241749307,124,2024-08-02 23:46:44,2024-08-03 02:39:31,37.706965,26.160046666666663,37.523495,24.96972,184.20581039964,104.84431734464113,2.879722222222222,20.156981132075472,20.9,1060,1060
241749307,125,2024-08-04 19:19:36,2024-08-04 20:16:13,37.522515,24.971343333333333,37.54051833333333,25.371446666666667,35.43029749892928,35.28094920653034,0.9436111111111111,20.367281105990788,21.0,217,217
241749307,130,2024-08-06 03:46:39,2024-08-06 06:42:40,37.716355,26.19532833333333,37.52542,24.97601166666667,145.90380842205482,107.38955931454133,2.933611111111111,20.56764705882353,21.200000000000003,374,374
241749307,131,2024-08-06 19:54:54,2024-08-06 21:41:24,37.52721666666667,24.972986666666667,37.619926666666665,25.727815,66.81197652669567,66.5229554703911,1.775,20.617127071823205,21.0,181,181
241749307,132,2024-08-08 01:32:28,2024-08-08 02:34:04,37.54632166666666,25.404613333333337,37.52350333333333,24.974443333333333,66.41826545041309,37.93049085405697,1.0266666666666666,20.243781094527364,21.0,201,201
241749307,133,2024-08-12 21:11:48,2024-08-12 21:49:42,36.903933333333335,27.007463333333337,37.03715833333333,26.848,194.20790100140542,14.16884285587644,0.6316666666666667,20.616197183098592,21.3,142,142
241749307,134,2024-08-13 04:46:33,2024-08-13 08:03:34,37.74727,26.345006666666663,37.52163333333333,24.973403333333337,165.28188246245014,120.77968692451714,3.283611111111111,20.430000000000003,21.0,910,910
241749307,135,2024-08-13 21:44:51,2024-08-13 22:57:39,37.52433833333333,24.958831666666665,37.566098333333336,25.490956666666666,48.210025803498056,46.913960457573324,1.2133333333333334,21.233636363636364,21.700000000000003,550,550
241749307,137,2024-08-15 01:53:16,2024-08-15 03:12:36,37.57216833333333,25.515961666666666,37.52500166666667,24.971905,89.43649556543167,47.96374218867078,1.3222222222222222,20.108116883116885,21.1,308,308
241749307,138,2024-08-15 18:59:37,2024-08-15 19:46:06,37.54367166666667,24.961345,37.53210166666667,25.286393333333333,29.598929201177107,28.660184090694667,0.7747222222222222,20.635249042145595,21.3,261,261
241749307,139,2024-08-15 21:00:01,2024-08-15 22:42:55,37.64566666666666,25.80245333333333,37.784375,26.521216666666668,108.69995428276462,63.22435731421537,1.715,20.48022727272727,20.8,440,440
243681675,141,2024-07-01 00:00:08,2024-07-01 08:15:54,37.087336666666666,25.147961666666667,37.606285,25.02494833333333,48.16030538617386,10.920438421437067,8.262777777777778,17.42966333030027,21.0,1904,1099
243681675,142,2024-07-01 17:58:54,2024-07-02 05:55:24,37.59561833333333,25.027926666666666,37.61982666666667,25.00458,56.4838498117612,2.0571313594119585,11.941666666666666,14.410661268556005,20.9,958,741
243681675,143,2024-07-02 15:55:26,2024-07-03 08:09:05,37.599705,25.02933,37.57103833333333,25.07487,92.1184174863779,4.013183831673278,16.2275,17.282854359473944,21.4,2627,2053
243681675,144,2024-07-03 18:01:09,2024-07-04 05:42:21,37.579186666666665,25.05797,37.56820166666667,25.075078333333337,49.366212050262035,1.5079034730029517,11.686666666666667,14.804283604135893,20.4,1590,677
243681675,145,2024-07-04 16:06:56,2024-07-05 08:15:21,37.55477333333333,25.086023333333333,37.60846166666666,25.02323,90.28518691341706,5.534350427373086,16.14027777777778,17.220877944325483,21.1,2537,1868
243681675,146,2024-07-05 18:31:43,2024-07-05 21:16:10,37.60083,25.02352833333333,37.564211666666665,25.036865,53.316336188459246,1.1773641243149273,2.7408333333333332,15.88486171761281,20.9,881,687
243681675,147,2024-07-06 07:23:38,2024-07-06 09:16:38,37.59946166666667,25.022645,37.46086833333333,25.32413333333333,29.21168699808779,26.5869262105298,1.8833333333333333,14.016010498687665,20.9,568,381
243681675,148,2024-07-08 16:00:25,2024-07-08 18:55:33,37.595288333333336,25.04013,37.13832333333333,25.12843833333333,68.73656549651191,7.854288934834434,2.918888888888889,16.4777633289987,21.8,886,769
243681675,151,2024-07-09 04:13:58,2024-07-09 07:39:25,37.087425,25.148136666666662,37.53637166666667,25.154621666666667,35.6768147461524,1.043095811592901,3.424166666666667,17.409177215189874,20.6,985,948
243681675,152,2024-07-09 18:01:35,2024-07-10 05:38:27,37.60064333333333,25.033733333333338,37.56120333333333,25.08859,60.27777689561984,4.834639228698172,11.614444444444445,13.906892067620285,20.700000000000003,2123,769
243681675,153,2024-07-10 15:59:07,2024-07-11 08:16:03,37.59773166666667,25.02926833333333,37.609025,25.02087833333333,101.54474159791565,0.739438476641766,16.282222222222224,17.2066762728146,21.4,4067,2082
243681675,154,2024-07-11 18:02:21,2024-07-12 05:09:15,37.603521666666666,25.021311666666666,37.53613,25.15369833333333,43.23867668572698,11.668535864044975,11.115,14.56779388083736,21.200000000000003,867,621
246228378,155,2024-07-01 19:56:02,2024-07-01 22:40:43,37.51227166666666,24.95405833333333,37.33670666666666,25.506941666666663,55.33274817027583,48.823944225134284,2.7447222222222223,13.62087912087912,14.8,367,364
246228378,156,2024-07-03 05:39:10,2024-07-03 07:59:06,37.36092833333333,25.425435,37.511253333333336,24.971253333333333,55.18545082957238,40.10171894547899,2.332222222222222,13.724810606060606,14.3,528,528
246228378,157,2024-07-08 19:40:29,2024-07-08 22:40:14,37.51457833333333,24.96334333333333,37.38357,25.57968333333333,61.51149179864607,54.40908506162828,2.995833333333333,13.641842105263157,15.1,781,760
246228378,158,2024-07-10 04:56:26,2024-07-10 07:49:51,37.30457,25.54440333333333,37.50731833333333,24.969106666666665,60.09560066146909,50.816046820894826,2.890277777777778,13.494936708860758,15.1,959,948
246228378,159,2024-07-15 19:33:11,2024-07-16 00:53:53,37.51129333333333,24.95722333333333,37.15112666666667,26.241081666666663,121.04782136000705,113.5138789956482,5.345,14.08273431994362,14.7,1437,1419
246228378,160,2024-07-17 04:09:27,2024-07-17 07:39:45,37.277321666666666,25.704916666666666,37.50989166666667,24.960861666666663,119.49086437387557,65.7327774570447,3.505,12.935726795096322,14.9,1229,1142
246228378,161,2024-07-22 19:20:02,2024-07-23 02:58:48,37.51164,24.95414,36.899655,26.930836666666668,181.46394966434443,175.0600130153177,7.646111111111111,14.14175,15.3,2044,2000
246228378,162,2024-07-24 04:37:18,2024-07-24 07:21:14,37.335766666666665,25.501991666666665,37.5085,24.969818333333333,179.8385596518035,46.99662602414458,2.732222222222222,13.632164948453608,14.5,487,485
246228378,163,2024-07-29 19:05:11,2024-07-30 00:50:32,37.51065333333333,24.963045,37.1149,26.34624,128.94099275164047,122.32659483037834,5.755833333333333,13.81056451612903,15.2,1258,1240
246228378,164,2024-07-31 04:34:28,2024-07-31 07:00:41,37.34501,25.55834,37.508845,24.967066666666668,121.96128415958701,52.212081056518215,2.4369444444444444,13.343723849372385,14.2,478,478
246228378,165,2024-08-05 20:02:07,2024-08-05 23:12:01,37.50818666666667,24.96288833333333,37.303055,25.606275,63.65930080847966,56.83035795114106,3.165,13.636226415094342,14.8,278,265
246228378,168,2024-08-07 04:54:47,2024-08-07 07:39:13,37.336815,25.50448,37.50392,24.97035,126.95325193564183,47.17045286213629,2.7405555555555554,13.264376130198917,14.8,569,553
246228378,169,2024-08-12 19:40:32,2024-08-13 01:10:57,37.511715,24.95759333333333,37.10371833333333,26.281641666666665,124.84532028940757,117.10406747645938,5.506944444444445,13.604580896686159,15.0,1057,1026
246228378,170,2024-08-14 05:26:32,2024-08-14 07:37:52,37.36601,25.414696666666668,37.508075,24.966726666666663,121.20104298938084,39.55268139224003,2.188888888888889,13.729553903345725,14.5,538,538
246228378,171,2024-08-19 19:17:15,2024-08-19 23:10:17,37.513735,24.958276666666663,37.211675,25.89754,90.00975120385517,83.01225430808594,3.883888888888889,14.4801261829653,15.3,954,951
246228378,172,2024-08-20 00:12:35,2024-08-20 02:44:53,37.12871333333333,26.21019,36.90240166666667,26.92815333333333,91.44904947345388,63.74629051327131,2.5383333333333336,14.623124999999998,15.5,160,160
246228378,173,2024-08-21 03:25:16,2024-08-21 05:46:20,37.36361166666666,25.409546666666667,37.51001166666666,24.96092,180.7029405874708,39.61083626407396,2.351111111111111,12.938095238095237,14.5,739,714
246228378,174,2024-08-26 18:48:19,2024-08-26 20:34:40,37.51191166666667,24.958946666666662,37.36473166666666,25.412538333333337,40.6435259725085,40.04839260429759,1.7725,14.302389078498292,14.9,293,293
246228378,175,2024-08-28 02:36:32,2024-08-28 05:05:18,37.29542833333333,25.6164,37.50514166666667,24.95822833333333,76.15985407454448,58.14044344855216,2.4794444444444443,13.975983717774762,14.5,737,737
246228378,176,2024-09-02 19:09:25,2024-09-02 22:29:12,37.51589,24.953741666666662,37.28613833333333,25.66358333333333,69.59691321664968,62.70416434554039,3.3297222222222222,12.821995464852606,14.4,466,441
246228378,179,2024-09-04 05:15:52,2024-09-04 07:39:40,37.361673333333336,25.42834,37.51589166666667,24.966171666666668,132.3131224690715,40.805443075028826,2.3966666666666665,13.775210970464137,15.1,977,948
246228378,180,2024-09-09 18:54:34,2024-09-09 20:54:18,37.522553333333335,24.945341666666668,37.35203,25.454671666666663,46.79932135858192,44.970287809259226,1.9955555555555555,13.763492063492064,14.4,315,315
246228378,181,2024-09-11 03:24:18,2024-09-11 05:20:14,37.35717,25.436803333333337,37.51261333333333,24.957153333333338,43.93318685502128,42.351054882701824,1.9322222222222223,13.717761194029853,14.1,670,670
246228378,182,2024-09-16 18:37:11,2024-09-16 20:48:29,37.51424,24.970673333333337,37.36813333333333,25.397485,45.031003171607054,37.68261063934408,2.1883333333333335,13.24307116104869,14.5,273,267
246228378,183,2024-09-18 03:55:57,2024-09-18 06:22:27,37.364685,25.409655,37.517845,24.958051666666663,47.46193491774309,39.87136080897331,2.441666666666667,13.631107954545454,14.6,728,704
246228378,184,2024-09-23 19:24:03,2024-09-23 22:03:17,37.51927,24.957968333333337,37.34821,25.461266666666667,50.9982834705127,44.43987998212519,2.653888888888889,13.494705882352942,15.6,717,680
246228378,185,2024-09-25 03:59:33,2024-09-25 06:06:43,37.372526666666666,25.381318333333333,37.51535833333333,24.977543333333333,48.74590308080884,35.64749608416287,2.1194444444444445,14.037920489296635,14.8,669,654
246228378,186,2024-09-30 19:36:59,2024-09-30 21:30:28,37.51638166666667,24.969616666666667,37.45843166666667,25.31028166666667,33.55549625055723,30.057654470982573,1.8913888888888888,10.481142857142856,14.6,191,175
248692941,187,2024-07-01 08:24:13,2024-07-01 12:08:45,37.61096,25.022856666666662,37.621165,25.00285,56.120414388104315,1.7622897807517526,3.7422222222222223,12.430170777988616,20.0,780,527
248692941,188,2024-07-02 08:30:58,2024-07-02 12:05:16,37.558328333333336,25.09750333333333,37.614383333333336,25.014538333333338,56.58218132369922,7.3112473759336805,3.5716666666666668,13.020517241379311,19.9,1042,580
248692941,189,2024-07-03 08:38:04,2024-07-03 11:52:17,37.56196,25.090325,37.56679666666667,25.079496666666667,49.65087409810947,0.9544635986618163,3.2369444444444446,13.571338912133893,19.9,626,478
248692941,190,2024-07-04 08:19:29,2024-07-04 12:12:38,37.609071666666665,25.02139,37.62041333333333,25.003363333333333,61.24768720263023,1.5879616928572846,3.8858333333333333,13.559968354430382,19.700000000000003,1034,632
248692941,191,2024-07-05 09:00:26,2024-07-05 11:56:49,37.550395,25.105585,37.58381666666666,25.056661666666667,53.03708578244701,4.312468976720663,2.939722222222222,12.141566265060241,19.3,642,498
248692941,192,2024-07-06 08:45:40,2024-07-06 09:13:21,37.56104333333333,25.090611666666668,37.52847833333333,25.15866833333333,9.341735204430694,6.000477387970535,0.4613888888888889,8.323809523809524,18.8,123,84
248692941,193,2024-07-09 09:29:34,2024-07-09 12:05:14,37.47000666666667,25.279301666666665,37.60945,25.018581666666662,42.3584009067153,22.989217083672077,2.5944444444444446,13.396017699115044,19.5,630,452
248692941,194,2024-07-10 08:42:46,2024-07-10 12:06:31,37.554405,25.098948333333333,37.60925,25.018431666666668,55.1507920923444,7.095933761254161,3.3958333333333335,12.924365482233501,19.3,757,591
248692941,195,2024-07-11 08:40:52,2024-07-11 12:09:25,37.553151666666665,25.102375,37.62129,25.003858333333337,56.56058280325183,8.681674168985328,3.4758333333333336,13.402094240837696,19.5,885,573
248692941,196,2024-07-12 08:59:34,2024-07-12 11:49:38,37.55072833333333,25.10521,37.55976666666667,25.089425,49.68847482701708,1.391582829838518,2.8344444444444443,12.776908023483365,19.9,657,511
248692941,197,2024-07-13 08:56:48,2024-07-13 13:06:42,37.55558666666666,25.098036666666665,37.62166833333333,25.003876666666667,50.398043199097785,8.297619534013503,4.165,13.494453781512604,19.700000000000003,895,595
248692941,198,2024-07-14 08:29:57,2024-07-14 12:05:16,37.604056666666665,25.02470333333333,37.60347333333333,25.03105333333333,55.76209136681153,0.5593988732895917,3.588611111111111,13.575126050420169,19.700000000000003,883,595
248692941,199,2024-07-15 08:44:50,2024-07-15 11:54:11,37.56173833333333,25.091206666666668,37.56738666666666,25.080076666666667,48.51227612619488,0.9810653848795537,3.1558333333333333,14.048865979381445,19.6,839,485
248692941,200,2024-07-16 08:43:04,2024-07-16 12:04:15,37.55685,25.09988333333333,37.60993,25.02047333333333,49.607181250456534,6.99822730500219,3.3530555555555557,12.327031509121063,19.3,861,603
248692941,201,2024-07-17 08:38:54,2024-07-17 11:53:48,37.56118666666666,25.089771666666667,37.57630666666667,25.068933333333337,50.281942157821284,1.836833034367912,3.2483333333333335,13.188170055452865,19.5,752,541
248692941,202,2024-07-18 08:44:08,2024-07-18 12:08:09,37.55054166666667,25.107076666666668,37.623331666666665,25.00337,52.03813455639617,9.139103377859255,3.4002777777777777,12.711037891268534,19.200000000000003,909,607
248692941,203,2024-07-19 09:26:13,2024-07-19 12:04:52,37.561295,25.08928,37.61235333333333,25.01692333333333,56.46796391997124,6.37641775559378,2.6441666666666666,13.645213849287169,19.5,626,491
248692941,204,2024-07-20 09:10:54,2024-07-20 12:48:57,37.536085,25.156331666666667,37.56096333333333,25.087595,49.67831832277187,6.0599826079772585,3.6341666666666668,12.668145161290324,19.1,864,496
248692941,205,2024-07-21 08:40:06,2024-07-21 11:58:07,37.557053333333336,25.09948,37.582186666666665,25.060188333333333,45.66078531265051,3.4632967001200523,3.3002777777777776,13.118118466898956,19.8,777,574
248692941,206,2024-07-22 08:24:48,2024-07-22 12:03:31,37.59938833333333,25.035515,37.60301333333334,25.03201333333333,54.12335280617853,0.30856712020096,3.645277777777778,14.132042253521126,19.6,999,568
248692941,207,2024-07-23 08:39:34,2024-07-23 11:59:20,37.552301666666665,25.101948333333333,37.596093333333336,25.04036,51.96561995262073,5.428391020476472,3.3294444444444444,12.54375,19.200000000000003,707,448
248692941,208,2024-07-24 08:48:23,2024-07-24 11:55:41,37.53657,25.14763,37.57249333333333,25.069856666666663,48.32181468536048,6.856259796763666,3.1216666666666666,12.929558541266797,19.200000000000003,642,521
248692941,209,2024-07-25 08:51:26,2024-07-25 12:01:08,37.53335666666667,25.146021666666662,37.59406333333333,25.04223,48.17357548413534,9.14911371031302,3.1616666666666666,12.620481927710843,19.3,728,581
248692941,210,2024-07-26 09:12:06,2024-07-26 12:06:56,37.55008,25.105975,37.609811666666666,25.018316666666667,52.66783990982303,7.725524380114769,2.9138888888888888,13.4445434298441,19.3,591,449
248692941,211,2024-07-27 08:48:36,2024-07-27 13:08:15,37.55801833333334,25.09514666666667,37.624026666666666,24.997723333333333,57.19623721089327,8.584846911458436,4.3275,13.292449664429531,19.8,1158,596
248692941,212,2024-07-28 08:43:15,2024-07-28 11:42:01,37.55069,25.10561833333333,37.53648166666667,25.154641666666667,45.124738987005514,4.322247059107457,2.9794444444444443,12.02588555858311,19.3,593,367
248964690,213,2024-07-01 06:13:26,2024-07-01 08:37:27,37.56046333333333,25.087066666666665,36.95616166666667,24.97602,55.46524090427318,9.897323069016714,2.4002777777777777,30.001813685078314,34.4,1258,1213
248964690,214,2024-07-01 12:57:41,2024-07-01 15:35:52,36.969636666666666,24.97397833333333,37.58541,25.03009833333333,62.5860067031118,5.107115950906207,2.636388888888889,29.161494616846106,34.1,1633,1579
248964690,215,2024-07-02 06:17:37,2024-07-02 08:52:48,37.5552,25.081631666666667,36.90287333333333,25.043758333333333,67.04087774180543,3.5841001977818308,2.586388888888889,29.168199841395722,33.9,1315,1261
248964690,216,2024-07-02 12:55:02,2024-07-02 15:37:12,36.95574666666667,24.976366666666667,37.59295166666666,25.013145,70.09828280698918,3.481218877285265,2.702777777777778,27.44290795909293,34.300000000000004,2401,2249
248964690,217,2024-07-03 06:16:09,2024-07-03 07:52:03,37.556245,25.092158333333337,37.11405833333333,25.132908333333333,44.62214866079813,3.7035121969300304,1.5983333333333334,29.903079884504333,34.4,1063,1039
248964690,218,2024-07-03 13:19:18,2024-07-03 15:41:28,37.027725,25.0258,37.58421666666667,25.033876666666668,63.54118236466542,1.2948574459012203,2.3694444444444445,27.03934294871795,30.5,1262,1248
248964690,219,2024-07-04 06:13:05,2024-07-04 08:47:45,37.55489833333333,25.08523,36.95397166666667,24.97693,61.04309648024086,9.655698279713054,2.577777777777778,31.52707182320442,34.5,1140,1086
248964690,220,2024-07-04 12:53:50,2024-07-04 15:34:50,36.956003333333335,24.976231666666667,37.57909833333333,25.02133333333333,62.78931091425902,4.170164495113233,2.683333333333333,29.04251968503937,34.4,1427,1397
248964690,221,2024-07-05 06:29:40,2024-07-05 08:33:23,37.559045,25.087736666666668,37.08823666666667,25.14881,45.76473604103865,5.47707708371446,2.0619444444444444,30.424498886414256,35.2,920,898
248964690,222,2024-07-05 13:21:05,2024-07-05 15:33:21,37.08677,25.147191666666668,37.580846666666666,25.036145,45.95512465901608,9.864519144986351,2.2044444444444444,29.11294729993494,34.4,1613,1537
248964690,223,2024-07-06 06:23:41,2024-07-06 09:03:21,37.56073,25.076265,36.967553333333335,24.973713333333333,61.37680347889965,9.147817241807482,2.661111111111111,28.261097461097464,33.9,1256,1221
248964690,224,2024-07-08 14:05:32,2024-07-08 16:20:34,37.30585833333333,25.188505,37.566775,25.056435,58.24041454373348,11.671671397327648,2.2505555555555556,21.854870624048708,34.9,1390,1314
248964690,225,2024-07-09 06:17:37,2024-07-09 07:39:32,37.55452666666667,25.09681833333333,37.244215,25.199716666666667,34.71181432696018,9.109462964426761,1.3652777777777778,29.410739436619725,35.1,580,568
248964690,226,2024-07-09 13:32:21,2024-07-09 15:33:03,37.0877,25.145081666666663,37.57875833333333,25.04867,50.19784970004742,8.577079779099916,2.0116666666666667,29.368095238095236,34.0,1520,1470
248964690,227,2024-07-10 06:23:23,2024-07-10 08:28:41,37.551215,25.079118333333337,37.087743333333336,25.14943166666667,43.50065151197774,6.282429204416415,2.0883333333333334,28.31389578163772,34.300000000000004,824,806
248964690,228,2024-07-10 13:07:24,2024-07-10 13:58:34,37.041685,25.026445,37.23336166666667,25.212985,31.44676923941806,16.539673388762075,0.8527777777777777,31.819437340153456,33.0,398,391
260995738,229,2024-07-02 00:48:24,2024-07-02 02:36:28,36.765861666666666,25.46216,37.120023333333336,24.68769333333333,68.86349347127916,68.83021064340835,1.801111111111111,24.275728155339806,24.5,103,103
260995738,230,2024-07-02 16:06:44,2024-07-02 17:18:03,37.34610333333333,24.861015,37.32021833333334,25.334435,57.208461009870376,41.856751964529664,1.188611111111111,19.150815217391305,19.4,368,368
260995738,232,2024-07-03 23:41:51,2024-07-04 02:05:06,37.266635,26.039891666666666,37.305825,24.82923,547.4737286625825,107.10507923299997,2.3875,24.211849957374255,24.700000000000003,1173,1173
260995738,233,2024-07-04 14:42:14,2024-07-04 15:18:38,37.522443333333335,24.95802833333333,37.51338833333333,25.257906666666667,37.83421956573818,26.447972771260332,0.6066666666666667,23.7529702970297,24.0,202,202
260995738,234,2024-07-06 01:35:29,2024-07-06 03:39:17,37.488236666666666,25.988105,37.524971666666666,24.95386,155.6407892352987,91.2293441356502,2.0633333333333335,24.117639429312582,25.200000000000003,771,771
260995738,237,2024-07-09 16:09:36,2024-07-09 17:13:18,37.34884,24.86759,37.3231,25.28663,48.64569253643615,37.04745198053096,1.0616666666666668,18.86035714285714,19.4,280,280
260995738,238,2024-07-10 23:26:51,2024-07-11 02:09:41,37.27119166666667,26.216596666666668,37.31234,24.829063333333337,205.0127968515099,122.74329997763749,2.713888888888889,24.395507246376813,25.1,2070,2070
260995738,239,2024-07-11 14:34:28,2024-07-11 15:50:18,37.52529,24.9594,37.51055,25.597891666666666,67.83387585529988,56.31211210804062,1.2638888888888888,24.141484716157205,24.5,229,229
260995738,240,2024-07-13 02:22:21,2024-07-13 03:57:35,37.50814833333333,25.739455,37.522195,24.953545,81.8039807870774,69.31623120793195,1.5872222222222223,24.02233169129721,24.700000000000003,609,609
260995738,241,2024-07-13 12:34:03,2024-07-13 14:03:03,37.51712833333333,24.956758333333333,37.51523,25.30732,256.9723888469892,30.918731982045262,1.4833333333333334,22.285930735930737,24.6,519,462
260995738,242,2024-07-14 01:54:16,2024-07-14 03:30:50,37.53423,25.32165,37.51971833333333,24.95309333333333,40.29648624332141,32.50115640957369,1.6094444444444445,23.19130434782609,24.6,845,828
260995738,244,2024-07-16 16:07:35,2024-07-16 16:57:23,37.34755833333333,24.864825,37.32671833333333,25.202015,45.97155989462705,29.810614616649723,0.83,19.498360655737702,19.8,244,244
260995738,245,2024-07-17 23:41:36,2024-07-18 02:22:54,37.270955,26.14438833333333,37.32375666666667,24.778648333333333,204.17845759079125,120.80649478983452,2.6883333333333335,24.50813253012048,25.0,1328,1328
260995738,246,2024-07-18 14:32:31,2024-07-18 15:49:57,37.52527166666667,24.961585,37.5112,25.60187833333333,72.63653103756417,56.47077081215778,1.2905555555555555,23.628695652173914,24.700000000000003,115,115
260995738,247,2024-07-20 02:15:22,2024-07-20 04:14:40,37.496435,25.934571666666667,37.52453166666667,24.958685,115.4207790791494,86.07720299322,1.9883333333333333,24.021072088724587,24.8,541,541
260995738,248,2024-07-20 12:53:22,2024-07-20 14:17:21,37.523446666666665,24.957798333333333,37.495666666666665,25.295015,35.12923812653444,29.74442142920564,1.3997222222222223,22.204040404040406,24.1,307,297
260995738,249,2024-07-21 01:52:17,2024-07-21 03:29:12,37.534868333333335,25.32317833333333,37.519865,24.970296666666663,47.907413991610994,31.118696929791323,1.6152777777777778,23.159397163120566,24.5,592,564
260995738,251,2024-07-23 00:39:08,2024-07-23 02:25:58,36.760441666666665,25.49833,37.100233333333335,24.713005,140.37305632088328,69.8064535032603,1.7805555555555554,24.413076923076922,24.9,130,130
260995738,252,2024-07-23 16:06:24,2024-07-23 16:57:42,37.34824166666667,24.86459333333333,37.326051666666665,25.208203333333337,43.80918128733414,30.378198559791173,0.855,19.231923076923078,19.700000000000003,260,260
260995738,253,2024-07-25 00:56:12,2024-07-25 02:09:13,37.290055,25.43891333333333,37.31166833333333,24.829921666666667,313.8112009030788,53.866210206551806,1.2169444444444444,23.773479318734797,24.6,411,411
260995738,255,2024-07-27 03:47:59,2024-07-27 05:39:27,37.50029166666667,25.898291666666665,37.52321666666667,24.969573333333333,145.38556545203656,81.91539954420418,1.8577777777777778,23.990238611713664,24.6,461,461
260995738,256,2024-07-27 14:36:42,2024-07-27 16:10:28,37.52173166666667,24.95432333333333,37.512175,25.306096666666665,335.7435948035852,31.025281364062135,1.5627777777777778,22.561206896551727,24.5,466,464
260995738,257,2024-07-28 03:28:29,2024-07-28 05:01:21,37.52758833333333,25.313423333333333,37.52038833333334,24.95355333333333,38.76405641658836,31.736385636343154,1.5477777777777777,23.798422090729783,24.700000000000003,509,507
260995738,260,2024-07-30 16:02:16,2024-07-30 16:46:16,37.34633166666666,24.862665,37.32458166666667,25.16636,42.75160953778072,26.849968983639158,0.7333333333333333,19.816450216450214,20.3,231,231
260995738,261,2024-08-01 01:08:01,2024-08-01 02:17:13,37.28970666666667,25.41974,37.312515,24.83126,74.46448032703813,52.05175945225136,1.1533333333333333,24.488387096774193,25.0,775,775
260995738,266,2024-08-03 02:13:53,2024-08-03 04:04:13,37.50081333333333,25.883301666666668,37.521065,24.97445,140.71206804400572,80.16399477713622,1.8388888888888888,23.863977272727272,24.9,880,880
260995738,267,2024-08-04 02:09:17,2024-08-04 03:48:23,37.585305,25.353843333333337,37.52021666666667,24.952536666666667,77.00918357071905,35.37717637257356,1.6516666666666666,22.432041728763043,24.8,740,671
260995738,271,2024-08-06 15:58:21,2024-08-06 16:56:52,37.34600666666667,24.874541666666666,37.32430166666666,25.27823666666667,79.95985318847117,35.69117850551512,0.9752777777777778,19.836708860759494,20.200000000000003,158,158
260995738,272,2024-08-08 00:56:05,2024-08-08 02:09:56,37.284571666666665,25.448016666666668,37.320125,24.835335,69.21171077843601,54.19154864682278,1.2308333333333332,24.0276,24.3,250,250
260995738,275,2024-08-13 15:26:05,2024-08-13 16:20:29,37.347321666666666,24.859131666666663,37.323105,25.293796666666665,58.42894922653978,38.429241615754016,0.9066666666666666,23.027313769751693,23.5,443,443
260995738,277,2024-08-15 02:42:04,2024-08-15 03:56:36,37.285003333333336,25.459856666666667,37.319206666666666,24.835276666666665,433.04550306685485,55.24412378824712,1.2422222222222221,24.264606741573033,24.700000000000003,534,534
260995738,278,2024-08-15 14:26:22,2024-08-15 15:47:14,37.52723666666667,24.956866666666667,37.51386166666666,25.63126,70.22938148212494,59.47636790442536,1.3477777777777777,24.171779141104295,25.0,163,163
260995738,281,2024-08-17 03:10:49,2024-08-17 04:56:01,37.511295,25.809926666666662,37.52497,24.953198333333333,217.14879091453165,75.55927479177159,1.7533333333333334,23.702267002518894,24.4,794,794
260995738,282,2024-08-17 14:23:23,2024-08-17 15:46:10,37.52408,24.957845,37.500506666666666,25.29937333333333,36.34454359858195,30.12361560070008,1.3797222222222223,22.46051948051948,25.1,387,385
260995738,283,2024-08-18 03:35:56,2024-08-18 05:04:17,37.55189,25.331088333333337,37.520485,24.951283333333333,42.88825511155686,33.48899313436163,1.4725,22.189066059225514,24.5,896,878
260995738,285,2024-08-19 20:27:18,2024-08-19 21:02:48,36.83708,26.90037833333333,36.693158333333336,26.735165,203.95075716124808,14.71947060740215,0.5916666666666667,20.11194029850746,23.6,134,134
260995738,286,2024-08-19 23:56:17,2024-08-20 02:41:19,36.592555,25.897535,37.121858333333336,24.686411666666668,182.5333477361439,107.7568904333088,2.7505555555555556,24.472809667673715,24.9,331,331
260995738,287,2024-08-20 15:28:09,2024-08-20 15:53:47,37.345843333333335,24.859176666666663,37.335323333333335,25.071635,34.08364809420315,18.782357297605476,0.4272222222222222,23.90206718346254,24.3,387,387
261098615,288,2024-07-01 06:02:17,2024-07-01 07:56:44,37.48704,24.951505,36.94078666666667,25.283346666666667,53.82433043250232,29.404401864103104,1.9075,33.93089108910891,42.900000000000006,1595,1515
261098615,289,2024-07-01 10:33:38,2024-07-01 12:24:47,37.01152,25.295626666666667,37.49019166666667,24.951681666666666,55.23127588999262,30.45643712365526,1.8525,34.45251312828207,41.900000000000006,1392,1333
261098615,290,2024-07-02 05:58:24,2024-07-02 07:45:24,37.490275,24.950091666666665,36.96328333333334,25.286916666666663,54.04855701238102,29.839051821027255,1.7833333333333334,34.34694048616932,43.6,1248,1193
261098615,291,2024-07-02 10:18:00,2024-07-02 12:15:29,36.97441833333333,25.285141666666668,37.48822666666667,24.951905,55.09178553500038,29.5189124217858,1.9580555555555557,34.48507890961263,43.2,1445,1394
261098615,292,2024-07-03 05:59:12,2024-07-03 07:50:44,37.49005666666667,24.951696666666667,36.96139166666666,25.28799666666667,48.93536627115421,29.793122045870245,1.8588888888888888,34.455826558265585,42.900000000000006,1149,1107
261098615,293,2024-07-03 10:32:55,2024-07-03 12:24:30,36.98522,25.294456666666665,37.48888,24.95172833333333,49.365446232390944,30.355834579345913,1.8597222222222223,34.42366482504603,42.900000000000006,1129,1086
261098615,294,2024-07-04 05:59:45,2024-07-04 07:47:09,37.48224,24.95331,36.96265833333333,25.286851666666667,47.0997099369327,29.54974178670597,1.79,31.79769372693727,43.6,1144,1084
261098615,295,2024-07-04 10:24:52,2024-07-04 12:13:31,37.01036166666667,25.296796666666665,37.480693333333335,24.95498333333333,54.4215934318716,30.269514137115085,1.8108333333333333,33.946875,43.400000000000006,1912,1824
261098615,296,2024-07-05 06:02:10,2024-07-05 07:58:01,37.49021666666667,24.950466666666667,36.94213833333333,25.282353333333333,51.118238022332704,29.407627024048814,1.9308333333333334,33.62278275020342,44.3,1264,1229
261098615,297,2024-07-05 10:37:41,2024-07-05 12:28:45,37.03487,25.30043,37.489575,24.95097,54.34740827580385,30.938355921953146,1.8511111111111112,33.462770562770565,42.7,1221,1155
261098615,298,2024-07-06 06:05:19,2024-07-06 08:01:29,37.487903333333335,24.949516666666668,36.941073333333335,25.283,53.915890558608595,29.549494870114053,1.9361111111111111,34.074539007092206,44.7,1475,1410
261098615,299,2024-07-09 06:04:29,2024-07-09 07:18:49,37.48837666666667,24.951031666666665,37.26921166666666,25.325646666666668,71.24937949113502,33.10354611471732,1.238888888888889,33.00338541666667,43.6,1199,1152
261098615,300,2024-07-09 10:59:30,2024-07-09 12:30:59,37.16965,25.34171,37.483338333333336,24.953658333333333,46.33415938702596,34.317262861124775,1.5247222222222223,32.33896583564174,42.8,1139,1083
261098615,301,2024-07-10 06:07:25,2024-07-10 08:08:36,37.489808333333336,24.952985,36.89756833333333,25.274283333333333,52.32281105304564,28.482387869367333,2.019722222222222,32.84979321753515,44.3,1258,1209
261098615,302,2024-07-10 11:08:07,2024-07-10 12:42:53,37.12278166666667,25.35868333333333,37.48930666666666,24.95224,54.47764056717391,35.954805223223396,1.5794444444444444,32.99383802816902,42.2,1185,1136
279179394,304,2024-07-24 04:57:26,2024-08-01 19:38:45,37.502325,24.997646666666668,37.14218,25.228056666666667,174.546124132788,20.386156675316997,206.6886111111111,5.016767922235722,10.4,20000,823
301394865,307,2024-07-03 23:34:03,2024-07-05 01:30:03,36.84550166666666,24.98535,37.22967333333333,24.820858333333337,122.77460970135422,14.619222767359838,25.933333333333334,13.93884892086331,18.6,1989,1668
301394865,308,2024-07-10 23:27:39,2024-07-12 00:55:51,36.796953333333335,25.06994333333333,37.18779833333333,24.76985833333333,121.80800659313002,26.6620232834157,25.47,12.622046465645083,16.0,2355,2023
301394865,309,2024-07-17 23:40:40,2024-07-19 01:11:53,36.868471666666665,25.001375,37.227936666666665,24.794463333333333,111.75219164294577,18.37607425422666,25.52027777777778,12.649667858967808,16.6,2277,1957
301394865,312,2024-07-24 23:47:11,2024-07-26 00:31:00,36.87056166666667,24.98916,37.30668666666666,24.913145,164.57273562847766,6.795416296798368,24.73027777777778,13.124339987121699,16.2,1879,1553
301394865,314,2024-07-31 23:54:20,2024-08-02 00:32:58,36.88007,24.982885,37.297305,24.90562333333333,209.771169718683,6.900750944893959,24.64388888888889,12.787844190732036,16.6,1806,1489
301394865,316,2024-08-07 23:45:57,2024-08-08 02:39:57,36.871968333333335,24.997431666666667,37.39503666666667,25.15750333333333,154.30113007559845,14.226071482857227,2.9,11.954702970297031,12.7,404,404
301394865,317,2024-08-12 19:53:26,2024-08-12 21:45:03,37.259135,26.623176666666662,36.86111,26.39454333333333,149.91473537740714,20.302041755890514,1.8602777777777777,14.40462962962963,14.8,540,540
301394865,319,2024-08-14 23:12:03,2024-08-16 01:00:40,36.70916166666667,25.220775,37.19705666666667,24.77489,120.67152282619548,39.631588809580265,25.810277777777777,12.173011928429425,15.6,2460,2012
301394865,320,2024-08-19 18:59:19,2024-08-19 21:36:07,37.481345,26.751273333333337,36.906418333333335,26.49086833333333,197.8668096666589,23.092469177823048,2.6133333333333333,14.328837209302327,14.8,215,215
301394865,322,2024-08-22 00:12:44,2024-08-23 01:09:50,36.868163333333335,25.00106333333333,37.18923166666666,24.76902833333333,173.90659395556128,20.60719734146638,24.951666666666668,12.229380341880344,15.5,2219,1872
301394865,323,2024-08-28 23:17:45,2024-08-29 00:27:35,36.816831666666666,25.06602,37.014046666666665,24.94805,41.1563610952708,10.494829595919642,1.163888888888889,12.741836734693878,13.0,196,196
301394865,325,2024-09-04 22:02:11,2024-09-06 00:42:39,36.615515,25.271375,37.23312833333333,24.823256666666666,219.11241500224355,39.851459179900154,26.674444444444443,11.341262389149714,13.9,2260,1917
301394865,328,2024-09-11 23:18:00,2024-09-12 03:35:39,36.81746833333333,25.07961333333333,37.45897166666666,25.26371333333333,172.35071652238838,16.366105486305354,4.2941666666666665,10.907471264367818,12.3,1044,1044
303144099,329,2024-07-01 00:02:50,2024-07-01 05:45:32,37.46266666666666,25.326166666666666,37.5665,25.07883333333333,23.313594565184154,21.81561975571328,5.711666666666667,14.986448598130842,19.4,587,428
303144099,330,2024-07-01 16:02:25,2024-07-02 08:09:22,37.6,25.017333333333333,37.577333333333335,25.0625,97.24784997349414,3.9799686008317727,16.115833333333335,16.215475070555033,20.3,2664,2126
303144099,331,2024-07-02 17:56:44,2024-07-03 05:53:55,37.6185,25.00133333333333,37.591,25.0405,61.172227136156536,3.4507203093549306,11.953055555555556,14.31073985680191,19.8,1175,838
303144099,332,2024-07-03 16:15:43,2024-07-04 08:18:14,37.553333333333335,25.094,37.60683333333333,25.018666666666668,93.80517696445048,6.639347164938181,16.041944444444443,16.844365813826894,20.700000000000003,2215,1837
303144099,333,2024-07-04 18:35:07,2024-07-05 05:53:54,37.55466666666667,25.0935,37.595306666666666,25.0275,55.63375519062069,5.81699515841256,11.313055555555556,13.547453083109922,19.5,1001,746
303144099,334,2024-07-05 16:46:44,2024-07-06 08:37:01,37.5655,25.071166666666667,37.59616,25.030833333333337,95.40052908977447,3.554722907151267,15.838055555555556,16.167340521114106,20.3,2775,2226
303144099,335,2024-07-08 18:16:54,2024-07-09 05:46:20,37.55733333333333,25.085,37.5725,25.069166666666668,50.82515544550992,1.395862172222952,11.490555555555556,12.990932311621968,20.200000000000003,1022,783
303144099,336,2024-07-09 16:05:30,2024-07-09 19:29:05,37.60216666666667,25.01333333333333,37.08716666666667,25.148,53.14873801099081,11.946233185596187,3.3930555555555557,16.420258192651442,20.700000000000003,1206,1007
303144099,338,2024-07-10 04:32:07,2024-07-10 08:10:41,37.08716666666667,25.148,37.57366666666667,25.061833333333333,44.910995446533704,7.676756768309908,3.642777777777778,15.901612903225807,20.0,1294,1116
303144099,339,2024-07-10 18:10:29,2024-07-11 05:55:04,37.60033333333333,25.01683333333333,37.60166666666667,25.01933333333333,60.33310857388243,0.22025871193882188,11.743055555555555,14.043345111896349,19.8,1152,849
303144099,340,2024-07-11 15:59:12,2024-07-12 08:12:51,37.60366666666667,25.015166666666666,37.5815,25.0485,94.37122936204995,2.937227290167159,16.2275,16.655377777777776,20.9,2773,2250
303144099,341,2024-07-12 18:42:41,2024-07-12 21:26:27,37.592666666666666,25.040333333333333,37.56133333333333,24.985166666666668,56.77261628937648,4.861987466764112,2.7294444444444443,15.721473158551811,20.700000000000003,1004,801
303144099,342,2024-07-13 07:28:58,2024-07-13 10:37:27,37.6085,25.015166666666666,37.5715,25.0685,54.06832339961848,4.699770995487849,3.141388888888889,12.994117647058824,20.8,1093,748
304385446,344,2024-07-01 01:53:38,2024-07-01 06:43:18,36.935923333333335,25.285976666666667,37.314371666666666,24.806896666666667,57.18438561606716,42.480137752872594,4.8277777777777775,14.316477857878475,17.2,972,971
304385446,345,2024-07-01 22:19:01,2024-07-02 05:38:10,37.49851833333334,24.951696666666667,37.27924333333333,24.80271,113.32114555727755,13.169508859271946,7.319166666666667,15.23217708808763,17.7,2421,2191
304385446,346,2024-07-02 19:44:26,2024-07-03 02:06:36,37.511588333333336,24.957128333333333,36.94337333333333,25.280276666666666,101.98866668490379,28.63152787943909,6.3694444444444445,14.13049645390071,17.7,2385,2115
304385446,347,2024-07-03 21:32:13,2024-07-04 03:10:21,36.94006666666667,25.283871666666663,37.51545333333333,24.95677333333333,85.37463063330102,28.98140020638831,5.635555555555555,15.891423948220064,18.0,2001,1854
304385446,348,2024-07-04 18:13:00,2024-07-04 23:50:05,37.51466666666666,24.963516666666667,36.89548333333333,24.981345,73.75441344264772,1.9841768421712431,5.618055555555555,15.965151515151517,18.3,1001,990
304385446,349,2024-07-05 06:54:49,2024-07-05 10:02:34,37.11309666666666,25.12330333333333,37.51544833333333,24.95314,63.397197992721736,15.068631816892259,3.129166666666667,14.702700421940925,16.8,1187,1185
304385446,350,2024-07-06 01:13:08,2024-07-06 08:53:16,37.50205833333333,24.94870166666667,37.088728333333336,25.722311666666663,113.78968953288663,68.43582585333834,7.668888888888889,14.416586998087954,17.900000000000002,2348,2092
304385446,351,2024-07-08 22:09:34,2024-07-08 23:56:14,37.50513,24.948246666666662,37.24458666666666,25.063651666666665,82.5583269341328,10.210191208830322,1.7777777777777777,13.261958762886598,17.8,1113,970
304385446,352,2024-07-09 01:18:37,2024-07-09 06:11:49,37.08858,25.14887,37.29073666666667,24.809075,85.29677540199935,30.1022618936614,4.886666666666667,16.099601593625497,17.8,762,753
304385446,353,2024-07-09 20:36:38,2024-07-10 03:00:36,37.52497833333334,24.95901333333333,36.93992166666666,25.284068333333337,98.41697850489379,28.799553297578743,6.399444444444445,15.363228346456696,17.7,1338,1270
304385446,354,2024-07-10 21:29:45,2024-07-11 03:17:06,36.9724,25.27976,37.51775333333333,24.9541,86.03830447771541,28.845394631999945,5.789166666666667,14.776329411764708,17.900000000000002,2303,2125
304385446,355,2024-07-11 18:32:05,2024-07-11 23:55:45,37.51522666666666,24.955651666666668,36.88662333333333,24.989153333333338,77.33936422842496,3.208141168624692,5.394444444444445,15.984722222222224,17.7,1181,1152
304385446,356,2024-07-12 05:41:41,2024-07-12 09:08:07,36.998846666666665,24.971525,37.473661666666665,25.251301666666667,43.96651515483804,24.784728574392535,3.4405555555555556,14.907150153217568,17.400000000000002,988,979
306211122,358,2024-07-02 23:04:52,2024-07-03 01:06:04,37.07005333333333,25.956471666666665,37.525945,26.32581,86.17167059889309,32.68135967814503,2.02,16.203523035230354,16.400000000000002,369,369
306211122,359,2024-07-04 01:30:00,2024-07-04 16:52:03,37.618415,25.45931833333333,37.20234666666666,24.7386,145.06180927968893,63.660045567255615,15.3675,14.689556377079482,18.6,1307,1082
306211122,361,2024-07-11 00:45:56,2024-07-11 16:06:35,37.665888333333335,25.563731666666666,37.34137,24.97009333333333,101.31059781882627,52.369734864055346,15.344166666666666,13.56423200859291,19.3,1203,931
334424486,362,2024-07-03 14:29:40,2024-07-03 16:50:22,37.43967,24.94500333333333,37.087628333333335,25.149891666666665,18.233527185692722,18.14439325848882,2.345,26.71481994459834,32.4,807,722
334424486,365,2024-07-04 08:24:21,2024-07-04 11:11:16,37.05090833333333,25.308116666666667,37.084155,25.135358333333333,42.56699337288343,15.328164430749839,2.7819444444444446,30.935352862849534,34.300000000000004,1526,1502
334424486,366,2024-07-05 08:34:08,2024-07-05 11:43:45,37.08779166666667,25.148913333333333,37.085501666666666,25.136316666666666,33.88782831723279,1.1173699050774075,3.160277777777778,29.337614678899083,33.300000000000004,439,436
334424486,377,2024-07-12 08:56:56,2024-07-12 11:08:36,37.08911,25.148311666666668,37.086938333333336,25.14993,36.53710621436532,0.14361013419114266,2.1944444444444446,30.47298387096774,34.1,497,496
334424486,380,2024-07-16 08:35:43,2024-07-16 11:40:29,37.088523333333335,25.14575,37.08695,25.143621666666668,40.47956338624414,0.18881134920194115,3.0794444444444444,29.285436893203883,34.4,1141,1133
334424486,383,2024-07-18 07:57:47,2024-07-18 10:39:05,37.01187166666666,25.274528333333333,37.08831666666666,25.142895,37.557887589814925,11.682826082467594,2.6883333333333335,30.120343137254903,33.0,825,816
334424486,387,2024-07-27 08:58:39,2024-07-27 09:50:55,37.336043333333336,24.851023333333337,37.13321833333333,25.33794,51.70217903942313,43.10810071416311,0.8711111111111111,30.799211356466877,32.1,634,634
334424486,389,2024-07-27 14:00:53,2024-07-27 16:39:09,37.106395,25.37233,37.49091833333333,24.95136,47.67707698068202,37.243677592826096,2.637777777777778,25.129272151898736,31.700000000000003,1369,1264
334424486,390,2024-07-29 08:02:38,2024-07-29 10:36:08,37.0338,25.281248333333338,37.08687666666667,25.149805,53.2992907209491,11.663904655640728,2.558333333333333,28.64734513274336,32.5,229,226
334424486,393,2024-07-30 08:26:55,2024-07-30 11:19:12,37.08768666666667,25.146128333333333,37.08690833333333,25.149781666666662,38.24733953117078,0.32406205835741003,2.8713888888888888,29.219741935483874,32.6,786,775
334424486,394,2024-08-01 08:02:01,2024-08-01 09:59:40,37.03474,25.281421666666667,37.250115,25.198331666666668,30.2724115382288,7.37672841390437,1.9608333333333334,27.332258064516136,31.3,127,124
334424486,396,2024-08-02 08:26:52,2024-08-02 11:13:03,37.087705,25.14628,37.086885,25.149906666666663,36.99701379535526,0.3216970939208155,2.769722222222222,30.319351230425056,33.5,919,894
334424486,398,2024-08-03 07:57:51,2024-08-03 10:52:44,37.008543333333336,25.276445,36.95688,24.975158333333333,71.3176940390399,26.761781264732083,2.914722222222222,31.425062344139654,33.800000000000004,1668,1604
334424486,400,2024-08-04 08:03:03,2024-08-04 10:59:24,36.97861666666667,24.981195,37.08868666666667,25.14887,54.732451004732226,14.88517444001214,2.9391666666666665,30.64291632145816,33.5,1233,1207
334424486,402,2024-08-05 08:01:06,2024-08-05 10:38:02,37.03366666666667,25.27945666666667,37.087655,25.149616666666667,37.595710653020674,11.521607551953752,2.6155555555555554,30.574129353233833,33.300000000000004,415,402
334424486,413,2024-08-13 09:02:47,2024-08-13 11:58:29,37.12110666666667,25.137531666666668,36.95354666666667,24.976435,49.667445291892996,14.302708671359378,2.9283333333333332,29.52650429799427,32.800000000000004,701,698
334424486,415,2024-08-14 08:13:27,2024-08-14 10:13:09,37.13420666666666,25.325023333333338,37.08885833333333,25.146791666666665,37.7857453737701,15.804717096748453,1.995,31.326628895184133,33.2,353,353
334424486,417,2024-08-15 08:03:14,2024-08-15 10:44:14,37.00401333333333,25.301371666666668,37.08737166666667,25.14760833333333,40.92510089254381,13.647573932102178,2.683333333333333,28.177287761852263,34.0,941,907
334424486,420,2024-08-16 09:07:39,2024-08-16 11:07:40,37.11688166666666,25.133976666666666,37.157383333333335,25.171645,36.37549695224595,3.3399888270623763,2.000277777777778,27.64840698869476,33.300000000000004,981,973
334424486,423,2024-08-17 08:22:41,2024-08-17 11:19:15,37.154763333333335,25.324131666666663,36.922113333333336,25.00256333333333,77.5313190103711,28.54564615637232,2.9427777777777777,26.664316239316243,31.6,483,468
334424486,425,2024-08-18 08:28:32,2024-08-18 11:34:00,37.08474833333333,25.133983333333333,37.08875166666667,25.148308333333333,41.441602747614425,1.2706912921255185,3.091111111111111,28.143694779116466,33.4,1252,1245
340402302,428,2024-07-02 22:04:52,2024-07-02 23:07:24,36.267831666666666,25.388785,36.30412166666667,24.94899,105.17052436247447,39.41939953897697,1.0422222222222222,20.887500000000003,22.1,104,104
340402302,429,2024-07-08 22:56:12,2024-07-09 01:28:35,37.53814166666667,25.27135,36.883226666666665,24.94638,58.780548371567306,28.80584537389853,2.539722222222222,17.63347953216374,18.2,684,684
340402302,430,2024-07-14 07:36:30,2024-07-14 20:39:06,37.18208666666666,24.72213,37.550736666666666,25.304126666666665,153.2959845646415,51.438109685642964,13.043333333333333,15.010545454545452,19.8,830,550
340402302,431,2024-07-15 22:54:11,2024-07-16 01:40:47,37.54328,25.277521666666665,36.87872166666666,24.95658333333333,41.62109767544612,28.44987405505988,2.776666666666667,16.69516509433962,17.5,848,848
340402302,432,2024-07-21 07:38:46,2024-07-21 20:05:53,37.180816666666665,24.729635,37.545386666666666,25.297433333333338,84.33486124033828,50.18559041576975,12.451944444444445,15.931729323308272,18.5,946,665
340402302,433,2024-07-22 23:01:39,2024-07-23 02:50:10,37.55256166666667,25.29434833333333,36.670098333333335,25.245118333333338,151.3186018917951,4.68915479894716,3.808611111111111,17.373831775700936,17.900000000000002,964,963
340402302,434,2024-07-28 07:29:21,2024-07-28 20:08:07,37.19097166666667,24.738696666666662,37.545386666666666,25.307165,108.06675025512016,50.24114636291907,12.64611111111111,15.36435483870968,17.5,1195,620
340402302,435,2024-07-29 22:43:42,2024-07-30 01:36:48,37.54635666666667,25.28281833333333,36.87963166666667,24.955846666666663,41.96583866792909,28.98303310156161,2.885,16.2451205510907,16.7,871,871
340402302,436,2024-08-04 07:50:49,2024-08-04 20:50:11,37.17770166666666,24.71693,37.52802166666667,25.288766666666668,97.76625905574076,50.548998504322746,12.989444444444445,15.681985294117647,18.2,752,544
340402302,437,2024-08-05 23:09:27,2024-08-06 01:14:39,37.53586833333333,25.271753333333333,37.00514833333333,24.918355,32.76829440749144,31.28766998872496,2.0866666666666664,17.691397849462366,18.7,465,465
340402302,438,2024-08-12 23:19:55,2024-08-13 02:08:19,37.54350166666666,25.27304,36.8493,24.982558333333333,72.9732327182772,25.76370842252006,2.8066666666666666,17.528530259365997,18.0,694,694
340402302,440,2024-08-18 08:14:23,2024-08-18 20:36:37,37.16416666666667,24.71672333333333,37.54372,25.29642833333333,104.08207681802755,51.24439323909894,12.370555555555555,15.251133501259446,18.4,1164,794
340402302,441,2024-08-19 23:16:55,2024-08-20 02:39:55,37.54645,25.27712,36.747995,25.17781833333333,60.975720781569564,8.936341016781327,3.3833333333333333,18.111324200913245,18.9,1095,1095
340402302,442,2024-08-25 09:05:16,2024-08-25 20:42:58,37.18923166666666,24.73793,37.54512666666667,25.3049,95.02045989407135,50.109453235315435,11.628333333333334,17.261553784860556,21.1,885,502
340402302,443,2024-08-26 23:18:42,2024-08-27 01:08:30,37.53864,25.277208333333338,37.057651666666665,24.940025,84.36878782461149,29.83965613747678,1.83,18.2614006514658,19.1,614,614
340402302,444,2024-09-02 23:15:59,2024-09-03 01:40:47,37.54092166666667,25.275756666666663,36.90831,24.912715,65.47154118741514,32.16678864736271,2.4133333333333336,17.955456852791876,18.6,788,788
340402302,445,2024-09-08 08:10:25,2024-09-08 20:36:24,37.16709166666666,24.70996,37.54824,25.300565,102.57541176891723,52.205175421836024,12.433055555555555,15.668168604651164,18.7,1014,688
340402302,446,2024-09-09 23:38:10,2024-09-10 01:28:34,37.54237833333333,25.277865,37.05545666666666,24.923956666666665,33.30396219858851,31.318363174751127,1.84,18.59582089552239,19.1,670,670
340402302,447,2024-09-15 07:59:23,2024-09-15 20:39:53,37.194921666666666,24.738775,37.52801,25.274685,126.08609106534843,47.36790533228609,12.675,15.07514018691589,17.900000000000002,657,535
340402302,448,2024-09-16 23:21:12,2024-09-17 01:13:30,37.535851666666666,25.262813333333337,37.06778666666667,24.936803333333337,29.88708721025226,28.849649779776847,1.8716666666666666,17.379310344827587,17.7,667,667
340402302,449,2024-09-22 07:54:40,2024-09-22 20:49:42,37.175898333333336,24.72303,37.55133666666666,25.302713333333333,76.95827733806388,51.23577024017285,12.917222222222222,15.197666277712953,19.0,1101,857
340402302,450,2024-09-23 23:09:01,2024-09-24 01:01:36,37.54239666666667,25.276768333333333,37.05472,24.941665,31.930864283130614,29.65600099902002,1.8763888888888889,17.99415855354659,18.6,719,719
340402302,451,2024-09-29 07:58:56,2024-09-29 20:19:05,37.19191,24.730063333333337,37.54434666666667,25.298851666666668,167.13176053453623,50.26940843438732,12.335833333333333,15.331160365058672,19.0,1002,767
340402302,452,2024-09-30 23:23:09,2024-09-30 23:59:51,37.536946666666665,25.26125,37.39913166666667,25.127135,15.154433793715553,11.839274218835898,0.6116666666666667,17.403169014084508,17.900000000000002,284,284
345727782,453,2024-07-01 15:48:03,2024-07-02 01:09:24,37.52753166666667,24.958795,37.00135,25.283048333333333,59.98934552885858,28.71228336414427,9.355833333333333,14.010010214504598,15.5,1059,979
345727782,454,2024-07-08 15:21:36,2024-07-09 01:07:36,37.52776333333333,24.96218333333333,36.98683166666667,25.275715,91.38137497953332,27.767784741248814,9.766666666666667,13.473505434782606,15.9,818,736
345727782,455,2024-07-13 13:11:35,2024-07-13 22:42:24,36.959875,25.270551666666663,37.49636,25.296866666666663,15.185694243157593,2.5518729034306755,9.51361111111111,13.079214195183777,14.4,968,789
345727782,456,2024-07-15 16:08:25,2024-07-15 18:13:05,37.52756333333333,24.966191666666667,37.46423,25.322705,60.717431300639234,31.452431087765053,2.077777777777778,11.500403225806451,14.5,327,248
345727782,457,2024-07-15 21:24:57,2024-07-16 01:16:04,37.46485833333333,25.32229333333333,36.95891,25.271461666666667,32.77293043322152,4.607235350995235,3.8519444444444444,13.396468699839486,14.6,645,623
345727782,458,2024-07-20 14:36:22,2024-07-20 22:42:07,36.98838666666666,25.274855,37.49583833333333,25.296411666666668,13.355082315250076,2.1473295882299586,8.095833333333333,12.106521739130434,14.3,259,184
345727782,459,2024-07-22 16:48:22,2024-07-23 01:12:57,37.51856,24.969316666666668,36.972366666666666,25.287696666666665,89.15995524154751,28.20136109229412,8.409722222222221,12.861731843575418,14.9,1160,1074
345727782,460,2024-07-27 14:42:55,2024-07-27 22:46:00,37.01449,25.289408333333338,37.481915,25.295091666666668,13.217022526281056,1.03728356584375,8.051388888888889,7.66931137724551,12.5,830,668
345727782,461,2024-07-29 16:16:49,2024-07-30 01:35:05,37.51902666666667,24.962025,36.97692166666667,25.27674,95.38671897496249,27.875964853132487,9.304444444444444,12.851945320715037,15.1,1035,951
345727782,463,2024-08-05 17:10:10,2024-08-05 18:33:47,37.52433,24.97580333333333,37.46402166666667,25.322486666666663,49.83998702981908,30.585902575345017,1.3936111111111111,12.535897435897436,14.5,118,117
345727782,464,2024-08-05 21:37:10,2024-08-06 01:12:01,37.46481333333333,25.32217,37.02106166666667,25.28849,29.403623225723123,3.103200656818756,3.5808333333333335,13.542857142857143,14.3,337,308
345727782,465,2024-08-12 16:21:42,2024-08-13 01:28:51,37.526363333333336,24.974935,36.973495,25.279678333333333,87.56407567291991,26.994105043927537,9.119166666666667,12.964481707317074,14.2,787,656
345727782,466,2024-08-17 14:14:09,2024-08-17 22:49:46,36.99899333333333,25.280476666666665,37.499345,25.296136666666666,13.477861567670946,1.6923789285902848,8.59361111111111,10.333472803347279,14.5,590,478
345727782,467,2024-08-19 15:38:37,2024-08-19 16:57:44,37.52224,24.966291666666667,37.46474,25.322166666666668,60.493337814335945,31.39708757070782,1.3186111111111112,15.26161971830986,16.2,287,284
345727782,468,2024-08-19 19:00:25,2024-08-20 01:19:40,37.4649,25.322191666666665,36.95641333333333,25.272115,30.29997887300945,4.5430721602761555,6.320833333333334,13.935806132542037,15.2,1099,1011
345727782,469,2024-08-24 13:56:59,2024-08-24 22:53:46,36.98600833333333,25.2799,37.495358333333336,25.296035,11.978570904180904,1.7369918225814038,8.946388888888889,13.812753036437247,15.0,564,494
345727782,470,2024-08-26 15:54:20,2024-08-26 23:59:05,37.52131,24.980183333333333,37.257495,25.24753,76.73646372702413,23.624815192310592,8.079166666666667,14.16034155597723,15.8,564,527
345727782,471,2024-09-02 15:12:14,2024-09-03 16:09:42,37.527385,24.959291666666665,37.36365166666667,25.327855,65.04483662703531,32.5386889655005,24.95777777777778,12.376190476190478,14.6,841,378
345727782,472,2024-09-05 17:20:48,2024-09-05 22:25:49,37.25752666666666,26.560651666666665,37.35194833333333,24.863605,259.13701330331196,150.09677631622873,5.083611111111111,16.158963730569948,17.400000000000002,1930,1930
345727782,473,2024-09-06 14:38:17,2024-09-07 01:30:51,37.525195,24.958656666666663,36.96009166666666,25.269926666666667,70.11861182138453,27.574904973701546,10.876111111111111,15.284206219312601,16.3,1489,1222
345727782,475,2024-09-07 17:22:14,2024-09-07 19:09:44,37.08633833333333,25.94087333333333,37.322215,26.14738,32.22500296512042,18.294940167311594,1.7916666666666667,9.655373831775702,10.2,428,428
345727782,476,2024-09-08 20:59:24,2024-09-08 23:08:24,37.31096333333333,25.54546833333333,37.35035666666667,24.866546666666668,113.25740234352125,60.02782197038851,2.15,15.22787068004459,15.6,897,897
345727782,477,2024-09-09 15:22:13,2024-09-10 01:24:44,37.51819,24.95820833333333,36.97645,25.277338333333333,64.14878935868401,28.26669048053661,10.041944444444445,14.357894736842107,15.8,897,817
345727782,478,2024-09-12 20:50:14,2024-09-12 23:11:06,37.314708333333336,25.540088333333333,37.35672,24.85126333333333,84.20172620990408,60.89934229715264,2.347777777777778,14.245898004434592,14.7,902,902
345727782,479,2024-09-13 15:02:28,2024-09-14 01:18:42,37.52172333333333,24.953033333333337,36.95741833333334,25.272361666666665,69.92762231810033,28.288756991534974,10.270555555555555,14.010781078107811,15.6,1009,909
346795489,483,2024-07-01 08:08:04,2024-07-01 10:28:36,37.087455,25.32736833333333,37.08672,25.149743333333333,41.39099114949886,15.755761624089606,2.3422222222222224,31.187325349301396,32.9,1028,1002
346795489,484,2024-07-01 18:41:18,2024-07-02 04:38:34,37.086846666666666,25.149756666666665,36.95014,24.978273333333338,16.43081759417156,15.227030853612195,9.954444444444444,30.77647058823529,33.2,1026,51
346795489,485,2024-07-02 08:28:20,2024-07-02 11:57:16,37.08717833333333,25.14987333333333,36.97408,24.973585,69.04026378658418,15.650363760627801,3.482222222222222,30.490415785764625,33.800000000000004,1481,1419
346795489,486,2024-07-02 18:15:17,2024-07-03 04:12:58,36.99236166666667,24.989418333333333,37.08685166666667,25.149755,15.91769886075825,14.232323915831834,9.961388888888889,15.836000000000002,34.0,1429,50
346795489,487,2024-07-03 08:28:35,2024-07-03 10:17:20,37.14719333333333,25.331533333333333,37.12779166666667,25.13692,39.408398100585025,17.251220685915154,1.8125,31.442216358839048,33.300000000000004,772,758
346795489,489,2024-07-04 17:25:58,2024-07-05 07:37:03,37.470325,24.957996666666663,37.272955,25.31754,60.36602201657218,31.774445956983183,14.184722222222222,28.25159443990188,34.7,4570,1223
346795489,491,2024-07-05 13:30:04,2024-07-05 16:45:43,37.18219,25.231563333333337,37.03766333333333,24.954685,117.05188957880873,24.553932850009854,3.2608333333333333,30.671574803149607,33.300000000000004,1273,1270
346795489,492,2024-07-06 07:32:12,2024-07-06 09:16:39,37.08684333333333,25.149735,37.39861333333333,25.303808333333333,43.35734227841843,13.651893651954515,1.7408333333333332,29.735933503836318,32.800000000000004,794,782
346795489,496,2024-07-13 08:08:37,2024-07-13 10:24:17,37.09905,25.328848333333333,37.086848333333336,25.14974833333333,40.80366651559627,15.885386349901465,2.261111111111111,31.359146341463415,33.4,849,820
346795489,500,2024-07-14 08:30:08,2024-07-14 11:39:32,37.08869,25.14245333333333,36.97343166666667,24.974993333333337,65.81993753303523,14.866746084524117,3.1566666666666667,31.152367424242424,33.800000000000004,1086,1056
346795489,502,2024-07-15 08:07:17,2024-07-15 10:56:51,37.00518833333334,25.306238333333333,37.20461,25.339203333333337,53.991589173344266,2.948887593443877,2.826111111111111,29.6258394160584,33.4,689,685
346795489,506,2024-07-16 05:02:00,2024-07-16 08:32:29,37.08685166666667,25.14973833333333,36.92824333333333,25.35752833333333,38.319835104402,18.453332461573734,3.5080555555555555,29.8660773480663,33.4,962,905
346795489,508,2024-07-16 13:14:57,2024-07-16 17:26:53,37.08766666666666,25.32925,37.14727166666667,24.74444833333333,131.52691625065734,51.85254713658212,4.198888888888889,30.522849277357196,33.6,1482,1453
346795489,509,2024-07-17 07:34:29,2024-07-17 09:03:55,37.11872833333334,25.136135,37.268058333333336,25.33257,58.43161055207844,17.402174377783325,1.4905555555555556,30.320153061224488,32.6,803,784
346795489,513,2024-07-18 04:51:13,2024-07-18 08:15:12,37.08689666666667,25.14981833333333,36.91328166666667,25.368348333333333,41.33525418967591,19.409248376010947,3.399722222222222,31.461274509803925,33.6,868,816
353196028,516,2024-07-01 00:00:05,2024-07-04 11:35:00,37.450586666666666,25.325941666666665,37.45063,25.32597,25.031399894076515,0.0025025437378165196,83.58194444444445,4.236363636363637,8.4,20000,726
366763109,519,2024-07-02 23:53:11,2024-07-03 17:47:01,36.86103333333333,24.842998333333338,37.07002666666666,24.936513333333338,86.49546104778922,8.31816214689168,17.897222222222222,13.553941908713693,19.4,2011,1687
366763109,520,2024-07-09 23:41:16,2024-07-10 18:22:46,36.91651,24.85795833333333,37.09565833333333,24.948321666666665,81.24518596352866,8.031516022934548,18.691666666666666,13.652024602767813,19.4,2845,1951
366763109,522,2024-07-17 00:25:26,2024-07-17 18:34:00,36.95097666666667,24.858496666666667,37.04877833333333,24.92313333333333,92.20931358590764,5.743151726578901,18.142777777777777,12.509416800428035,18.5,2296,1869
366763109,523,2024-07-23 23:44:52,2024-07-24 17:57:39,36.94351833333333,24.880971666666667,37.08654166666667,24.94509,76.16226576273338,5.699608288791589,18.213055555555556,12.890252100840337,16.7,1958,1785
366763109,524,2024-08-07 00:42:38,2024-08-07 17:57:37,36.98158,24.873398333333338,37.02764333333333,24.915145,81.9630373537603,3.7081324144737366,17.24972222222222,13.389918991899188,19.200000000000003,1275,1111
366763109,525,2024-08-13 00:55:26,2024-08-13 19:05:19,37.13632,24.697571666666665,37.058775,24.94658833333333,109.83192703847648,22.085825829107126,18.164722222222224,11.123976261127597,13.5,2280,1685
366763109,528,2024-08-20 02:17:22,2024-08-20 04:11:52,36.311095,24.953075,36.38129666666666,25.392166666666668,45.728482857870816,39.32613241877112,1.9083333333333334,12.037241379310345,12.8,145,145
366763109,529,2024-08-21 00:55:17,2024-08-21 17:54:07,37.02185833333333,24.897086666666667,37.10259666666666,24.95172833333333,116.00724803654431,4.850965588774421,16.980555555555554,12.710977607864557,18.8,2081,1831
366763109,530,2024-08-28 00:40:19,2024-08-28 18:00:19,36.990475,24.872815,37.108448333333335,24.92109,82.64072360791526,4.290342931948329,17.333333333333332,13.12435180477885,16.8,2669,1967
366763109,531,2024-09-03 01:29:55,2024-09-03 02:46:46,36.27649,24.709156666666665,36.32441333333333,25.037115,48.354461876525804,29.38998966998386,1.2808333333333333,12.634666666666668,13.0,150,150
366763109,532,2024-09-03 23:46:03,2024-09-04 17:53:48,36.92611333333333,24.85355833333333,37.02260166666667,24.933928333333338,92.11107807752683,7.142052296264351,18.129166666666666,12.998317046688383,19.200000000000003,2117,1842
369314059,534,2024-07-05 07:55:42,2024-07-05 15:14:51,37.35506333333333,24.88148,37.44983666666667,25.327285,45.079614104285994,39.379213215620354,7.319166666666667,12.378472222222221,14.1,2821,576
369314059,540,2024-07-12 07:27:27,2024-07-12 13:37:32,37.35299,24.88125833333333,37.45052666666667,25.319628333333338,73.369202113134,38.722856352474,6.168055555555555,12.035329341317366,14.0,2129,501
369314059,541,2024-07-14 21:19:30,2024-07-14 22:20:52,37.47848666666667,25.278428333333338,37.510666666666665,24.97547833333333,30.36515031092347,26.727300429560067,1.0227777777777778,14.476422764227642,14.9,123,123
369314059,542,2024-07-17 05:26:43,2024-07-17 14:11:58,37.355665,24.881723333333333,37.45109333333333,25.32074833333333,53.06757978651461,38.779855833588776,8.754166666666666,11.664756446991404,14.5,2308,698
369314059,543,2024-07-20 08:45:14,2024-07-20 14:53:15,37.44325833333333,25.216365,37.44963833333333,25.32795833333333,32.18238055512184,9.851477326803057,6.133611111111111,8.609770114942528,14.5,979,174
369314059,544,2024-07-21 04:18:50,2024-07-21 05:13:32,37.444138333333335,25.20772,37.258095,25.05845,23.81345289646834,13.199253434708691,0.9116666666666666,14.751533742331288,15.1,163,163
369314059,545,2024-07-24 07:53:17,2024-07-24 14:38:27,37.22236,25.12493333333333,37.44992166666667,25.326768333333337,25.77364934873411,17.849656564231612,6.752777777777778,9.659883720930232,14.4,1665,172
369314059,548,2024-07-28 08:56:05,2024-07-28 13:53:00,37.4555,25.318996666666667,37.367021666666666,25.21150833333333,15.561201371900797,9.495089355706048,4.948611111111111,9.665624999999999,15.0,855,64
369314059,549,2024-07-29 08:53:34,2024-07-29 14:25:20,37.385785,25.331568333333333,37.44982,25.3231,36.47024887132408,0.7581262347445579,5.529444444444445,7.851908396946564,13.8,1145,131
369314059,551,2024-08-02 08:47:50,2024-08-02 15:16:01,37.45003,25.325381666666665,37.45067,25.326945,27.505033180353614,0.13800960770289664,6.469722222222222,11.482777777777779,14.7,1654,360
369314059,552,2024-08-02 23:54:10,2024-08-03 05:48:45,37.45067333333333,25.326965,37.394065,25.34004833333333,7.142634475067596,1.1605807544723927,5.909722222222222,10.601923076923075,14.7,187,104
369314059,553,2024-08-06 07:44:37,2024-08-06 16:25:06,37.13355833333333,25.225701666666662,37.45066666666666,25.326826666666665,30.431141065690532,8.966798043636274,8.674722222222222,9.395402298850575,14.1,694,174
369314059,559,2024-08-14 09:15:47,2024-08-15 16:01:19,37.44191,25.20696333333333,37.450788333333335,25.327215,31.045946032058445,10.615855924517557,30.75888888888889,10.454954954954957,14.2,2061,111
369314059,568,2024-08-19 08:32:14,2024-08-19 14:51:39,37.35045333333333,24.878558333333338,37.393193333333336,25.358285,76.88576208440699,42.392554296457604,6.323611111111111,13.031450094161958,14.4,2361,531
371681494,573,2024-07-02 20:40:24,2024-07-03 01:57:09,37.52138,24.961111666666667,37.088175,25.149246666666667,66.0365261531164,16.661010475057253,5.279166666666667,14.212684124386254,15.9,1390,1222
371681494,575,2024-07-03 13:27:22,2024-07-03 15:24:33,37.347413333333336,25.297675,37.52209166666667,24.958445,43.57116193555292,29.953784990245147,1.9530555555555555,14.925691699604743,16.3,255,253
371681494,576,2024-07-04 19:24:05,2024-07-05 04:53:40,37.498995,24.96173333333333,37.46264333333333,25.324593333333333,38.158163405853564,32.01864845694829,9.493055555555555,11.866288492706644,16.400000000000002,739,617
371681494,577,2024-07-05 06:05:42,2024-07-05 10:23:53,37.46266333333333,25.324605,37.499793333333336,24.96111,38.2018518310699,32.07450791759788,4.303055555555556,8.918764302059499,14.4,537,437
371681494,578,2024-07-09 19:56:00,2024-07-10 02:15:39,37.507725,24.956271666666662,37.17843166666667,25.29088833333333,71.5062925075295,29.58745224503923,6.3275,13.463447653429602,15.9,1167,1108
371681494,580,2024-07-10 13:19:58,2024-07-10 14:54:14,37.10583,25.370356666666662,37.113545,25.13461,28.72596024403395,20.905058238740747,1.5711111111111111,15.60923076923077,16.2,132,130
371681494,581,2024-07-10 16:00:11,2024-07-10 20:33:15,37.13065,25.13752833333333,37.505995,24.956481666666665,54.56986769277053,16.026573918328072,4.551111111111111,12.221408839779004,15.7,779,724
371681494,582,2024-07-11 20:13:54,2024-07-11 22:00:44,37.51911333333334,24.975151666666665,37.50695833333333,25.308658333333337,37.41273084472347,29.415769789431106,1.7805555555555554,14.604074074074076,15.6,283,270
371681494,584,2024-07-13 17:03:14,2024-07-13 18:49:44,37.48073333333333,25.295676666666665,37.520716666666665,24.965951666666665,80.70368881381182,29.08710968942965,1.775,14.999999999999998,15.8,187,182
371681494,585,2024-07-16 19:59:11,2024-07-17 03:04:40,37.51216333333333,24.95718,37.14280166666666,25.33000833333333,73.15033927677433,32.97308779323692,7.091388888888889,11.600808625336928,15.6,1183,1113
371681494,587,2024-07-17 11:40:49,2024-07-17 14:05:29,37.09276833333333,25.315946666666665,37.11307666666666,25.133145,28.772448746527836,16.211603353438075,2.411111111111111,15.092121212121212,15.8,183,165
371681494,588,2024-07-17 15:07:43,2024-07-17 20:23:57,37.142065,25.147178333333333,37.50150833333333,24.96143333333333,54.861693809675,16.43954705074656,5.270555555555555,11.479788484136309,15.4,979,851
371681494,589,2024-07-18 21:22:23,2024-07-19 01:13:24,37.51762833333333,24.971626666666666,36.957465,25.272196666666662,43.35791497917684,26.629949561352795,3.850277777777778,14.798623063683305,15.7,594,581
371681494,590,2024-07-20 01:00:12,2024-07-20 03:27:37,37.32616166666666,25.292891666666662,37.52323333333333,24.95848,38.478991083926005,29.532866655714056,2.4569444444444444,13.734210526315788,15.9,315,304
371681494,591,2024-07-23 21:09:22,2024-07-24 01:35:24,37.50084833333333,24.964278333333333,37.156956666666666,25.15619,54.105121882529616,16.981559514374727,4.433888888888889,13.131993569131833,16.0,674,622
371681494,594,2024-07-24 14:10:45,2024-07-24 20:54:06,37.17966666666667,25.282825,37.493785,24.96456166666667,68.99823129197009,28.143894738662443,6.7225,13.01615487316422,16.1,868,749
371681494,595,2024-07-25 21:19:31,2024-07-25 23:04:53,37.52041166666667,24.972561666666667,37.462625,25.322911666666663,31.617921254141024,30.910468886945658,1.7561111111111112,14.575423728813561,14.9,118,118
371681494,596,2024-07-27 17:40:22,2024-07-27 19:47:10,37.50543166666667,25.300103333333333,37.52046166666667,24.969888333333333,36.86621831804281,29.125480233726915,2.1133333333333333,14.656621004566212,15.7,251,219
371681494,597,2024-07-29 23:08:05,2024-07-30 04:54:52,37.52223,24.965001666666662,37.12643166666667,25.12416,64.89803211107767,14.094228072926,5.779722222222222,13.019555555555554,15.8,1002,900
371681494,600,2024-08-01 03:25:08,2024-08-01 07:32:57,37.49856166666667,24.958783333333333,37.39470666666666,25.371985,50.666266112448795,36.47789590921919,4.130277777777778,12.478492647058822,16.2,608,544
371681494,601,2024-08-01 11:27:56,2024-08-01 13:27:44,37.40167666666667,25.391586666666665,37.46294666666667,25.324196666666666,14.410316953940795,5.95150611157977,1.9966666666666666,9.647727272727273,11.7,104,88
371681494,602,2024-08-01 14:54:32,2024-08-01 16:56:19,37.5374,25.15623,37.50394,24.95628333333333,37.16193117354638,17.633899552187827,2.0297222222222224,9.142191142191143,15.0,480,429
371681494,603,2024-08-02 22:46:44,2024-08-03 05:56:17,37.520986666666666,24.97403333333333,36.94561333333333,25.28047,83.17317798879552,27.151563862821703,7.159166666666667,14.24277329420396,15.8,1753,1363
371681494,606,2024-08-13 01:04:05,2024-08-13 04:09:19,37.52376833333334,24.973931666666665,37.11630666666667,25.358305,42.89399289731093,33.99860098816183,3.087222222222222,14.630434782608695,16.0,608,575
371681494,607,2024-08-13 05:22:43,2024-08-13 05:54:20,37.169801666666665,25.296451666666663,37.13203833333333,25.147665,18.668628855404563,13.186812549860779,0.5269444444444444,14.782222222222225,15.3,135,135
371681494,608,2024-08-13 13:01:16,2024-08-13 19:25:08,37.11736,25.13604,37.519396666666665,24.981841666666668,62.736832075767815,13.658082578752383,6.397777777777778,10.222413793103449,15.6,735,696
371681494,609,2024-08-16 22:56:29,2024-08-17 06:56:13,37.499046666666665,24.95976333333333,36.906486666666666,25.265165,90.63410698477904,27.07231469592318,7.995555555555556,13.875420629114851,15.9,1490,1367
371681494,611,2024-08-17 16:14:35,2024-08-17 23:26:39,37.10566666666666,25.370436666666667,37.50917666666667,24.957055,77.42002002973439,36.56907946848595,7.2011111111111115,13.077923627684966,15.6,906,838
371681494,612,2024-08-20 00:07:27,2024-08-20 02:13:09,37.52574833333333,24.971253333333333,37.578028333333336,25.656861666666668,61.71192718528067,60.440105603017656,2.095,15.9515947467167,16.400000000000002,533,533
371681494,614,2024-08-22 15:35:49,2024-08-22 17:45:02,37.50931,24.953893333333333,37.49209333333334,25.23483833333333,32.295569544787924,24.78386753160994,2.153611111111111,12.235171102661596,16.2,572,526
375886596,615,2024-07-21 18:18:57,2024-07-22 08:58:02,37.47925333333333,24.962451666666663,36.92878,25.58766,75.00713821646255,55.38100656645052,14.651388888888889,14.058513396715643,17.2,1494,1157
375886596,616,2024-07-22 11:51:47,2024-07-23 07:46:46,37.09824,25.794235,37.16552333333333,25.258781666666668,162.5570903833431,47.46801514836963,19.91638888888889,15.190681173131503,16.900000000000002,2540,2114
375886596,619,2024-07-24 12:13:10,2024-07-24 14:54:18,37.16124333333333,25.22057833333333,37.48708333333333,24.94954,34.09513991153142,23.974524920388305,2.6855555555555557,14.17421875,17.6,764,640
375886596,620,2024-07-25 13:01:00,2024-07-25 14:11:54,37.47274333333333,24.95499,37.28664333333333,25.028211666666667,9.582997149955116,6.479838437622022,1.1816666666666666,13.627986906710312,16.6,786,611
375886596,621,2024-07-25 15:51:43,2024-07-25 18:39:43,37.14164666666667,25.1535,37.55428666666667,25.094035,46.56899868638055,5.317076895664779,2.8,14.139024390243902,16.2,124,123
375886596,622,2024-07-26 07:08:36,2024-07-26 11:04:54,37.54197333333333,25.110766666666667,37.53644,25.14664,44.48462840143148,3.1629888642959476,3.9383333333333335,13.227272727272727,17.2,960,385
375886596,623,2024-07-26 17:48:58,2024-07-27 23:18:38,37.537243333333336,25.14983,37.01410333333333,25.294121666666666,58.4111274030756,12.807196051506692,29.494444444444444,13.20223880597015,17.2,1910,536
375886596,624,2024-07-28 17:58:34,2024-07-29 04:52:11,37.30800333333333,25.015071666666667,37.23296666666667,25.065218333333338,43.291167509386725,4.439731247208288,10.893611111111111,12.73080291970803,17.2,1034,685
375886596,627,2024-07-29 15:00:36,2024-07-29 15:37:08,37.18692,25.23921,37.087046666666666,25.147735,41.53687750948644,8.11101851341565,0.6088888888888889,16.111711711711713,16.6,112,111
375886596,628,2024-07-29 16:41:12,2024-07-30 09:31:40,37.30326,25.014738333333337,36.93421,25.287683333333337,100.67272872660354,24.2111541784707,16.84111111111111,15.242954545454543,17.6,1599,1320
375886596,631,2024-07-31 14:37:17,2024-07-31 16:08:10,37.31267666666667,24.995573333333333,37.3521,24.84541833333333,37.25803885383458,13.276098698718313,1.5147222222222223,14.186290322580646,17.2,932,744
375886596,632,2024-08-01 10:15:38,2024-08-01 16:42:00,37.35724333333334,24.88302,37.546913333333336,25.100538333333333,70.50830790601717,19.204576130072294,6.439444444444445,15.226179987413468,17.400000000000002,1762,1589
375886596,633,2024-08-02 07:41:19,2024-08-02 08:51:59,37.53662666666666,25.130445,37.43939,24.941158333333338,23.99315920542871,16.702011669453398,1.1777777777777778,13.986567164179105,17.2,307,268
375886596,634,2024-08-02 09:53:30,2024-08-02 11:26:09,37.43938333333333,24.941206666666663,37.553066666666666,25.089755,25.127754906141547,13.106976387137212,1.5441666666666667,13.827981651376149,16.6,264,218
375886596,635,2024-08-02 18:11:42,2024-08-02 19:27:48,37.547563333333336,25.08632,37.43919666666667,24.94109333333333,25.640589216646255,12.814292757844582,1.2683333333333333,13.02482993197279,17.5,352,294
375886596,636,2024-08-03 03:59:48,2024-08-03 09:54:30,37.43923,24.941155,36.899103333333336,25.269695,86.662486383221,29.129040982854278,5.911666666666667,15.740050697084918,17.2,1835,1578
375886596,637,2024-08-05 13:04:40,2024-08-05 15:56:03,37.273876666666666,25.03372,37.25625,25.037666666666667,37.82502269169245,0.350926375391757,2.856388888888889,14.385507246376811,16.7,990,552
375886596,640,2024-08-06 02:39:25,2024-08-06 04:53:49,37.12854,25.13737,37.43919,24.941166666666668,68.11884980253957,17.368782942702392,2.24,14.033852140077821,16.2,348,257
375886596,641,2024-08-06 09:27:22,2024-08-06 15:23:35,37.43906666666667,24.941081666666665,36.96467,25.28615333333333,80.73158505889762,30.5757053552421,5.936944444444444,14.679629629629629,16.1,871,756
375886596,642,2024-08-07 11:29:56,2024-08-07 15:58:00,36.98434666666667,25.312398333333338,37.48918,24.953471666666665,51.82718520932872,31.789272113446035,4.467777777777778,14.807932692307691,17.2,472,416
375886596,643,2024-08-12 16:53:34,2024-08-12 17:37:45,37.29505666666667,25.023055,37.43922666666667,24.941158333333338,13.550931508523718,7.242899580012275,0.7363888888888889,13.861936936936939,16.1,476,444
385831098,644,2024-07-01 09:59:34,2024-07-02 01:17:27,37.553106666666665,25.281068333333337,36.98669,26.68566833333333,133.43566492246248,124.2915731773121,15.298055555555555,17.07741273100616,21.1,1727,1461
385831098,645,2024-07-02 21:00:31,2024-07-02 23:38:03,36.39111,26.34052,35.99697833333333,25.92308333333333,68.27473002650356,37.46683636654504,2.6255555555555556,11.862735849056603,12.2,212,212
385831098,646,2024-07-03 02:06:02,2024-07-03 03:18:52,36.18155166666666,25.426746666666663,36.36710833333333,25.27255333333333,58.59443524908981,13.827263610273985,1.2138888888888888,11.902366863905325,12.3,169,169
385831098,648,2024-07-15 10:07:46,2024-07-15 23:17:32,37.55325,25.288,37.00678333333333,24.857701666666667,142.20665191572678,38.085175752176355,13.162777777777778,15.417464996315402,18.6,1946,1357
385831098,651,2024-07-22 10:00:25,2024-07-22 23:35:23,37.558685,25.291441666666667,36.863435,24.816803333333333,124.90559238767143,42.05298576364002,13.582777777777778,15.504255319148937,18.1,3866,1457
385831098,652,2024-07-29 10:06:07,2024-07-29 19:10:22,37.54766833333333,25.28246,36.669955,26.738611666666667,209.0781782895803,129.1311328414196,9.070833333333333,13.080816888480957,17.5,2179,2179
385831098,653,2024-08-01 15:53:11,2024-08-01 22:13:17,36.89002666666666,27.03581833333333,37.286078333333336,24.726521666666667,230.9547525165915,204.83202644697437,6.335,19.384269662921348,19.9,1869,1869
385831098,654,2024-08-05 10:00:44,2024-08-06 01:48:51,37.545163333333335,25.274163333333338,36.86748833333333,26.685596666666665,185.33290127615953,125.00261203575313,15.801944444444445,15.67729411764706,20.6,1184,850
385831098,655,2024-08-12 16:21:38,2024-08-12 23:38:50,37.46553166666666,25.315616666666667,36.93912666666667,24.860941666666665,162.23325174170856,40.28160965105606,7.286666666666667,16.49731903485255,19.5,1842,1119
385831098,659,2024-08-19 10:04:06,2024-08-20 02:33:50,37.54681333333333,25.28819333333333,36.625546666666665,26.76992333333333,170.22977101637485,131.438736119264,16.495555555555555,16.71445350734095,19.700000000000003,3552,3065
385831098,660,2024-08-26 09:57:41,2024-08-26 21:29:17,37.558256666666665,25.296656666666667,37.30379666666666,25.083296666666666,161.62979132827493,18.845716838655086,11.526666666666667,12.074571140262359,17.8,1439,991
386691164,661,2024-08-02 09:09:57,2024-08-02 11:42:53,37.49051666666666,24.948971666666665,36.96283,24.973113333333337,71.19809016815977,2.3701060942624976,2.548888888888889,27.37887963663891,37.2,1570,1321
386691164,662,2024-08-02 13:02:50,2024-08-02 15:37:31,36.95191666666667,25.275391666666668,37.48578333333333,24.949435,82.03636711557265,28.88088125389958,2.5780555555555558,28.365217391304345,37.0,1725,1564
386691164,663,2024-08-03 09:12:01,2024-08-03 11:14:30,37.48311,24.951311666666665,37.206,25.336536666666667,42.90695935942307,34.058028173587694,2.0413888888888887,26.688881215469614,34.5,1713,1448
386691164,664,2024-08-04 09:28:23,2024-08-04 15:50:10,37.48962333333333,24.948986666666663,37.48183,24.95151,186.56506793522834,0.22315623813218557,6.3630555555555555,28.458807896735003,38.5,3168,2634
386691164,665,2024-08-13 09:07:50,2024-08-13 11:13:16,37.48126,24.95114333333333,37.08704,25.147998333333337,52.906315838306824,17.432638941422024,2.0905555555555555,28.741613418530353,37.5,1528,1252
386691164,666,2024-08-13 13:03:22,2024-08-13 15:29:12,37.012,25.29594,37.48064333333333,24.95020833333333,65.7368376340167,30.615773738899634,2.4305555555555554,30.746446078431372,36.9,1940,1632
386691164,667,2024-08-14 09:38:36,2024-08-14 15:21:08,37.481903333333335,24.951281666666667,37.48747333333333,24.94905333333333,91.72649229680299,0.19691381829359147,5.708888888888889,23.5614010989011,29.1,3525,2912
386691164,668,2024-08-15 09:50:55,2024-08-15 16:46:01,37.48841333333333,24.948755,37.483536666666666,24.95114333333333,148.70271810232452,0.2109432691571548,6.918333333333333,24.57451114922813,36.0,3501,2915
386691164,669,2024-08-16 09:05:36,2024-08-16 10:03:01,37.4891,24.948271666666667,37.46065333333333,25.31982,35.451422924939735,32.7878783021811,0.9569444444444445,28.672095238095242,35.4,1330,1050
395657503,670,2024-07-04 08:22:16,2024-07-04 12:33:58,36.93763833333333,26.20766833333333,37.36174333333334,24.811615,123.64356141004887,123.73121326677465,4.195,17.350495750708216,17.900000000000002,1413,1412
395657503,671,2024-07-05 04:55:27,2024-07-05 07:03:51,37.37731333333333,24.762065,37.22638666666667,25.496945,69.39072160239388,65.00086628739734,2.14,16.938936781609197,17.3,696,696
395657503,672,2024-07-09 02:25:18,2024-07-09 04:32:05,37.387746666666665,24.74171833333333,37.23696,25.461528333333337,130.4645918779344,63.659049731398866,2.1130555555555555,16.940629470672388,17.6,699,699
395657503,673,2024-07-11 09:09:27,2024-07-11 12:56:21,37.031965,26.034808333333338,37.38103666666667,24.77138,162.6662844778605,111.89272156795214,3.7816666666666667,17.35487288135593,18.1,944,944
395657503,674,2024-07-12 04:56:38,2024-07-12 07:22:08,37.38828166666666,24.742591666666662,37.220105,25.56509,75.3035620637956,72.74845120933097,2.425,16.806314580941446,17.3,871,871
395657503,676,2024-07-15 09:54:14,2024-07-15 11:47:51,37.22742,25.55050333333333,37.34177833333333,24.856158333333333,95.97946691119628,61.42941975329128,1.8936111111111111,17.900123915737296,18.3,807,807
395657503,677,2024-07-16 02:48:04,2024-07-16 06:10:17,37.391461666666665,24.739318333333333,37.122375,25.887311666666665,111.92212461072344,101.60142568279511,3.370277777777778,17.11211519364449,17.5,1007,1007
395657503,678,2024-07-18 08:40:52,2024-07-18 12:59:49,36.934333333333335,26.146116666666668,37.376,24.759711666666668,145.7473705007239,122.86736452225837,4.315833333333333,17.931666666666672,19.0,1080,1080
395657503,679,2024-07-19 04:49:40,2024-07-19 07:11:22,37.388725,24.739925,37.213225,25.521086666666665,70.84883617073666,69.09541158796628,2.361666666666667,16.492915531335154,17.0,734,734
395657503,680,2024-07-22 07:24:42,2024-07-22 11:29:42,36.91456166666666,26.21788833333333,37.344701666666666,24.860016666666667,182.10696183654358,120.37936875705026,4.083333333333333,17.685638766519823,18.5,1135,1135
395657503,681,2024-07-23 02:26:49,2024-07-23 04:56:37,37.377833333333335,24.76517,37.21230833333333,25.61943833333333,83.96001605691923,75.56752142806454,2.4966666666666666,16.908631578947368,17.400000000000002,950,950
395657503,682,2024-07-25 10:45:48,2024-07-25 12:41:13,37.221365,25.577235,37.34500333333333,24.856306666666665,67.52031894626509,63.78248942057408,1.9236111111111112,18.301690507152145,18.8,769,769
395657503,683,2024-07-26 05:09:24,2024-07-26 07:10:05,37.36175833333333,24.81087,37.2381,25.498971666666662,64.88968511617132,60.86473217391219,2.011388888888889,16.84219001610306,17.3,621,621
395657503,685,2024-08-01 10:28:50,2024-08-01 12:20:32,37.22672333333333,25.542566666666666,37.345398333333335,24.86355,98.73763885319659,60.07219111894463,1.8616666666666666,17.8234219269103,18.4,602,602
395657503,686,2024-08-02 05:20:22,2024-08-02 08:59:34,37.35400833333333,24.847585,37.02388166666667,26.055436666666665,108.35417596088453,106.99568614683763,3.6533333333333333,16.633419689119172,17.900000000000002,772,772
395657503,687,2024-08-05 06:58:27,2024-08-05 12:05:45,36.82148166666666,26.36439,37.385221666666666,24.735375,171.78977895618758,144.46615184607185,5.121666666666667,17.02676056338028,18.0,923,923
395657503,688,2024-08-06 02:36:53,2024-08-06 05:42:48,37.37933666666667,24.76922833333333,37.15705166666667,25.828285,96.71120294434493,93.71615719974285,3.098611111111111,16.842732558139534,17.6,344,344
395657503,689,2024-08-13 03:10:46,2024-08-13 05:24:46,37.359005,24.826405,37.20988333333333,25.60934333333333,157.94105035915254,69.2675783030895,2.2333333333333334,17.183983572895276,17.7,974,974
395657503,690,2024-08-19 08:12:36,2024-08-19 11:29:31,37.057228333333335,26.005091666666665,37.34223833333333,24.873571666666667,135.25734496066903,100.21962007822529,3.2819444444444446,17.818087557603686,18.3,868,868
395657503,691,2024-08-20 02:30:27,2024-08-20 05:23:46,37.38576166666667,24.734016666666665,37.194613333333336,25.730396666666667,100.48928572225728,88.14409304795156,2.888611111111111,16.914128440366973,18.0,1090,1090
395657503,692,2024-08-22 10:51:33,2024-08-22 13:05:21,37.22707,25.546101666666665,37.387445,24.737801666666662,87.82119118215452,71.48969851285455,2.23,17.834352078239608,18.7,818,818
395657503,693,2024-08-23 05:07:37,2024-08-23 07:22:49,37.35561833333333,24.822096666666667,37.215426666666666,25.60011666666667,76.28524993435863,68.83141068545153,2.2533333333333334,16.989285714285714,17.400000000000002,840,840
395657503,695,2024-08-26 09:55:22,2024-08-26 11:53:10,37.24895833333333,25.4286,37.385665,24.73885,112.53047937919477,60.99651875000852,1.9633333333333334,17.40199146514936,18.3,703,703
395657503,696,2024-08-27 02:27:20,2024-08-27 03:32:56,37.38844666666667,24.745485,37.29411666666667,25.113121666666668,33.09135304958679,32.50104534030977,1.0933333333333333,16.715015974440895,17.400000000000002,313,313
396636589,697,2024-07-03 02:15:01,2024-07-03 18:47:32,37.1727,24.712783333333338,37.308283333333335,24.800083333333333,100.94235194772577,7.732488335890201,16.541944444444443,12.139918256130791,14.6,1808,1468
396636589,698,2024-07-10 02:27:10,2024-07-10 18:42:36,37.15863333333333,24.71398333333333,37.33205,24.850183333333337,102.80162984317543,12.060669649820602,16.25722222222222,14.022576687116565,18.1,2038,1630
396636589,699,2024-07-17 02:32:16,2024-07-17 18:43:21,37.165733333333336,24.716816666666663,37.30816,24.821466666666662,110.71660569431259,9.26843161455262,16.184722222222224,13.039808917197453,16.0,2160,1570
396636589,700,2024-07-24 02:59:03,2024-07-24 18:01:45,37.2359,24.775166666666667,37.33056666666667,24.822983333333333,97.45572693949546,4.234437062239612,15.045,14.48696,19.200000000000003,1537,1250
396636589,701,2024-07-31 02:40:07,2024-07-31 18:16:33,37.18215,24.731866666666665,37.313633333333335,24.8313,105.82763734573572,8.804916987107816,15.607222222222223,14.049766355140186,16.0,1706,1284
396636589,702,2024-08-07 02:28:43,2024-08-07 18:51:05,37.1741,24.725966666666668,37.310183333333335,24.802983333333337,107.83886076517875,6.822668339591,16.372777777777777,13.680281690140845,15.7,1080,852
396636589,703,2024-08-14 02:30:24,2024-08-14 18:45:42,37.174816666666665,24.72328333333333,37.304116666666665,24.77555,108.04159439265328,4.63363664024593,16.255,13.499804687499998,15.3,1846,1536
396636589,704,2024-08-21 02:08:45,2024-08-21 18:31:18,37.15603333333333,24.711033333333333,37.32053333333333,24.835616666666667,103.79873229468336,11.033358713143674,16.375833333333333,12.30543060888645,15.8,2089,1823
396636589,705,2024-08-28 02:34:44,2024-08-28 18:34:25,37.17501666666666,24.72638333333333,37.31695,24.818383333333333,107.61239847462201,8.148128501773552,15.994722222222222,13.716252821670432,15.5,2113,1772
396636589,706,2024-09-04 02:27:31,2024-09-04 18:45:29,37.16761666666667,24.7017,37.30475,24.77543333333333,112.8988018198852,6.532851635188919,16.299444444444443,13.566843220338981,15.8,2189,1888
396636589,707,2024-09-11 02:29:21,2024-09-11 17:07:43,37.16195,24.705133333333333,37.46286666666666,25.302633333333333,62.17740763956197,52.84456824916731,14.639444444444445,12.9212478920742,15.1,1434,1186
406647606,708,2024-07-09 00:47:50,2024-07-09 07:37:33,37.138505,24.67282,37.458825,25.322866666666663,57.80834325601729,57.50224054518704,6.828611111111111,16.5661853188929,17.900000000000002,960,831
406647606,709,2024-07-09 09:28:33,2024-07-09 23:37:14,37.458783333333336,25.322918333333337,36.978125,24.934181666666667,76.99633554141869,34.43415650158197,14.144722222222223,9.93789189189189,13.8,2034,1850
406647606,710,2024-07-16 00:26:49,2024-07-16 23:39:47,37.129981666666666,24.656401666666667,36.80424166666667,24.83160833333333,129.28773660333982,15.578549456478456,23.21611111111111,14.65982623086471,18.7,3470,2417
406647606,712,2024-07-23 01:11:53,2024-07-24 00:32:53,37.113816666666665,24.618708333333338,36.98723666666667,24.930775,135.8851361613904,27.695459823359098,23.35,12.555457501161172,15.0,3351,2153
406647606,713,2024-08-06 01:02:22,2024-08-07 00:45:18,37.13551666666667,24.674638333333338,36.97029166666667,24.934551666666668,115.42647148217583,23.067514227471513,23.715555555555557,13.084389489953633,15.4,2173,1294
406647606,715,2024-08-20 00:56:32,2024-08-21 00:52:55,37.118755,24.63352833333333,36.97955666666667,24.93058,103.45514997404047,26.36371955769559,23.939722222222223,13.136677282377919,20.0,2971,1884
406647606,716,2024-08-27 01:20:38,2024-08-28 00:38:30,37.15329,24.69297333333333,36.990811666666666,24.928183333333333,112.31063806216771,20.87017393349593,23.297777777777778,13.122200099552016,17.2,2388,2009
406647606,717,2024-09-03 00:56:11,2024-09-03 22:50:47,37.12089666666667,24.643796666666667,37.384391666666666,25.137155,101.221134809467,43.66905914095662,21.91,12.402067183462533,17.5,2625,1548
408286708,718,2024-07-01 22:08:00,2024-07-02 02:43:54,37.60119666666667,25.016193333333337,37.10556,25.37216833333333,38.04736835839292,31.478774742334913,4.598333333333334,13.538548057259714,14.7,1111,978
408286708,719,2024-07-02 04:39:23,2024-07-02 09:52:40,37.10556166666667,25.372165,37.55449,25.0971,33.38049802804682,24.335799125186774,5.221388888888889,11.612916666666667,14.1,330,240
408286708,720,2024-07-03 20:34:56,2024-07-04 01:58:43,37.52130833333333,24.965575,37.08815166666667,25.14887,76.21831347790814,16.233497189407636,5.396388888888889,13.085056179775282,14.1,1079,890
408286708,721,2024-07-04 03:34:10,2024-07-04 10:52:08,37.087878333333336,25.14934,37.17687,24.790095,79.93260152532301,31.847278286682783,7.299444444444444,12.618972332015812,14.3,1157,1012
408286708,722,2024-07-05 20:47:21,2024-07-06 07:42:18,37.54496,24.979948333333333,37.520561666666666,24.970056666666668,79.2833301799782,0.8735131040013403,10.915833333333333,11.532941176470588,13.6,1346,340
408286708,723,2024-07-08 22:35:10,2024-07-09 06:27:23,37.58081666666666,25.051681666666667,37.54577166666667,25.110298333333333,50.28753895057818,5.167039438826436,7.870277777777778,12.05697674418605,14.0,259,86
408286708,724,2024-07-10 21:09:06,2024-07-11 10:20:22,37.54043833333333,24.971625,37.54134166666667,24.987368333333333,96.23738368857035,1.3880677442310827,13.187777777777777,11.609969167523124,14.1,1667,973
408286708,725,2024-07-12 20:58:16,2024-07-13 01:07:37,37.52221166666666,24.955621666666666,37.12262833333333,25.13824,52.122470573853505,16.1667047457961,4.155833333333334,13.714379802414932,14.5,1076,911
408286708,726,2024-07-13 05:28:55,2024-07-13 09:42:29,37.08928,25.147963333333333,37.52431333333333,24.974143333333338,50.301193837561556,15.39643261277257,4.226111111111111,12.361551724137932,13.8,670,580
408286708,727,2024-07-15 21:01:23,2024-07-16 00:46:52,37.527095,24.958431666666662,37.11154333333333,25.13153833333333,51.004976321024174,15.328871506095378,3.7580555555555555,13.500384615384615,14.5,862,780
408286708,729,2024-07-16 05:23:48,2024-07-16 09:36:36,37.088611666666665,25.148723333333333,37.52185,24.97025333333333,47.33328550562128,15.807236569319805,4.213333333333333,12.27857142857143,14.0,475,448
408286708,730,2024-07-17 20:16:34,2024-07-18 00:28:35,37.54056166666667,24.98034833333333,37.105943333333336,25.370695,42.8561009904448,34.52639360829688,4.200277777777778,13.005148005148005,14.7,857,777
408286708,731,2024-07-18 02:31:36,2024-07-18 07:50:26,37.105925,25.370708333333333,37.55000833333333,24.992725,39.972033785871226,33.43186983812613,5.313888888888889,10.660483870967743,13.8,387,248
408286708,732,2024-07-19 21:31:35,2024-07-20 07:42:45,37.55008,24.993446666666667,37.52877,24.976251666666663,61.11107674534064,1.5166516775329522,10.186111111111112,11.168644067796613,13.9,1502,118
408286708,733,2024-07-22 20:08:53,2024-07-22 23:07:27,37.53866166666667,24.971063333333333,37.58358833333333,25.367138333333333,40.85116102031405,34.91195166783116,2.976111111111111,11.019823788546255,14.1,640,454
408286708,734,2024-07-23 11:04:29,2024-07-23 15:09:57,37.51678,25.297896666666663,37.484005,24.95319,44.93729118855054,30.408829693961582,4.091111111111111,9.449930069930069,14.7,1060,715
408286708,735,2024-07-24 21:46:46,2024-07-25 02:20:13,37.56010333333333,25.071856666666665,37.167285,25.26781666666667,58.73499431418021,17.335091844310096,4.5575,13.620471014492754,14.4,585,552
408286708,736,2024-07-25 04:28:04,2024-07-25 13:00:27,37.10584,25.37073,37.55054166666667,25.104345,68.60413695880384,23.569133568654802,8.539722222222222,10.79232613908873,14.6,573,417
408286708,737,2024-07-26 22:47:21,2024-07-27 08:38:31,37.54556,25.09601,37.61557,25.00298,49.665398948535554,8.199075252451935,9.852777777777778,12.143410852713178,13.6,547,129
408286708,738,2024-07-29 21:10:17,2024-07-30 09:31:40,37.540465,24.98637,37.52352,24.966121666666663,86.34431716932262,1.785781699537118,12.356388888888889,12.405689001264221,14.3,1172,791
408286708,739,2024-07-31 21:05:14,2024-08-01 00:15:28,37.54201,25.10613,37.145138333333335,25.14554,47.44324195757113,3.567988239010991,3.1705555555555556,13.789486552567238,14.3,410,409
408286708,740,2024-08-01 07:19:48,2024-08-01 10:49:29,37.21497166666666,25.192431666666668,37.53455666666667,24.97802666666667,48.10962934872791,18.955843633322957,3.4947222222222223,11.128426395939087,13.5,232,197
408286708,741,2024-08-02 22:24:28,2024-08-03 06:29:28,37.56913166666666,25.06532333333333,37.44683666666667,25.29467333333333,49.30939095305978,20.23174358669211,8.083333333333334,12.919839999999999,14.2,1992,1250
419321940,742,2024-07-01 07:17:26,2024-07-01 09:07:44,37.26347833333333,24.820216666666667,36.894145,25.272525,60.949710628720126,40.131251416190125,1.8383333333333334,34.86830357142857,37.7,236,224
419321940,743,2024-07-01 11:22:13,2024-07-01 13:02:31,36.978565,25.299286666666667,37.27488,24.808191666666666,61.39319062196418,43.542035468997405,1.6716666666666666,35.303037383177575,37.0,443,428
419321940,744,2024-07-02 07:12:52,2024-07-02 08:52:56,37.280613333333335,24.811471666666662,36.95796,25.29080666666667,60.077462524110025,42.504398235368726,1.6677777777777778,35.82418300653595,38.6,310,306
419321940,745,2024-07-02 11:15:00,2024-07-02 12:58:02,36.97260333333333,25.285401666666665,37.27947,24.810763333333337,61.78981258682954,42.083847421976586,1.7172222222222222,33.467919799498745,37.1,1257,1197
419321940,747,2024-07-03 11:20:08,2024-07-03 12:59:14,36.97208,25.286966666666668,37.27809,24.810043333333333,50.99510562162618,42.286915778235816,1.6516666666666666,36.64765342960289,37.4,277,277
419321940,748,2024-07-04 07:20:05,2024-07-04 08:53:19,37.22728166666667,24.89817,36.96244833333333,25.287695,61.314669610535276,34.55191036618824,1.5538888888888889,33.605223880597016,38.400000000000006,843,804
419321940,749,2024-07-04 11:11:05,2024-07-04 12:58:45,36.944568333333336,25.28006833333333,37.280645,24.811796666666663,62.43500633210147,41.5276310483064,1.7944444444444445,32.961964735516375,37.6,851,794
419321940,750,2024-07-05 07:15:22,2024-07-05 08:53:42,37.27485833333333,24.82658,36.985708333333335,25.298663333333337,44.697601493234465,41.85455723764593,1.6388888888888888,35.93809523809524,38.7,105,105
419321940,751,2024-07-05 11:14:14,2024-07-05 12:59:36,36.938245,25.284546666666667,37.290215,24.81439333333333,60.99409564982142,41.69403403951514,1.7561111111111112,36.62206303724928,37.8,351,349
419321940,752,2024-07-06 07:15:18,2024-07-06 08:58:30,37.27234666666666,24.824501666666663,36.960031666666666,25.29566,59.747594977064296,41.78093287311537,1.72,34.20404624277456,38.8,355,346
419321940,754,2024-07-09 11:17:02,2024-07-09 13:11:53,36.962246666666665,25.28731833333333,37.38665833333334,24.73719,79.92805615553097,48.7477638007293,1.9141666666666666,35.854228855721395,37.3,201,201
419321940,756,2024-07-10 11:16:08,2024-07-10 13:01:43,36.96245166666667,25.287516666666665,37.30283833333333,24.827111666666667,60.12437301359894,40.819490994669216,1.7597222222222222,35.768690095846644,37.6,314,313
419321940,757,2024-07-11 07:13:55,2024-07-11 08:52:19,37.27686,24.827635,37.00085666666666,25.299648333333337,57.320664362080834,41.84329481680531,1.64,34.79659090909091,38.5,184,176
419321940,758,2024-07-11 11:17:39,2024-07-11 13:02:03,36.95834333333333,25.290321666666667,37.29631333333333,24.817395,59.30762307769907,41.93224802851386,1.74,35.405799648506154,37.6,577,569
419321940,759,2024-07-12 07:14:48,2024-07-12 08:53:34,37.270605,24.82438833333333,37.00471833333334,25.301593333333333,46.630142834966335,42.30389143750067,1.646111111111111,35.73153153153154,38.8,112,111
419321940,760,2024-07-12 11:16:24,2024-07-12 13:02:27,36.93887,25.284243333333333,37.29047666666666,24.818943333333333,49.06606583217555,41.263496222802395,1.7675,36.14324324324325,37.7,333,333
419321940,761,2024-07-13 07:14:34,2024-07-13 08:57:14,37.27163,24.82419833333333,36.98602666666667,25.29418833333333,58.92532016535807,41.669711654829435,1.711111111111111,34.878853046594976,38.7,286,279
419321940,762,2024-07-13 11:18:41,2024-07-13 13:02:47,36.96192333333333,25.28703833333333,37.293706666666665,24.821511666666662,60.563979620575594,41.275842791846166,1.735,34.903951367781154,37.3,672,658
419321940,763,2024-07-14 07:14:09,2024-07-14 08:57:01,37.26640166666667,24.820445,36.965291666666666,25.292305,58.69952264613968,41.84303850842968,1.7144444444444444,33.888175675675676,38.400000000000006,304,296
419321940,764,2024-07-14 11:16:01,2024-07-14 13:08:39,36.939031666666665,25.284881666666667,37.278463333333335,24.809631666666668,62.343039048584544,42.148579095984765,1.8772222222222221,34.37859078590786,37.2,374,369
419321940,765,2024-07-15 07:18:18,2024-07-15 09:01:10,37.27016833333333,24.82436333333333,36.979245,25.290325,57.27700123566337,41.31500210373925,1.7144444444444444,34.84846153846154,38.8,130,130
419321940,766,2024-07-15 11:21:20,2024-07-15 13:09:56,36.963235,25.286218333333338,37.28313833333333,24.813446666666668,50.67666168257361,41.92029746976683,1.81,34.85287769784173,36.6,281,278
419321940,767,2024-07-16 07:14:25,2024-07-16 09:05:17,37.270698333333335,24.8055,36.887708333333336,25.276266666666668,63.22780624654422,41.76868134716467,1.8477777777777777,34.77592067988668,39.0,361,353
419321940,768,2024-07-16 11:17:41,2024-07-16 13:04:40,36.95757166666667,25.29057333333333,37.250888333333336,24.785378333333338,63.60496862657527,44.8052046046343,1.7830555555555556,33.849624060150376,36.7,549,532
419321940,769,2024-07-17 07:12:19,2024-07-17 08:53:21,37.274573333333336,24.808263333333333,36.98291833333333,25.296601666666668,57.4467377041606,43.296394569890744,1.683888888888889,35.80245901639344,38.7,122,122
419321940,770,2024-07-17 11:15:09,2024-07-17 13:01:03,36.944048333333335,25.281796666666665,37.27529833333333,24.799356666666668,62.63440906255972,42.785333503405134,1.765,35.75234899328859,36.8,301,298
419321940,771,2024-07-18 07:21:53,2024-07-18 09:02:59,37.23562,24.856321666666663,36.988398333333336,25.296575,59.861369198082706,39.04145368145951,1.685,33.967704280155644,38.8,275,257
419321940,772,2024-07-18 11:21:25,2024-07-18 13:04:27,36.95907166666667,25.289225,37.27538166666667,24.802106666666667,61.76059739787358,43.195433813311396,1.7172222222222222,34.823126338329764,36.7,482,467
419321940,773,2024-07-19 07:28:29,2024-07-19 09:12:51,37.26941833333333,24.82349,36.968543333333336,25.28945833333333,55.624931408077416,41.31897163583577,1.7394444444444443,34.93937007874016,38.7,127,127
419321940,774,2024-07-19 11:30:41,2024-07-19 13:14:56,36.964423333333336,25.285611666666668,37.28391666666667,24.814106666666667,49.97696006649054,41.80745385213068,1.7375,35.82722772277228,37.3,203,202
419321940,776,2024-07-20 11:17:41,2024-07-20 13:08:39,36.96320166666667,25.286753333333333,37.27232833333333,24.80557333333333,47.23157349494966,42.66846747115946,1.8494444444444444,36.19375,37.3,160,160
419321940,777,2024-07-21 07:30:11,2024-07-21 08:56:25,37.14657166666667,24.94313,36.98878833333333,25.296466666666667,59.77430027254923,31.35126462805792,1.4372222222222222,35.56148648648649,38.5,148,148
419321940,778,2024-07-21 11:25:07,2024-07-21 13:11:47,36.99908833333333,25.300723333333337,37.19046,24.76897333333333,59.545657461948,47.164014840468795,1.7777777777777777,35.495569620253164,36.7,320,316
419321940,779,2024-07-22 07:17:35,2024-07-22 08:55:51,37.259798333333336,24.837106666666667,36.999941666666665,25.299895,59.69832055594564,41.03014617235612,1.6377777777777778,32.34212893553223,38.2,718,667
419321940,780,2024-07-22 11:25:42,2024-07-22 13:05:32,36.98730666666667,25.29767333333333,37.28147666666667,24.811816666666665,60.18108616426681,43.07325391012031,1.663888888888889,32.10420105026257,38.5,1414,1333
419321940,782,2024-07-23 11:20:14,2024-07-23 13:03:02,36.960321666666665,25.288346666666666,37.28378666666666,24.81339833333333,60.12564704874479,42.11398480541331,1.7133333333333334,36.1311320754717,38.0,320,318
419321940,784,2024-07-24 11:43:00,2024-07-24 13:27:13,36.96,25.288071666666667,37.28102,24.81227,48.49053398699604,42.19042756569079,1.7369444444444444,35.51219512195122,37.3,205,205
419321940,786,2024-07-25 11:38:55,2024-07-25 13:26:46,36.96072333333333,25.287756666666667,37.28020333333333,24.80446833333333,59.610787054414274,42.854128049711896,1.7975,34.4858064516129,36.6,312,310
419321940,788,2024-07-26 11:25:20,2024-07-26 13:14:56,36.941653333333335,25.282081666666667,37.27404833333333,24.806825,61.41792565570804,42.14946981863552,1.8266666666666667,34.80362116991643,36.9,361,359
419321940,789,2024-07-27 07:16:40,2024-07-27 09:02:48,37.269398333333335,24.8225,36.96512,25.291825,61.14798940219134,41.61759295717668,1.768888888888889,34.5103139013453,37.9,236,223
419321940,790,2024-07-27 11:25:48,2024-07-27 13:23:30,36.94270333333333,25.282155,37.28601333333334,24.80868333333333,62.76318923910822,41.987904362400926,1.9616666666666667,33.578581363004176,36.2,766,719
419321940,791,2024-07-28 07:16:45,2024-07-28 08:58:39,37.27234,24.824691666666663,36.999991666666666,25.30042333333333,56.042470578325364,42.174281420186674,1.6983333333333333,34.7112676056338,38.3,143,142
419321940,792,2024-07-28 11:19:19,2024-07-28 13:12:54,36.959045,25.289635,37.28579,24.815853333333333,60.73484122867057,42.01044756153415,1.8930555555555555,34.378531073446325,35.800000000000004,181,177
419321940,794,2024-07-29 11:20:16,2024-07-29 13:22:36,36.94468166666667,25.2804,37.37621,24.76018833333333,65.95837407400047,46.106358771117556,2.0388888888888888,34.093114754098366,35.9,308,305
419321940,795,2024-07-30 07:17:56,2024-07-30 08:59:24,37.26525333333333,24.82036833333333,36.998583333333336,25.30005833333333,63.98541437529617,42.52739676555902,1.691111111111111,35.250335570469794,38.1,312,298
419321940,796,2024-07-30 11:20:04,2024-07-30 13:09:50,36.94044333333333,25.283845,37.267741666666666,24.82262,58.6661374957174,40.907213281701814,1.8294444444444444,34.37058823529412,36.3,196,187
419321940,798,2024-07-31 11:27:22,2024-07-31 13:20:00,36.95513666666667,25.286816666666667,37.3173,24.837218333333333,49.177274823365764,39.86043237021426,1.8772222222222221,34.347692307692306,36.3,195,195
419321940,801,2024-08-01 11:28:22,2024-08-01 13:16:15,36.96098,25.288745,37.31406166666667,24.836025,48.94092329095815,40.13612647672925,1.7980555555555555,34.81901408450705,36.0,142,142
419321940,803,2024-08-02 11:18:01,2024-08-02 13:06:17,36.938271666666665,25.283821666666668,37.269371666666665,24.802431666666667,62.21416621794575,42.69552889242185,1.8044444444444445,34.979176201372994,36.7,447,437
419321940,804,2024-08-03 07:21:10,2024-08-03 09:10:26,37.26980666666667,24.8237,36.96924666666666,25.290811666666663,61.658520416601384,41.4200276768458,1.8211111111111111,31.662886597938144,37.7,946,873
419321940,805,2024-08-04 07:18:05,2024-08-04 08:08:18,37.262186666666665,24.822783333333337,37.09397166666667,25.12516,72.43220990063845,26.791235009262927,0.8369444444444445,29.590350877192986,34.800000000000004,246,228
435026421,807,2024-07-08 14:05:39,2024-07-09 07:39:21,37.442185,24.95055,37.412795,24.97403333333333,11.38467717102722,2.074420320752178,17.561666666666667,3.997412480974125,7.300000000000001,6255,657
435026421,808,2024-07-09 09:24:00,2024-07-10 18:26:42,37.412596666666666,24.973946666666667,37.435745,24.940341666666665,10.955903495834306,2.9678756924065097,33.045,2.959493670886076,9.0,11474,869
439165167,809,2024-07-10 23:55:45,2024-07-11 22:24:37,37.00745833333333,25.277705,37.009418333333336,25.276156666666665,53.20446302844156,0.1375358786880942,22.48111111111111,3.863427331887202,11.5,7745,2305
439165167,811,2024-07-19 06:48:36,2024-07-20 02:54:18,37.29379333333333,25.322221666666668,37.450715,25.32665,40.306819353123615,0.495859572004668,20.095,4.190726817042607,10.1,2506,399
439165167,813,2024-07-20 11:22:58,2024-07-21 18:06:10,37.45079333333333,25.32662833333333,37.398555,25.223423333333333,17.39808989725946,9.114160207282323,30.72,7.983050847457628,12.4,3792,236
439165167,814,2024-07-21 20:26:20,2024-07-22 15:35:32,37.398985,25.223313333333333,37.3809,25.23689333333333,5.891267160883107,1.2002618326908434,19.153333333333332,10.472864321608043,15.0,2798,199
439165167,816,2024-07-23 10:26:35,2024-07-23 14:23:01,37.37181666666667,25.243345,37.50528,25.19608833333333,20.130138606688405,4.180291116487967,3.9405555555555556,6.132510288065844,11.8,684,243
439165167,817,2024-07-27 04:56:55,2024-07-27 08:48:27,37.50051,25.012968333333333,37.397396666666666,25.22335333333333,38.11845520136052,18.573248330526646,3.858888888888889,6.2673222390317695,10.9,2345,661
439729450,818,2024-07-01 00:00:04,2024-07-01 01:51:07,37.33025,25.48113333333333,37.50869333333333,24.94813333333333,50.96294046040521,47.07137320586326,1.8508333333333333,19.093441064638785,25.4,1136,1052
439729450,819,2024-07-01 18:42:42,2024-07-01 22:18:35,37.5077,24.9475,37.2629,26.4115,133.6814026555565,129.3467287390547,3.5980555555555553,22.554476766150362,25.700000000000003,2728,2647
439729450,820,2024-07-02 18:43:25,2024-07-03 01:52:58,36.903533333333336,27.0069,37.5034,24.952216666666665,240.43890297479757,181.9713499217199,7.159166666666667,22.070251603354713,26.200000000000003,2164,2027
439729450,821,2024-07-03 18:57:10,2024-07-03 22:55:48,37.5041,24.95223333333333,37.25156666666667,26.56938333333333,147.33846892146892,142.89153041981731,3.977222222222222,24.197717422710202,25.3,3473,3461
439729450,823,2024-07-04 23:03:56,2024-07-05 01:46:59,37.30265,25.86328333333333,37.50736666666667,24.9476,171.0947809230699,80.88182076476797,2.7175,19.53236074270557,25.0,1236,1131
439729450,824,2024-07-05 18:33:58,2024-07-05 20:32:07,37.505183333333335,24.95215,37.28876666666667,25.479016666666663,51.92915415574139,46.5442830263999,1.9691666666666667,21.63937087772704,25.200000000000003,2058,1971
439729450,825,2024-07-08 18:32:10,2024-07-08 20:42:29,37.50751666666667,24.94845,37.326,25.517166666666668,101.63255511960566,50.22733881094334,2.1719444444444442,20.51103238866397,25.0,2076,1976
439729450,826,2024-07-09 22:46:52,2024-07-10 01:58:18,37.2877,26.032016666666667,37.5051,24.95148333333333,144.94510720467744,95.45350101832511,3.1905555555555556,20.14192592592593,25.4,1497,1350
439729450,827,2024-07-10 18:57:58,2024-07-10 21:36:19,37.50523333333334,24.950883333333337,37.30021666666666,25.873066666666663,85.89435760882037,81.45842842252068,2.6391666666666667,23.178173463526708,25.200000000000003,3614,3482
440238215,828,2024-07-01 09:25:30,2024-07-01 09:59:50,37.45021666666667,25.1638,37.46148333333333,24.95991666666667,21.294389261128423,17.996587704167467,0.5722222222222222,24.82044673539519,35.1,614,582
440238215,829,2024-07-01 15:44:07,2024-07-01 16:12:47,37.464866666666666,24.95885,37.45515,25.1278,18.099529443695694,14.91222826718856,0.4777777777777778,25.28336106489185,34.4,627,601
440238215,830,2024-07-02 09:19:38,2024-07-02 09:46:49,37.44688333333333,25.078783333333337,37.4591,24.95785,17.978685803490865,10.675097931514715,0.45305555555555554,20.44676113360324,35.4,514,494
440238215,831,2024-07-02 15:26:33,2024-07-02 16:58:33,37.4594,24.95768333333333,37.173566666666666,25.163566666666668,42.069822702669214,18.21528290558576,1.5333333333333334,25.987064676616917,35.6,626,603
440238215,832,2024-07-03 09:31:02,2024-07-03 09:58:48,37.44595,25.09975,37.45493333333334,24.95715,21.04361024585562,12.588080478793287,0.4627777777777778,22.772045028142593,35.9,567,533
440238215,833,2024-07-03 15:38:00,2024-07-03 16:03:14,37.46053333333333,24.95815,37.45125,25.082,13.941411923261976,10.932123634421295,0.42055555555555557,24.124646464646467,34.7,529,495
440238215,834,2024-07-04 09:58:56,2024-07-04 10:26:33,37.44631666666667,25.107766666666667,37.462833333333336,24.9627,18.9701677061916,12.805146624951135,0.4602777777777778,24.44610655737705,35.800000000000004,512,488
440238215,835,2024-07-04 16:03:15,2024-07-04 16:35:04,37.46585,24.95815,37.46011666666666,25.13843333333333,19.2596632502593,15.911913140939689,0.5302777777777777,24.552057245080498,35.300000000000004,599,559
440238215,836,2024-07-05 09:24:15,2024-07-05 09:49:55,37.45093333333333,25.076933333333333,37.459066666666665,24.9578,18.79386766258856,10.515910889019807,0.42777777777777776,23.72749003984064,35.0,538,502
440238215,837,2024-07-05 15:36:43,2024-07-05 16:10:55,37.46575,24.95898333333333,37.45735,25.140016666666668,19.20806197124368,15.978419232104862,0.57,24.430818619582663,33.9,665,623
440238215,838,2024-07-08 16:05:34,2024-07-08 16:35:22,37.46145,24.958516666666668,37.473533333333336,25.05685,27.72230421790561,8.67846498701122,0.49666666666666665,19.231511839708563,25.5,580,549
440238215,839,2024-07-09 09:24:53,2024-07-09 09:50:07,37.44656666666667,25.09515,37.461016666666666,24.95885,18.472792755719908,12.03142737390036,0.42055555555555557,24.386123348017623,35.7,476,454
440238215,840,2024-07-09 15:36:46,2024-07-09 15:58:06,37.46791666666667,24.95965,37.4642,25.0183,8.518776127028808,5.1762751040848665,0.35555555555555557,22.073086419753086,33.7,424,405
440238215,841,2024-07-10 09:40:30,2024-07-10 10:08:59,37.460883333333335,25.092983333333333,37.46115,24.95983333333333,21.67369591713085,11.752204472979724,0.4747222222222222,24.45547309833024,34.9,560,539
440238215,842,2024-07-10 15:54:44,2024-07-10 17:26:16,37.462,24.96035,37.24698333333333,25.206316666666662,25.140286617315006,21.744559939390548,1.5255555555555556,24.182800000000004,34.9,532,500
440238215,843,2024-07-11 09:34:53,2024-07-11 10:05:48,37.45048333333333,25.1081,37.46403333333333,24.96058333333333,25.172702739167924,13.020928613543946,0.5152777777777777,24.25981308411215,35.4,571,535
440238215,844,2024-07-11 15:49:52,2024-07-11 16:14:21,37.4664,24.957866666666668,37.44415,25.03513333333333,9.984894717519877,6.820440179889566,0.40805555555555556,21.58813559322034,34.4,394,354
440238215,845,2024-07-12 09:23:14,2024-07-12 09:50:05,37.44858333333333,25.10375,37.45818333333333,24.96005,22.03032714089074,12.684686106090874,0.4475,24.990038314176243,35.1,547,522
440238215,846,2024-07-12 15:44:22,2024-07-12 16:21:57,37.46026666666667,24.95725,37.4629,25.163516666666663,21.242130747699125,18.205553748731475,0.6263888888888889,23.91588330632091,33.7,678,617
440238215,847,2024-07-13 09:30:41,2024-07-13 09:57:31,37.448816666666666,25.09093333333333,37.466,24.957183333333333,20.993223779227588,11.805778726827645,0.44722222222222224,23.267809523809525,35.2,555,525
440238215,848,2024-07-13 15:31:55,2024-07-13 16:15:46,37.47238333333333,24.959516666666666,37.4506,25.09443333333333,15.337831205760565,11.908134603559041,0.7308333333333333,23.58470790378007,34.4,685,582
440238215,849,2024-07-14 09:30:53,2024-07-14 09:56:20,37.451283333333336,25.066366666666667,37.45763333333333,24.95885,15.058557568569794,9.490572771259504,0.4241666666666667,23.62574850299401,34.800000000000004,535,501
440238215,850,2024-07-14 15:33:31,2024-07-14 16:56:59,37.464533333333335,24.95683333333333,37.2452,25.20705,26.537638956232705,22.120188306071018,1.3911111111111112,25.81474358974359,35.300000000000004,656,624
440238215,851,2024-07-15 09:38:40,2024-07-15 10:01:30,37.4544,25.0439,37.456066666666665,24.956016666666667,24.75394262710868,7.75743835662829,0.38055555555555554,22.63634408602151,34.800000000000004,501,465
440238215,852,2024-07-15 15:43:48,2024-07-15 17:10:06,37.469013333333336,24.958466666666663,37.245783333333335,25.2062,26.61749889341591,21.900140807743686,1.4383333333333332,23.971186440677965,35.2,612,590
440238215,853,2024-07-16 09:20:14,2024-07-16 09:47:53,37.455733333333335,25.118616666666668,37.455533333333335,24.959516666666666,24.972584976377316,14.043637015966064,0.4608333333333333,24.681349206349207,35.2,540,504
440238215,854,2024-07-16 15:28:30,2024-07-16 15:52:06,37.46595,24.95658333333333,37.44781666666667,25.053016666666668,11.503289761632743,8.512028553706594,0.3933333333333333,23.105893909626715,35.0,534,509
440238215,855,2024-07-17 09:33:13,2024-07-17 10:01:29,37.45123333333333,25.092716666666668,37.46151666666667,24.95535,18.234020126541903,12.125148536838537,0.4711111111111111,23.57797202797203,35.9,599,572
440238215,856,2024-07-17 16:07:46,2024-07-17 16:43:58,37.46716666666666,24.95945,37.45608333333333,25.101916666666668,16.165764974875593,12.574436283394355,0.6033333333333334,19.516642547033285,25.5,730,691
440238215,857,2024-07-18 10:07:40,2024-07-18 10:37:23,37.45771666666667,25.120283333333333,37.4624,24.95893333333333,18.981497186822462,14.241402942912504,0.49527777777777776,23.807171314741037,35.2,533,502
440238215,858,2024-07-18 16:14:52,2024-07-18 16:39:15,37.46096666666666,24.95608333333333,37.44945,25.064083333333333,12.412341441012094,9.533159456885075,0.4063888888888889,23.01422594142259,34.800000000000004,517,478
440238215,859,2024-07-19 09:21:08,2024-07-19 09:48:25,37.45825,25.09968333333333,37.463766666666665,24.95563333333333,18.408423287045494,12.714275737426565,0.45472222222222225,24.229320388349514,35.0,547,515
440238215,860,2024-07-19 15:45:08,2024-07-19 16:11:10,37.454366666666665,24.95608333333333,37.46006666666667,25.077216666666665,13.301620248773691,10.692127845100446,0.4338888888888889,22.620610687022904,33.300000000000004,556,524
440238215,861,2024-07-20 09:37:40,2024-07-20 10:03:27,37.4541,25.07313333333333,37.45965,24.958566666666663,13.549672956208948,10.112551663127217,0.4297222222222222,23.273795761079,35.1,550,519
440238215,862,2024-07-20 15:42:49,2024-07-20 16:05:55,37.46161666666666,24.95818333333333,37.4577,25.04345,10.487423109085556,7.5260237541010095,0.385,22.06659292035398,34.1,493,452
446911976,867,2024-07-01 14:04:53,2024-07-01 18:24:16,37.44896333333333,25.326851666666663,37.449,25.326668333333338,11.987747643099969,0.016184292591821803,4.323055555555555,9.55892857142857,11.1,166,112
446911976,869,2024-07-02 04:39:18,2024-07-02 09:35:41,37.449,25.326668333333338,37.449,25.326668333333338,12.040418823436376,0.0,4.939722222222223,9.446956521739128,10.8,173,115
446911976,870,2024-07-02 10:42:38,2024-07-03 17:30:42,37.44898,25.32664833333333,37.449,25.326668333333338,61.04630298804222,0.0017659685329539682,30.801111111111112,9.455673222390317,11.2,990,661
446911976,872,2024-07-04 06:09:18,2024-07-05 19:39:35,37.44896,25.327003333333337,37.44896666666666,25.326645,47.53022667381444,0.03163264015270154,37.50472222222222,9.880492813141682,11.6,847,487
446911976,874,2024-07-09 10:07:23,2024-07-09 17:25:46,37.398136666666666,25.264515,37.449,25.326668333333338,23.4138166342454,5.489466436711582,7.306388888888889,9.567080745341615,12.5,226,161
446911976,876,2024-07-10 08:44:03,2024-07-10 13:00:09,37.44916666666666,25.3195,37.44898333333333,25.32664833333333,11.806961306784423,0.6310334943054885,4.2683333333333335,10.027551020408163,11.7,135,98
446911976,877,2024-07-10 14:05:48,2024-07-12 08:54:03,37.44983333333333,25.326335,37.44896333333333,25.326676666666668,12.240792759811617,0.030208398726814658,42.80416666666667,10.139325842696628,12.0,540,89
446911976,878,2024-07-12 12:30:02,2024-07-13 17:23:21,37.44896666666666,25.32662833333333,37.44896,25.326668333333338,12.062520552940017,0.0035311088207547496,28.88861111111111,10.506363636363634,13.9,337,110
446911976,879,2024-07-14 04:57:50,2024-07-14 08:33:50,37.451836666666665,25.325335,37.449,25.326668333333338,12.267085947707868,0.11782922320343883,3.6,11.454814814814815,16.400000000000002,196,135
446911976,881,2024-07-14 14:05:10,2024-07-14 17:25:31,37.449,25.326835,37.449,25.326668333333338,11.920016053288716,0.014712847442181367,3.339166666666667,12.171317829457363,16.1,174,129
446911976,883,2024-07-15 05:02:33,2024-07-15 08:34:37,37.449666666666666,25.327003333333337,37.44896,25.326668333333338,12.306748487954694,0.02960448283663555,3.5344444444444445,11.397350993377483,15.4,200,151
446911976,884,2024-07-15 12:43:36,2024-07-15 17:39:31,37.449,25.326668333333338,37.44898666666667,25.32664,11.9383975928028,0.0025013181373321723,4.9319444444444445,11.842857142857145,15.5,175,119
446911976,888,2024-07-16 08:37:27,2024-07-16 18:29:36,37.44983333333333,25.326501666666665,37.449,25.326668333333338,23.57591012556014,0.01480138552341312,9.869166666666667,12.401659751037345,16.900000000000002,347,241
446911976,889,2024-07-16 21:23:35,2024-07-17 13:11:02,37.449,25.326668333333338,37.449,25.326668333333338,24.381856780238266,0.0,15.790833333333333,12.443304843304844,16.7,488,351
446911976,893,2024-07-18 05:38:01,2024-07-18 07:19:18,37.44896,25.326668333333338,37.449,25.326668333333338,12.039591236851372,7.762870325676105e-05,1.6880555555555556,10.957462686567162,16.2,157,134
446911976,894,2024-07-18 08:35:27,2024-07-18 12:41:44,37.44916666666666,25.327003333333337,37.449,25.326668333333338,11.74716679747769,0.029574559249391508,4.104722222222223,12.210204081632652,14.7,149,98
446911976,895,2024-07-18 14:00:11,2024-07-18 18:26:53,37.449666666666666,25.327165,37.449,25.326668333333338,11.771631279779367,0.04386317564476612,4.445,12.395774647887325,15.5,101,71
446911976,896,2024-07-18 20:20:53,2024-07-19 09:39:31,37.449,25.326668333333338,37.44866666666667,25.326835,12.157532369714463,0.014727095151658126,13.310555555555556,12.335915492957746,17.6,227,142
446911976,897,2024-07-19 14:16:09,2024-07-19 17:24:27,37.44983333333333,25.326501666666665,37.449,25.326668333333338,12.101228693265018,0.01480138552341312,3.138333333333333,12.190579710144927,15.7,182,138
446911976,902,2024-07-21 05:19:21,2024-07-21 17:24:34,37.45117,25.32166833333333,37.449,25.326668333333338,35.99064016273086,0.4413991117660325,12.086944444444445,12.358072916666666,14.4,565,384
446911976,905,2024-07-22 02:28:07,2024-07-22 21:33:17,37.44895666666667,25.326625,37.449016666666665,25.32664,11.801463356973144,0.001329266503488158,19.086111111111112,12.662820512820511,14.8,266,156
446911976,906,2024-07-22 23:27:19,2024-07-23 09:11:38,37.449023333333336,25.326653333333333,37.40072,25.34734333333333,18.635608888471776,1.8294449023178017,9.738611111111112,11.5328125,14.7,143,64
446911976,907,2024-07-23 12:18:31,2024-07-23 17:24:39,37.40148666666666,25.348051666666667,37.449,25.326668333333338,18.75206753302004,1.8905074920697758,5.102222222222222,12.762893081761005,14.6,207,159
446911976,909,2024-07-24 08:37:17,2024-07-24 17:19:56,37.45033333333333,25.3245,37.449,25.326835,24.036766786409302,0.20614139708707438,8.710833333333333,11.868807339449543,15.2,194,109
446911976,910,2024-07-25 04:52:10,2024-07-25 14:30:54,37.449873333333336,25.326416666666667,37.449,25.326668333333338,23.73899994496349,0.02228082839983397,9.645555555555555,11.833999999999998,15.0,186,100
446911976,914,2024-07-26 06:15:43,2024-07-26 17:13:25,37.449,25.326668333333338,37.44533333333333,25.30433333333333,21.437170622455227,1.9717298399783971,10.961666666666666,12.36774193548387,15.2,247,155
446911976,915,2024-07-27 04:56:47,2024-07-27 21:19:57,37.46400333333333,25.326501666666665,37.449,25.326668333333338,26.263142492376915,0.03262265627435151,16.386111111111113,11.791011235955057,14.3,374,178
446911976,917,2024-07-28 05:09:46,2024-07-28 09:07:06,37.44981333333333,25.326501666666665,37.44866666666667,25.327331666666662,68.56922109111636,0.07330353177079002,3.9555555555555557,13.600975609756098,15.6,631,615
446911976,922,2024-07-29 13:50:13,2024-07-30 12:26:40,37.44897,25.326685,37.449,25.326668333333338,35.5881116635958,0.0014724365562852125,22.6075,12.058803986710963,15.9,548,301
446911976,925,2024-07-31 08:34:34,2024-07-31 12:34:38,37.44882666666667,25.327023333333333,37.449,25.326668333333338,12.073424010724583,0.03134020674259734,4.001111111111111,11.17722772277228,16.5,156,101
446911976,926,2024-07-31 13:46:42,2024-07-31 18:39:47,37.449,25.326668333333338,37.44897666666667,25.32664833333333,11.492603451862214,0.001766122598131294,4.884722222222222,11.972826086956522,16.5,137,92
446911976,933,2024-08-02 05:26:38,2024-08-02 13:37:53,37.44896,25.32664833333333,37.449,25.326668333333338,23.770551507044782,0.0017672479606551375,8.1875,10.534969325153373,13.1,255,163
446911976,934,2024-08-02 18:07:54,2024-08-03 11:07:54,37.449,25.326668333333338,37.39816666666667,25.264503333333337,6.014661337047375,5.4904943743079535,17.0,12.934117647058825,14.9,212,85
446911976,935,2024-08-04 00:43:26,2024-08-04 09:08:45,37.44895,25.326665,37.40283333333333,25.35200333333333,12.684446065016871,2.2392739529883645,8.421944444444444,14.078333333333335,14.8,117,60
446911976,936,2024-08-04 12:09:28,2024-08-04 13:16:39,37.400666666666666,25.34766833333333,37.40167,25.3495,14.255422499855904,0.1618092408108568,1.1197222222222223,13.45268817204301,14.8,188,186
446911976,943,2024-08-06 08:32:44,2024-08-06 17:28:23,37.44962666666667,25.326978333333333,37.44896,25.326653333333333,23.913805722096242,0.028719098291878783,8.9275,12.293529411764707,14.6,256,170
446911976,947,2024-08-07 06:28:23,2024-08-07 19:06:02,37.44896666666666,25.326665,37.449,25.326668333333338,92.55549854971282,0.0003012840234016965,12.6275,13.46902761104442,15.3,936,833
446911976,950,2024-08-12 21:36:16,2024-08-13 08:59:08,37.44896333333333,25.32664,37.40125666666667,25.305623333333333,14.889040235151619,1.8581901204071356,11.38111111111111,12.678488372093025,14.7,228,172
446911976,951,2024-08-13 12:40:06,2024-08-13 18:42:43,37.40316666666666,25.352498333333333,37.44898333333333,25.326665,23.63412160600732,2.282922011802303,6.043611111111111,12.34549356223176,14.7,290,233
446911976,953,2024-08-14 08:42:21,2024-08-14 18:47:32,37.4482,25.321583333333333,37.44898,25.326636666666666,12.108237125068069,0.4460985476634163,10.086388888888889,12.90566037735849,14.7,140,53
446911976,959,2024-08-16 05:10:57,2024-08-16 12:27:23,37.45,25.324833333333338,37.449,25.326668333333338,23.866064256338376,0.161998992750665,7.273888888888889,12.162100456621005,15.3,335,219
446911976,960,2024-08-16 14:06:01,2024-08-16 17:25:13,37.45,25.325,37.44898666666667,25.32664,11.796816696404914,0.14478682049834712,3.32,11.776250000000001,14.4,132,80
446911976,962,2024-08-17 14:13:39,2024-08-17 17:21:21,37.45500333333333,25.31300166666667,37.44866666666667,25.327666666666666,11.870037129181961,1.2945927897822844,3.1283333333333334,11.965116279069768,16.2,127,86
446911976,967,2024-08-18 12:49:48,2024-08-18 17:22:11,37.40132,25.342135,37.449,25.326668333333338,21.333719633710395,1.3689180805981336,4.539722222222222,12.47,15.2,195,150
446911976,970,2024-08-19 12:06:30,2024-08-19 17:53:47,37.402166666666666,25.351001666666665,37.44883333333333,25.327331666666662,79.54264761641075,2.0921357424052425,5.788055555555555,13.43452380952381,15.7,1220,1176
446911976,972,2024-08-19 21:40:40,2024-08-20 09:36:52,37.44900666666667,25.32664833333333,37.4025,25.352498333333333,7.543057186259014,2.284454936350592,11.936666666666667,12.915463917525773,13.8,188,97
446911976,973,2024-08-20 13:09:31,2024-08-20 17:09:36,37.40069333333334,25.33798833333333,37.42757,25.284461666666665,15.49028655172664,4.727667140418472,4.001388888888889,11.807299270072992,14.2,202,137
446911976,977,2024-08-21 17:12:45,2024-08-21 20:00:22,37.44992666666667,25.32570833333333,37.44887666666666,25.32676333333333,68.09861074307585,0.09315411491526002,2.7936111111111113,13.807354260089685,14.8,1133,1115
446911976,979,2024-08-22 12:15:31,2024-08-22 21:34:13,37.4005,25.317501666666665,37.44905,25.326645,17.254545824711414,0.8128871015681675,9.311666666666667,11.78449612403101,15.0,195,129
446911976,983,2024-08-23 13:31:14,2024-08-23 17:24:59,37.44898,25.32665666666667,37.44898333333333,25.32666,11.721070459014435,0.00029432812138814666,3.8958333333333335,12.609677419354838,15.1,146,93
446911976,986,2024-08-24 10:02:34,2024-08-24 17:17:26,37.44898666666667,25.326668333333338,37.44866666666667,25.327165,11.83388845676535,0.043848785005336365,7.247777777777777,11.702439024390243,15.1,140,82
446911976,997,2024-08-27 12:13:22,2024-08-27 17:16:10,37.40150333333333,25.336666666666662,37.44882,25.327503333333333,17.579138672572732,0.8143638207569555,5.046666666666667,11.716666666666667,14.1,111,66
446911976,999,2024-08-28 12:35:10,2024-08-28 19:16:48,37.40533666666666,25.354835,37.44894333333333,25.32664,23.888982586508966,2.4911371471987493,6.693888888888889,12.70982905982906,14.5,311,234
446911976,1001,2024-09-02 12:07:12,2024-09-02 19:33:18,37.44892333333333,25.326645,37.449,25.326668333333338,12.090686957941895,0.0020651665230674147,7.435,12.021739130434783,14.2,207,115
446911976,1005,2024-09-03 13:05:11,2024-09-04 06:46:18,37.40130333333333,25.348991666666667,37.44894333333333,25.326653333333333,23.11552877169312,1.974757422992948,17.685277777777777,12.150322580645163,13.9,310,155
446911976,1007,2024-09-04 13:05:11,2024-09-04 17:20:35,37.403,25.352833333333333,37.449,25.326668333333338,35.41347787367561,2.3122036229100145,4.256666666666667,11.800303030303029,14.3,386,330
446911976,1008,2024-09-04 18:40:55,2024-09-04 21:00:17,37.44896,25.32666,37.437,25.008668333333333,39.88891824147724,28.073632164226588,2.3227777777777776,14.068032786885245,15.7,764,732
449094058,1010,2024-07-01 05:39:20,2024-07-01 08:40:22,37.10599333333333,25.372511666666668,37.56787,25.080321666666663,66.44345420135852,25.847478714840662,3.0172222222222222,29.91485564304462,34.0,1949,1905
449094058,1011,2024-07-01 13:48:34,2024-07-01 20:53:19,37.57162833333334,25.068086666666662,37.10599833333333,25.372505,68.70132222844197,26.927499962696,7.079166666666667,29.766035751840167,35.0,2003,1902
449094058,1013,2024-07-02 05:51:20,2024-07-02 08:33:00,37.105981666666665,25.3725,37.550235,25.10466,64.2387172129705,23.697691283364055,2.6944444444444446,29.792964244521343,35.2,1802,1734
449094058,1014,2024-07-02 13:38:05,2024-07-03 02:33:35,37.577365,25.06271,37.105995,25.372511666666668,70.88824464969613,27.402469679273683,12.925,29.42728210417741,34.7,3263,1939
449094058,1015,2024-07-03 06:08:55,2024-07-03 08:37:01,37.10574833333333,25.372001666666662,37.57364166666667,25.071518333333337,66.01939278759724,26.579656765969414,2.4683333333333333,30.03840526700805,35.1,1440,1367
449094058,1016,2024-07-03 13:39:03,2024-07-03 18:18:04,37.56892,25.076481666666663,37.10600333333333,25.37243833333333,66.6749407476126,26.18016726987929,4.650277777777778,30.118081180811807,35.6,1684,1626
449094058,1017,2024-07-03 20:50:44,2024-07-04 08:42:08,37.10599666666667,25.37242833333333,37.594926666666666,25.04282333333333,53.463017139131765,29.14986578367694,11.856666666666667,28.916708701134933,34.300000000000004,2255,1586
449094058,1018,2024-07-04 13:44:47,2024-07-04 16:02:54,37.568085,25.07986,37.10568333333333,25.372386666666667,68.60984639292408,25.877275735913347,2.3019444444444446,30.688266825491368,35.5,1720,1679
449094058,1019,2024-07-05 06:22:06,2024-07-05 08:37:49,37.16614666666667,25.289908333333333,37.55626,25.094651666666667,63.11362752311176,17.273337409053212,2.2619444444444445,30.42563417890521,33.5,1548,1498
449094058,1020,2024-07-05 14:14:49,2024-07-05 16:38:11,37.57514333333334,25.06694,37.10729666666667,25.366835,67.77913891586641,26.527134717207534,2.3894444444444445,30.82601898380793,35.300000000000004,1864,1791
454406528,1023,2024-07-13 21:40:54,2024-07-14 01:18:33,37.05860833333333,24.96824833333333,37.43908666666667,25.433145,41.43662367266181,41.15550225530411,3.6275,12.90952380952381,13.7,573,567
454406528,1028,2024-07-15 02:33:41,2024-07-15 06:02:07,37.441435,25.43771,37.016295,25.291488333333337,13.025381510302347,12.972035530287343,3.473888888888889,15.41437908496732,16.8,157,153
454406528,1029,2024-07-28 14:31:31,2024-07-28 16:37:44,37.35154333333333,24.86768333333333,37.43476,25.44095,88.21681278210734,50.644225347581056,2.1036111111111113,13.711497326203208,16.900000000000002,1122,1122
454406528,1036,2024-08-05 11:34:27,2024-08-05 12:32:26,37.40410666666666,25.388546666666667,37.41360666666667,25.32415,10.07703849348801,5.687828916261239,0.9663888888888889,11.647826086956522,13.2,102,69
454406528,1046,2024-08-14 13:30:22,2024-08-14 14:45:57,37.61551666666666,25.020648333333337,37.50288166666667,25.364271666666667,30.546022431917486,30.290073168695184,1.2597222222222222,14.889108910891087,16.2,303,303
454406528,1051,2024-08-15 21:00:44,2024-08-15 22:44:05,37.39209666666667,25.355071666666667,37.35634,24.88201,48.567999550613635,41.80222615132041,1.7225,13.24814814814815,14.0,432,432
454406528,1052,2024-08-23 01:04:30,2024-08-23 03:20:59,37.35506333333333,24.871058333333337,37.43891666666666,25.437256666666663,51.007415730237454,50.01723652874168,2.274722222222222,12.792471358428806,13.3,611,611
454406528,1054,2024-08-28 10:28:43,2024-08-28 12:31:59,37.100335,25.30829,37.441145,25.436026666666667,24.663090168686367,11.32229209047627,2.0544444444444445,12.780655737704919,13.2,308,305
454406528,1060,2024-09-08 16:20:31,2024-09-09 22:42:40,37.04242833333333,25.295106666666666,37.41325166666667,25.321995,45.5384475056927,2.487004089830872,30.36916666666667,5.687619047619048,12.3,7579,525
454406528,1062,2024-09-10 01:58:00,2024-09-11 15:27:19,37.41359666666666,25.322221666666668,37.41516166666667,25.323941666666663,69.63480164988991,0.15193718812111315,37.48861111111111,10.510729215048768,17.0,4747,2153
454406528,1065,2024-09-12 06:11:13,2024-09-12 08:49:29,37.41438,25.322976666666666,37.45496833333333,25.301303333333333,15.721265023126733,1.9152453508985965,2.637777777777778,12.793959731543625,15.5,749,745
462919369,1066,2024-07-06 03:43:25,2024-07-06 09:15:13,37.55765333333333,25.346108333333333,37.41220666666667,24.982736666666668,34.540531407721744,32.06315984928142,5.53,9.07401215805471,11.6,804,658
462919369,1068,2024-07-09 09:27:34,2024-08-03 11:13:17,37.411991666666665,24.983183333333333,37.43743166666667,24.941143333333333,68.7097022748328,3.712701360559867,601.7619444444445,2.8115452930728244,5.300000000000001,11656,563
477832320,1071,2024-07-01 08:31:16,2024-07-01 15:47:17,37.28896666666667,24.808133333333338,37.25763333333333,24.785433333333337,214.1841156229984,2.009507095979721,7.266944444444444,30.09220112878399,35.300000000000004,2100,1949
477832320,1072,2024-07-02 08:28:14,2024-07-02 14:24:35,37.28201666666666,24.811916666666665,37.28155,24.80473333333333,172.64633477663713,0.6355391272653095,5.939166666666667,30.239750183688468,36.4,3060,2722
477832320,1073,2024-07-03 08:29:23,2024-07-03 15:46:30,37.25098333333333,24.78795,37.284533333333336,24.80828333333333,212.1478250747566,1.8004847928317873,7.285277777777778,32.87723404255319,36.5,950,940
477832320,1074,2024-07-04 08:28:43,2024-07-04 14:26:39,37.28355,24.81393333333333,37.28383333333333,24.8074,172.67342197369308,0.578015964077436,5.9655555555555555,30.044043436601722,36.0,3438,3131
477832320,1075,2024-07-05 08:34:50,2024-07-05 15:48:12,37.28381666666667,24.8028,37.2566,24.7846,215.31095684312686,1.6113409249439747,7.222777777777778,31.4608560311284,35.800000000000004,1309,1285
477832320,1076,2024-07-06 08:31:10,2024-07-06 09:16:31,37.292033333333336,24.815416666666668,37.08708333333333,25.14773333333333,32.18737288225485,29.439984444630348,0.7558333333333334,31.019444444444442,32.5,507,504
477832320,1077,2024-07-08 14:28:31,2024-07-08 15:46:25,37.179433333333336,25.30803333333333,37.27236666666667,24.79748333333333,59.45208724873414,45.20421873526959,1.2983333333333333,33.190548204158794,34.7,529,529
477832320,1078,2024-07-09 09:41:34,2024-07-09 14:30:10,37.1117,25.133816666666668,37.25835,24.785433333333337,151.02002874276485,30.86371719821937,4.81,32.56596583442838,34.800000000000004,772,761
477832320,1079,2024-07-10 08:39:15,2024-07-10 10:15:43,37.341883333333335,24.871883333333333,37.105783333333335,25.37215,55.766881499149676,44.29683793488286,1.6077777777777778,31.375971731448768,34.4,286,283
477832320,1080,2024-07-10 11:40:30,2024-07-10 15:48:02,36.89788333333333,25.69445,37.25933333333333,24.792833333333338,149.10944669867783,79.98665949177112,4.125555555555556,31.700353356890457,34.1,869,849
477832320,1081,2024-07-11 08:28:15,2024-07-11 14:28:33,37.29311666666667,24.81425,37.26413333333333,24.79113333333333,174.23309163915516,2.046083787240566,6.005,30.23544007490637,35.0,2321,2136
477832320,1082,2024-07-12 08:32:40,2024-07-12 15:45:59,37.29193333333333,24.819516666666665,37.263983333333336,24.787233333333333,212.11956522259482,2.8568967546371753,7.2219444444444445,32.53475935828877,35.5,1130,1122
477832320,1083,2024-07-13 08:47:42,2024-07-13 15:47:47,37.28183333333333,24.809383333333333,37.27786666666667,24.80725,213.26572647517287,0.18890637604448485,7.001388888888889,30.40801172447484,35.800000000000004,2149,2047
477832320,1084,2024-07-14 08:28:00,2024-07-14 09:52:21,37.28086666666667,24.803633333333337,37.16945,25.210316666666667,40.79202772060053,36.008563811457456,1.4058333333333333,30.863261648745514,32.9,580,558
493087308,1087,2024-07-20 10:04:13,2024-07-22 15:56:34,37.48598833333333,24.962531666666667,37.4942,24.95527,27.602261475897645,0.6408846233707284,53.8725,5.439646017699115,8.8,16033,565
493087308,1088,2024-08-07 03:07:11,2024-08-07 20:10:13,37.49222666666667,24.968205,37.35924166666667,25.360866666666663,39.99975231046316,34.6747033270761,17.050555555555555,7.057882352941177,9.2,3100,425
493087308,1089,2024-09-08 03:22:40,2024-09-08 05:32:00,37.30500833333333,25.005135,37.431711666666665,24.93767,39.8598692810677,5.967090361966355,2.1555555555555554,5.69046052631579,7.300000000000001,695,608
496008645,1090,2024-07-01 07:57:08,2024-07-01 14:28:57,37.59787333333333,25.004476666666665,37.589855,25.011226666666666,78.39740518668393,0.5949180650853224,6.530277777777778,15.311968606932636,20.0,1796,1529
496008645,1091,2024-07-02 08:17:04,2024-07-02 14:28:10,37.53928333333333,25.12906333333333,37.60197,24.99705,78.21903964692058,11.635410762749714,6.185,15.985845799769852,19.8,2233,1738
496008645,1092,2024-07-03 08:19:00,2024-07-03 14:24:07,37.53557333333333,25.141746666666663,37.58358166666667,25.02712,77.48214356505716,10.10435919627941,6.085277777777778,15.7459778597786,20.3,1600,1355
496008645,1093,2024-07-04 08:16:48,2024-07-04 14:25:12,37.53877333333333,25.13439,37.58880833333333,25.010916666666667,76.82095102341106,10.883549043874003,6.14,15.936268574573473,19.700000000000003,2224,1817
496008645,1094,2024-07-05 08:19:20,2024-07-05 14:25:01,37.553133333333335,25.089296666666662,37.59027833333333,25.015365,77.4023352423185,6.516149739801803,6.094722222222222,15.300157977883096,20.200000000000003,1600,1266
496008645,1095,2024-07-06 08:17:59,2024-07-06 09:16:25,37.54755166666666,25.10081,37.474986666666666,25.271211666666662,23.082127335396002,15.030685003365718,0.9738888888888889,10.975000000000001,19.6,291,208
496008645,1096,2024-07-08 14:05:46,2024-07-08 14:36:57,37.537778333333335,25.15687,37.57698166666667,25.061606666666663,18.504880574696468,8.397714093997358,0.5197222222222222,14.75,18.9,154,88
496008645,1097,2024-07-09 09:24:15,2024-07-09 14:24:50,37.46296666666667,25.32379333333333,37.57445333333333,25.057771666666667,68.31076783321615,23.46268845784443,5.009722222222222,15.214341463414636,19.8,1180,1025
496008645,1098,2024-07-10 08:20:44,2024-07-10 14:45:08,37.548366666666666,25.102598333333333,37.58031666666667,25.051395,70.19841857510306,4.5135281264679,6.406666666666666,14.001771217712179,19.8,1640,1355
496008645,1099,2024-07-11 07:59:29,2024-07-11 14:30:32,37.58799333333333,25.009868333333333,37.59371166666666,24.997218333333333,82.52480068563787,1.1146393993188644,6.5175,15.573315892740352,20.1,1787,1529
496008645,1100,2024-07-12 08:25:14,2024-07-12 14:27:26,37.53478666666667,25.13836833333333,37.585523333333335,25.030555,77.74764031912214,9.503795081495557,6.036666666666667,14.370775924583032,19.9,1700,1379
496008645,1101,2024-07-13 08:16:25,2024-07-13 15:26:58,37.54815833333333,25.10118,37.591656666666665,25.009221666666665,76.22618621968135,8.105113419588491,7.175833333333333,15.29290873276428,20.0,2235,1523
496008645,1102,2024-07-14 07:58:29,2024-07-14 14:43:46,37.59136,24.99555833333333,37.53642333333333,25.15521,66.90479506416168,14.072309516372277,6.754722222222222,16.0173647469459,19.8,1560,1146
500736053,1103,2024-08-21 16:26:45,2024-08-29 00:23:46,37.5049,24.9922,37.437446666666666,24.94126333333333,20.522654146237574,4.49711172581208,175.95027777777779,4.763,13.0,4253,800
525791007,1107,2024-07-01 07:41:07,2024-07-01 10:15:40,37.281578333333336,24.811008333333337,37.02583,25.30952333333333,59.592172454075865,44.18314586634395,2.575833333333333,23.0531453362256,24.5,524,461
525791007,1108,2024-07-01 13:42:55,2024-07-01 17:11:31,36.7877,25.393335,37.29560666666666,24.78827666666667,77.30610022298063,53.71040901105061,3.4766666666666666,23.099903288201162,24.5,1116,1034
525791007,1109,2024-07-02 07:41:36,2024-07-02 10:26:26,37.28665,24.814255,36.97872666666667,25.32122333333333,98.10631918032267,44.94590266182407,2.7472222222222222,23.10523648648649,24.5,633,592
525791007,1110,2024-07-02 13:42:35,2024-07-02 17:26:55,36.791066666666666,25.39073833333333,37.31080666666666,24.76140833333333,112.85917969310509,55.857800133510445,3.738888888888889,23.2125678119349,24.9,1203,1106
525791007,1111,2024-07-03 07:40:10,2024-07-03 10:05:28,37.28303,24.814885,37.09572666666666,25.32610333333333,60.51476559270377,45.286330892580615,2.421666666666667,24.02664359861592,24.8,296,289
525791007,1112,2024-07-03 13:51:06,2024-07-03 17:08:23,36.84377333333333,25.371336666666668,37.28508833333333,24.808295,68.3602340887893,49.96475888955275,3.2880555555555557,24.199385560675886,24.8,657,651
525791007,1113,2024-07-04 07:41:28,2024-07-04 10:20:17,37.28046333333333,24.81173833333333,37.02784,25.30775,186.0091462064147,43.96098118395668,2.6469444444444443,22.066484716157202,24.4,1064,916
525791007,1114,2024-07-04 13:48:39,2024-07-04 17:11:04,36.83348166666666,25.378083333333333,37.28359,24.806091666666667,98.68048606494865,50.762965314532615,3.373611111111111,23.906657018813313,24.700000000000003,716,691
525791007,1115,2024-07-05 07:44:01,2024-07-05 08:06:17,37.282675,24.811945,37.19402166666666,24.961645,13.771303305714405,13.253312108522646,0.3711111111111111,24.026143790849673,24.4,153,153
525791007,1117,2024-07-05 13:46:59,2024-07-05 17:11:47,36.768765,25.39919,37.29322666666667,24.78500333333333,111.82341909857968,54.528633124884365,3.4133333333333336,23.543568464730292,24.5,977,964
525791007,1118,2024-07-06 07:41:48,2024-07-06 09:16:38,37.28511666666667,24.812498333333338,37.13258,25.161151666666665,37.7627689438646,30.877994005715205,1.5805555555555555,23.195016611295685,24.0,326,301
525791007,1119,2024-07-08 14:11:32,2024-07-08 15:46:02,36.93627,25.336866666666666,37.12052166666667,25.144895,103.39546599906868,17.04523838330407,1.575,23.405217391304344,24.5,346,345
525791007,1120,2024-07-08 16:46:10,2024-07-08 17:16:08,37.16551666666667,25.00316833333333,37.286966666666665,24.808955,29.75973644053802,17.19710686823478,0.49944444444444447,23.671794871794873,24.0,195,195
525791007,1121,2024-07-09 13:45:50,2024-07-09 17:18:17,36.766036666666665,25.39977,37.29850833333333,24.791766666666668,121.28496790799471,53.97922038576332,3.5408333333333335,23.21010575793185,24.0,856,851
525791007,1122,2024-07-10 07:47:34,2024-07-10 10:21:05,37.28205666666667,24.81088,37.09426,25.331633333333333,56.80770868105802,46.131686148859316,2.558611111111111,23.39481707317073,24.3,333,328
525791007,1123,2024-07-10 13:53:14,2024-07-10 17:25:31,36.755811666666666,25.402735,37.307805,24.762976666666667,138.07148476840783,56.79842423094521,3.5380555555555557,23.3856184084372,24.6,1062,1043
525791007,1124,2024-07-11 07:47:05,2024-07-11 10:30:19,37.27820333333333,24.809846666666665,37.04270666666667,25.304336666666668,104.43130138720352,43.822143834685065,2.7205555555555554,22.82952380952381,24.1,473,420
525791007,1125,2024-07-11 13:53:02,2024-07-11 17:18:00,36.792411666666666,25.39039,37.296845,24.790555,186.82860074853676,53.24469827887016,3.4161111111111113,22.311238720262512,24.5,1282,1219
525791007,1126,2024-07-12 07:42:35,2024-07-12 10:22:01,37.28085333333333,24.812048333333333,37.09343166666667,25.327338333333337,59.17575340634891,45.648349022936806,2.6572222222222224,23.41985559566787,24.3,287,277
525791007,1127,2024-07-12 13:55:08,2024-07-12 17:20:19,36.77304,25.396275,37.311055,24.762823333333333,87.21067062893707,56.23067418104461,3.419722222222222,23.706940371456497,24.700000000000003,1031,1023
525791007,1128,2024-07-13 07:43:42,2024-07-13 10:26:45,37.28586,24.812671666666667,37.027213333333336,25.307686666666665,142.8964747129789,43.87139920314196,2.7175,23.10118577075099,24.4,533,506
525791007,1129,2024-07-13 13:44:49,2024-07-13 17:10:33,36.76513,25.399978333333333,37.28507833333333,24.80515,119.72190828780559,52.81452047713398,3.428888888888889,22.98916734033953,24.5,1308,1237
525791007,1130,2024-07-14 07:41:52,2024-07-14 10:17:13,37.285005,24.807461666666665,37.03548833333333,25.305276666666668,126.33794221155632,44.11716953084142,2.589166666666667,23.148423423423427,24.5,479,444
525791007,1131,2024-07-14 13:48:05,2024-07-14 17:19:52,36.79101666666666,25.390811666666668,37.28721166666666,24.80715333333333,132.5056818377165,51.812751745264976,3.5297222222222224,22.309624796084826,24.6,1400,1226
525791007,1132,2024-07-15 07:43:47,2024-07-15 10:28:51,37.281706666666665,24.810226666666665,37.030485,25.30570833333333,154.7790209028263,43.91285631483488,2.7511111111111113,23.310377358490566,24.9,472,424
525791007,1133,2024-07-15 13:55:25,2024-07-15 17:22:20,36.79064833333333,25.39246333333333,37.285963333333335,24.80596,97.31123516626803,52.0657466817043,3.448611111111111,23.045421903052066,24.5,1228,1114
525791007,1134,2024-07-16 07:41:17,2024-07-16 10:17:35,37.283795,24.81187,37.05825,25.30493,132.95650240367533,43.68913574802435,2.605,22.81040118870728,24.6,729,673
525791007,1135,2024-07-16 13:45:25,2024-07-16 15:15:55,36.76472166666667,25.40133833333333,37.118053333333336,25.35145333333333,85.05328129504966,4.486094957138293,1.5083333333333333,21.090232558139537,23.700000000000003,268,215
526575618,1136,2024-07-30 16:34:46,2024-07-31 08:21:16,37.01034,25.26764,37.405856666666665,25.324141666666662,13.768648570542368,5.062305542519665,15.775,6.6812499999999995,11.3,800,96
526575618,1137,2024-08-01 09:27:58,2024-08-01 10:38:30,37.40117,25.315666666666665,37.2271,25.2717,6.59032010090232,3.9028763670808515,1.1755555555555555,3.337362637362637,10.7,106,91
526575618,1140,2024-08-02 05:52:24,2024-08-03 11:14:28,37.13873666666667,25.230128333333333,37.40665333333333,25.317256666666665,13.819933035709012,7.7270060070382245,29.36777777777778,10.502457757296467,13.0,3206,651
526575618,1142,2024-08-04 02:26:20,2024-08-04 15:23:14,37.410516666666666,25.323295,37.15103,24.92326333333333,37.591302226104354,35.39630332489333,12.948333333333334,10.926200873362447,12.1,2704,229
526575618,1143,2024-08-07 04:43:01,2024-08-07 16:20:25,37.02047666666667,25.260438333333333,37.54846666666667,25.13755833333333,53.142625223160444,10.919302836918733,11.623333333333333,9.427494908350305,12.4,2510,491
526575618,1150,2024-08-19 11:57:00,2024-08-20 19:32:20,37.40508333333333,25.315715,37.44119666666667,25.31733833333333,12.024134891944497,0.15956816085659858,31.58888888888889,5.865763195435092,13.0,9718,701
526575618,1156,2024-08-22 08:05:32,2024-08-22 16:07:42,37.412933333333335,25.323633333333333,37.141196666666666,25.228161666666665,12.597746863573782,8.463700925644252,8.036111111111111,11.086973180076628,21.6,615,261
533187847,1158,2024-07-01 07:36:59,2024-07-01 09:22:43,37.49198666666667,24.954256666666662,37.47822333333333,25.299973333333337,38.1728439396816,30.504117934410463,1.7622222222222221,21.983259521700617,25.1,1254,1129
533187847,1159,2024-07-01 17:40:02,2024-07-01 19:50:22,37.48431833333333,25.298525,37.488795,24.95606833333333,38.528585767432205,30.215876797961627,2.172222222222222,18.938438735177865,25.4,1173,1012
533187847,1161,2024-07-02 18:00:11,2024-07-02 18:49:57,37.509193333333336,25.389006666666667,37.52396,24.959163333333333,45.29434359444992,37.91098956057119,0.8294444444444444,24.833888888888886,25.3,540,540
533187847,1163,2024-07-03 19:09:37,2024-07-03 19:42:35,37.502065,25.21240333333333,37.52169,24.952933333333338,30.737290174807796,22.88601275168692,0.5494444444444444,21.934466019417474,23.6,206,206
533187847,1164,2024-07-04 07:34:38,2024-07-04 09:32:50,37.492981666666665,24.95883333333333,37.50996166666667,25.34656333333333,42.95260503667143,34.20364258046634,1.97,22.369552238805973,25.3,1132,1005
533187847,1165,2024-07-04 17:21:04,2024-07-04 19:11:14,37.48820333333333,25.29638,37.48473833333333,24.95812833333333,42.85968744988274,29.844892519143965,1.836111111111111,19.005081300813007,24.3,1063,984
533187847,1166,2024-07-05 07:36:51,2024-07-05 09:23:53,37.48732833333333,24.962783333333338,37.47394166666667,25.30169666666667,36.058879295290865,29.905619202034472,1.7838888888888889,22.055533399800595,25.4,1116,1003
533187847,1167,2024-07-05 17:23:45,2024-07-05 19:03:47,37.482605,25.29698833333333,37.48544,24.957641666666667,38.05374040120097,29.942488333256094,1.6672222222222222,22.19865005192108,25.8,1048,963
533187847,1168,2024-07-06 07:31:45,2024-07-06 09:16:39,37.49759,24.955651666666668,37.46356166666666,25.32251,37.31017837896939,32.37155416977907,1.7483333333333333,22.674147217235188,25.700000000000003,1239,1114
533187847,1169,2024-07-08 17:35:03,2024-07-08 19:14:05,37.48202333333333,25.29815333333333,37.48681833333333,24.963733333333337,36.49735509140456,29.507624564901782,1.6505555555555556,22.055247524752478,26.3,1105,1010
533187847,1170,2024-07-09 18:17:32,2024-07-09 18:45:36,37.516695,25.215658333333337,37.52485333333333,24.968766666666667,43.998639689254226,21.7739476431159,0.4677777777777778,25.273758865248226,25.9,141,141
533187847,1172,2024-07-10 19:26:05,2024-07-10 19:57:13,37.505835,25.24025333333333,37.52243166666667,24.967748333333333,29.315805640456528,24.03499906912056,0.5188888888888888,25.130092592592593,25.5,216,216
533187847,1173,2024-07-11 07:37:11,2024-07-11 09:25:44,37.48627666666667,24.962781666666668,37.477381666666666,25.302526666666665,38.357245231154025,29.978519881347143,1.8091666666666666,21.81200807265388,25.3,1099,991
533187847,1174,2024-07-11 17:27:21,2024-07-11 19:06:19,37.48744833333333,25.29993333333333,37.48944,24.96146833333333,39.1794820400308,29.862926142657436,1.6494444444444445,20.819156118143464,23.9,1260,1185
533187847,1175,2024-07-12 07:34:53,2024-07-12 09:27:00,37.48666166666667,24.963276666666665,37.47596166666667,25.299765,38.80545218396897,29.69136538712796,1.868611111111111,22.22819512195122,25.4,1159,1025
533187847,1176,2024-07-12 17:22:52,2024-07-12 19:11:50,37.483,25.298576666666666,37.49013166666667,24.954491666666662,38.63522793486196,30.359547005221124,1.816111111111111,20.8748031496063,24.3,1255,1143
533187847,1177,2024-07-13 07:33:52,2024-07-13 09:23:35,37.493985,24.959243333333333,37.48211,25.30169666666667,39.18231833986923,30.21498701135282,1.8286111111111112,22.65273010920437,25.3,1410,1282
533187847,1178,2024-07-13 17:35:45,2024-07-13 19:09:43,37.48026333333333,25.298211666666667,37.485585,24.95768333333333,38.74055237333066,30.04719633485528,1.566111111111111,20.919582504970176,24.0,1082,1006
533187847,1179,2024-07-14 07:49:20,2024-07-14 09:01:48,37.520608333333335,24.960851666666667,37.47522666666666,25.301341666666666,34.16146406488815,30.037907564490084,1.2077777777777778,21.550375939849623,23.5,133,133
533187847,1180,2024-07-14 18:22:39,2024-07-14 20:01:21,37.48334333333333,25.299088333333337,37.48554833333333,24.957691666666665,38.49605057774453,30.123200422457078,1.645,20.562298603651985,24.5,1009,931
533187847,1181,2024-07-15 07:33:44,2024-07-15 08:43:56,37.49782666666667,24.95563,37.45962333333333,25.18606833333333,25.504620558036038,20.33446664800101,1.17,22.269208211143695,25.200000000000003,1181,1023
534176328,1182,2024-07-01 09:00:38,2024-07-01 10:59:54,37.47515666666666,24.952001666666668,37.122283333333336,25.367383333333333,41.75731196202221,36.74829690919065,1.9877777777777779,27.24992025518342,37.2,712,627
534176328,1183,2024-07-01 12:52:00,2024-07-01 14:54:43,37.111538333333336,25.363578333333333,37.47693833333334,24.951435,45.233424182905466,36.46452263030364,2.0452777777777778,29.704646017699115,37.0,966,904
534176328,1184,2024-07-02 08:57:21,2024-07-02 11:42:43,37.47595666666667,24.95325,37.018415,25.334543333333333,74.04795234269957,33.76129304442217,2.756111111111111,29.946051032806803,37.8,879,823
534176328,1185,2024-07-02 12:51:49,2024-07-02 15:04:27,37.043755,25.315753333333333,37.474986666666666,24.95256833333333,52.5222548703243,32.15252345707344,2.2105555555555556,30.688940628637955,36.9,1854,1718
534176328,1186,2024-07-03 08:57:29,2024-07-03 10:29:36,37.465165,24.95377166666667,37.351325,25.301236666666668,37.6949913258006,30.690654115264245,1.5352777777777777,26.648245614035087,37.2,544,456
534176328,1187,2024-07-03 12:45:50,2024-07-03 14:34:20,37.15716666666667,25.352053333333338,37.474003333333336,24.952635,48.56976388698927,35.32738597225268,1.8083333333333333,28.825607779578608,37.6,648,617
534176328,1188,2024-07-04 09:02:30,2024-07-04 11:26:00,37.47402833333334,24.952731666666665,36.97976,25.367441666666668,54.64717733804684,36.72976930815193,2.3916666666666666,30.403490401396162,37.5,1217,1146
534176328,1189,2024-07-04 12:32:56,2024-07-04 14:45:02,37.04998333333333,25.313393333333337,37.47721166666667,24.951931666666667,54.19066663959025,31.99807148980442,2.2016666666666667,30.77544757033248,37.3,844,782
534176328,1190,2024-07-05 09:06:08,2024-07-05 11:26:06,37.467306666666666,24.95298333333333,37.162125,25.263236666666668,55.571597791415684,27.4435740683639,2.332777777777778,27.4399721448468,37.2,792,718
534176328,1191,2024-07-05 13:33:24,2024-07-05 15:21:18,37.15800166666666,25.35188833333333,37.479195,24.951326666666667,51.914529800317176,35.4272016801228,1.7983333333333333,30.398171589310834,36.9,778,711
534176328,1193,2024-07-08 14:07:47,2024-07-08 15:44:53,37.36018833333333,25.297095,37.47640333333333,24.95170333333333,70.19670393570289,30.503471453586098,1.6183333333333334,24.696099290780147,36.3,639,564
534176328,1194,2024-07-09 09:24:05,2024-07-09 10:48:54,37.44067166666667,24.941925,37.163665,25.159951666666668,46.28915967406708,19.291871356481565,1.4136111111111112,30.83977455716586,36.7,642,621
534176328,1195,2024-07-09 13:27:20,2024-07-09 15:24:56,37.12475333333333,25.361406666666667,37.47338166666667,24.95275,61.63326360485376,36.15323819996444,1.96,26.36496913580247,37.5,715,648
534176328,1196,2024-07-10 09:38:44,2024-07-10 12:06:48,37.48071166666666,24.952943333333337,37.13070833333333,25.36490333333333,40.96668209342427,36.442206391808526,2.4677777777777776,21.65909090909091,29.1,736,638
534176328,1197,2024-07-10 14:41:10,2024-07-10 17:03:54,37.11391,25.363368333333337,37.47974166666667,24.951075,45.5862918345792,36.47655022588025,2.378888888888889,24.05148148148148,29.5,1141,1080
534176328,1198,2024-07-11 09:41:58,2024-07-11 12:01:12,37.47102666666667,24.953288333333333,37.10952,25.364636666666662,44.87248756164997,36.395988682897375,2.3205555555555555,23.966630076838637,29.3,1000,911
534176328,1199,2024-07-11 14:00:52,2024-07-11 16:26:24,37.094785,25.337106666666667,37.48060666666667,24.951616666666663,49.458721699943325,34.11106624317832,2.4255555555555555,25.233646322378718,35.1,1343,1278
534176328,1200,2024-07-12 09:11:08,2024-07-12 11:29:50,37.46947166666666,24.953506666666662,37.15826166666667,25.234753333333337,58.87174102191248,24.879593780179853,2.3116666666666665,28.964214463840403,36.2,897,802
534176328,1201,2024-07-12 13:41:50,2024-07-12 15:32:02,37.16478333333333,25.350818333333333,37.47662666666667,24.951406666666667,53.51343109819124,35.32423015557877,1.8366666666666667,28.588437102922487,36.4,873,787
534176328,1202,2024-07-13 09:03:52,2024-07-13 11:00:34,37.47530166666667,24.952595,37.139678333333336,25.3607,42.80188111060041,36.09996334880137,1.945,26.079807692307693,36.2,705,624
534176328,1203,2024-07-13 12:55:34,2024-07-13 14:46:42,37.108655,25.36503,37.47842666666666,24.951328333333333,44.99565351342709,36.60284197160487,1.8522222222222222,30.570622568093384,35.800000000000004,1103,1028
534176328,1204,2024-07-14 09:05:24,2024-07-14 10:45:18,37.47242666666666,24.952816666666667,37.32405333333333,25.305913333333333,39.739134668958755,31.19275207300379,1.665,27.497626582278482,36.7,726,632
565464295,1218,2024-07-03 23:59:05,2024-07-04 06:32:05,37.10474833333333,25.374775,37.06449,25.308955,6.068731458948831,5.839104167208887,6.55,6.153846153846155,6.7,426,65
565464295,1219,2024-07-04 07:55:46,2024-07-04 10:46:45,37.02445333333333,25.29046333333333,37.04665,25.29104,15.0881043239924,0.06690084423505788,2.8497222222222223,4.190625000000001,5.800000000000001,148,128
565464295,1256,2024-07-22 09:25:30,2024-07-23 06:08:50,37.03835166666666,25.298396666666665,37.10472166666667,25.37469,14.572849077092293,6.7700134906851455,20.72222222222222,4.67675,5.9,4589,400
565464295,1267,2024-08-02 13:46:40,2024-08-03 10:25:51,37.104285,25.37483,37.0944,25.28329,9.443233528446118,8.118526964996462,20.653055555555557,4.521164021164021,5.2,3168,189
565464295,1268,2024-08-04 00:00:22,2024-08-04 09:50:14,37.10474,25.374718333333337,37.047985,25.30125333333333,20.660220978754115,6.518373073754609,9.831111111111111,4.857142857142857,5.5,1528,105
565464295,1276,2024-08-06 05:17:05,2024-08-06 08:35:55,37.30849833333333,25.324508333333338,37.46320333333333,25.327055,9.825190326031926,0.3751919727039068,3.313888888888889,4.96923076923077,6.2,126,117
565464295,1280,2024-08-07 05:56:46,2024-08-07 15:25:47,37.46431833333333,25.327608333333337,37.12616666666667,25.21591833333333,16.28743361821413,9.901600535831212,9.483611111111111,5.434715025906736,6.800000000000001,709,386
565464295,1306,2024-08-19 13:52:09,2024-08-19 15:13:39,37.04116333333333,25.273611666666667,37.10471666666667,25.374685,9.234415826020179,8.967966074636763,1.3583333333333334,5.236363636363637,6.7,172,88
584196090,1307,2024-07-02 02:15:19,2024-07-02 05:16:09,37.32852333333334,24.84931333333333,37.137655,25.230646666666665,35.578850422268715,33.76185045225025,3.013888888888889,9.388571428571428,10.1,322,315
584196090,1314,2024-09-28 13:23:13,2024-09-30 23:59:53,37.515175,24.971265,37.43973833333333,24.945226666666667,42.07846379897259,2.302372024149979,58.611111111111114,4.664133738601824,10.4,19452,329
587268510,1316,2024-07-01 12:16:30,2024-07-01 15:33:20,37.435838333333336,24.93745833333333,37.43573333333333,24.937483333333333,6.919746254791601,0.002216703019055578,3.2805555555555554,3.8634285714285714,9.5,1078,350
587268510,1317,2024-07-02 05:55:57,2024-07-02 11:43:37,37.43582,24.93749,37.43582666666666,24.937481666666667,8.975010758791436,0.0007358856759831514,5.794444444444444,4.551851851851852,9.4,1745,351
587268510,1319,2024-07-03 09:42:31,2024-07-03 15:24:12,37.435813333333336,24.937496666666668,37.435856666666666,24.937476666666665,8.029621338142764,0.0017678537783210563,5.6947222222222225,3.8108571428571434,8.5,1810,350
587268510,1322,2024-07-05 01:44:41,2024-07-05 11:08:21,37.435811666666666,24.937496666666668,37.43581,24.937465,21.011706509181018,0.0027959356726773186,9.394444444444444,4.172000000000001,9.1,3010,1175
587268510,1326,2024-07-11 11:49:40,2024-07-11 17:30:29,37.43588833333333,24.937425,37.435851666666665,24.93742333333333,9.9350984435517,0.00016345666528649235,5.6802777777777775,3.476534788540246,8.1,1866,733
587268510,1327,2024-07-12 01:48:20,2024-07-12 05:20:20,37.43584166666667,24.93742,37.43585333333333,24.937418333333333,11.227591279730119,0.00014888601726351463,3.533333333333333,4.051834130781499,8.5,1185,627
587268510,1328,2024-07-12 08:35:57,2024-07-12 10:23:08,37.435838333333336,24.93742333333333,37.435785,24.937476666666665,5.671989707067942,0.004710078495480065,1.7863888888888888,5.816666666666666,8.6,588,204
596440147,1334,2024-08-15 22:36:54,2024-08-29 00:25:50,37.22020666666667,24.78986833333333,37.43534833333333,24.940726666666663,45.02133783197394,13.345378860218592,313.81555555555553,5.133779264214047,7.0,8219,897
616620391,1336,2024-07-01 08:30:40,2024-07-01 11:15:19,36.95851666666667,24.973656666666667,37.49493,24.951508333333333,71.38620218633326,2.2201500802715985,2.7441666666666666,29.986312997347483,34.5,2025,1885
616620391,1337,2024-07-02 08:21:34,2024-07-02 11:14:49,37.48736,24.950486666666663,36.956135,24.975058333333333,69.48413979241462,2.4075566986106365,2.8875,30.940760578468133,36.0,2057,1867
616620391,1338,2024-07-04 08:42:09,2024-07-04 11:14:34,36.95496333333333,24.975015,37.494591666666665,24.95129,71.59169167724346,2.3471857530637017,2.540277777777778,30.51062124248497,36.3,2105,1996
616620391,1339,2024-07-05 08:32:19,2024-07-05 10:41:53,37.48926,24.952436666666667,37.08746666666666,25.147956666666666,53.4773224596329,17.314327414474526,2.1594444444444445,30.18218884120172,35.5,1926,1864
616620391,1342,2024-07-09 09:23:57,2024-07-09 10:54:09,37.451365,25.21689333333333,37.08587833333333,25.13579,52.199665307670145,7.211702594652048,1.5033333333333334,33.15325325325326,35.5,1010,999
616620391,1343,2024-07-11 08:34:14,2024-07-11 11:17:17,36.953118333333336,24.97665,37.49789666666667,24.94770833333333,86.79775370030576,2.7719974522582254,2.7175,29.19226375908619,34.2,2007,1926
616620391,1344,2024-07-12 08:31:54,2024-07-12 10:55:05,37.49248,24.949003333333337,37.08826166666667,25.148736666666668,55.23063753275525,17.68642643083364,2.386388888888889,29.584269662921344,35.7,2277,2136
616620391,1345,2024-07-13 08:33:26,2024-07-13 11:15:56,36.974401666666665,24.975891666666666,37.496655,24.951518333333333,86.96479612817924,2.3838896120902002,2.7083333333333335,30.066817410966646,34.7,1907,1769
616620391,1346,2024-07-14 08:36:45,2024-07-14 11:24:31,37.48864,24.95263,36.95537333333333,24.97610333333333,72.10177125461064,2.321804996286156,2.796111111111111,30.021745216985536,35.2,2216,2143
616620391,1347,2024-07-15 09:08:32,2024-07-15 11:21:11,37.087725,25.149325,37.49706666666667,24.951108333333337,71.46075098918912,17.5523618867407,2.2108333333333334,28.129503775620282,34.0,1940,1854
616620391,1348,2024-07-16 08:39:02,2024-07-16 09:05:11,37.489955,24.951746666666665,37.43604166666667,24.992966666666668,6.650444654395224,3.639604002359679,0.43583333333333335,23.6395881006865,35.1,496,437
628693508,1349,2024-07-01 05:25:08,2024-07-01 07:20:36,37.118555,25.146065,37.35902333333333,25.291378333333338,24.976114791468525,12.872214314264546,1.9244444444444444,31.640740740740746,33.7,166,162
628693508,1350,2024-07-01 12:23:26,2024-07-01 15:01:27,37.092625,25.334816666666665,37.22537166666667,25.18984,49.47258309696021,12.850135183298471,2.633611111111111,32.50902527075812,33.9,280,277
628693508,1351,2024-07-02 06:51:54,2024-07-02 08:25:48,37.08793,25.146031666666666,37.35936,25.312566666666665,24.517835756477375,14.754736774351947,1.565,31.9856,34.0,262,250
628693508,1355,2024-07-08 17:39:04,2024-07-09 04:27:12,37.49805333333333,24.968565,37.219285,25.116046666666666,43.558474047336745,13.046116422803628,10.802222222222222,26.234565217391307,34.6,4271,920
628693508,1358,2024-07-09 13:42:50,2024-07-09 14:52:17,37.12895666666667,25.14975833333333,37.41071,25.30059,32.948907933270306,13.357935901344963,1.1575,30.514814814814816,32.300000000000004,194,189
628693508,1359,2024-07-10 07:24:46,2024-07-10 08:27:07,37.16437333333333,25.165178333333333,37.409725,25.299381666666665,30.706685920390782,11.882180020949322,1.0391666666666666,30.650980392156864,32.6,161,153
628693508,1360,2024-07-11 05:26:33,2024-07-11 07:16:04,37.12391,25.152746666666665,37.385805,25.309546666666662,37.866477997768214,13.886935891779753,1.8252777777777778,31.245505617977532,34.0,179,178
628693508,1362,2024-07-11 12:58:43,2024-07-11 15:30:31,37.16491,25.238838333333337,37.08826833333333,25.14875333333333,91.74718362089715,7.9879710987318715,2.53,31.32949389179756,33.9,579,573
628693508,1363,2024-07-12 07:29:09,2024-07-12 08:31:12,37.142491666666665,25.147951666666668,37.44106333333333,25.30027,18.223072934542973,13.486807296806207,1.0341666666666667,31.534939759036146,34.7,332,332
628693508,1364,2024-07-13 05:24:17,2024-07-13 07:16:16,37.11158833333333,25.136066666666668,37.385015,25.30857,39.284318891492056,15.278000359770864,1.8663888888888889,31.592344497607662,33.9,224,209
628693508,1365,2024-07-13 12:27:51,2024-07-13 15:22:18,37.091595,25.335656666666665,37.17093,25.167906666666667,56.31754152836926,14.871940310852676,2.9075,30.794188034188032,33.7,588,585
628693508,1366,2024-07-14 07:07:47,2024-07-14 08:42:04,37.08791833333333,25.14573,37.44987166666667,25.301765,21.336735773874246,13.825156500426978,1.571388888888889,29.302777777777777,31.700000000000003,361,360
628693508,1368,2024-07-15 05:26:55,2024-07-15 07:23:56,37.11831166666666,25.143836666666665,37.4085,25.300965,84.26921984296605,13.916499428835227,1.9502777777777778,31.054385964912278,33.5,114,114
628693508,1369,2024-07-15 14:01:44,2024-07-15 15:58:30,37.13122333333333,25.14497666666667,37.08877833333333,25.148225,46.90243334828732,0.2995946811976534,1.9461111111111111,30.646506986027948,33.5,501,501
628693508,1370,2024-07-16 07:40:08,2024-07-16 09:49:13,37.139105,25.149735,37.106366666666666,25.37227,29.925115883432042,19.73019729771374,2.151388888888889,29.770238095238096,33.6,259,252
628693508,1371,2024-07-17 05:27:19,2024-07-17 07:19:50,37.122483333333335,25.14920333333333,37.36489,25.28801,45.991307400518096,12.295957954888646,1.8752777777777778,31.15897435897436,34.300000000000004,215,195
628693508,1372,2024-07-17 13:34:02,2024-07-17 15:07:23,37.151563333333335,25.157296666666667,37.24138833333333,25.211295,37.0557627557872,4.786033747865365,1.5558333333333334,32.348275862068974,34.1,234,232
628693508,1373,2024-07-18 07:42:59,2024-07-18 08:50:03,37.16502166666667,25.16159,37.38481,25.31086,24.0337363877749,13.21457035765216,1.1177777777777778,31.160586319218243,33.5,309,307
628693508,1374,2024-07-19 07:55:37,2024-07-19 09:02:04,37.14868833333333,25.15833333333333,37.410313333333335,25.296026666666663,31.787727825458397,12.193179051076317,1.1075,30.534615384615382,33.0,156,156
628693508,1377,2024-07-20 13:59:57,2024-07-20 15:10:39,37.22377333333333,25.18927,37.36644833333333,25.275571666666668,54.25390537866967,7.639114554717491,1.1783333333333332,30.796907216494844,33.0,100,97
628693508,1378,2024-07-21 07:37:06,2024-07-21 08:46:01,37.16806833333333,25.164618333333333,37.35971833333333,25.313936666666667,29.076448282478182,13.219138024839642,1.148611111111111,32.25186246418338,34.0,353,349
628693508,1380,2024-07-22 05:25:32,2024-07-22 07:48:51,37.11257666666667,25.13527833333333,37.162218333333335,25.31195333333333,38.38852554543993,15.661379980206709,2.388611111111111,30.03287671232877,35.2,849,803
628693508,1381,2024-07-22 12:11:43,2024-07-22 15:54:31,36.92095166666667,25.424716666666665,37.07987833333333,25.053795,93.98243928026197,32.940601874955334,3.7133333333333334,30.876359832635984,34.800000000000004,2495,2390
628693508,1384,2024-07-24 14:27:46,2024-07-24 15:30:28,37.19435333333333,25.16636,37.401095,25.28907166666667,30.955223745316633,10.861880604218307,1.045,30.662318840579708,32.5,208,207
628693508,1387,2024-07-26 14:19:52,2024-07-26 15:35:46,37.1727,25.167515,37.25895166666667,25.217166666666667,34.6234233810371,4.399913441233356,1.265,31.62415730337079,34.7,181,178
628693508,1388,2024-07-27 07:28:16,2024-07-27 08:30:46,37.15468166666667,25.157836666666668,37.44677166666666,25.295331666666662,23.138267788419455,12.17481521248494,1.0416666666666667,31.212820512820514,32.6,355,351
628693508,1392,2024-07-30 05:27:39,2024-07-30 07:24:52,37.12942,25.16157833333333,37.361178333333335,25.30899833333333,45.25177431422049,13.056868037103138,1.9536111111111112,28.671200000000006,32.7,125,125
628693508,1393,2024-07-30 14:02:47,2024-07-30 15:11:44,37.15454833333333,25.162,37.42705166666666,25.29825,31.79019728901964,12.064684598481508,1.1491666666666667,29.828104575163405,32.0,156,153
628693508,1394,2024-07-31 07:38:16,2024-07-31 08:39:08,37.16512,25.17523333333333,37.44515333333333,25.30291666666667,28.150246362205717,11.30616846521006,1.0144444444444445,29.474814814814817,31.8,135,135
628693508,1397,2024-08-02 07:35:58,2024-08-02 08:43:42,37.15956,25.167756666666666,37.41142166666667,25.299196666666667,28.511676408374733,11.638677415966141,1.1288888888888888,28.30745341614907,30.8,164,161
628693508,1400,2024-08-05 13:31:00,2024-08-05 14:13:52,37.31984333333333,24.85698,37.170541666666665,25.279141666666668,44.66870654025861,37.369539823983104,0.7144444444444444,31.269379844961243,32.1,258,258
628693508,1401,2024-08-06 07:17:22,2024-08-06 08:22:29,37.136008333333336,25.149643333333337,37.38558333333334,25.309771666666663,28.626281331053466,14.179369690835493,1.0852777777777778,33.09322033898305,34.6,125,118
628693508,1403,2024-08-07 06:31:15,2024-08-07 07:25:42,37.35518,25.30809333333333,37.360265,25.291171666666667,21.045599036097762,1.4956487446613396,0.9075,29.925,34.6,101,100
628693508,1404,2024-08-07 13:09:08,2024-08-07 15:39:28,37.129865,25.158196666666665,37.08779,25.149273333333333,44.57783821394632,0.795495888140287,2.5055555555555555,32.85265700483092,35.2,210,207
628693508,1406,2024-08-13 06:49:07,2024-08-13 07:26:29,37.34911666666667,25.327006666666662,37.42307666666667,25.297991666666668,14.896319037125405,2.56752624875251,0.6227777777777778,25.065625,29.8,130,128
628693508,1407,2024-08-13 14:04:33,2024-08-13 16:36:30,37.15592166666666,25.305301666666665,37.2617,25.214921666666665,41.4163757314242,8.006656346971623,2.5325,25.773708920187794,27.9,428,426
628693508,1409,2024-08-15 05:29:25,2024-08-15 07:18:01,37.12716833333333,25.160806666666662,37.411008333333335,25.299208333333333,34.71443730952752,12.259340708234843,1.81,29.193103448275867,34.800000000000004,118,116
628693508,1410,2024-08-15 13:39:09,2024-08-15 15:12:07,37.11318666666666,25.134916666666665,37.24033166666667,25.209556666666668,45.244086535697306,6.617501533201186,1.5494444444444444,30.625,35.4,256,256
628693508,1411,2024-08-16 07:53:06,2024-08-16 09:56:59,37.13084666666666,25.153315,37.10601166666667,25.372416666666663,35.21311499183575,19.426859083253902,2.064722222222222,29.418867924528307,32.5,217,212
628693508,1412,2024-08-17 05:50:45,2024-08-17 07:24:12,37.107996666666665,25.35406,37.43521,25.284326666666665,20.725962304921065,6.202975008089229,1.5575,29.979411764705883,33.1,173,170
628693508,1413,2024-08-17 10:48:39,2024-08-17 15:46:10,36.795966666666665,25.63656333333333,37.258625,25.211845,141.54645395473494,37.71341130853991,4.958611111111111,29.126478873239435,33.800000000000004,355,355
628693508,1418,2024-08-19 12:23:05,2024-08-19 15:49:48,37.089508333333335,25.333411666666667,37.08847,25.14851833333333,55.91689690741325,16.400068506598902,3.4452777777777777,31.579483037156706,35.6,735,619
628693508,1419,2024-08-20 06:53:05,2024-08-20 09:12:34,37.087885,25.148793333333337,37.10616,25.37203333333333,29.95545337167559,19.79935474786201,2.3247222222222224,32.63900118906064,34.7,924,841
628693508,1426,2024-08-23 13:29:33,2024-08-23 14:55:24,37.16501,25.160515,37.235796666666666,25.21477,39.08575644929532,4.8073061086350375,1.4308333333333334,30.91936507936508,34.6,318,315
629870457,1428,2024-07-01 08:21:01,2024-07-01 13:33:47,37.49585,24.9555,37.48113333333333,24.961033333333333,74.53879873317939,0.48904325745345534,5.212777777777778,16.270111448834854,22.700000000000003,1438,987
629870457,1429,2024-07-02 08:17:03,2024-07-02 13:22:54,37.4991,24.95635,37.4803,24.96043333333333,74.86126612301592,0.3621113323384573,5.0975,15.596764091858038,22.3,1528,958
629870457,1430,2024-07-03 08:18:25,2024-07-03 13:30:46,37.49405,24.956416666666662,37.4817,24.96003333333333,74.66556556128957,0.32000164769584066,5.2058333333333335,16.37894168466523,22.3,1401,926
629870457,1431,2024-07-04 08:17:26,2024-07-04 13:19:59,37.50396666666666,24.954116666666668,37.47945,24.9613,75.4386521836884,0.6355450284808881,5.0425,16.353861386138615,22.6,1543,1010
629870457,1432,2024-07-05 08:19:32,2024-07-05 13:26:26,37.49658333333333,24.95533333333333,37.48753333333333,24.959066666666665,75.2364286894878,0.32984593017918734,5.115,16.571868365180467,22.5,1398,942
629870457,1433,2024-07-06 08:16:59,2024-07-06 09:16:35,37.497,24.955466666666663,37.46993333333333,25.03775,11.905349567969768,7.260574238734533,0.9933333333333333,16.40237388724036,22.5,449,337
629870457,1434,2024-07-09 09:24:08,2024-07-09 13:32:13,37.45646666666666,25.005416666666665,37.49593333333333,24.95456666666667,69.12660058984011,4.487910249806454,4.134722222222222,16.063453815261045,22.8,950,747
629870457,1435,2024-07-10 08:24:52,2024-07-10 13:29:29,37.49573333333333,24.955566666666662,37.49183333333333,24.956716666666665,74.8231666438378,0.10173976813598586,5.076944444444444,16.12322097378277,22.700000000000003,1496,1068
629870457,1436,2024-07-11 08:25:09,2024-07-11 13:23:20,37.50118333333333,24.95225,37.483383333333336,24.960466666666665,75.29917389786205,0.7257460888444919,4.969722222222222,15.981851851851854,22.9,1508,1080
629870457,1437,2024-07-12 08:21:36,2024-07-12 13:44:16,37.49345,24.958466666666663,37.490833333333335,24.956566666666667,74.46607504906731,0.16770658703883548,5.377777777777778,16.354225352112678,22.6,1537,994
629870457,1438,2024-07-13 08:18:47,2024-07-13 13:26:20,37.49788333333333,24.9537,37.490966666666665,24.9575,75.25974509451862,0.33551774392541633,5.1258333333333335,16.305948717948716,22.5,1375,975
629870457,1439,2024-07-14 08:18:32,2024-07-14 13:16:02,37.49671666666666,24.9554,37.49733333333333,24.9533,74.02621426864776,0.18526666582788823,4.958333333333333,16.60550193050193,22.4,1348,1036
629870457,1440,2024-07-15 08:21:32,2024-07-15 13:40:55,37.49845,24.951316666666667,37.4942,24.954416666666667,74.55301330482948,0.2736100927848604,5.323055555555555,16.388586387434554,22.4,1375,955
629870457,1441,2024-07-16 08:23:29,2024-07-16 13:29:16,37.4953,24.95533333333333,37.48216666666666,24.961916666666667,73.98524230536367,0.5814075995168286,5.096388888888889,15.745550239234449,22.4,1492,1045
629870457,1442,2024-07-17 08:21:41,2024-07-17 12:36:42,37.50365,24.9516,37.437866666666665,24.9419,72.97610266906052,0.8655059394347779,4.250277777777778,16.50502512562814,22.3,1162,796
630842022,1448,2024-07-02 14:50:07,2024-07-03 02:17:38,37.08937,25.336705,37.10469833333333,25.374796666666665,12.48072366368762,3.3785097006602585,11.45861111111111,1.8413333333333337,8.6,1791,150
630842022,1450,2024-07-04 08:39:20,2024-07-04 10:51:29,37.01881333333333,25.358431666666668,37.038988333333336,25.29799,9.495359228137623,5.365576639280061,2.2025,4.0921875000000005,8.1,102,64
630842022,1474,2024-07-21 20:27:05,2024-07-22 07:54:35,37.10429166666667,25.374718333333337,37.052915,25.285731666666667,11.172892718813465,7.894842515023857,11.458333333333334,1.967065868263473,7.4,2005,167
630842022,1475,2024-07-22 09:34:55,2024-07-23 06:02:11,37.059445,25.27997,37.10476166666667,25.374896666666668,19.515030387107444,8.421234725258916,20.454444444444444,3.2271939328277366,15.5,4789,923
630842022,1491,2024-08-04 00:00:22,2024-08-04 09:31:58,37.104733333333336,25.37483333333333,37.02876666666667,25.362051666666662,9.977727399671474,1.1436111206160946,9.526666666666667,3.73384030418251,33.4,1456,263
630842022,1513,2024-08-19 14:37:52,2024-08-20 10:56:13,37.12466666666667,25.28511,37.056665,25.281728333333337,24.18148008521117,0.3276968760545202,20.305833333333332,3.536144578313253,10.4,2279,498
630842022,1514,2024-08-20 13:47:12,2024-08-20 18:47:24,37.10489,25.374818333333337,37.104733333333336,25.37489,9.648164245073335,0.006362787053136992,5.003333333333333,1.6783783783783783,6.800000000000001,403,74
653464635,1527,2024-07-02 23:50:34,2024-07-03 00:52:04,36.31301666666667,24.947755,36.34432,25.10574833333333,14.728303332106435,14.15351633905855,1.025,7.727536231884058,8.0,138,138
653464635,1528,2024-07-09 06:33:59,2024-07-09 07:39:24,37.54022333333333,25.28903333333333,37.48115666666666,25.29073,19.930007959817438,0.18851126632071638,1.0902777777777777,8.559507042253522,17.0,347,284
653464635,1530,2024-07-15 00:02:49,2024-07-15 13:05:11,37.26081666666666,24.79687,37.541111666666666,25.285823333333333,136.61617530699334,43.19424847405368,13.039444444444445,10.738800489596084,19.0,1452,817
653464635,1534,2024-07-27 00:56:16,2024-07-27 19:36:58,37.13232666666666,24.94142,37.33423333333333,24.853715,276.94089188153157,7.7744749608588775,18.678333333333335,16.27211611917494,20.5,1528,1309
653464635,1536,2024-08-03 09:05:06,2024-08-03 11:12:15,37.540688333333335,25.285658333333338,37.454165,25.322866666666663,42.981022607368246,3.286806292857179,2.1191666666666666,12.191304347826087,16.1,270,138
653464635,1539,2024-08-15 21:33:12,2024-08-15 22:59:37,37.24528,26.650011666666668,36.76662,26.760511666666662,97.18198217378085,9.855838861999887,1.4402777777777778,20.148245614035083,20.6,114,114
653464635,1540,2024-08-17 00:41:34,2024-08-17 02:40:18,36.373415,26.13720333333333,36.504488333333335,25.558353333333333,107.43716036509042,51.78165297202985,1.978888888888889,14.729588014981275,16.0,267,267
653464635,1542,2024-08-24 01:15:50,2024-08-24 14:02:01,37.134906666666666,24.94112,37.46576,25.31961,76.864934220319,33.484196113387426,12.769722222222223,12.57945205479452,14.0,700,584
653464635,1544,2024-08-24 18:31:05,2024-08-24 19:54:44,37.46577333333333,25.319601666666667,37.33464666666666,24.853895,41.136689296426,41.13872777086503,1.3941666666666668,18.70901771336554,20.5,624,621
653464635,1546,2024-08-28 02:34:05,2024-08-28 12:14:14,37.518685,25.329561666666667,37.54277666666667,25.289183333333337,39.033922617125405,3.560890346222658,9.669166666666667,12.525846153846155,19.0,3247,325
653464635,1547,2024-09-06 02:07:19,2024-09-06 18:53:57,37.57420333333334,25.421548333333337,37.22725166666667,25.82004,76.73072108522696,35.2065276749086,16.77722222222222,14.075750000000001,18.4,4993,800
653464635,1548,2024-09-15 02:25:28,2024-09-15 16:54:02,37.53711333333333,25.351845,37.51061166666667,25.312445,55.285730084184365,3.4750139357189527,14.476111111111111,9.69625,15.6,4136,400
653464635,1550,2024-09-24 06:38:05,2024-09-24 12:38:13,37.53839166666667,25.286011666666667,37.46518,25.316358333333337,39.85327626392478,2.6807908188754217,6.002222222222223,9.947727272727272,17.2,1873,220
675656627,1552,2024-07-01 19:11:33,2024-07-02 06:49:44,37.49245333333333,24.95938333333333,37.10892,24.92017333333333,41.593949175094814,3.547138720785877,11.636388888888888,13.288645690834473,15.0,897,731
675656627,1553,2024-07-02 16:16:16,2024-07-03 05:03:38,37.12679333333333,24.81344333333333,37.2866,24.813976666666665,75.97348113221088,0.3137157048024958,12.789444444444445,13.521029281277729,15.2,1314,1127
675656627,1554,2024-07-03 14:41:09,2024-07-03 17:17:34,37.284236666666665,24.814521666666668,37.55594333333333,25.08777333333333,43.29177907313017,24.1368242068368,2.6069444444444443,13.040985915492959,14.9,853,710
675656627,1555,2024-07-04 06:07:27,2024-07-04 08:03:05,37.53597333333333,25.151823333333333,37.493116666666666,24.95461833333333,27.687290271802564,17.3936115722356,1.9272222222222222,11.145041322314052,15.0,420,242
675656627,1556,2024-07-05 09:42:39,2024-07-05 13:31:58,37.49297666666666,24.95468,37.16052,25.306326666666667,39.126321765736805,31.099470772799197,3.8219444444444446,12.779612903225807,15.3,938,775
675656627,1557,2024-07-08 19:02:34,2024-07-09 06:49:03,37.48865666666666,24.959945,37.12056333333334,24.943355,69.87531639257003,1.6319822589014283,11.774722222222222,12.835124508519005,14.9,944,763
675656627,1559,2024-07-09 19:05:24,2024-07-10 11:20:46,37.19291666666667,25.07996,37.31256,24.834721666666667,40.65895163855812,21.706812633111348,16.25611111111111,10.695201827875097,15.7,1971,1313
675656627,1560,2024-07-10 21:15:51,2024-07-10 23:39:59,37.32226,24.84275333333333,37.55909333333334,25.086636666666667,41.61082169721486,21.53653109651665,2.402222222222222,12.386743886743886,14.7,867,777
675656627,1561,2024-07-11 05:57:16,2024-07-11 08:20:25,37.547473333333336,25.102453333333333,37.35883333333334,24.883963333333337,37.142346962410514,19.29001784116674,2.3858333333333333,12.723769507803121,15.3,1040,833
675656627,1562,2024-07-12 09:41:52,2024-07-12 11:31:02,37.486756666666665,24.95822833333333,37.25853,25.049006666666667,18.389073903798014,8.034012353373466,1.8194444444444444,12.889847009735746,15.2,953,719
675656627,1563,2024-07-12 12:42:21,2024-07-12 13:34:09,37.08936,25.14858333333333,37.161323333333335,25.304793333333333,22.918829374152462,13.849903795730466,0.8633333333333333,13.87828947368421,14.8,152,152
675656627,1565,2024-07-13 11:36:03,2024-07-14 06:54:43,37.13533666666667,25.339095,37.12239666666667,24.91497,80.6065769576374,37.600134894080966,19.31111111111111,13.911126760563382,15.5,1671,1420
675656627,1566,2024-07-14 16:22:20,2024-07-15 04:43:59,37.14476,24.748408333333337,37.35890666666667,24.88324,80.54275553116145,11.941047649870606,12.360833333333334,13.122723004694837,14.9,1260,1065
675656627,1567,2024-07-15 19:02:08,2024-07-16 07:02:25,37.496516666666665,24.95511,37.12519,24.91147833333333,49.803881728133604,3.9254608470479795,12.004722222222222,12.706599713055954,15.2,884,697
675656627,1569,2024-07-16 19:01:03,2024-07-17 04:55:51,37.18415666666667,25.086348333333333,37.31191666666667,24.836421666666663,36.01943131418864,22.123292984070613,9.913333333333334,13.392799188640975,15.3,1144,986
675656627,1570,2024-07-17 14:51:23,2024-07-17 17:25:17,37.306466666666665,24.831278333333337,37.55529,25.09797,41.28737029663698,23.5533196440254,2.565,12.54,14.9,929,785
675656627,1571,2024-07-18 06:05:45,2024-07-18 08:17:04,37.536566666666666,25.15645,37.358536666666666,24.883703333333333,36.22708502192384,24.08017104522108,2.1886111111111113,13.238669950738915,15.3,996,812
675656627,1572,2024-07-19 09:43:30,2024-07-19 11:28:26,37.492756666666665,24.954581666666662,37.267426666666665,25.035958333333333,17.172562130497894,7.203570434653471,1.748888888888889,12.539024390243902,15.3,838,615
675656627,1573,2024-07-19 12:58:56,2024-07-19 13:53:44,37.12561333333333,25.148221666666668,37.10561,25.37155,29.742698208209312,19.802334625522597,0.9133333333333333,13.878070175438596,14.7,114,114
675656627,1576,2024-07-20 13:46:59,2024-07-21 06:54:22,37.192276666666665,25.07727833333333,37.107933333333335,24.939391666666666,56.129150642737756,12.221791678490801,17.123055555555556,13.128712871287128,15.0,1297,1010
680520589,1578,2024-07-01 05:30:54,2024-07-01 08:17:39,37.01916666666666,25.2895,37.17583333333334,24.97683333333333,47.35673883839618,27.73208679916671,2.779166666666667,23.651410373066422,25.700000000000003,1244,1099
680520589,1579,2024-07-01 17:49:39,2024-07-01 21:07:29,37.268166666666666,24.822666666666667,36.98016666666667,25.280833333333337,73.17103317193839,40.624196839717804,3.297222222222222,23.21905487804878,25.200000000000003,711,656
680520589,1580,2024-07-02 06:00:42,2024-07-02 08:52:24,36.99816666666667,25.2845,37.28033333333333,24.804166666666667,63.476417705980744,42.58065228017055,2.861666666666667,24.465757575757575,25.5,1357,1320
680520589,1581,2024-07-02 18:04:08,2024-07-02 22:42:47,37.49916666666667,24.953,36.98,25.28183333333333,67.24841940840196,29.12646300971403,4.644166666666667,22.91856880733945,25.4,3235,2725
680520589,1582,2024-07-03 06:05:21,2024-07-03 09:03:32,37.0215,25.288833333333333,37.277,24.808,59.64829908633275,42.61873777028931,2.9697222222222224,25.079261025029798,25.700000000000003,840,839
680520589,1583,2024-07-03 18:14:04,2024-07-03 21:20:23,37.212,24.92083333333333,37.022666666666666,25.287666666666667,61.3514090417728,32.52799324763499,3.105277777777778,23.516990291262136,25.1,719,618
680520589,1584,2024-07-04 06:08:48,2024-07-04 09:13:03,37.01766666666666,25.291666666666668,37.281,24.80483333333333,62.742973572238846,43.15059532417097,3.0708333333333333,23.814000000000004,25.6,1539,1450
680520589,1585,2024-07-04 18:24:30,2024-07-04 22:54:06,37.502,24.949166666666667,36.98133333333333,25.28,61.92421942070753,29.30269028047794,4.493333333333333,23.288278840222087,25.3,1783,1621
680520589,1586,2024-07-05 06:49:08,2024-07-05 09:00:19,37.12866666666667,25.34583333333333,37.27766666666667,24.809666666666665,53.35838491908448,47.48708922293997,2.1863888888888887,25.119354838709675,25.5,1023,1023
680520589,1587,2024-07-05 17:51:33,2024-07-05 21:00:07,37.26983333333333,24.82433333333333,37.02016666666667,25.289666666666665,59.97152265876784,41.24727498527884,3.142777777777778,23.146759259259262,25.9,761,648
680520589,1588,2024-07-06 05:58:21,2024-07-06 08:54:20,36.9785,25.281666666666663,37.28333333333333,24.80516666666667,64.09947350216778,42.24610292689239,2.9330555555555557,24.68542080848244,26.0,1584,1509
680520589,1590,2024-07-08 19:26:43,2024-07-08 21:00:36,37.1335,25.1525,37.0225,25.289,36.02321858891609,12.11123518550136,1.5647222222222221,24.897969543147212,25.6,197,197
680520589,1591,2024-07-09 06:07:13,2024-07-09 07:25:22,37.04216666666667,25.2945,37.10633333333333,25.123166666666663,24.72645935145859,15.200755918367369,1.3025,25.02299465240642,25.700000000000003,561,561
680520589,1592,2024-07-09 18:06:04,2024-07-09 22:15:04,37.5025,24.948,36.97866666666667,25.282333333333337,69.16925244894095,29.612956135115773,4.15,23.161150234741786,25.700000000000003,1832,1704
680520589,1593,2024-07-10 06:18:20,2024-07-10 09:14:06,37.10766666666667,25.342,37.196666666666665,24.7425,68.4919058961707,53.13156231977323,2.9294444444444445,24.775143184421538,25.5,894,873
680520589,1594,2024-07-10 18:32:16,2024-07-10 22:06:22,37.26883333333333,24.82283333333333,36.98133333333333,25.283666666666665,67.8035595532179,40.86008937436534,3.5683333333333334,22.7339527027027,25.1,727,592
680520589,1595,2024-07-11 05:56:48,2024-07-11 08:26:40,36.98033333333333,25.281166666666667,37.158,25.007,45.40871002424849,24.327379561757624,2.497777777777778,24.65135135135135,25.700000000000003,895,851
693780742,1596,2024-07-13 00:50:14,2024-08-03 11:07:46,37.14423333333333,24.690266666666663,37.43708333333333,24.940583333333333,143.4862152085481,22.151085142763698,514.2922222222222,5.468308351177731,7.0,10881,1401
706899810,1600,2024-07-02 15:01:33,2024-07-03 06:21:10,37.48394666666667,24.954265,37.42839833333333,25.21478,27.25579352451251,22.99554061061882,15.326944444444445,15.777777777777779,23.3,5308,774
706899810,1604,2024-07-04 03:52:29,2024-07-04 08:33:28,37.45034,25.327765,37.14268833333333,25.229806666666665,10.179720559401328,8.685568695196766,4.683055555555556,16.533644859813084,21.0,371,214
706899810,1605,2024-07-21 15:51:20,2024-07-22 15:24:36,37.473115,24.95508333333333,37.40803833333333,25.35659833333333,63.68804192897119,35.44875345390643,23.554444444444446,15.712398921832888,21.9,5525,742
706899810,1607,2024-07-23 02:34:56,2024-07-23 04:30:18,37.40757666666666,25.35684833333333,37.321801666666666,24.84437,45.3126124619201,45.29126198998695,1.9227777777777777,20.59264705882353,21.1,284,272
706899810,1611,2024-09-26 13:35:26,2024-09-26 14:37:29,37.502055,25.015118333333337,37.45083666666667,25.32683,40.33330448946538,27.50706104893042,1.0341666666666667,17.655785123966947,19.5,244,242
706899810,1613,2024-09-27 05:00:00,2024-09-27 05:42:25,37.450813333333336,25.326801666666668,37.40549333333333,25.335835,6.712628470937235,0.8024928125805986,0.7069444444444445,13.86060606060606,15.4,145,132
706899810,1614,2024-09-27 12:57:37,2024-09-28 05:49:57,37.39980833333333,25.30296,37.4092,25.338625,13.44966104755227,3.1503266593657844,16.872222222222224,12.193636363636365,16.0,853,220
706899810,1615,2024-09-28 13:08:50,2024-09-29 05:04:37,37.39931166666667,25.31098,37.48610333333333,24.954091666666667,38.24582673888874,31.508128580219683,15.929722222222223,13.939579684763574,20.8,5231,571
708743043,1616,2024-07-01 07:31:06,2024-07-01 10:15:16,37.25821666666667,24.83735,37.19729666666667,25.489868333333337,65.4329159598548,57.77234030458109,2.736111111111111,19.419354838709676,22.8,264,248
708743043,1618,2024-07-01 19:10:00,2024-07-01 21:48:04,37.16354666666667,25.41421666666667,37.28766666666667,24.808601666666668,92.37104854012006,53.62157110496503,2.6344444444444446,21.980162601626017,23.1,654,615
708743043,1619,2024-07-02 08:02:31,2024-07-02 11:33:00,37.11846666666667,25.05551833333333,36.87278666666667,25.494735,78.9410678411362,39.009274344399564,3.5080555555555555,18.845454545454547,22.4,216,198
708743043,1620,2024-07-02 18:10:53,2024-07-02 22:01:05,36.87288,25.477315,37.29805666666667,24.79025,80.38613125956792,60.95041035491877,3.8366666666666664,18.688089330024816,23.0,1440,1209
708743043,1622,2024-07-03 19:08:18,2024-07-03 21:49:21,37.161813333333335,25.4113,37.29796666666667,24.78905,64.11980837120805,55.091378326242584,2.6841666666666666,20.73063725490196,22.6,473,408
708743043,1623,2024-07-04 07:30:13,2024-07-04 10:26:33,37.24628,24.86215,36.959966666666666,25.367,67.35472312016662,44.77510613647564,2.938888888888889,18.8335604770017,22.6,712,587
708743043,1625,2024-07-04 18:37:15,2024-07-04 22:14:40,37.00065666666666,25.33106666666667,37.29319,24.7849,85.5624183924578,48.41103579415967,3.623611111111111,21.114878048780483,22.8,450,410
708743043,1627,2024-07-05 19:05:35,2024-07-05 21:45:46,37.1998,25.477018333333337,37.289946666666665,24.80535,73.6630089858347,59.45444239680173,2.669722222222222,21.86192893401015,23.0,613,591
708743043,1628,2024-07-06 07:34:19,2024-07-06 09:16:19,37.24881333333333,24.86335,37.170186666666666,25.283,46.799343613711955,37.164027305100795,1.7,20.18214285714286,21.9,175,168
708743043,1630,2024-07-08 19:30:06,2024-07-08 22:00:58,37.143013333333336,25.38821666666667,37.28913333333333,24.809631666666668,93.45528760518987,51.235048593334255,2.5144444444444445,21.672891566265058,22.5,332,332
708743043,1632,2024-07-09 18:39:44,2024-07-09 21:44:53,37.014336666666665,25.31843333333333,37.28741333333333,24.807901666666663,84.72402755848903,45.250091267056014,3.0858333333333334,21.90541237113402,22.8,389,388
708743043,1634,2024-07-10 18:53:42,2024-07-10 21:52:04,37.20332,25.55446833333333,37.29678666666667,24.789665,86.67371625447097,67.69377718393595,2.972777777777778,21.396277495769883,22.700000000000003,653,591
708743043,1635,2024-07-11 07:24:20,2024-07-11 10:26:30,37.19693333333333,24.746265,37.044383333333336,25.30249833333333,69.74719101107603,49.318119283932745,3.036111111111111,18.299242424242426,22.6,140,132
708743043,1637,2024-07-11 18:45:23,2024-07-11 21:42:14,37.02696666666667,25.30803166666667,37.28563333333334,24.81165,88.34717166944858,43.992643956154154,2.9475,21.50318091451292,22.700000000000003,537,503
708743043,1639,2024-07-12 18:52:42,2024-07-12 21:49:02,37.20773666666667,25.526566666666668,37.29456666666667,24.785701666666668,84.61828364310719,65.57400384051748,2.938888888888889,21.54387755102041,22.5,622,588
708743043,1640,2024-07-13 07:19:57,2024-07-13 09:49:36,37.18626666666667,24.76901833333333,37.13843333333333,25.397798333333338,63.49254279999979,55.718831710012296,2.4941666666666666,17.37558139534884,22.4,180,172
708743043,1641,2024-07-13 19:01:46,2024-07-13 21:46:10,37.194786666666666,25.488265,37.29703333333333,24.7877,73.12251606332465,62.01148069577742,2.74,22.0733918128655,22.6,342,342
708743043,1642,2024-07-14 07:20:11,2024-07-14 09:59:00,37.277233333333335,24.810718333333337,37.068533333333335,25.308451666666667,62.59258264002841,44.10180984287624,2.6469444444444443,19.136991869918702,22.6,272,246
708743043,1644,2024-07-14 18:43:10,2024-07-14 21:51:46,36.9736,25.35398333333333,37.29705333333333,24.788065,89.13698002166254,50.16988657816774,3.1433333333333335,19.72706896551724,22.700000000000003,688,580
708743043,1647,2024-07-15 19:14:57,2024-07-15 21:57:38,37.17654666666667,25.440083333333337,37.28978666666666,24.81086833333333,94.2510536048139,55.70541860433769,2.711388888888889,21.149590163934427,22.4,519,488
708743043,1648,2024-07-16 07:31:56,2024-07-16 10:17:14,37.176786666666665,24.834216666666663,37.04306666666667,25.302368333333337,61.2944139437369,41.51438474617257,2.755,18.713389121338913,22.700000000000003,279,239
708743043,1650,2024-07-16 18:41:03,2024-07-16 21:46:17,36.989066666666666,25.341181666666667,37.289233333333335,24.807918333333333,79.18608495824157,47.2724989638019,3.087222222222222,21.8084705882353,22.4,431,425
708743043,1653,2024-07-17 19:08:43,2024-07-17 22:05:29,37.2143,25.51096666666667,37.3113,24.765966666666667,93.64976133355634,65.92983886155929,2.946111111111111,21.548920863309355,22.9,576,556
708743043,1654,2024-07-18 07:21:03,2024-07-18 10:01:45,37.19005666666666,24.773035,37.05094666666667,25.301465,65.19713973801383,46.85300029550789,2.6783333333333332,15.883200000000002,22.5,156,125
708743043,1657,2024-07-18 18:38:59,2024-07-18 21:58:04,36.98058666666667,25.34845,37.2969,24.78855,80.59682816746316,49.63403287276702,3.3180555555555555,21.151522248243563,22.4,429,427
708743043,1662,2024-07-19 19:09:49,2024-07-19 21:45:24,37.15821666666667,25.412231666666667,37.28301333333334,24.8054,88.39541136592963,53.7328545189695,2.5930555555555554,21.47359050445104,22.6,349,337
708743043,1664,2024-07-20 20:57:40,2024-07-20 23:23:42,37.155,25.417366666666663,37.28761333333333,24.80348333333333,73.59868070679005,54.35680522912645,2.4338888888888888,22.054455445544555,22.9,416,404
708743043,1666,2024-07-21 17:22:09,2024-07-21 21:51:46,36.882196666666665,25.495731666666668,37.30533333333333,24.776835,104.06748236407809,63.76669406511269,4.493611111111111,19.770385395537524,22.9,568,493
708743043,1667,2024-07-22 07:43:40,2024-07-22 10:09:07,37.14692,24.92524833333333,37.21025333333333,25.527998333333333,72.26336010453647,53.40079854774161,2.424166666666667,17.789639639639642,22.5,778,666
708743043,1668,2024-07-22 18:06:26,2024-07-22 22:09:22,37.09808,25.794616666666663,37.30388333333333,24.78094833333333,120.09232802752874,89.77975586506288,4.0488888888888885,19.69118432769368,22.9,1337,1123
708743043,1672,2024-07-23 19:53:48,2024-07-23 21:43:50,37.1706,25.281848333333333,37.28149666666667,24.808866666666667,70.30379535354747,41.878044858914215,1.833888888888889,21.246276595744682,22.5,188,188
708743043,1674,2024-07-24 19:42:17,2024-07-24 22:17:36,37.16485333333333,25.419283333333333,37.29946666666667,24.790385,64.34969949698115,55.67828899072829,2.588611111111111,21.03752039151713,22.700000000000003,653,613
708743043,1677,2024-07-25 19:12:51,2024-07-25 21:54:18,37.10534666666667,25.37054833333333,37.28568,24.810998333333337,54.37805975389617,49.56340403620621,2.6908333333333334,20.413253012048195,22.6,253,249
708743043,1679,2024-07-26 19:19:17,2024-07-26 21:44:56,37.14085333333333,25.388798333333337,37.284146666666665,24.812618333333333,53.59805868236853,51.024476324713724,2.4275,21.706959706959708,22.200000000000003,287,273
708743043,1680,2024-07-27 07:33:44,2024-07-27 10:28:19,37.18378333333333,24.768131666666665,37.20814666666666,25.524051666666665,77.2861036688027,66.95531482682826,2.9097222222222223,17.28106060606061,22.200000000000003,151,132
708743043,1682,2024-07-27 19:14:36,2024-07-27 21:50:48,37.19367,25.488615,37.286253333333335,24.810481666666668,97.75681189471143,60.030625411402525,2.6033333333333335,20.327040816326534,22.1,620,588
708743043,1685,2024-07-28 19:02:33,2024-07-28 22:00:49,36.997346666666665,25.333951666666668,37.28083333333333,24.804451666666665,73.45423894978356,46.938614328678604,2.971111111111111,21.87459016393443,22.5,244,244
708743043,1688,2024-07-29 19:13:13,2024-07-29 22:03:13,37.21365,25.50426833333333,37.28919,24.804451666666665,92.50985945300118,61.9405857151475,2.8333333333333335,21.02234273318872,22.4,478,461
708743043,1689,2024-07-30 07:50:09,2024-07-30 10:00:57,37.14893333333333,24.95125,37.099853333333336,25.324881666666663,58.31776224744845,33.12581692749177,2.18,19.23181818181819,22.0,117,110
708743043,1691,2024-07-30 20:02:56,2024-07-30 21:51:15,37.17796666666667,25.253966666666667,37.295613333333336,24.82133333333333,71.76265028635842,38.30030312669409,1.8052777777777778,21.80320512820513,22.3,156,156
708743043,1693,2024-07-31 20:20:21,2024-07-31 22:46:59,37.136676666666666,25.393535,37.284,24.81353333333333,53.8975396851696,51.364409443517104,2.443888888888889,22.04972067039106,22.4,179,179
708743043,1696,2024-08-01 18:45:48,2024-08-01 21:46:05,36.97018666666666,25.356701666666662,37.28313333333333,24.80953333333333,73.4641831309597,48.513242643028924,3.004722222222222,22.14177897574124,22.8,390,371
708743043,1698,2024-08-02 18:58:39,2024-08-02 20:09:02,37.20816666666666,25.529381666666666,37.157736666666665,25.206981666666668,44.275209861303146,28.561593177916723,1.1730555555555555,18.200925925925926,22.6,493,432
716124575,1699,2024-08-21 09:43:53,2024-08-23 10:54:36,37.47653,24.952441666666665,37.402006666666665,25.30314,39.68533905067649,30.962962963250153,49.17861111111111,4.746962391513983,8.1,14366,1037
716124575,1700,2024-08-24 07:08:48,2024-08-24 10:37:09,37.39807,25.318618333333333,37.112435,25.12956,18.107162153675255,16.7417432420358,3.4725,5.646854663774404,8.1,461,461
716124575,1701,2024-09-11 10:35:14,2024-09-12 06:02:45,37.24242666666667,25.055665,37.407435,24.971011666666666,16.5366012997178,7.4921604302012845,19.45861111111111,6.156586826347306,7.0,5173,334
723806186,1702,2024-07-01 13:12:23,2024-07-01 20:58:07,37.54241666666667,24.961016666666666,37.57345,25.553533333333338,57.38469509062608,52.229327702337635,7.762222222222222,15.028675577156744,19.5,891,823
723806186,1706,2024-07-02 19:01:26,2024-07-02 19:41:27,37.1887,26.6305,37.05138333333333,26.696283333333337,11.821048516642769,5.838679758436197,0.6669444444444445,13.203921568627448,13.5,102,102
723806186,1707,2024-07-05 13:16:31,2024-07-05 20:58:13,37.5258,24.95705,37.57098333333333,25.55453333333333,211.78220159271171,52.67390742172874,7.695,13.184916201117318,17.2,962,895
723806186,1708,2024-07-08 14:05:41,2024-07-08 20:32:58,37.46856666666667,25.24683333333333,37.5366,25.384966666666667,57.900940645563416,12.185979020317117,6.454722222222222,11.524382716049384,16.400000000000002,739,648
723806186,1709,2024-07-12 12:58:39,2024-07-12 21:01:27,37.5451,24.954433333333338,37.56073333333333,25.5146,92.87066115095158,49.381042249570754,8.046666666666667,15.607242693773824,19.700000000000003,922,787
723806186,1711,2024-07-15 13:12:53,2024-07-15 15:14:16,37.5277,24.9599,37.46563333333334,25.320066666666666,37.32562274625563,31.77439459401102,2.0230555555555556,15.909818181818185,19.0,573,550
723806186,1712,2024-07-15 19:53:17,2024-07-15 20:40:32,37.46545,25.31975,37.54441666666666,25.42933333333333,14.849842123925857,9.667670112230402,0.7875,13.818965517241379,16.2,233,232
723806186,1713,2024-07-15 22:09:26,2024-07-16 01:27:10,37.63123333333333,25.87043333333333,37.85628333333333,26.822433333333333,122.56699554789543,83.70805703215441,3.2955555555555556,14.47864214992928,15.1,707,707
723806186,1715,2024-07-19 13:04:31,2024-07-19 20:39:34,37.539683333333336,24.96105,37.55408333333333,25.476816666666668,251.89531617555807,45.470686846352294,7.5841666666666665,13.815527230590963,18.7,973,863
723806186,1719,2024-07-22 13:36:54,2024-07-23 02:13:06,37.525083333333335,24.958883333333333,37.8586,26.985466666666667,188.64144997682166,178.31500199367304,12.603333333333333,13.312531017369727,15.4,2499,2418
723806186,1720,2024-07-26 13:17:08,2024-07-26 20:40:32,37.53561666666667,24.96623333333333,37.54225,25.409816666666668,222.3597863139443,39.111084831824776,7.39,14.071773049645389,17.0,774,705
723806186,1721,2024-07-27 18:45:29,2024-07-27 19:35:35,37.2323,26.588816666666663,37.001916666666666,26.538266666666665,108.67005686125381,4.504360673325787,0.835,16.761458333333337,17.3,192,192
723806186,1724,2024-07-29 13:12:50,2024-07-30 01:40:55,37.53378333333333,24.9541,37.85803333333333,26.83341666666667,171.43637503352448,165.34885479591586,12.468055555555555,14.362458471760796,17.8,1277,1204
723806186,1726,2024-08-02 13:18:51,2024-08-02 21:13:34,37.532833333333336,24.956116666666667,37.58116666666667,25.60171666666667,72.72051589034808,56.90926238528593,7.911944444444444,12.635773480662982,18.1,825,724
723806186,1730,2024-08-05 13:42:18,2024-08-05 21:22:17,37.54026666666667,24.963216666666668,37.5562,25.486283333333333,62.06682708407388,46.113429436021164,7.666388888888889,11.202372881355934,16.3,636,590
723806186,1732,2024-08-12 17:00:52,2024-08-12 22:40:07,37.46565,25.320066666666666,37.63803333333333,25.8717,121.1764042467046,48.63055147679482,5.654166666666667,15.276380368098161,18.0,370,326
723806186,1734,2024-08-13 17:30:10,2024-08-13 20:59:49,37.32065,26.562116666666668,36.7798,26.844116666666668,25.08300753143985,25.04779297055028,3.4941666666666666,12.109045226130654,13.5,208,199
723806186,1736,2024-08-16 13:22:17,2024-08-17 02:25:48,37.53061666666667,24.966733333333337,37.869616666666666,27.060583333333337,202.20432336906936,184.21277598261008,13.05861111111111,14.059146735617324,17.6,1628,1547
723806186,1740,2024-08-19 13:35:11,2024-08-19 17:22:29,37.52506666666667,24.953683333333338,37.46576666666667,25.3198,42.21575044726061,32.29982527659666,3.7883333333333336,11.7285,15.2,667,600
723806186,1741,2024-08-19 18:43:29,2024-08-19 23:44:23,37.46575,25.3198,37.74068333333334,26.28575,89.35244774753599,85.0960598815937,5.015,13.905672268907564,15.2,968,952
723806186,1743,2024-08-23 13:19:09,2024-08-23 23:18:02,37.52675,24.957216666666667,37.71675,26.18091666666667,118.04699721287547,107.77435075524019,9.981388888888889,14.333733905579399,18.3,1267,1165
723806186,1744,2024-08-24 18:46:24,2024-08-24 20:24:12,37.25053333333334,26.59263333333333,36.83283333333333,26.37613333333333,55.600304815907506,19.23245483943375,1.63,17.200906344410875,17.5,331,331
723806186,1746,2024-08-26 13:19:54,2024-08-26 20:40:15,37.53905,24.964883333333333,37.541583333333335,25.419183333333333,146.12319032635082,40.05523486824565,7.339166666666666,14.462216288384514,18.0,813,749
723806186,1747,2024-09-02 13:12:27,2024-09-02 20:26:44,37.53,24.9599,37.52568333333333,25.361316666666667,98.82541083534626,35.3984865570961,7.2380555555555555,13.464033018867925,17.0,987,848
738908931,1750,2024-07-03 07:10:36,2024-07-03 15:40:36,37.43226833333333,24.947313333333337,37.43223833333333,24.947411666666667,10.143818682856761,0.008682718098388132,8.5,7.712608695652174,9.4,2494,230
738908931,1751,2024-07-04 03:25:13,2024-07-04 15:53:33,37.431893333333335,24.947421666666667,37.43235333333333,24.947323333333333,11.040439783559194,0.008728312133305048,12.472222222222221,7.010729613733906,9.3,3500,233
738908931,1752,2024-07-05 03:24:08,2024-07-05 13:07:27,37.43220166666666,24.94735333333333,37.432408333333335,24.947333333333333,11.18701624837944,0.0018109100376033375,9.721944444444444,6.391394658753711,9.1,2882,337
738908931,1754,2024-07-09 01:17:23,2024-07-09 06:08:43,37.432271666666665,24.947393333333338,37.432235,24.947313333333337,7.215251972729169,0.0070641058599093445,4.855555555555555,7.04438202247191,9.4,1547,178
738908931,1756,2024-07-13 01:22:56,2024-07-13 12:09:11,37.439326666666666,24.945191666666663,37.432408333333335,24.947323333333333,11.495672285205492,0.1886886506313042,10.770833333333334,6.774721189591078,9.1,3337,269
738908931,1757,2024-07-14 04:17:38,2024-07-14 07:06:19,37.43236,24.947385,37.43241666666667,24.947341666666667,7.520033986430449,0.0038277697634234277,2.8113888888888887,7.466666666666667,9.1,890,189
741835389,1762,2024-09-02 12:01:17,2024-09-05 02:02:58,37.43705333333333,24.93982833333333,37.436365,24.93865,35.3818720338552,0.10404549556174099,62.028055555555554,3.4457446808510643,10.1,20000,1128
743497398,1763,2024-07-01 15:18:59,2024-07-02 07:38:08,37.504803333333335,24.96887333333333,37.40965333333333,25.237456666666667,40.33962702559335,23.707843643624898,16.319166666666668,20.1906015037594,23.1,5460,532
743497398,1764,2024-07-02 08:55:59,2024-07-02 09:14:00,37.40878666666666,25.23746333333333,37.39933,25.348565,9.815717716656549,9.813636922526701,0.30027777777777775,19.662043795620438,22.0,137,137
743497398,1767,2024-07-03 04:45:31,2024-07-03 08:45:08,37.40143333333334,25.23663833333333,37.23272,25.251026666666668,16.04372545981324,1.3138473603928698,3.993611111111111,14.7202380952381,25.8,117,84
743497398,1768,2024-07-04 05:43:03,2024-07-04 13:30:45,37.31707333333333,25.215686666666667,37.36365666666666,25.26165,11.64959643043435,4.064399094106274,7.795,15.793150684931508,21.1,2564,219
743497398,1769,2024-07-05 15:34:40,2024-07-06 03:03:53,37.39833,25.30787,37.35850666666666,24.884741666666667,51.83712730621904,37.387795049504625,11.486944444444445,17.576,24.9,7487,775
743497398,1770,2024-08-24 04:34:46,2024-08-24 14:29:20,37.37116,25.212085,37.37319333333333,25.25164833333333,39.69553927479252,3.496121454444058,9.909444444444444,11.295867768595043,21.0,2966,121
753812392,1780,2024-07-02 08:33:51,2024-07-02 10:16:51,37.28071666666666,25.030446666666663,37.20017833333333,25.254715,55.36095690632241,19.853419855885413,1.7166666666666666,19.08900900900901,21.0,580,555
753812392,1786,2024-07-05 01:33:54,2024-07-05 03:13:13,37.233575,25.060763333333337,37.27061333333333,25.03879166666667,47.09746367138818,1.946016418393797,1.6552777777777778,19.84091743119266,21.6,676,545
753812392,1789,2024-07-05 21:44:56,2024-07-06 02:05:08,37.31157,25.24085,37.10564166666666,25.374075,94.88313316537224,11.805140030641843,4.336666666666667,19.924468085106387,22.0,678,564
753812392,1795,2024-07-12 15:46:20,2024-07-12 18:19:16,37.153983333333336,25.26515833333333,37.25852666666667,25.179748333333333,79.96390740994606,7.56685941909851,2.548888888888889,20.5665676077266,22.4,730,673
753812392,1796,2024-07-13 23:11:47,2024-07-14 00:37:28,37.29121833333333,24.925401666666662,37.23948166666667,25.21007,54.3398562737257,25.19144082514494,1.4280555555555556,19.95056461731493,22.1,839,797
753812392,1797,2024-07-14 07:56:35,2024-07-14 11:25:19,37.317281666666666,25.241511666666668,37.36551166666667,25.214126666666665,53.247098706509206,2.4227494305048602,3.4788888888888887,18.154754601226998,21.700000000000003,823,652
753812392,1800,2024-07-15 22:55:23,2024-07-16 00:19:25,37.30933,24.927063333333333,37.23767,25.213211666666663,71.53894340735815,25.31984814512744,1.4005555555555556,19.93203285420945,22.8,1015,974
753812392,1806,2024-07-19 23:00:09,2024-07-20 00:40:24,37.45034666666667,25.32761,37.28438666666667,25.147176666666667,77.07510440830845,15.9487176810272,1.6708333333333334,20.058369098712447,23.1,1182,1165
753812392,1807,2024-07-20 02:28:18,2024-07-20 04:18:23,37.23434,25.21826,37.26459833333333,25.181615,52.15760195372032,3.244053864376262,1.8347222222222221,18.855478260869567,21.700000000000003,1206,1150
753812392,1812,2024-07-22 14:27:13,2024-07-23 05:16:37,36.91184166666667,25.442636666666665,37.10563333333333,25.37406,100.61009056592664,6.100787090483301,14.823333333333334,17.958964143426297,21.3,4315,1757
753812392,1814,2024-07-24 07:48:21,2024-07-24 09:42:46,37.260205,25.18748833333333,37.23781,25.21307833333333,82.7362891141357,2.2654530313229153,1.9069444444444446,17.81431143114311,20.9,1167,1111
753812392,1821,2024-07-27 20:29:19,2024-07-27 22:23:16,37.225476666666665,25.298426666666668,37.293835,25.136233333333333,55.59318762173208,14.354723788184115,1.8991666666666667,19.354025974025973,22.5,839,770
753812392,1824,2024-07-29 17:11:35,2024-07-29 19:35:40,37.21642333333333,25.27761,37.23090666666667,25.2143,81.05838383673536,5.605683990649808,2.401388888888889,18.414624505928852,21.6,1143,1012
753812392,1833,2024-08-13 07:48:43,2024-08-13 10:14:19,37.188833333333335,25.315908333333333,37.484343333333335,25.036596666666668,46.78298499844398,24.70034356760692,2.4266666666666667,18.655809128630708,22.6,557,482
753812392,1841,2024-08-18 10:49:59,2024-08-18 13:00:03,37.103793333333336,25.37325333333333,37.27552666666666,25.144538333333333,56.37891092397795,20.262782128598875,2.167777777777778,19.847058823529416,22.3,1081,1054
758938562,1843,2024-07-02 06:38:05,2024-07-02 09:10:41,37.18398333333333,24.733416666666667,37.60531666666667,25.394383333333337,58.400601604743144,58.395556674187624,2.5433333333333334,15.927837259100642,16.2,934,934
758938562,1844,2024-07-04 05:11:22,2024-07-04 06:31:46,37.54521666666667,25.2902,37.31016666666667,24.928616666666667,41.11582242189456,31.93174480579462,1.34,16.639715189873417,17.2,632,632
758938562,1845,2024-07-09 05:50:21,2024-07-09 07:39:27,37.1929,24.74193333333333,37.46718333333333,25.18925,56.078313838670596,39.55388554940135,1.8183333333333334,14.748967193195627,15.7,823,823
758938562,1846,2024-07-11 05:47:30,2024-07-11 07:57:53,37.592083333333335,25.3557,37.20641666666667,24.7606,67.25891600342919,52.57337975560268,2.1730555555555555,16.957444168734494,17.6,806,806
758938562,1847,2024-07-16 04:13:46,2024-07-16 07:01:53,37.182116666666666,24.734616666666668,37.62348333333333,25.41133333333333,62.08810034820702,59.780755151753205,2.8019444444444446,14.87984496124031,15.7,774,774
758938562,1848,2024-07-18 04:46:26,2024-07-18 06:49:02,37.553383333333336,25.311716666666666,37.190866666666665,24.72825,60.34618701391123,51.56392976488951,2.0433333333333334,17.32069825436409,17.8,802,802
758938562,1849,2024-07-23 04:13:56,2024-07-23 06:24:33,37.1897,24.7385,37.54715,25.30913333333333,51.34270796770631,50.432361250514205,2.1769444444444446,15.951677852348993,16.5,894,894
758938562,1850,2024-07-25 04:52:19,2024-07-25 06:51:19,37.539566666666666,25.284816666666668,37.1914,24.737416666666668,50.529060118255344,48.381071155096244,1.9833333333333334,16.91055634807418,17.2,701,701
758938562,1851,2024-07-30 03:32:39,2024-07-30 06:12:27,37.1837,24.73305,37.60536666666667,25.38655,58.12865002926118,57.73611702940393,2.6633333333333336,15.102349624060151,15.8,1064,1064
758938562,1852,2024-08-01 04:20:35,2024-08-01 06:16:23,37.53945,25.290866666666663,37.202866666666665,24.75238333333333,56.0260374552773,47.58925270558352,1.93,16.955807365439096,17.400000000000002,706,706
758938562,1853,2024-08-06 02:47:40,2024-08-06 04:59:58,37.22023333333333,24.79,37.57738333333333,25.35355,53.118962555179124,49.786278674567995,2.205,15.605847953216374,16.3,513,513
758938562,1854,2024-08-13 02:02:38,2024-08-13 04:33:14,37.190016666666665,24.73955,37.6073,25.39305,111.99115013013297,57.73283286988117,2.51,15.948324324324327,16.7,925,925
758938562,1855,2024-08-15 04:32:46,2024-08-15 06:49:28,37.60026666666667,25.3734,37.200833333333335,24.74708333333333,57.066597650489726,55.32999510846279,2.2783333333333333,16.814318181818184,17.5,880,880
758938562,1856,2024-08-19 23:44:54,2024-08-20 02:05:01,37.187783333333336,24.73255,37.60221666666666,25.383,58.75945273590494,57.46617274211184,2.335277777777778,17.063374880153404,17.6,1043,1043
758938562,1857,2024-08-22 05:37:38,2024-08-22 07:25:21,37.5378,25.2796,37.23441666666667,24.797616666666663,51.704043384525555,42.587616360715074,1.7952777777777778,16.369601100412655,16.900000000000002,727,727
758938562,1858,2024-08-27 04:42:47,2024-08-27 07:06:23,37.19683333333333,24.7449,37.57408333333333,25.3424,57.468155323605416,52.79486354060764,2.3933333333333335,15.138984881209502,15.8,926,926
758938562,1859,2024-09-03 02:43:59,2024-09-03 05:18:30,37.198816666666666,24.74225,37.6272,25.422366666666665,113.10836300876626,60.07254865063692,2.575277777777778,16.05998134328358,16.5,1072,1072
758938562,1860,2024-09-05 04:44:37,2024-09-05 06:37:25,37.54153333333333,25.282083333333333,37.2158,24.755583333333337,58.88807377034995,46.525485285275366,1.88,16.99491124260355,17.5,845,845
758938562,1861,2024-09-10 06:26:11,2024-09-10 08:32:47,37.21105,24.75198333333333,37.54825,25.3081,49.466019641955114,49.14178275749686,2.11,15.820942408376963,16.3,955,955
758938562,1862,2024-09-12 04:48:30,2024-09-12 06:40:06,37.56171666666667,25.30216666666667,37.249,24.79945,44.93406022722995,44.40807137368815,1.86,16.372169811320756,16.6,848,848
758938562,1863,2024-09-17 04:08:32,2024-09-17 06:18:38,37.20035,24.74918333333333,37.557516666666665,25.327266666666667,55.53861917617247,51.083501179348815,2.1683333333333334,16.14389438943894,16.5,909,909
758938562,1864,2024-09-19 04:34:03,2024-09-19 06:22:16,37.53863333333334,25.27468333333333,37.22323333333333,24.76708333333333,49.49042868542343,44.85404212737104,1.803611111111111,17.109203980099505,17.8,804,804
758938562,1865,2024-09-24 04:49:58,2024-09-24 07:11:52,37.1954,24.74383333333333,37.578916666666665,25.34975,55.60247336380811,53.53735092256715,2.365,15.6533522190746,16.1,1059,1059
758938562,1866,2024-09-26 05:04:17,2024-09-26 05:45:30,37.5453,25.284133333333333,37.426,25.09573333333333,22.409579388728197,16.624846372440473,0.6869444444444445,16.718994413407824,17.2,358,358
764992475,1869,2024-07-02 11:14:33,2024-07-03 08:40:34,36.920905,24.94596,37.53944833333333,25.136513333333333,89.30888039840484,16.912839806366573,21.433611111111112,7.262619047619048,7.9,3797,840
764992475,1870,2024-07-27 23:22:34,2024-07-29 15:28:37,37.314301666666665,24.836223333333333,37.431835,24.938068333333337,47.73855359092009,9.00257973717074,40.100833333333334,6.41271186440678,7.300000000000001,11946,354
771283800,1872,2024-07-21 06:25:52,2024-07-24 04:32:59,37.246185,25.63833333333333,37.25568,24.92020833333333,81.70854393709547,63.56130107433906,70.11861111111111,9.719142212189617,14.4,20000,2215
791860098,1874,2024-07-01 05:45:36,2024-07-01 14:15:55,37.011345,25.94256,37.659595,25.685996666666668,95.25791864126006,22.717272402261504,8.505277777777778,7.8545603944124895,9.1,1217,1217
791860098,1876,2024-07-02 20:54:00,2024-07-02 23:30:30,37.32452,26.647341666666662,36.66014833333333,26.76725833333333,22.919943544634364,10.727663805063402,2.6083333333333334,15.620689655172415,16.2,290,290
791860098,1878,2024-07-04 00:54:46,2024-07-04 17:40:17,37.18798833333334,25.743565,37.54045333333333,24.94586333333333,225.8373624208936,70.50108724438624,16.75861111111111,10.718316538233552,14.1,1912,1687
791860098,1879,2024-07-08 14:09:58,2024-07-08 17:09:28,37.45919833333333,25.323106666666668,37.571531666666665,25.421021666666668,50.300100312314015,8.638721021724042,2.9916666666666667,8.790572390572391,11.0,336,297
791860098,1882,2024-07-15 12:09:58,2024-07-15 16:31:28,37.39322166666667,26.123315,37.64878333333333,25.80221333333333,50.59488124550779,28.32283067587317,4.358333333333333,7.531147540983607,8.700000000000001,183,183
791860098,1884,2024-07-17 21:39:50,2024-07-17 22:37:40,36.76023833333333,26.544095,36.886595,26.323321666666665,38.43851953269248,19.652549310872427,0.9638888888888889,13.511742424242426,13.8,264,264
791860098,1885,2024-07-17 23:40:21,2024-07-18 18:24:07,37.020291666666665,26.081401666666668,37.543776666666666,24.9594,149.6669631771907,99.27066419958327,18.729444444444443,12.319348268839104,14.7,2238,1964
791860098,1886,2024-07-21 19:52:29,2024-07-22 16:21:44,36.706595,25.425491666666662,37.58446166666667,25.458525,98.9423307727965,3.387362560875104,20.4875,7.458849009900991,8.8,1853,1616
791860098,1887,2024-07-22 23:41:54,2024-07-23 02:00:25,37.921065,26.625325,37.88944833333333,27.02993,138.08105666761838,35.498398668239666,2.308611111111111,8.3,8.8,192,192
791860098,1888,2024-07-28 20:31:25,2024-07-29 17:13:53,36.7579,25.415773333333338,37.58999,25.468875,202.89382246958186,4.974077456386846,20.70777777777778,8.017596566523606,11.5,1441,1165
791860098,1891,2024-08-04 19:19:07,2024-08-05 19:23:42,36.705886666666665,25.43650833333333,37.23102,26.291975,148.61560856672875,76.00588324450756,24.07638888888889,7.729941434846267,14.1,1524,1366
791860098,1894,2024-08-07 19:53:17,2024-08-07 22:10:47,37.601375,25.42726,37.24203166666667,24.781755,169.81801970689506,57.00779604370355,2.2916666666666665,16.45019305019305,17.0,518,518
791860098,1895,2024-08-12 16:21:37,2024-08-12 16:48:37,37.50769666666667,25.026161666666667,37.52057666666666,24.946891666666662,28.59474580434742,6.9916712682994575,0.45,8.604545454545455,9.0,110,110
791860098,1896,2024-08-14 02:26:36,2024-08-14 17:28:22,37.520895,24.956056666666665,37.56093666666667,25.416163333333333,45.423384815616025,40.566946791375415,15.029444444444444,9.38622159090909,11.4,1026,704
791860098,1898,2024-08-15 20:25:33,2024-08-15 22:16:46,37.527998333333336,26.32387333333333,37.151653333333336,25.993576666666662,57.21501903197981,29.208995884423533,1.853611111111111,14.862371888726209,15.3,683,683
791860098,1900,2024-08-18 19:48:37,2024-08-19 16:37:55,36.69467333333333,25.434415,37.603928333333336,25.492601666666665,73.37255352266521,5.4503618257903605,20.821666666666665,7.364411913175164,10.9,2235,1981
791860098,1903,2024-09-02 18:43:37,2024-09-03 00:08:06,36.65129666666667,25.51913,37.47964,26.292231666666662,121.33080870084285,68.6113611032837,5.408055555555555,11.608715596330276,12.1,654,654
791860098,1905,2024-09-17 22:27:42,2024-09-18 17:02:05,36.91091,26.315818333333333,37.52075833333333,24.94559333333333,182.60508992673186,121.33748911553683,18.573055555555555,13.930071033938438,16.1,1758,1267
791860098,1908,2024-09-23 02:52:24,2024-09-23 15:13:16,37.55205166666666,25.377055,37.557035,25.290565,65.13795081022776,7.624305819396052,12.347777777777777,8.853030303030303,14.7,730,462
791860098,1909,2024-09-29 00:16:32,2024-09-29 03:38:52,36.67151,24.777881666666666,36.44406833333333,25.377225,99.03958682112025,53.53374660096317,3.3722222222222222,9.965369649805446,12.9,257,257
