MMSI,records,start_timestamp,end_timestamp,duration_days
531004359,627027,1719792011,1727740795,91.99981481481481
353196028,412221,1719792005,1727740777,91.99967592592593
449094058,301554,1719797140,1727711448,91.60078703703704
738908931,280175,1719817387,1727740790,91.70605324074074
741835389,211046,1725278477,1727740795,28.499050925925925
248964690,195929,1719814406,1727704946,91.32569444444445
261098615,187991,1719813737,1727269218,86.29028935185185
439729450,181496,1719792004,1727728896,91.86217592592592
680520589,144878,1719811854,1727639416,90.5967824074074
771283800,137887,1721543152,1727740714,71.73104166666667
243681675,134274,1719792008,1727698011,91.50466435185186
496008645,131236,1719820628,1727707185,91.27959490740741
303144099,122963,1719792170,1727740352,91.99284722222222
616620391,119064,1719822640,1727091171,84.1265162037037
477832320,116600,1719822676,1726060542,72.19752314814815
525791007,106552,1719819667,1727717970,91.41554398148148
370384996,105143,1719792011,1721146550,15.677534722222223
587268510,105044,1719804071,1727727153,91.70233796296296
533187847,99746,1719819419,1727721006,91.45355324074075
304385446,97088,1719798818,1727736126,91.86699074074075
386691164,96725,1722589797,1726322553,43.20319444444444
629870457,90828,1719822061,1727722307,91.4380324074074
675656627,85852,1719792114,1727740681,91.99730324074073
708743043,84355,1719819066,1727703209,91.25165509259259
201622454,83224,1719863459,1727737079,91.12986111111111
440238215,78182,1719825930,1727702067,91.15899305555556
419321940,74628,1719818246,1727707485,91.31063657407407
346795489,71548,1719792940,1727726189,91.82001157407407
248692941,61840,1719822253,1727615471,90.19928240740741
200134975,49606,1722592695,1725790713,37.01409722222222
234463823,49305,1726384788,1727342697,11.086909722222222
534176328,46612,1719824438,1722008309,25.276284722222222
408286708,44218,1719871680,1727740711,91.07674768518518
724987568,40495,1725903346,1726462836,6.475578703703704
764992475,37741,1719804086,1727513111,89.22482638888889
371681494,37227,1719952824,1727555053,87.98876157407408
334424486,37108,1720016980,1727719009,89.14385416666667
226225103,36971,1719901793,1727222843,84.734375
260995738,32987,1719881304,1727555566,88.82247685185185
369314059,32727,1720166142,1727644300,86.55275462962963
565464295,32492,1719796961,1727612157,90.4536574074074
693780742,32111,1720831814,1727740772,79.96479166666667
446911976,31564,1719794321,1727736086,91.9185763888889
723806186,30049,1719839543,1727728622,91.30878472222223
241749307,29472,1719806159,1725947907,71.0850462962963
753812392,29199,1719881921,1727634894,89.7334837962963
439165167,29091,1720655745,1725409770,55.0234375
345727782,28665,1719848883,1727740606,91.33938657407407
628693508,27994,1719811508,1727628205,90.4710300925926
279179394,27568,1721797046,1726552600,55.04113425925926
406647606,27310,1720486070,1727223628,77.98099537037037
630842022,25483,1719816709,1727635413,90.49425925925927
301394865,24753,1719863593,1727397704,87.2003587962963
385831098,24713,1719827974,1726607827,78.47052083333334
526575618,24628,1722357286,1724867225,29.050219907407406
396636589,24290,1719972901,1727289969,84.68828703703704
366763109,24039,1719883839,1726679874,78.6578125
375886596,23537,1721585937,1723738508,24.914016203703703
653464635,23512,1719952043,1727296371,85.0037962962963
462919369,23260,1720237405,1724836467,53.22988425925926
493087308,22665,1720739294,1726538209,67.11707175925926
454406528,21905,1720906854,1727524241,76.59012731481481
435026421,21827,1719792084,1720893315,12.745729166666667
743497398,21219,1719847139,1725340298,63.57822916666667
395657503,21188,1720081336,1725340176,60.866203703703704
500736053,21186,1724257605,1727541346,38.006261574074074
596440147,20947,1723761414,1727740657,46.05605324074074
205811699,20756,1719876698,1727451215,87.66802083333333
758938562,20464,1719902285,1727333495,86.009375
246228378,20426,1719863762,1727735641,91.10971064814815
791860098,20127,1719802155,1727716491,91.60111111111111
716124575,20109,1724233433,1727178345,34.08462962962963
584196090,19843,1719886519,1727740793,90.90594907407407
344937624,19241,1725992910,1726208231,2.492141203703704
706899810,19166,1719932493,1727586277,88.58546296296296
340402302,19129,1719867823,1727740791,91.12231481481481
238007480,19057,1721386071,1722671701,14.879976851851852
306211122,18781,1719950925,1727557215,88.0357638888889
642576528,18650,1719824253,1727697581,91.12648148148148
486614993,18300,1721635576,1725523972,45.004583333333336
308150932,18162,1721378331,1724656901,37.946412037037035
768601548,17938,1719930272,1727559929,88.30621527777778
785846028,17882,1720078146,1727412848,84.89238425925926
492646760,17781,1719820951,1727695118,91.13619212962963
204596262,17601,1719885796,1721633593,20.229131944444443
406066825,17573,1719815017,1727569345,89.74916666666667
602714433,17222,1719792076,1721479601,19.53153935185185
382352877,17167,1719819300,1727686495,91.05549768518519
241283567,16962,1720146622,1727669538,87.07078703703704
545396852,16741,1725610352,1726586054,11.292847222222223
689504186,16537,1719848900,1727711519,91.00253472222222
363834942,16527,1719792161,1727343423,87.39886574074075
488559558,16412,1720798714,1721374424,6.6633101851851855
227124315,16213,1720161035,1726805835,76.9074074074074
351064669,15887,1719880881,1727740794,90.97121527777777
300371264,15849,1720481798,1727481323,81.01302083333333
375911078,15516,1719823045,1727522171,89.11025462962964
736928040,15482,1722420004,1727681799,60.90040509259259
508793213,15364,1719882020,1727632933,89.7096412037037
377764844,15185,1719844966,1726560659,77.72792824074074
206026230,14979,1726486720,1727172071,7.93230324074074
601719215,14911,1719824614,1727451716,88.27664351851851
449498459,14869,1724058386,1727507478,39.9200462962963
652029030,14831,1719792116,1727527305,89.52765046296297
487955018,14674,1719966730,1727624242,88.62861111111111
592305943,14630,1720462593,1722839706,27.512881944444445
687658117,14569,1719972937,1727480211,86.88974537037036
442724028,14390,1724387248,1724565294,2.0607175925925927
244377102,14151,1724513108,1727293656,32.18226851851852
386583973,14150,1720797352,1726497642,65.9755787037037
676818809,13651,1721548334,1727594939,69.98385416666666
331653751,13594,1720461828,1723084648,30.356712962962963
777631018,13471,1725960936,1726121925,1.8632986111111112
737503408,13183,1719792091,1727281167,86.67912037037037
655776463,13132,1725278633,1727740661,28.495694444444446
352789150,13080,1725278534,1727740740,28.49775462962963
783013193,12992,1719854588,1726718498,79.44340277777778
264829020,12990,1719792095,1722683625,33.46678240740741
698163470,12736,1721786380,1726698583,56.85420138888889
524184405,12378,1721622359,1724500188,33.30820601851852
208251388,12328,1721099729,1727580513,75.00907407407408
413620429,12169,1721640413,1727177238,64.08362268518519
732757538,12140,1720208475,1727576482,85.2778587962963
338588589,12080,1719859549,1726599359,78.00706018518518
307921241,12019,1720867074,1726742830,68.00643518518518
287112902,11994,1719833017,1727740766,91.52487268518519
711789399,11950,1721187214,1721703497,5.975497685185185
349190590,11786,1725822803,1727727376,22.04366898148148
236362954,11582,1720611564,1727068380,74.73166666666667
372696737,11580,1726590032,1727607854,11.780347222222222
329139046,11521,1723077800,1727486926,51.03155092592593
327427316,11257,1721194668,1726495733,61.35491898148148
201007497,11120,1722565951,1727260811,54.33865740740741
211629183,10939,1719922190,1720241905,3.7004050925925926
604589250,10898,1720750045,1727585084,79.10924768518518
379975821,10689,1719922284,1726556741,76.78769675925926
590912124,10487,1721555317,1721719382,1.8989004629629629
609186908,10250,1720182466,1721775454,18.437361111111112
668015635,10248,1719964284,1724869781,56.77658564814815
331302520,10212,1719848220,1727582672,89.51912037037037
393507438,10120,1719845299,1727534314,88.99322916666667
769344040,10029,1720013579,1727619641,88.033125
473064244,9941,1719817666,1727694840,91.17099537037036
406147867,9898,1719838504,1727637532,90.26652777777778
511304883,9837,1719927414,1726585011,77.05552083333333
241856948,9806,1719792005,1727319036,87.11841435185185
677270181,9737,1726494155,1727084024,6.8271875
633098984,9522,1722729674,1724216434,17.20787037037037
437598940,9481,1719814930,1727586064,89.94368055555556
750691989,9097,1721580604,1722836958,14.541134259259259
680445558,8913,1719796609,1722996528,37.03609953703704
546748757,8912,1723479747,1725289949,20.951412037037038
392705362,8677,1719833267,1727257843,85.9325925925926
362609252,8649,1721146790,1724339228,36.94951388888889
378300654,8622,1720909797,1727468165,75.90703703703704
626607173,8574,1720234258,1727735094,86.81523148148148
356931085,8551,1721493770,1727476974,69.25004629629629
682147011,8551,1719969254,1727630867,88.67607638888889
299611587,8523,1720495914,1727315849,78.93443287037037
649863976,8427,1720059239,1727566843,86.89356481481481
693445802,8405,1719934944,1727624271,88.99684027777778
247809699,8294,1720467127,1726599503,70.97657407407408
497965445,8276,1720705727,1720853398,1.7091550925925927
304465264,8182,1719897360,1724769574,56.39136574074074
672937603,8162,1719963844,1727637087,88.81068287037037
280073156,8096,1721661780,1725440884,43.73962962962963
546720226,8002,1720064175,1727733181,88.76164351851853
780169468,7973,1720806975,1727517101,77.66349537037037
299733644,7758,1720213276,1725748636,64.06666666666666
761176261,7655,1721075769,1727642042,75.99853009259259
337115414,7555,1719802075,1724702515,56.71805555555556
735779810,7534,1727431361,1727516170,0.9815856481481482
754770106,7507,1725428302,1726556028,13.05238425925926
361654027,7486,1720992138,1721792797,9.266886574074075
643244841,7462,1721613730,1723582033,22.78128472222222
579416035,7442,1719850196,1720134053,3.2853819444444445
655347748,7412,1722128299,1727109940,57.65788194444445
664308345,7395,1724195958,1725342439,13.269456018518518
503554128,7381,1719832592,1720071237,2.7620949074074073
798880815,7364,1726619416,1727714280,12.672037037037038
349707564,7335,1721623680,1727365425,66.45538194444444
612891842,7284,1719815518,1727624413,90.38072916666667
318916873,7266,1721566369,1727740791,71.4632175925926
419486713,7189,1725278696,1726150098,10.085671296296296
365945156,7140,1719933691,1727639827,89.1913888888889
372540035,7064,1722921992,1727418116,52.038472222222225
397085287,6979,1726274748,1726607606,3.852523148148148
349294059,6973,1720045138,1727206278,82.88356481481482
233650715,6895,1724066843,1724414960,4.029131944444444
265955227,6878,1722905695,1726138576,37.41760416666666
324090451,6860,1721044121,1721445371,4.644097222222222
770402733,6844,1724080826,1724341877,3.021423611111111
525420074,6804,1722371294,1722683496,3.613449074074074
622333500,6801,1720778495,1725434139,53.88476851851852
239032988,6730,1722754488,1723068740,3.6371759259259258
362342470,6726,1720224602,1727574339,85.06640046296296
271754372,6716,1724792303,1726732323,22.453935185185184
659473256,6584,1719903103,1724399181,52.03793981481481
396173285,6575,1720191745,1726726223,75.6305324074074
380000933,6525,1719819766,1727331022,86.93583333333333
308990171,6516,1722629761,1727317388,54.25494212962963
477891511,6445,1722160203,1723054142,10.346516203703704
698592707,6443,1721578915,1726473472,56.64996527777778
580184361,6407,1719934213,1721695722,20.387835648148148
701104988,6333,1726698464,1727740718,12.063125
739830727,6322,1719796799,1721631321,21.23289351851852
271412726,6294,1722576447,1724027320,16.792511574074073
449247495,6289,1725365075,1725442044,0.8908449074074074
241407568,6262,1721765326,1726720221,57.34832175925926
646252012,6251,1721317151,1721951930,7.346979166666666
777732834,6175,1720631820,1726852161,71.9946875
390534482,6143,1721967781,1727081607,59.18780092592593
444220455,6138,1720855687,1727500503,76.9075925925926
395518012,6079,1721548115,1721718728,1.9746875
394950420,6061,1720582331,1725937912,61.9858912037037
388024420,6043,1722750839,1726122709,39.02627314814815
224919287,6031,1719846027,1726833440,80.87283564814815
218474190,6006,1720949893,1727278544,73.24827546296297
560789277,5973,1719792051,1721614626,21.094618055555557
328613980,5967,1722051605,1725540171,40.376921296296295
566146790,5873,1719898761,1720232001,3.8569444444444443
274472860,5866,1726118395,1726488273,4.280995370370371
697956794,5828,1719958272,1725650568,65.88305555555556
505150541,5814,1719909493,1726484524,76.09989583333333
670461272,5797,1727275570,1727647485,4.304571759259259
567506940,5742,1719830340,1726820949,80.90982638888889
733339738,5694,1723951830,1727293054,38.67157407407407
721283812,5690,1722046305,1727726796,65.74642361111111
629191244,5647,1720043711,1727152384,82.27630787037037
776707227,5522,1719882638,1726599710,77.74388888888889
303810129,5503,1721658698,1724509630,32.99689814814815
483343436,5427,1720642136,1727649794,81.10715277777778
267342107,5398,1725693239,1726479560,9.1009375
307484444,5361,1720092339,1727598190,86.87327546296297
765434074,5347,1721041714,1727463580,74.32715277777778
587907399,5300,1720218650,1724513178,49.70518518518519
656457218,5291,1722050603,1727625956,64.52954861111111
758290394,5278,1720679349,1726559994,68.06302083333334
475748226,5250,1725632855,1725891160,2.989641203703704
646799255,5201,1720644730,1727093344,74.6367361111111
744598174,5166,1719927841,1726567763,76.85094907407408
249096156,5156,1723541260,1725423615,21.786516203703705
387971293,5138,1722729605,1727541438,55.692511574074075
381990131,5104,1720694621,1724149041,39.981712962962966
437356161,5053,1719857159,1726499457,76.87844907407407
312165320,5011,1720244313,1727139832,79.80924768518518
731486974,4977,1720063796,1724155196,47.354166666666664
259452112,4972,1722649338,1724891240,25.947939814814816
791050718,4968,1719840578,1727497954,88.62703703703704
557106912,4937,1720056367,1727665552,88.06927083333333
501044785,4882,1720096611,1726103620,69.52556712962964
719545053,4872,1722315444,1724545235,25.807766203703704
302869658,4847,1722730665,1724302778,18.195752314814815
725472509,4810,1719939272,1722754680,32.58574074074074
642679214,4767,1719940357,1724391013,51.51222222222222
693997757,4763,1719840862,1727507922,88.73912037037037
265250593,4689,1720071030,1727511323,86.11450231481481
522777669,4674,1719937802,1721692482,20.308796296296297
586447027,4628,1726538154,1727570929,11.953414351851851
406017801,4607,1721331091,1727488442,71.26563657407408
652254809,4557,1721171486,1725467979,49.72792824074074
242047492,4557,1720919542,1727576930,77.05310185185185
234052276,4537,1721672314,1727383405,66.10059027777778
552487995,4535,1720968609,1723009056,23.616284722222222
458966346,4525,1720532000,1727281315,78.11707175925926
392907000,4518,1726621655,1727379618,8.772719907407408
651465693,4507,1719925083,1721253105,15.370625
270789563,4503,1721353394,1724802115,39.91575231481482
357605047,4485,1720597926,1722934592,27.04474537037037
429885139,4459,1720110917,1720783872,7.788831018518518
363642070,4438,1719846472,1722683618,32.83733796296296
605199501,4437,1720063201,1725431121,62.12870370370371
556115401,4314,1720092874,1726642750,75.80875
476132045,4300,1720873133,1725653462,55.32788194444444
291263220,4262,1722481149,1727406101,57.00175925925926
518306240,4260,1719792046,1723865279,47.14390046296296
623163879,4259,1719876993,1726891216,81.18313657407407
628740518,4227,1720056512,1724217142,48.15543981481481
796155173,4163,1719888055,1727579148,89.01728009259259
280387304,4103,1719792042,1722730429,34.009108796296296
440114497,4090,1724075043,1727262297,36.88951388888889
632841364,4072,1721198811,1727219275,69.6812962962963
748095170,4051,1720906348,1727311631,74.1352199074074
363422204,4050,1724039270,1724390907,4.069872685185185
486291760,4026,1721576908,1726585634,57.971365740740744
642521419,4016,1724099862,1725419469,15.273229166666667
598265571,3995,1721477376,1724238021,31.951909722222222
478756503,3994,1719859263,1726107373,72.31608796296297
307889454,3972,1719924884,1727695835,89.9415625
616294393,3965,1723978523,1727349806,39.01947916666666
326314801,3936,1723600046,1724801881,13.910127314814815
399333892,3932,1721246503,1726031563,55.38263888888889
663464544,3873,1721639161,1726751897,59.175185185185185
566228001,3801,1721404662,1727033964,65.15395833333334
756849086,3798,1720964383,1727051668,70.4546875
488301340,3786,1719812227,1727444146,88.33239583333334
250661738,3775,1721595311,1722227510,7.3171180555555555
596947116,3764,1723561991,1726810190,37.59489583333333
675824569,3751,1721871776,1722044464,1.9987037037037036
733922061,3665,1726049711,1726733524,7.914502314814815
619414632,3662,1720154933,1726460953,72.98634259259259
721818896,3662,1724338916,1726654982,26.806319444444444
460544564,3636,1720665466,1727669995,81.0709375
522070936,3634,1722831701,1724546320,19.845127314814814
576149662,3627,1719890365,1726422030,75.59797453703703
437730319,3589,1720723755,1727620908,79.82815972222222
685987786,3546,1720509100,1727526895,81.22447916666667
303841477,3541,1720114508,1727341026,83.64025462962962
413455577,3530,1722580596,1722833200,2.9236574074074073
491135758,3480,1719792386,1727498411,89.19010416666667
241157891,3473,1721575291,1726307102,54.76633101851852
372280020,3472,1721573034,1723558036,22.974560185185187
682955733,3460,1723732898,1724891148,13.405671296296296
203374970,3459,1721197006,1724821889,41.954664351851854
696791408,3440,1722799218,1727028300,48.94770833333333
353861300,3428,1722871118,1727442864,52.913726851851855
465747159,3418,1721646836,1727500622,67.75215277777778
675027373,3391,1720081237,1727638897,87.47291666666666
523349598,3374,1726024994,1726637038,7.0838425925925925
361731094,3373,1719976491,1726491989,75.41085648148149
693240860,3366,1720852138,1727349773,75.2041087962963
742449368,3352,1719792040,1720680626,10.284560185185185
465303687,3345,1719813982,1727304966,86.7012037037037
311311568,3335,1722973708,1724533147,18.0490625
454755179,3283,1721228588,1724538632,38.310694444444444
471917431,3272,1721360768,1722419666,12.25576388888889
454554861,3238,1723923765,1723965124,0.47869212962962965
354769531,3238,1720168411,1720875649,8.185625
673440142,3206,1720649827,1724225423,41.38421296296296
796869126,3155,1719821235,1727636184,90.45079861111111
589807285,3149,1722635814,1727632090,57.827268518518515
630317110,3144,1720791840,1721039439,2.8657291666666667
491032609,3121,1725646900,1726360737,8.262002314814815
408967011,3107,1723656175,1725783890,24.626331018518517
313210766,3100,1720613058,1721136586,6.059351851851852
373058129,3084,1724401915,1724645708,2.8216782407407406
538995955,3083,1720932472,1723865383,33.945729166666666
635643414,3033,1721170838,1727405029,72.15498842592592
292421977,3003,1726502378,1726565456,0.7300694444444444
233354375,2978,1724652396,1724822983,1.974386574074074
741948003,2936,1719920103,1726639694,77.77304398148148
513809458,2935,1724675397,1726031367,15.694097222222222
431935410,2934,1719947359,1722821044,33.260243055555556
786492806,2927,1719944665,1727398593,86.27231481481482
346909866,2919,1722181923,1722598129,4.817199074074074
317037429,2918,1720547206,1722108984,18.07613425925926
716233260,2913,1724059533,1724196560,1.585960648148148
213043284,2909,1723852800,1726437205,29.912094907407408
335997320,2908,1727141032,1727200273,0.6856597222222223
560190639,2905,1726233301,1727589336,15.694849537037037
661518787,2897,1721459387,1722034811,6.66
431061190,2886,1720054960,1724460930,50.99502314814815
509515873,2876,1725290230,1726512476,14.146365740740741
429411799,2871,1722033114,1722989910,11.074027777777777
314797868,2867,1723769680,1727331631,41.226284722222225
730555855,2858,1720556583,1727391760,79.11084490740741
205535026,2844,1720793262,1724157018,38.93236111111111
473309265,2836,1720854260,1721906977,12.184224537037037
406387238,2831,1722729631,1723548129,9.473356481481481
761257149,2823,1719817433,1727010736,83.25582175925926
702948817,2816,1723884162,1727724015,44.44274305555555
469569814,2812,1723746908,1724554149,9.34306712962963
360760235,2803,1727339689,1727506180,1.9269791666666667
252478094,2799,1725279110,1725430989,1.7578587962962964
289485411,2789,1724841971,1727580429,31.69511574074074
608613422,2785,1721108523,1722588739,17.13212962962963
487048745,2783,1719947581,1727281113,84.87884259259259
406677821,2768,1720064943,1727584179,87.02819444444444
743433380,2747,1721115190,1724521262,39.42212962962963
597682771,2745,1721835045,1725287505,39.95902777777778
617986590,2740,1719930926,1726119161,71.62309027777778
513341442,2738,1721486926,1724175480,31.11752314814815
497816936,2736,1720756422,1726497222,66.44444444444444
640515882,2733,1720555321,1725481476,57.01568287037037
534562004,2731,1724500357,1726726379,25.76414351851852
696393915,2707,1719947533,1727206787,84.01914351851852
479984746,2704,1720798255,1723898291,35.8800462962963
251754133,2702,1719792077,1720097719,3.537523148148148
489672073,2664,1720054354,1720186440,1.5287731481481481
287991116,2653,1721374597,1727586449,71.89643518518518
358754793,2631,1720679935,1723046787,27.39412037037037
213455776,2631,1720142147,1724381248,49.063668981481484
302266864,2630,1722251869,1727536339,61.162847222222226
729050653,2615,1721952087,1726933047,57.65
296702714,2603,1722635427,1726179502,41.019386574074076
672524504,2598,1721701638,1724471891,32.06311342592593
350191885,2590,1724141444,1726486960,27.147175925925925
438592295,2587,1720056647,1726886742,79.05202546296296
481511929,2585,1721788064,1721955191,1.9343402777777778
219387710,2577,1726559346,1727709042,13.306666666666667
746590222,2570,1720907092,1722579501,19.356585648148148
670128002,2561,1725283349,1727417904,24.705497685185186
405571650,2558,1721666305,1726494010,55.876215277777774
322887201,2558,1719824698,1727098909,84.19225694444444
714456766,2552,1720165575,1725737245,64.4869212962963
339380075,2545,1720069920,1726998874,80.19622685185185
483343361,2539,1726625026,1727423701,9.24392361111111
402605134,2535,1719888778,1727540205,88.55818287037037
227697112,2525,1719968581,1721369974,16.21982638888889
379699621,2521,1720625485,1727616551,80.91511574074075
521540897,2516,1721228344,1725510899,49.56660879629629
726318650,2515,1720145500,1727574632,85.98532407407407
420124155,2510,1724148215,1727182170,35.11521990740741
565613572,2507,1720710404,1727587291,79.59359953703704
280302306,2499,1720035818,1727458726,85.91328703703704
654989182,2499,1720587878,1725930790,61.83925925925926
271780052,2487,1721415548,1722307605,10.324733796296297
612476149,2483,1725946659,1726805587,9.941296296296295
458660587,2480,1721620337,1721945109,3.758935185185185
584000845,2468,1721506768,1727527693,69.68663194444444
302456175,2467,1722946316,1727288845,50.260752314814816
633471593,2457,1719796858,1727680565,91.2466087962963
253195102,2429,1722975330,1723776911,9.277557870370371
508428138,2413,1726115830,1726235348,1.3833101851851852
412100117,2408,1719822783,1727568173,89.64571759259259
263203404,2408,1720008822,1727665288,88.61650462962963
221961905,2403,1720589165,1727598811,81.13016203703704
475414659,2396,1721715505,1721745034,0.34177083333333336
323810985,2386,1724420387,1724445302,0.28836805555555556
312833615,2382,1720217551,1722882932,30.84931712962963
399083435,2379,1720670638,1720684207,0.15704861111111112
503855954,2379,1722744457,1726637283,45.055856481481484
771273708,2376,1720448460,1722347544,21.980138888888888
717358210,2366,1727486776,1727545647,0.6813773148148148
612505302,2357,1719958963,1727504039,87.32726851851852
479258648,2357,1727365554,1727391410,0.2992592592592593
756478028,2352,1722300386,1722518488,2.524328703703704
599122309,2349,1725562072,1725573967,0.13767361111111112
783675398,2330,1722665984,1725703358,35.15479166666667
687717591,2329,1720062302,1722682151,30.32232638888889
794583263,2296,1720698410,1721625301,10.727905092592593
422859261,2291,1722595943,1723044273,5.18900462962963
354082316,2289,1721007627,1727740705,77.92914351851852
460140686,2279,1725359241,1725933615,6.6478472222222225
480862474,2278,1726114025,1726138421,0.2823611111111111
321265918,2267,1719944550,1727310569,85.25484953703703
386377774,2254,1722232244,1723785587,17.978506944444444
240450501,2252,1720242952,1726422128,71.51824074074074
392084683,2252,1722000625,1727440068,62.95651620370371
670659841,2244,1722857270,1723799556,10.906087962962962
626626146,2238,1722851904,1724074677,14.152465277777777
577033492,2237,1722309247,1725457190,36.43452546296297
492677076,2234,1722385530,1723664464,14.802476851851852
699201912,2234,1724161762,1727183507,34.973900462962966
281074684,2230,1722417692,1722515383,1.1306828703703704
718717094,2213,1724224661,1724647792,4.897349537037037
203739210,2209,1726372274,1726700110,3.794398148148148
602162825,2206,1719818561,1726743684,80.15188657407407
324701615,2203,1722619018,1722915074,3.426574074074074
556267233,2201,1721742647,1726565974,55.82554398148148
504191727,2184,1720027684,1726205676,71.50453703703704
439964313,2176,1723776876,1724442187,7.700358796296296
568164723,2170,1721187583,1727277607,70.48638888888888
407085203,2149,1721165926,1721190134,0.2801851851851852
573549386,2144,1723005232,1725336597,26.983391203703704
765102387,2141,1721315040,1727236539,68.53586805555555
279964080,2140,1722058700,1722069966,0.13039351851851852
276032306,2139,1720636844,1725415955,55.31378472222222
519135078,2132,1725311621,1726061389,8.677870370370371
360324935,2131,1721983090,1726803501,55.79179398148148
377797282,2124,1724222647,1724412223,2.194166666666667
600044536,2116,1721069464,1727114357,69.96403935185185
202467447,2109,1723002561,1725695411,31.16724537037037
761988627,2104,1719991423,1721118209,13.04150462962963
788382822,2090,1722483557,1726434634,45.73005787037037
591488878,2082,1719920716,1726294592,73.77171296296297
724957544,2081,1723486953,1724014820,6.109571759259259
676967949,2050,1723708349,1724567129,9.939583333333333
610271229,2040,1719792106,1719924935,1.5373726851851852
735486008,2039,1721554975,1726994349,62.95571759259259
639527454,2029,1725441795,1726771991,15.395787037037037
540947771,2026,1719937572,1727367193,85.99098379629629
741110750,2026,1719825870,1727438662,88.11101851851852
572049171,2013,1719881880,1720041705,1.8498263888888888
202113676,2011,1720039540,1725336110,61.302893518518516
760971283,2004,1719890504,1727612199,89.3714699074074
325552229,2001,1720745257,1721091400,4.006284722222222
472588463,1993,1720132251,1725750164,65.0221412037037
250471444,1990,1719896721,1720110401,2.473148148148148
448849362,1985,1723648264,1724759829,12.865335648148148
776830867,1984,1720666709,1725724063,58.534189814814816
278507460,1983,1724380174,1724890938,5.91162037037037
454926713,1976,1720595744,1725949135,61.96054398148148
307075102,1972,1719929736,1726657509,77.86774305555555
554733143,1971,1722636786,1727579888,57.2118287037037
434096970,1967,1721580106,1723584469,23.198645833333334
216820736,1956,1722736256,1722793838,0.6664583333333334
730004200,1952,1725958014,1726051987,1.0876504629629629
352997385,1950,1720482468,1722990203,29.024710648148147
639966408,1949,1725472415,1727356710,21.80896990740741
712130699,1947,1724035024,1727551259,40.69716435185185
675640838,1939,1722731896,1724508960,20.567870370370372
217692843,1937,1720543236,1721395400,9.86300925925926
704155865,1937,1719792138,1726214620,74.33428240740741
768260685,1932,1724332822,1725638356,15.110347222222222
444212886,1922,1721140350,1727388234,72.31347222222222
447093283,1921,1722253333,1725345942,35.79408564814815
228477023,1920,1719848239,1722096507,26.02162037037037
626027797,1920,1722920547,1722988735,0.789212962962963
664173288,1918,1724070413,1727704932,42.06619212962963
700090722,1917,1724687358,1727111994,28.062916666666666
632569232,1913,1720580810,1724617859,46.72510416666667
602872173,1912,1721354985,1727378826,69.72038194444444
793353005,1904,1724372229,1724402141,0.3462037037037037
293575253,1899,1721576228,1721808981,2.693900462962963
723244378,1895,1719843815,1726970320,82.48269675925926
223654283,1892,1723613663,1727463462,44.557858796296294
776607632,1891,1719962590,1727619896,88.62622685185185
530166501,1889,1725401108,1725887408,5.628472222222222
353948192,1888,1720525764,1726634047,70.6977199074074
561817137,1887,1719794613,1727577592,90.08077546296296
533050058,1874,1719949851,1727463377,86.96210648148148
702483380,1872,1723524670,1724663922,13.185787037037038
664092710,1867,1721982706,1727416888,62.895625
518298596,1854,1720480117,1723788496,38.291423611111114
275802276,1841,1719909879,1721632466,19.937349537037036
519543359,1840,1720770703,1727041221,72.57543981481481
681940116,1839,1725333697,1725597685,3.0554166666666664
674391532,1832,1719909545,1727358266,86.21204861111111
450661550,1831,1719808286,1726223259,74.24737268518518
667999325,1830,1723482543,1725921476,28.228391203703705
544224097,1827,1722573784,1723902268,15.375972222222222
778047079,1822,1724175167,1727516172,38.66903935185185
266395246,1819,1720049268,1720062608,0.15439814814814815
371029115,1816,1725546685,1726341627,9.200717592592593
581585385,1815,1719934092,1726557215,76.6565162037037
443785395,1814,1720880219,1725707027,55.865833333333335
691121473,1804,1726280500,1726292122,0.13451388888888888
667131130,1803,1721566404,1721986693,4.864456018518519
715094202,1802,1720780877,1721071727,3.3663194444444446
466252719,1799,1722923853,1725951615,35.04354166666667
279331626,1798,1719971543,1727360811,85.52393518518518
510818336,1796,1721577460,1727530993,68.90663194444444
714003597,1794,1726653192,1727097690,5.144652777777778
408546238,1790,1721215624,1721717620,5.810138888888889
711501706,1789,1719817551,1720521441,8.146875
398745015,1787,1723794066,1727552927,43.50533564814815
393104988,1784,1723978296,1724312644,3.8697685185185184
323900360,1782,1723479880,1725866260,27.62013888888889
289622304,1781,1722778387,1727254378,51.80545138888889
232584116,1774,1724759620,1725441801,7.895613425925926
760373385,1774,1720116202,1727619502,86.84375
288782343,1773,1723654711,1724569817,10.591504629629629
686249137,1771,1723540683,1723567176,0.30663194444444447
285850989,1770,1722598787,1724638231,23.604675925925925
543900334,1770,1719820577,1726043285,72.02208333333333
268647577,1769,1723728575,1726654702,33.867210648148145
680875188,1768,1724451032,1724485113,0.3944560185185185
493036288,1767,1719930244,1726566747,76.81137731481482
220577591,1766,1721227694,1726877683,65.3933912037037
356334475,1764,1727226026,1727269799,0.5066319444444445
600973991,1751,1722084313,1726850323,55.16215277777778
651271649,1749,1726406640,1727101241,8.039363425925925
495842140,1743,1727464993,1727624005,1.8404166666666666
407503946,1741,1720714835,1725517041,55.58108796296296
442875947,1740,1721250226,1727419268,71.40094907407408
415447102,1740,1720122392,1722658124,29.34875
524985982,1739,1721655032,1726661402,57.944097222222226
669850386,1725,1724154965,1727027671,33.24891203703704
518644658,1713,1721552040,1726641278,58.90321759259259
297143785,1712,1723490968,1724041149,6.367835648148148
564702909,1709,1721695166,1722782363,12.583298611111111
272880305,1703,1721600578,1724469588,33.20613425925926
712574034,1702,1725302343,1726356223,12.197685185185184
398244172,1698,1721277098,1724299734,34.984212962962964
575278232,1697,1722660752,1725651703,34.61748842592593
289140990,1692,1722601512,1726737961,47.87556712962963
386771259,1688,1719792087,1720152039,4.166111111111111
789471730,1687,1722595023,1724042869,16.75747685185185
476839100,1682,1720667437,1726121614,63.127048611111114
356593053,1681,1722819112,1723981549,13.454131944444445
687587323,1679,1721554903,1727284128,66.31047453703704
543485448,1677,1722826229,1727644686,55.76917824074074
359988948,1672,1720827436,1720879014,0.5969675925925926
594012462,1671,1726904059,1726945300,0.4773263888888889
472725611,1666,1724225471,1727618908,39.2758912037037
302814756,1664,1721398275,1721627730,2.6557291666666667
380380010,1663,1721618579,1721891802,3.1623032407407408
552875478,1660,1722993556,1725341856,27.17939814814815
583180260,1660,1724033999,1724177448,1.6602893518518518
685816253,1660,1722786052,1724331580,17.888055555555557
484634498,1656,1721637676,1726556202,56.927384259259256
777891473,1656,1720671384,1724445734,43.68460648148148
729004664,1655,1725666912,1725704017,0.4294560185185185
786723488,1651,1724243329,1724887720,7.4582291666666665
461612024,1649,1720689228,1727599031,79.97457175925926
367815038,1647,1720025397,1727202323,83.06627314814814
736417691,1647,1720172593,1723611789,39.80550925925926
543814543,1643,1721311843,1724641344,38.535891203703706
209334573,1636,1720202595,1725604046,62.516793981481484
756740971,1635,1724687566,1727564019,33.29228009259259
651489092,1628,1721594697,1721899420,3.5268865740740742
303388088,1626,1720677967,1721197194,6.009571759259259
715536329,1621,1720131695,1725513347,62.287638888888885
604495175,1620,1721735424,1724129112,27.704722222222223
602782434,1620,1722561069,1722606249,0.5229166666666667
697112752,1619,1721100666,1727282993,71.55471064814814
247267266,1619,1722290778,1727557663,60.95931712962963
626512904,1618,1721473212,1725668702,48.55891203703704
377773218,1614,1719998336,1720072276,0.8557870370370371
367292088,1614,1722795473,1727530950,54.808761574074076
302197827,1614,1722546689,1724010316,16.940127314814816
757668240,1613,1725456096,1727621148,25.05847222222222
204196647,1611,1721378182,1722481220,12.766643518518519
569801865,1606,1724654766,1724844939,2.2010763888888887
606933414,1603,1721303072,1727348229,69.96709490740741
417241216,1598,1719930146,1720100004,1.9659490740740742
614812861,1592,1721664952,1725626066,45.84622685185185
654909765,1580,1724297971,1727577802,37.96100694444444
370670354,1575,1721557668,1722105461,6.34019675925926
386632774,1554,1723842056,1724500627,7.622349537037037
485033265,1551,1721813016,1726617217,55.604178240740744
305953462,1550,1723964105,1725730269,20.441712962962963
278734437,1547,1720740326,1727521260,78.4830324074074
542472807,1546,1720067228,1724889070,55.80835648148148
393416501,1541,1721203743,1721381212,2.054039351851852
594665954,1537,1719979176,1722736993,31.91917824074074
619933275,1533,1721652551,1724179734,29.24980324074074
311453004,1531,1722806168,1725604130,32.38381944444444
226072324,1528,1721619151,1722823979,13.944768518518519
765245297,1522,1723693299,1724866621,13.580115740740741
594417402,1520,1722646810,1727183487,52.507835648148145
208438958,1520,1722077950,1727432145,61.969849537037035
384142373,1519,1725359901,1727293567,22.380393518518517
763068152,1518,1723554026,1726147610,30.018333333333334
360596667,1516,1719926182,1727484138,87.47634259259259
691096607,1515,1721028647,1725629560,53.25130787037037
530448420,1514,1720957056,1720973862,0.19451388888888888
438295088,1513,1720063253,1727621522,87.47996527777778
752639323,1511,1724291193,1725434349,13.230972222222222
753562171,1510,1721433045,1727430789,69.41833333333334
481385715,1510,1721228329,1722793017,18.109814814814815
217184426,1499,1723575734,1724763734,13.75
374985453,1495,1720604375,1723643997,35.18081018518519
794529444,1494,1724369489,1725718287,15.611087962962962
212962160,1492,1720810997,1720857232,0.5351273148148148
240678560,1489,1722609542,1724178799,18.16269675925926
267875338,1487,1721265552,1721623040,4.1375925925925925
280192680,1479,1721293082,1721703148,4.746134259259259
526088295,1474,1719814052,1721136446,15.305486111111112
796497768,1471,1721243929,1727049611,67.19539351851851
457694179,1468,1724397442,1725738037,15.516145833333333
335282134,1468,1723765684,1723785756,0.2323148148148148
589293893,1464,1720742266,1727192998,74.66125
373774553,1464,1723651400,1724373386,8.356319444444445
483295635,1463,1724845852,1724866883,0.24341435185185184
286036030,1463,1725714548,1725733695,0.2216087962962963
700849655,1462,1722749296,1725337576,29.956944444444446
359425256,1460,1725671552,1725696512,0.28888888888888886
617770315,1450,1721109719,1727667263,75.8975
654821258,1445,1720746045,1725646952,56.72346064814815
349780391,1445,1719944483,1727393732,86.21815972222223
589759396,1444,1725708692,1726394754,7.9405324074074075
778435934,1443,1722730689,1722925932,2.2597569444444443
613703565,1442,1725529798,1726284715,8.737465277777778
535463752,1442,1719906440,1726138388,72.12902777777778
204659690,1438,1724075277,1726403627,26.94849537037037
719422511,1436,1725927646,1726039365,1.2930439814814816
736522056,1431,1721175592,1724643695,40.140081018518515
362538798,1428,1722919519,1723730512,9.386493055555556
792571919,1423,1722843664,1727377221,52.47172453703703
794909103,1423,1720707177,1724456621,43.396342592592596
718268608,1421,1725359215,1726478757,12.957662037037037
361275809,1420,1719792181,1720067266,3.183854166666667
427308257,1419,1724762733,1727442988,31.021469907407408
228211882,1415,1721400339,1725566383,48.21810185185185
591308439,1414,1722574747,1725291740,31.44667824074074
249194142,1414,1722595920,1722659720,0.7384259259259259
582540208,1414,1719894361,1727482802,87.82917824074075
689912312,1411,1721742869,1721759429,0.19166666666666668
615785007,1408,1720231018,1720519588,3.3399305555555556
210192077,1398,1727564197,1727592837,0.3314814814814815
736251569,1396,1720228790,1723978471,43.39908564814815
668793787,1393,1727267817,1727590264,3.732025462962963
226259949,1390,1720470186,1724404284,45.533541666666665
524985998,1389,1721390056,1721420796,0.355787037037037
462959893,1389,1724571335,1726918268,27.163576388888888
291444362,1387,1719926657,1721704631,20.57840277777778
598551901,1387,1721555384,1725874850,49.99381944444445
281098686,1386,1721293678,1721717408,4.904282407407408
408330010,1382,1719821082,1720524796,8.144837962962963
451433880,1382,1723479682,1724650702,13.553472222222222
325074539,1379,1727489334,1727512525,0.26841435185185186
305745573,1379,1724732485,1724809593,0.8924537037037037
296423208,1377,1725284946,1726480334,13.83550925925926
771953526,1377,1724030299,1724221331,2.2110185185185185
255986343,1371,1723819286,1727271009,39.950497685185184
299208187,1370,1726536681,1726623437,1.0041203703703703
360500006,1368,1723765789,1723784619,0.2179398148148148
791945520,1363,1723572104,1724506221,10.811539351851852
379201679,1356,1721107598,1725797271,54.278622685185184
717883959,1352,1720731829,1727417080,77.37559027777777
752833965,1351,1725558369,1725570969,0.14583333333333334
206670507,1347,1719878371,1727609643,89.48231481481481
516580345,1345,1722513653,1723981753,16.99189814814815
614629337,1344,1724849729,1724863450,0.15880787037037036
538262468,1344,1721017268,1726276732,60.87342592592593
672667735,1343,1722639075,1723999902,15.7503125
767654708,1342,1719955154,1723609251,42.29278935185185
211452042,1338,1719934084,1726729433,78.64987268518519
379958128,1335,1721158827,1725696566,52.520127314814815
292964673,1335,1720649561,1720661620,0.13957175925925927
761929025,1329,1723985385,1724178135,2.2309027777777777
679783869,1313,1723845648,1724037853,2.2245949074074076
494395756,1313,1722613039,1723953359,15.512962962962963
383311824,1312,1725678152,1725695853,0.20487268518518517
681462583,1312,1721111758,1727598229,75.07489583333333
398810510,1312,1719990453,1727572377,87.75375
538288573,1311,1721320760,1721341214,0.23673611111111112
267532037,1310,1725784407,1725802118,0.20498842592592592
663008887,1308,1720608149,1722263754,19.162094907407408
375195195,1307,1719866687,1721689536,21.09778935185185
713074961,1307,1721725153,1724849390,36.16015046296296
754513202,1306,1723897933,1724513768,7.127719907407408
203471151,1306,1726026375,1726051504,0.2908449074074074
644036845,1302,1725566705,1727583093,23.337824074074074
728902561,1302,1721261705,1727046322,66.95158564814815
419962147,1301,1726045450,1726549698,5.836203703703704
529881251,1300,1724696539,1724829377,1.5374768518518518
762336253,1298,1721313962,1725431385,47.6553587962963
549013636,1292,1726713204,1727482951,8.909108796296296
797239572,1291,1723707050,1724871669,13.479386574074073
761310519,1290,1723638900,1723963494,3.756875
549159970,1289,1722729719,1724100479,15.865277777777777
654549149,1281,1720124258,1727549980,85.94585648148148
572997704,1278,1727457371,1727491381,0.39363425925925927
321050982,1277,1722006036,1724222912,25.658287037037038
363529897,1277,1723691682,1723711273,0.22674768518518518
262239414,1276,1720040030,1720932142,10.32537037037037
724893686,1276,1720073704,1726578091,75.28225694444444
720883630,1276,1727440179,1727465512,0.2932060185185185
763404015,1275,1719863072,1721704580,21.31375
373954461,1274,1719928138,1721283507,15.687141203703703
378330116,1274,1722860632,1723084662,2.5929398148148146
441873570,1273,1723703298,1723713151,0.11403935185185185
316677652,1271,1723715491,1723738552,0.2669097222222222
723545000,1270,1720510588,1727574981,81.76380787037037
630891790,1267,1720460101,1720509777,0.5749537037037037
744799355,1267,1719918426,1726561579,76.8883449074074
771481135,1266,1725394414,1726728851,15.444872685185185
635344542,1264,1721569653,1723546500,22.88017361111111
582758310,1263,1723716077,1723737297,0.24560185185185185
354584421,1261,1722767618,1725814186,35.26120370370371
711340796,1257,1721131128,1721547603,4.8203125
537778064,1256,1721738001,1725474972,43.251979166666665
723187987,1253,1721396456,1721411022,0.16858796296296297
391437397,1253,1724364941,1724387532,0.2614699074074074
644146239,1252,1724255606,1726387832,24.678541666666668
472471051,1249,1721172127,1725368657,48.57094907407407
601972759,1249,1722597365,1726623338,46.59690972222222
228824945,1248,1719792140,1725733258,68.76293981481481
229292500,1245,1721118237,1727421184,72.95077546296297
551927388,1244,1722795737,1727429603,53.63270833333333
666172996,1240,1720684252,1721109440,4.921157407407407
468970120,1240,1719829884,1727092857,84.0621875
645939558,1238,1723524021,1723566667,0.493587962962963
399141006,1233,1722190720,1722271521,0.9351967592592593
585961019,1227,1721034675,1724888771,44.607592592592596
580706694,1225,1723579993,1725302901,19.941064814814816
679110871,1220,1720031938,1720045534,0.15736111111111112
213835043,1217,1721777069,1722522232,8.62457175925926
589477236,1217,1720679850,1720900195,2.550289351851852
683010653,1211,1720248230,1720690660,5.120717592592593
452967422,1211,1724269525,1725910990,18.9984375
242832479,1209,1724848632,1724873473,0.28751157407407407
621800391,1208,1725619860,1725638689,0.21792824074074074
573035859,1199,1723838187,1723995920,1.825613425925926
710528216,1198,1719792054,1722661730,33.21384259259259
338016943,1196,1721034237,1726473089,62.94967592592592
394620262,1196,1722640950,1723787216,13.266967592592593
760334367,1195,1723929401,1725557081,18.83888888888889
735907752,1191,1721986184,1724392715,27.853368055555556
492053564,1190,1724431732,1724461722,0.3471064814814815
714009767,1188,1721393200,1722679777,14.8909375
343530890,1187,1722970321,1725615690,30.61769675925926
319131139,1186,1725884626,1726040649,1.8058217592592594
537534157,1186,1721375551,1721392202,0.1927199074074074
542332251,1186,1721579052,1725722557,47.95723379629629
757496454,1184,1724042898,1726485987,28.276493055555555
784786778,1183,1722146341,1723671502,17.652326388888888
509008788,1183,1723565748,1725731396,25.06537037037037
780552650,1182,1727620311,1727636179,0.1836574074074074
572018857,1181,1723888987,1725775780,21.837881944444444
528123477,1178,1721379874,1721402515,0.2620486111111111
540825721,1172,1720652157,1721248589,6.903148148148148
277048020,1171,1726707062,1727212477,5.8497106481481485
658520241,1171,1723977132,1727576426,41.65849537037037
219678903,1170,1724860192,1724885422,0.2920138888888889
410372036,1169,1720503051,1726382667,68.05111111111111
729237746,1168,1727211951,1727221742,0.11332175925925926
203082781,1168,1722739041,1724765699,23.456689814814816
768982628,1164,1725681591,1725704121,0.2607638888888889
476287041,1163,1721096504,1721804192,8.190833333333334
229440531,1162,1727555873,1727573946,0.20917824074074073
572527693,1162,1721019605,1727200266,71.53542824074074
414871625,1160,1722077491,1722577294,5.784756944444444
338460588,1157,1723889580,1726186006,26.57900462962963
735724142,1156,1719905131,1723823838,45.35540509259259
274340268,1155,1721220753,1727123737,68.32157407407408
521565805,1155,1721179183,1723877490,31.230405092592594
534004730,1153,1722778735,1727323450,52.60086805555556
707570578,1150,1719901201,1719924604,0.27086805555555554
739457459,1146,1722305925,1722435833,1.5035648148148149
531113134,1145,1723046881,1724857015,20.950625
274815718,1144,1720927803,1722974982,23.69420138888889
458315808,1143,1720080401,1727622095,87.288125
764583175,1141,1720147630,1727583136,86.05909722222222
753852380,1139,1719893387,1722675852,32.20445601851852
429764052,1139,1725283527,1726131547,9.815046296296297
708351358,1136,1721232425,1726559542,61.65644675925926
202914769,1135,1720539243,1726469116,68.63278935185186
276422299,1135,1719856014,1722255053,27.766655092592593
369048697,1133,1721568088,1726565370,57.83891203703703
656768996,1130,1721727117,1721740180,0.15119212962962963
441413127,1129,1721731624,1726794713,58.60056712962963
469824750,1127,1721204704,1721738959,6.183506944444445
399407233,1127,1720701126,1721286180,6.771458333333333
575429003,1127,1725579276,1726089165,5.901493055555555
251983844,1126,1721309201,1723737744,28.108136574074074
759178121,1124,1720479723,1722799139,26.845092592592593
345448789,1124,1720023614,1720601625,6.68994212962963
551319535,1123,1721462338,1725424487,45.858206018518516
268302637,1122,1720017357,1726117902,70.60815972222223
215409776,1121,1727472261,1727495234,0.2658912037037037
575854397,1111,1721615268,1727414099,67.11609953703703
529899469,1110,1719820450,1727326947,86.88075231481481
213366490,1110,1720883415,1722733432,21.412233796296295
386964016,1109,1724105036,1724283724,2.0681481481481483
680398450,1108,1722245297,1725833969,41.535555555555554
467269936,1108,1719962728,1723854699,45.045960648148146
204710876,1108,1725694003,1725712177,0.2103472222222222
720825007,1107,1720832624,1724786694,45.76469907407407
386052731,1104,1725281204,1725691867,4.753043981481482
781150519,1104,1721542225,1722936930,16.14241898148148
533245074,1103,1721579880,1724715551,36.292488425925924
482468749,1103,1724596433,1725379078,9.058391203703703
602920122,1100,1723709720,1727539029,44.32070601851852
628550428,1099,1720921242,1726412648,63.557939814814816
566735430,1098,1721723038,1726948162,60.475972222222225
694257307,1098,1725454562,1726569125,12.900034722222221
717837690,1097,1725685690,1725705699,0.23158564814814814
639783669,1097,1721714458,1724867870,36.497824074074074
274745228,1095,1724317645,1724491270,2.009548611111111
602647003,1089,1720058941,1725552010,63.5771875
400568034,1089,1721677567,1722458173,9.034791666666667
287292073,1089,1725678240,1725715398,0.43006944444444445
463849966,1089,1719923562,1723636996,42.979560185185186
369968588,1088,1721268797,1724141366,33.24732638888889
503348870,1085,1727573423,1727596453,0.26655092592592594
457401630,1084,1719914217,1726811818,79.83334490740741
389209489,1083,1725606170,1725644708,0.44604166666666667
784127212,1083,1720680239,1723813925,36.26951388888889
654368352,1082,1721194486,1726582086,62.35648148148148
502333078,1082,1721728647,1721744359,0.18185185185185185
578254319,1080,1721084092,1721106842,0.2633101851851852
753134984,1080,1722602968,1722629958,0.3123842592592593
744831034,1078,1726061376,1727415886,15.677199074074075
629246641,1077,1727485297,1727516747,0.36400462962962965
210346783,1077,1724628850,1725689910,12.280787037037037
521189785,1076,1722582207,1722951334,4.272303240740741
436411191,1074,1725447068,1725468300,0.24574074074074073
230190760,1073,1725770386,1725791833,0.24822916666666667
426017488,1071,1719923490,1727515695,87.87274305555556
543511838,1068,1720233200,1725608338,62.21224537037037
682578052,1067,1721951609,1722795249,9.764351851851853
554675797,1062,1722846722,1726990865,47.964618055555555
395161015,1060,1726749358,1726805480,0.6495601851851852
558342714,1058,1720724949,1722563069,21.27453703703704
550168727,1055,1720875425,1725561132,54.23271990740741
215901618,1054,1722998241,1723823974,9.557094907407407
381860182,1053,1720538941,1727316247,78.44104166666666
642222019,1053,1725598264,1726355612,8.765601851851851
544046256,1051,1721662051,1721683072,0.24329861111111112
401188080,1050,1720830103,1724492149,42.384791666666665
530066587,1047,1723518563,1727240727,43.08060185185185
289365514,1046,1721817374,1721832304,0.1728009259259259
709732520,1044,1725611897,1727452031,21.297847222222224
204645052,1039,1724227845,1726035035,20.916550925925925
685496140,1038,1722745647,1722769388,0.2747800925925926
760259628,1038,1722793568,1725420612,30.405601851851852
406251276,1037,1720666610,1724642914,46.02203703703704
578487721,1037,1719924771,1725531261,64.88993055555555
736672008,1036,1723040529,1727570369,52.428703703703704
342865271,1035,1722951773,1726724118,43.661400462962966
336706978,1035,1720243588,1725710413,63.2734375
249782334,1032,1721634037,1725614493,46.070092592592594
672010653,1032,1727505284,1727740746,2.72525462962963
479285878,1029,1722296078,1723670357,15.906006944444444
253519956,1027,1721901694,1725464786,41.23949074074074
704804645,1026,1721293579,1721309099,0.17962962962962964
396240806,1023,1722089348,1723989197,21.988993055555557
426791726,1021,1724044746,1724131898,1.0087037037037037
743211114,1017,1720009660,1727326607,84.68688657407408
605525432,1017,1723490996,1723519192,0.3263425925925926
351662163,1014,1724750553,1727391818,30.57019675925926
307120710,1012,1725535459,1725550548,0.1746412037037037
364199023,1012,1720639079,1725690922,58.47040509259259
788502315,1011,1720059053,1726716856,77.05790509259259
294048061,1011,1720100158,1725534858,62.901620370370374
301558775,1009,1722374482,1727557078,59.98375
542714934,1008,1725287659,1725456176,1.9504282407407407
606466905,1008,1719903641,1725507992,64.86517361111112
661384676,1006,1725613778,1725635029,0.24596064814814814
497546615,1005,1726047540,1726216282,1.9530324074074075
234103040,1005,1720190763,1722670898,28.705266203703705
275221184,1004,1720158336,1721129158,11.236365740740741
376593383,1003,1725278567,1725339250,0.7023495370370371
433792104,1001,1724217605,1724606968,4.506516203703704
771020209,998,1725876782,1726646005,8.903043981481481
282536107,998,1720861764,1725356458,52.0219212962963
616936803,997,1719907557,1726024521,70.79819444444445
584019801,997,1724065356,1724868093,9.2909375
769794166,996,1722776687,1722792173,0.17923611111111112
742283251,993,1721681772,1722746175,12.319479166666667
224531643,992,1725649705,1725687421,0.4365277777777778
656414947,991,1721295449,1726231941,57.13532407407408
597290766,991,1722256265,1722752191,5.739884259259259
421307601,989,1726362075,1726374246,0.14086805555555557
659385800,988,1722948536,1726813261,44.730613425925924
426300745,987,1724097768,1724112889,0.17501157407407408
593345381,987,1719891859,1719920010,0.32582175925925927
618782198,987,1725280991,1727622067,27.095787037037038
613956314,986,1721622599,1722596074,11.26707175925926
319605890,986,1720670456,1720698827,0.32836805555555554
319032496,984,1720720588,1725716799,57.826516203703704
736995680,983,1722675281,1724544183,21.630810185185187
502485062,982,1722981070,1723875746,10.355046296296296
727858825,981,1723550973,1725566246,23.32491898148148
367101255,980,1722610013,1725704647,35.81752314814815
594661852,980,1720576674,1720592425,0.18230324074074075
217229109,978,1719988591,1722853589,33.15969907407408
408031424,976,1719813684,1727612937,90.26913194444444
463733305,975,1721603378,1721624372,0.24298611111111112
570097488,974,1725365451,1727521104,24.9496875
278870395,972,1721671921,1727584756,68.43559027777778
469806909,971,1724079370,1727327111,37.58959490740741
492648552,971,1719920735,1721728468,20.922835648148148
549021477,969,1724756175,1725683533,10.733310185185186
325786369,968,1720788825,1720797891,0.10493055555555555
497456795,963,1723698318,1723723068,0.2864583333333333
734274238,962,1719973744,1723758632,43.80657407407407
704763667,960,1725960044,1727517225,18.02292824074074
374016019,959,1722628335,1722645085,0.19386574074074073
229454484,958,1724371088,1724389428,0.21226851851851852
682245304,957,1727438493,1727457414,0.21899305555555557
698974364,957,1719923671,1726569588,76.92033564814815
610411161,953,1722463366,1723566903,12.772418981481481
440983944,952,1721069699,1724315794,37.57054398148148
657984576,952,1723491710,1723580714,1.030138888888889
232548356,952,1727537511,1727569913,0.37502314814814813
497680082,950,1721638876,1723005093,15.812696759259259
445918277,945,1721232008,1721247479,0.1790625
295973074,945,1722932226,1723838598,10.490416666666667
344578312,944,1724850350,1725747173,10.379895833333334
410084242,944,1725636299,1725674636,0.44371527777777775
793660369,943,1724514510,1724533540,0.22025462962962963
455453598,942,1725704016,1725720927,0.19572916666666668
574756024,940,1719925429,1724334859,51.035069444444446
304171694,940,1721693314,1724110544,27.977199074074075
345084243,939,1720721455,1725583764,56.27672453703704
206945702,938,1727274254,1727634992,4.175208333333333
269370311,938,1719962480,1725691678,66.31016203703703
586375525,937,1721619125,1721633896,0.17096064814814815
238642550,936,1724150067,1725691513,17.840810185185184
311019715,936,1722421189,1725821580,39.356377314814814
560211497,935,1721182717,1721693233,5.90875
605064715,934,1722987475,1725474370,28.783506944444444
440131730,933,1720533982,1727278682,78.0636574074074
355356403,931,1725954362,1727420989,16.974849537037038
725972837,930,1722778503,1722793791,0.17694444444444443
449096704,930,1723860208,1727531349,42.49005787037037
386084114,929,1721326232,1721350762,0.28391203703703705
517899417,927,1723851197,1723877686,0.30658564814814815
627020376,922,1720777768,1727612537,79.10612268518518
343447383,921,1721607815,1721842582,2.717210648148148
796409223,921,1722729983,1726482909,43.436643518518515
694999206,920,1726577113,1726651586,0.8619560185185186
239690191,920,1720769877,1723603142,32.79241898148148
490738548,919,1727447732,1727464201,0.19061342592592592
535496149,918,1721314984,1721338042,0.266875
752245828,918,1719936223,1727490733,87.43645833333333
212025107,918,1721688303,1726155977,51.70918981481481
399275160,911,1720129899,1720438071,3.5668055555555553
655421806,910,1721569874,1722621466,12.171203703703704
687282970,910,1719882269,1721650303,20.463356481481483
570350496,910,1723555725,1723735572,2.0815625
370502392,909,1726429923,1727666373,14.31076388888889
651527354,909,1726652634,1727171443,6.004733796296296
369754642,908,1720611315,1724019541,39.44706018518519
752653704,907,1727439249,1727453576,0.16582175925925927
310430251,906,1722841816,1724504336,19.24212962962963
715017559,902,1720712604,1721718603,11.643506944444445
735344150,902,1719914769,1721552150,18.95116898148148
520219499,899,1722067019,1727441577,62.20553240740741
664634440,897,1725720445,1726497469,8.993333333333334
752263651,896,1720782792,1720805102,0.2582175925925926
356760762,895,1726728894,1726816029,1.0085069444444446
663750348,892,1724772438,1724796558,0.2791666666666667
412039722,890,1720481983,1723685190,37.07415509259259
251668625,889,1724055962,1727614839,41.19070601851852
718702956,887,1722516996,1723996103,17.11929398148148
510977854,886,1721474567,1721495337,0.2403935185185185
596921373,885,1725693662,1726380295,7.947141203703704
706422274,885,1722643269,1722667919,0.28530092592592593
797214743,885,1725585463,1725612782,0.3161921296296296
362533436,884,1727571372,1727587831,0.19049768518518517
587936968,883,1720577811,1727317456,78.00515046296296
645083552,882,1723595100,1724130086,6.191967592592593
567319840,882,1720014775,1726459071,74.58675925925925
372006337,881,1720000731,1727323732,84.75695601851852
505507405,879,1721290197,1721307978,0.2057986111111111
341918658,879,1721892729,1721916450,0.2745486111111111
587486115,879,1720135186,1721742688,18.60534722222222
405667933,879,1725614284,1725637224,0.2655092592592593
244965071,878,1719955097,1727157568,83.36193287037037
796567741,876,1719913733,1719931599,0.20678240740740741
431663375,875,1720892830,1724473308,41.44071759259259
592747529,873,1727179088,1727299882,1.3980787037037037
400092899,872,1721380038,1726801231,62.74528935185185
250968017,871,1725575386,1725589967,0.16876157407407408
659641514,868,1722532010,1723705597,13.58318287037037
437867645,867,1727265493,1727268023,0.029282407407407406
799250696,867,1721071486,1721086457,0.17327546296296295
398883040,867,1725535190,1725545296,0.1169675925925926
668280060,865,1719989017,1727579380,87.85142361111112
441628267,865,1719813190,1726375669,75.95461805555556
286870611,864,1720918250,1722156593,14.332673611111112
567580224,860,1724413117,1724427227,0.1633101851851852
523683506,860,1720801196,1721809183,11.666516203703704
395332242,858,1722857409,1726458185,41.67564814814815
339445665,856,1726196324,1727498772,15.07462962962963
533170023,856,1721726684,1723879378,24.915439814814814
788633572,854,1721279372,1721708082,4.961921296296296
666779654,853,1721858498,1722869233,11.69832175925926
488771000,852,1721618522,1721632593,0.1628587962962963
678789042,852,1724309922,1725327836,11.781412037037038
288307613,852,1725410499,1727567175,24.96152777777778
472749007,851,1724249214,1726547425,26.599664351851853
301648072,850,1726386155,1727164263,9.00587962962963
641319236,848,1722075813,1725733338,42.33246527777778
742983397,848,1720096364,1727345157,83.89806712962962
291493035,843,1725428080,1725462400,0.3972222222222222
672656854,843,1719865106,1726791505,80.16665509259259
381390265,842,1726858760,1726872921,0.16390046296296296
539634884,840,1720046521,1722973116,33.872627314814814
268989434,839,1727449400,1727589730,1.6241898148148148
364352360,837,1720972004,1721205768,2.705601851851852
500550806,837,1724512155,1724536096,0.2770949074074074
528104089,834,1724017752,1727624030,41.739328703703706
563781494,832,1719908483,1719922979,0.16777777777777778
427273585,832,1720092979,1721629918,17.788645833333334
475112323,832,1722290120,1722312501,0.25903935185185184
302054251,831,1723650424,1724205966,6.429884259259259
367470471,830,1720103085,1720690462,6.798344907407407
459533826,827,1722006627,1725515900,40.616585648148146
700865705,826,1719815841,1720157780,3.9576273148148147
215825820,826,1720728236,1720744825,0.1920023148148148
732870213,826,1723545752,1724487057,10.894733796296297
276390518,826,1720724642,1720736961,0.1425810185185185
280997490,823,1721947006,1724040530,24.23060185185185
438302186,823,1725284262,1725523944,2.774097222222222
230187660,822,1719838875,1724309972,51.74880787037037
722517395,822,1722570135,1724009482,16.659108796296298
512726249,822,1720609300,1723972951,38.93114583333333
363767002,821,1727603127,1727740730,1.592627314814815
227463591,819,1726097061,1727651515,17.99136574074074
444043557,819,1723640323,1723661933,0.2501157407407407
325677069,819,1724629491,1726736056,24.381539351851853
710461889,817,1726135183,1726468124,3.8534837962962962
483007579,815,1723638796,1723651667,0.1489699074074074
221796314,815,1722735108,1724562889,21.154872685185186
598255407,814,1722920667,1724158245,14.323819444444444
485137757,811,1719917697,1722767867,32.98807870370371
529794849,811,1723553434,1723565474,0.13935185185185187
753427490,811,1720795737,1727153869,73.58949074074074
317586521,809,1719925887,1724079399,48.073055555555555
699642109,808,1720946595,1722948799,23.173657407407408
568848344,807,1724561903,1725602670,12.045914351851852
346859660,806,1721954694,1726649045,54.332766203703706
674446539,806,1722514915,1722540266,0.29341435185185183
292976956,805,1723803535,1723824625,0.24409722222222222
299050514,804,1721716284,1727591509,68.00028935185185
393302576,804,1719865710,1727584127,89.3335300925926
653892259,803,1722592755,1722627015,0.39652777777777776
598182011,802,1721006790,1725341210,50.16689814814815
306729184,802,1723546594,1723570605,0.2779050925925926
563077047,801,1722586820,1722617270,0.3524305555555556
385342551,800,1721550057,1726215801,54.001666666666665
452358038,799,1722101268,1727336265,60.590243055555554
525655233,798,1722650953,1723556323,10.478819444444444
343563816,798,1724052381,1724095485,0.4988888888888889
373834759,796,1726305485,1726657268,4.0715625
703144566,795,1722631597,1724853703,25.718819444444446
536897920,795,1724495808,1724510207,0.1666550925925926
759977738,795,1721097202,1721114434,0.19944444444444445
270488561,794,1726407054,1726635048,2.6388194444444446
746591288,793,1726290129,1726483719,2.240625
480842903,792,1719928879,1727098945,82.986875
310502494,792,1720081322,1720257139,2.0349189814814816
652118479,792,1723872643,1723909647,0.428287037037037
783303564,792,1724101635,1724122407,0.24041666666666667
731514595,791,1727171491,1727585940,4.796863425925926
348995683,789,1720954158,1726821302,67.90675925925926
508778426,789,1725883321,1726057476,2.0156828703703704
637564634,788,1724390089,1724589898,2.3126041666666666
378070412,788,1721745342,1721763733,0.2128587962962963
260117121,788,1720698378,1725433376,54.803217592592596
634465750,787,1720992247,1721742382,8.682118055555556
559739527,784,1722294054,1722306065,0.1390162037037037
641976872,784,1726181855,1727358580,13.619502314814815
574050036,783,1720217441,1726949442,77.91667824074074
691186704,783,1723868871,1723884061,0.17581018518518518
476547662,781,1720550896,1720562446,0.13368055555555555
628004339,780,1725353567,1725376369,0.26391203703703703
367051701,780,1721658932,1724410817,31.850520833333334
627445625,780,1720062270,1720132023,0.8073263888888889
282677501,779,1721555736,1723534452,22.901805555555555
299143300,778,1722729620,1723681349,11.015381944444444
340290754,778,1721736434,1721740089,0.04230324074074074
782870097,777,1724156053,1724166461,0.12046296296296297
747896226,776,1719993991,1720169787,2.0346759259259257
362939435,776,1721030048,1724154916,36.16745370370371
210981130,775,1721639620,1724155260,29.116203703703704
797281960,774,1721549597,1727450300,68.29517361111111
588499910,774,1724771379,1725507733,8.52261574074074
506003566,773,1721517210,1724446181,33.90012731481482
473265570,770,1725595158,1725610487,0.17741898148148147
640237098,770,1721249176,1722130031,10.195081018518518
467222079,770,1727366618,1727391828,0.2917824074074074
526459452,767,1722938777,1724217061,14.794953703703703
503843722,763,1720061778,1723641550,41.432546296296294
255896524,763,1722217266,1722451673,2.7130439814814813
434269250,762,1727537177,1727569115,0.3696527777777778
627411620,762,1721686608,1724101833,27.953993055555557
537288086,762,1724508564,1724529517,0.2425115740740741
529533975,762,1721177109,1721701687,6.071504629629629
616897892,760,1720533512,1720548479,0.17322916666666666
685480902,759,1725578400,1727354609,20.557974537037037
618137403,759,1723479685,1723490025,0.11967592592592592
677488035,758,1720218637,1723542666,38.47255787037037
434448739,756,1727310099,1727324601,0.16784722222222223
375434414,756,1726735983,1726748200,0.14140046296296296
385008459,754,1721932944,1725951602,46.51224537037037
314051703,753,1720650629,1720665039,0.1667824074074074
397140803,752,1721317053,1725665608,50.330497685185186
449707700,752,1721549476,1727386880,67.56254629629629
609357012,752,1720523759,1726487586,69.02577546296297
513983259,752,1723048989,1723063596,0.1690625
489085323,751,1723616128,1725364998,20.241550925925925
240009300,750,1722639792,1726673161,46.68251157407408
600205295,750,1727487932,1727740522,2.9234953703703703
612453156,749,1720026823,1725769734,66.46887731481482
657302472,749,1724678854,1724828554,1.7326388888888888
735752005,748,1727576700,1727594669,0.20797453703703703
534420599,748,1720996901,1721019830,0.26538194444444446
659088318,748,1721184779,1726924174,66.42818287037036
313603717,747,1720990894,1722612507,18.768668981481483
698520821,747,1720652503,1724695258,46.79114583333333
342722240,747,1721597112,1721616873,0.22871527777777778
619234630,747,1720576405,1720591155,0.1707175925925926
653646414,746,1721732176,1721744886,0.14710648148148148
361662736,746,1721132237,1721919222,9.108622685185185
589266524,745,1724195402,1724207161,0.13609953703703703
369842216,745,1721005226,1722963185,22.6615625
783070654,745,1720657013,1720674463,0.2019675925925926
504626560,744,1721697948,1722283893,6.781770833333334
412943463,744,1724271919,1724281966,0.11628472222222222
491756340,743,1722897584,1725483778,29.932800925925925
514560865,743,1724388781,1724401302,0.14491898148148147
499305266,742,1725584217,1725611847,0.31979166666666664
622127199,742,1722857948,1723084743,2.6249421296296296
549557016,742,1721737768,1721744721,0.08047453703703704
445433469,741,1727500046,1727530996,0.3582175925925926
608748820,739,1722729620,1724779651,23.727210648148148
234530212,737,1722740261,1724335639,18.46502314814815
313728010,736,1721734005,1721965169,2.6755092592592593
223060729,735,1719993611,1727426763,86.03185185185185
339438525,734,1725671272,1725693433,0.25649305555555557
643367498,734,1720227576,1727724676,86.77199074074075
341210865,733,1719883826,1719900037,0.18762731481481482
724663678,732,1720517744,1725656069,59.471354166666664
461285502,732,1724077674,1724159006,0.9413425925925926
633667440,731,1722592613,1725948212,38.83795138888889
398103281,729,1723687984,1727677933,46.179965277777775
709458774,727,1726550386,1726670666,1.3921296296296297
504049508,726,1721731263,1721745034,0.15938657407407408
288856956,726,1720859188,1720875780,0.19203703703703703
649688944,726,1720078792,1727184763,82.24503472222223
275518725,725,1727439326,1727465328,0.30094907407407406
547034646,723,1720937252,1722758515,21.079432870370372
263385636,723,1723743314,1723759754,0.19027777777777777
506478480,723,1720900842,1726380721,63.42452546296296
212036707,720,1719832969,1721274255,16.681550925925926
606764774,720,1723719195,1725905610,25.305729166666666
586937661,720,1719891517,1720563883,7.782013888888889
423469807,720,1719842502,1722984792,36.36909722222222
396525310,720,1721883729,1723045599,13.447569444444444
755583996,720,1721621436,1721637725,0.1885300925925926
264502893,719,1720868361,1724197252,38.52883101851852
564216401,719,1726484834,1726749071,3.0582986111111112
216423248,718,1724345386,1725602230,14.546805555555556
392395823,717,1725517257,1727469373,22.593935185185185
530423006,717,1720812241,1722650697,21.278425925925927
269588534,717,1719920395,1724154154,49.00184027777778
522810759,717,1721176551,1721187270,0.1240625
718185713,717,1727607122,1727740625,1.5451736111111112
400550185,716,1724719521,1724806448,1.0060995370370371
234317012,715,1723878855,1726274300,27.72505787037037
404180464,715,1721728842,1726656842,57.03703703703704
544297935,715,1727014370,1727271825,2.9798032407407407
783615950,714,1719792085,1719847903,0.6460416666666666
477780408,714,1724149063,1724161083,0.13912037037037037
759930625,713,1721177718,1726484501,61.42109953703704
463453760,712,1720617346,1720630665,0.15415509259259258
545917462,712,1720622084,1722669030,23.69150462962963
468340977,711,1727699342,1727740640,0.4779861111111111
624065945,710,1723809773,1723822914,0.15209490740740741
589483612,710,1725538237,1726749827,14.023032407407408
255075187,710,1722932041,1722952111,0.23229166666666667
502429537,709,1726403735,1726412927,0.1063888888888889
415761144,708,1724031835,1724054201,0.25886574074074076
435168412,707,1721364532,1722602887,14.3328125
609389684,705,1724147179,1724161750,0.16864583333333333
548693116,705,1720926614,1723006403,24.071631944444444
578155661,703,1723073531,1723896434,9.524340277777778
425651825,703,1722779974,1723015599,2.7271412037037037
474563899,702,1722433064,1725725423,38.106006944444445
374613492,701,1724069593,1726572549,28.969398148148148
746503021,701,1724037233,1724051047,0.15988425925925925
451922506,701,1721393822,1727239165,67.65443287037037
401873982,701,1720616671,1726473023,67.78185185185185
566980348,700,1721974620,1722058886,0.9753009259259259
491205073,700,1722782541,1722825425,0.4963425925925926
200795022,700,1722915423,1722935344,0.23056712962962964
499202498,699,1722489252,1727594659,59.09035879629629
389071283,697,1721098763,1721114143,0.17800925925925926
671601384,697,1724045942,1724371109,3.7635069444444444
459184942,696,1721129950,1721552819,4.89431712962963
482548798,696,1719893487,1727596796,89.15866898148148
702912203,695,1722788077,1722811096,0.2664236111111111
640985968,695,1724124432,1724151712,0.31574074074074077
288579123,694,1721545440,1722739132,13.81587962962963
763997916,693,1726140928,1726386383,2.840914351851852
241089328,693,1727452402,1727468220,0.18307870370370372
335736360,692,1719902594,1722785160,33.36303240740741
716020256,691,1725686097,1726720120,11.967858796296296
405480310,691,1727094658,1727107787,0.15195601851851853
320645008,691,1721232826,1727069972,67.55956018518519
564302736,689,1721048503,1722348664,15.048159722222222
751295627,689,1724738084,1724751223,0.15207175925925925
296498519,688,1720475040,1724036783,41.223877314814814
754613628,687,1724372946,1724403117,0.3492013888888889
221626303,687,1721284386,1726264978,57.64574074074074
570354153,687,1725378087,1727444653,23.918587962962963
783447903,686,1723793797,1723809966,0.1871412037037037
676905730,686,1721672092,1721694471,0.2590162037037037
543283773,682,1719795223,1720985130,13.772071759259259
413166833,682,1719931285,1724668390,54.82760416666667
697895598,678,1725278476,1725286182,0.08918981481481482
473035195,678,1720696420,1725478183,55.344479166666666
378856584,677,1721638958,1722742221,12.769247685185185
600463220,676,1720006661,1721699828,19.596840277777776
263167087,674,1722628116,1724410935,20.634479166666665
308446603,673,1721564345,1727347344,66.9328587962963
600584564,673,1720246696,1721648622,16.22599537037037
400881045,672,1720525458,1722257814,20.050416666666667
686652299,672,1720170280,1720180831,0.12211805555555555
205305601,672,1720158724,1726103328,68.80328703703704
523528200,672,1723693353,1724875001,13.676481481481481
548033820,671,1723766173,1723783634,0.2020949074074074
523895640,669,1722248946,1722265676,0.19363425925925926
655101605,669,1720980633,1720990179,0.1104861111111111
447852597,669,1721169272,1721178659,0.10864583333333333
539027655,669,1723813676,1726288833,28.647650462962964
485281986,669,1725329270,1725458106,1.4911574074074074
706970082,668,1720236114,1725720269,63.474016203703705
345308452,668,1720077500,1723042154,34.313125
384788639,667,1723636038,1724876825,14.360960648148149
694717216,667,1725613077,1725636448,0.2704976851851852
599380532,665,1721105436,1726627541,63.91325231481481
337771338,665,1720105552,1723973993,44.77362268518519
460606717,665,1721591556,1721607035,0.1791550925925926
397835709,664,1726993122,1727003252,0.11724537037037037
765239069,663,1725664807,1725677086,0.14211805555555557
369563744,663,1726746401,1726759241,0.1486111111111111
564586402,662,1720981162,1721366133,4.455682870370371
448416717,662,1723887375,1723905729,0.21243055555555557
652914222,662,1721911183,1721945495,0.3971296296296296
379827734,660,1723623889,1724380865,8.761296296296296
643856977,658,1721043076,1722254498,14.021087962962962
709465009,657,1721567083,1726663338,58.98443287037037
248188779,656,1726419085,1726577664,1.8354050925925927
794130151,655,1721479443,1725308110,44.31327546296296
739634627,655,1722261120,1723823985,18.088715277777776
276430910,655,1724014677,1724023769,0.10523148148148148
316475228,655,1722252610,1722264481,0.13739583333333333
411865756,655,1721119322,1727356569,72.1903587962963
316010378,654,1723943732,1725484480,17.83273148148148
441489953,654,1721798278,1721911510,1.3105555555555555
241669282,652,1720676601,1727621909,80.38550925925927
669941554,651,1724815976,1724830757,0.17107638888888888
393577771,650,1721373261,1727611508,72.20193287037037
364770956,650,1722788735,1722803179,0.16717592592592592
734535580,650,1725598030,1725618890,0.2414351851851852
582906084,648,1723498643,1724167567,7.742175925925926
435428441,647,1721011704,1723652297,30.562418981481482
445387083,645,1721576945,1722618016,12.04943287037037
660913214,644,1725382754,1726300406,10.620972222222223
381813319,644,1722746018,1722810897,0.7509143518518518
319972792,644,1720061554,1727383606,84.74597222222222
577111576,644,1723517238,1726536935,34.950196759259256
672452069,643,1722929385,1722947765,0.2127314814814815
537382773,643,1723871527,1724567370,8.053738425925927
337313958,643,1723019669,1723861093,9.738703703703704
694851793,643,1724380603,1724390794,0.11795138888888888
790818863,642,1721718114,1721738897,0.24054398148148148
443366564,641,1722191035,1727237989,58.41381944444444
288590075,641,1721937161,1725694460,43.48725694444445
732615081,640,1722649072,1726002918,38.81766203703704
307848903,640,1721082049,1721098210,0.18704861111111112
554295764,640,1720085602,1722936011,32.99084490740741
643928824,639,1721058195,1721073044,0.17186342592592593
242388868,638,1721771376,1721783336,0.13842592592592592
430165698,638,1722617983,1727433014,55.72952546296296
219055850,638,1724331921,1724344474,0.14528935185185185
394005104,637,1725626404,1725648954,0.26099537037037035
619021859,636,1719792026,1720510422,8.314768518518518
374577501,635,1721473535,1721490735,0.19907407407407407
204640258,635,1721622406,1722918357,14.99943287037037
217342778,633,1720833770,1720846971,0.15278935185185186
645322869,632,1721080057,1721096726,0.19292824074074075
281120248,632,1719863474,1719877549,0.1629050925925926
455332330,632,1722541952,1722553793,0.1370486111111111
694172636,631,1721443307,1725839878,50.886238425925924
616310848,631,1722958134,1723016994,0.68125
565265529,630,1725968866,1726130025,1.8652662037037038
252529767,628,1726497187,1726507157,0.11539351851851852
545847880,627,1722087633,1723544602,16.86306712962963
217151068,626,1725595036,1727340269,20.199456018518518
403355949,626,1722676704,1722683670,0.080625
591037728,625,1725675510,1725695519,0.23158564814814814
726913438,624,1723791333,1723813991,0.2622453703703704
235585018,624,1724682811,1726908353,25.758587962962963
441966446,624,1725674076,1725685484,0.13203703703703704
696859731,624,1720078689,1720145140,0.7691087962962962
691297301,624,1725695597,1727607198,22.125011574074072
389287448,622,1725581922,1725607183,0.29237268518518517
224206338,622,1727422682,1727508246,0.9903240740740741
557528867,621,1726664047,1726673028,0.10394675925925925
396913583,621,1723024363,1723042452,0.20936342592592594
376010827,619,1722782832,1722923721,1.6306597222222223
237199849,619,1719814805,1720852035,12.004976851851852
738098849,619,1720231605,1722063728,21.205127314814813
268520205,617,1723861541,1724665835,9.308958333333333
387118360,615,1722783830,1726807814,46.57388888888889
225879214,615,1724493761,1724502972,0.1066087962962963
585232936,614,1720460103,1720465941,0.06756944444444445
310366356,613,1727459693,1727469583,0.11446759259259259
357101945,612,1722270760,1722286960,0.1875
241702306,611,1724079149,1726731120,30.694108796296295
661229089,611,1723002702,1723025563,0.26459490740740743
780639768,610,1721257474,1722872176,18.688680555555557
444217992,609,1727532631,1727566762,0.39503472222222225
259517096,609,1722729792,1722744642,0.171875
406231025,608,1721955087,1727503218,64.21447916666666
247047546,608,1723631272,1723704646,0.8492361111111111
442875911,607,1725845304,1725856084,0.12476851851851851
348615240,606,1724804496,1724818313,0.15991898148148148
271991494,605,1721573342,1721852945,3.2361458333333335
730192796,605,1727673723,1727692165,0.21344907407407407
708936969,604,1725428694,1725437283,0.09940972222222222
373248834,604,1721783013,1724876087,35.79946759259259
486602426,603,1721930042,1721950572,0.23761574074074074
727667278,603,1721311065,1725518636,48.698738425925924
650979325,603,1726624813,1727480506,9.903854166666667
770962211,603,1721568938,1721590688,0.2517361111111111
420042586,602,1726658529,1726727506,0.7983449074074074
202383236,602,1723905143,1724594853,7.982754629629629
795921445,601,1720882126,1727586526,77.59722222222223
290561097,601,1726132226,1726474696,3.963773148148148
466534769,600,1725955969,1727632606,19.405520833333334
635250229,600,1721537592,1721547152,0.11064814814814815
300235331,598,1720926521,1723892493,34.32837962962963
477919929,597,1721596102,1724339538,31.752731481481483
237965517,594,1727447653,1727478863,0.3612268518518518
386513624,593,1722672400,1722683669,0.13042824074074075
565713090,593,1719797390,1721522227,19.963391203703704
619576805,592,1722933369,1722958770,0.29399305555555555
477262618,592,1723631554,1723643325,0.13623842592592592
785472168,592,1719926524,1720152873,2.6197800925925927
700377978,591,1725493992,1727130181,18.937372685185185
520510013,591,1726666784,1726678254,0.13275462962962964
420629377,590,1727103165,1727514325,4.758796296296296
631013993,589,1720612139,1722683670,23.97605324074074
562205153,589,1722667695,1722757671,1.041388888888889
649407085,589,1721766648,1722583097,9.449641203703704
242854214,588,1724852169,1727588300,31.66818287037037
495988477,588,1721435259,1721453849,0.21516203703703704
617263297,588,1719814082,1722655281,32.88424768518519
471044062,586,1726410087,1726487078,0.891099537037037
266625042,586,1720142529,1721179191,11.998402777777779
458467504,586,1724148028,1727244455,35.83827546296296
441517711,586,1719925040,1719941470,0.19016203703703705
214082517,586,1726690397,1726699087,0.1005787037037037
736313530,586,1725352467,1725711735,4.158194444444445
380331243,585,1725440325,1725524599,0.9753935185185185
713136341,585,1727354708,1727369816,0.1748611111111111
226972884,585,1721210831,1721222951,0.14027777777777778
499648210,584,1722407621,1724072432,19.268645833333334
695123020,583,1720795105,1720858906,0.7384375
364483574,583,1727272088,1727283421,0.13116898148148148
274175421,582,1720650768,1723556949,33.63635416666666
758970903,582,1720042471,1722266508,25.741168981481483
778915364,582,1721121867,1723084748,22.71853009259259
724061011,582,1724133582,1726303994,25.120509259259258
572721412,582,1721607662,1721634073,0.3056828703703704
723287654,581,1721974336,1723493553,17.583530092592593
345688778,581,1722394489,1722402772,0.09586805555555555
722315620,580,1721168517,1725423799,49.25094907407407
392116671,580,1724352536,1724374487,0.2540625
335974421,580,1721727860,1721738201,0.1196875
460395737,580,1720228864,1720839119,7.063136574074074
741749463,578,1721953844,1721962724,0.10277777777777777
746005885,575,1727571180,1727584729,0.15681712962962963
607943970,575,1727549770,1727577851,0.32501157407407405
706818738,575,1727518121,1727543611,0.2950231481481482
732186141,574,1723959049,1723977718,0.2160763888888889
573700450,574,1725954833,1725975355,0.23752314814814815
530959884,573,1724270424,1726112157,21.316354166666667
376714992,573,1719839237,1724119312,49.537905092592595
332270119,572,1720955894,1727254524,72.90081018518518
657132451,572,1721733161,1724321560,29.95832175925926
679612745,572,1720923402,1725649392,54.69895833333333
229002284,571,1726499070,1727623288,13.011782407407408
759641135,571,1719855513,1725680393,67.4175925925926
712430334,571,1722771250,1727580741,55.66540509259259
412773020,570,1719866204,1725988550,70.86048611111111
470283701,568,1726551819,1726636709,0.9825231481481481
618829575,567,1724452913,1724466055,0.15210648148148148
488324664,567,1723670287,1723679547,0.10717592592592592
508633003,564,1727257150,1727342200,0.984375
492958683,563,1721618148,1725668772,46.882222222222225
543057874,562,1721793714,1727412860,65.03641203703704
443962362,562,1725711503,1727582208,21.65167824074074
604346975,561,1720807877,1725945450,59.46265046296296
242276648,560,1724007669,1725710190,19.70510416666667
374611142,560,1727344097,1727360388,0.18855324074074073
235881482,559,1722618557,1722649397,0.35694444444444445
551073348,559,1723722134,1723732614,0.12129629629629629
541257875,557,1719792007,1719807657,0.18113425925925927
607318099,556,1719905988,1724846233,57.17876157407407
751596360,555,1722583206,1723630210,12.118101851851852
604805991,554,1720044051,1725787078,66.47021990740741
689260385,553,1723015652,1724823338,20.922291666666666
323256232,553,1726643467,1726727001,0.9668287037037037
269079914,552,1723479682,1725663966,25.281064814814815
697749933,551,1724548075,1724568696,0.23866898148148147
704823772,551,1720729762,1720747221,0.20207175925925927
759184585,550,1725556046,1725581432,0.29381944444444447
686072001,548,1719937595,1721742743,20.892916666666668
398484312,548,1722861394,1725510860,30.66511574074074
450432821,548,1727609553,1727637823,0.32719907407407406
444666727,547,1720863885,1727597378,77.93394675925926
620479410,546,1722920643,1727271145,50.353032407407404
260001033,545,1720042002,1723040526,34.70513888888889
739149655,545,1721722244,1721908931,2.1607291666666666
375723477,545,1722929089,1726635312,42.89609953703704
500519578,545,1721976399,1722742586,8.867905092592592
482270006,544,1727623095,1727631099,0.0926388888888889
739655129,544,1721642441,1722876946,14.288252314814814
465551675,543,1721213009,1726677603,63.24761574074074
554186676,542,1724260343,1724267423,0.08194444444444444
557277932,542,1721357345,1721381316,0.2774421296296296
720599842,542,1721138605,1721170155,0.36516203703703703
477113118,542,1726046051,1726561205,5.962430555555556
792666607,542,1725305023,1725323032,0.2084375
629886905,541,1722662859,1722801801,1.608125
515351468,541,1727569346,1727619896,0.5850694444444444
272685054,540,1724069157,1724082718,0.1569560185185185
311949219,540,1723841774,1723860206,0.21333333333333335
505253717,539,1720540616,1720616561,0.8789930555555555
271376930,539,1722038115,1722759050,8.344155092592592
358063458,537,1722075696,1722090806,0.17488425925925927
695176632,537,1724057549,1727514608,40.012256944444445
633566986,537,1724061102,1724063684,0.02988425925925926
720879884,535,1727152546,1727169127,0.19190972222222222
289813504,534,1721549643,1727584384,69.84653935185185
749827231,533,1721476940,1721487321,0.12015046296296296
687176418,532,1719908429,1719914280,0.06771990740740741
721946984,531,1720929860,1720943401,0.15672453703703704
334486574,531,1719923411,1719947969,0.28423611111111113
263206089,529,1724227538,1724303924,0.8840972222222222
708968596,528,1722292137,1727288620,57.829664351851854
702544975,527,1722779140,1726573329,43.914224537037036
578539506,527,1724678697,1724860169,2.10037037037037
577215595,527,1723655428,1723665878,0.12094907407407407
223918407,527,1723789820,1723806291,0.19063657407407408
327185992,527,1721045472,1727151548,70.67217592592593
701680949,526,1726209324,1727219675,11.693877314814815
288293189,526,1720212953,1720229526,0.19181712962962963
508979524,524,1724143109,1725513074,15.856076388888889
641991730,524,1723824605,1723841844,0.19952546296296297
608271596,523,1724223010,1724303111,0.9270949074074074
438801130,523,1722100645,1724004860,22.039525462962963
536215567,522,1724457902,1724489333,0.36378472222222225
496897649,521,1726155687,1726229106,0.8497569444444445
629567454,519,1725363943,1725518250,1.7859606481481483
462530969,519,1719903965,1723831287,45.45511574074074
447861657,518,1725444732,1725695172,2.8986111111111112
283887878,518,1722593140,1722607010,0.1605324074074074
304115003,516,1721362791,1721372972,0.11783564814814815
420644464,516,1725421069,1725434959,0.1607638888888889
246551801,514,1724636781,1724646423,0.11159722222222222
336868302,514,1720063935,1722858884,32.348946759259256
348011864,513,1722515989,1725552476,35.14452546296296
268832786,513,1722243585,1723758726,17.536354166666666
319095802,513,1724798463,1724809024,0.1222337962962963
597915344,512,1723639670,1723859150,2.540277777777778
214965879,512,1726184812,1727314434,13.074328703703705
685073407,512,1725280705,1726644120,15.780266203703704
659012568,512,1720078100,1720929637,9.855752314814815
758985896,511,1724872230,1724879135,0.07991898148148148
453926664,511,1724490047,1724500256,0.11815972222222222
412095274,510,1724098890,1725284473,13.722025462962963
717242562,510,1722933714,1724383527,16.780243055555555
507975997,509,1725377379,1725391068,0.1584375
735946639,509,1723897284,1726348704,28.372916666666665
357196203,509,1722366773,1722381754,0.1733912037037037
756076792,507,1726435228,1726442128,0.0798611111111111
424648649,507,1726156374,1726166406,0.11611111111111111
587825594,507,1720053082,1721722511,19.322094907407408
566149469,506,1727431362,1727441402,0.1162037037037037
541066239,505,1723004597,1723021005,0.1899074074074074
211246242,505,1720700379,1727509960,78.81459490740741
315639014,505,1727260956,1727343350,0.9536342592592593
249001334,505,1727511168,1727613144,1.1802777777777778
521819424,504,1724470922,1724487741,0.19466435185185185
240843376,504,1721096685,1721114895,0.2107638888888889
741890700,503,1719799729,1727309621,86.92004629629629
299975470,503,1719922754,1719939114,0.18935185185185185
737650131,503,1723553748,1725460236,22.065833333333334
559379058,502,1719996013,1724219212,48.879618055555554
799236226,502,1726219479,1727524617,15.10576388888889
301023213,501,1726396049,1727435894,12.035243055555556
749806153,501,1720644628,1720660199,0.1802199074074074
689984092,500,1719792019,1720579129,9.110069444444445
705436245,499,1720621010,1722274498,19.137592592592593
290516314,499,1721093086,1727713867,76.62940972222222
487033890,499,1721137576,1721655551,5.995081018518518
214498105,499,1724095134,1726121039,23.447974537037037
472225533,499,1727331938,1727538671,2.3927430555555556
607057472,498,1722946505,1724158844,14.031701388888889
456040284,498,1727652457,1727659849,0.08555555555555555
743843063,497,1721332269,1721343020,0.12443287037037037
743913940,496,1727261892,1727330095,0.7893865740740741
567038095,496,1721242337,1727240954,69.4284375
291331534,496,1721307930,1723725573,27.981979166666665
587151866,496,1722743014,1727297861,52.71813657407407
531988800,493,1723569128,1725303959,20.0790625
419419836,492,1721542244,1721720642,2.064791666666667
372613075,492,1722777815,1722916932,1.610150462962963
387833621,492,1726145592,1726389256,2.8201851851851854
656999805,491,1720973838,1721141270,1.9378703703703704
521698274,491,1720733293,1720743793,0.12152777777777778
637503342,490,1726981273,1726989683,0.09733796296296296
551234350,489,1719922331,1726596246,77.24438657407407
513714346,489,1719792622,1725505372,66.11979166666667
214911356,489,1725714797,1725728216,0.1553125
580970595,488,1722590576,1727620817,58.22038194444445
643074064,488,1721084906,1721099249,0.16600694444444444
659030600,487,1722447081,1722456623,0.11043981481481481
630701246,487,1721920077,1722014679,1.0949305555555555
259884572,487,1721567952,1723541685,22.844131944444445
521423665,486,1725544648,1725610169,0.7583449074074075
375879601,485,1725367684,1725602698,2.7200694444444444
371976985,484,1721653798,1722746488,12.646875
245676119,483,1723556177,1724831732,14.763368055555556
428429254,482,1722505197,1725964133,40.03398148148148
762721737,482,1722246007,1726301883,46.943009259259256
238888138,482,1721897562,1727495993,64.79665509259259
620522752,480,1719989725,1721631580,19.00295138888889
408439623,480,1720035693,1720095363,0.690625
345885664,479,1724144687,1724313918,1.9586921296296296
492692599,478,1719793602,1720694190,10.423472222222221
753114582,478,1726036867,1726111109,0.8592824074074074
335391710,478,1724131760,1724148090,0.18900462962962963
693922637,478,1720506700,1722822334,26.801319444444445
287446259,477,1720988040,1721003941,0.18403935185185186
392080373,476,1722302694,1722616173,3.628229166666667
329165705,476,1719910050,1721235137,15.336655092592592
746023584,475,1720084878,1720169863,0.9836226851851851
443302861,473,1724141704,1724155633,0.16121527777777778
422089720,473,1722615315,1722627955,0.14629629629629629
656875434,472,1726666481,1727042741,4.354861111111111
272171680,472,1725630703,1727580507,22.567175925925927
256892767,471,1721577662,1725376930,43.97300925925926
492379331,471,1719803873,1719936372,1.5335532407407408
544748168,471,1721067639,1721079064,0.1322337962962963
526511388,470,1721155983,1721165025,0.10465277777777778
335480893,469,1720965221,1724155870,36.92880787037037
600853957,468,1722729660,1722744100,0.16712962962962963
710515809,467,1724376847,1724388898,0.13947916666666665
367487105,467,1722940634,1726619593,42.58054398148148
691546860,467,1725284415,1725468886,2.1350810185185187
549054355,466,1724360452,1724387033,0.30765046296296295
718727267,466,1720204693,1722168623,22.730671296296297
213953044,465,1722905193,1723674585,8.905
499408151,465,1720650754,1720755209,1.2089699074074074
491163647,464,1726413905,1726475592,0.7139699074074074
235568812,464,1724035393,1724056064,0.2392476851851852
557200646,463,1722256202,1722283617,0.31730324074074073
286498758,463,1721816370,1721894285,0.9017939814814815
473137442,463,1721409186,1726420548,58.001875
442649680,463,1722641830,1722653910,0.1398148148148148
792872514,462,1722733253,1727449485,54.58601851851852
761017352,462,1725876593,1726576106,8.096215277777778
564693848,461,1724355870,1724381881,0.30105324074074075
448550668,459,1722867032,1722888072,0.24351851851851852
788917849,459,1722988693,1723014962,0.3040393518518518
451784407,459,1725332157,1727347290,23.32329861111111
420234298,459,1721618709,1724860750,37.52362268518519
703479310,459,1724484177,1724493168,0.1040625
298801622,458,1720537251,1722186674,19.09054398148148
446512674,458,1721360534,1721377174,0.1925925925925926
625167429,458,1721109468,1722995551,21.829664351851854
799798897,456,1721720602,1721744756,0.27956018518518516
750040275,454,1722074802,1722781671,8.181354166666667
734849447,454,1723609679,1723649188,0.4572800925925926
473488149,454,1726645676,1727333462,7.960486111111111
316892437,454,1725882053,1725950084,0.7873958333333333
213705620,453,1726190725,1727387748,13.85443287037037
545071738,453,1722507816,1722521357,0.15672453703703704
667426093,453,1724402807,1725572089,13.533356481481482
483080149,452,1722599638,1723054192,5.261041666666666
240787181,451,1722243736,1727060071,55.744618055555556
556294292,449,1725369900,1726167709,9.233900462962962
515126238,449,1727060901,1727068180,0.08424768518518519
364921191,449,1726154330,1726632790,5.537731481481481
706212482,448,1720106203,1721629469,17.630393518518517
759127175,447,1720934834,1721377895,5.128020833333333
514501607,445,1721634724,1721737733,1.1922337962962963
401251593,445,1720744983,1726228510,63.46674768518518
325069497,445,1720104569,1727431947,84.80761574074074
241385271,444,1722433490,1722452971,0.22547453703703704
621098718,444,1719972463,1727572701,87.9657175925926
671836032,444,1725629795,1725707511,0.8994907407407408
794356063,444,1727290548,1727316898,0.30497685185185186
315683839,444,1721361679,1721379231,0.20314814814814816
714073869,444,1724375298,1724388227,0.1496412037037037
792759592,443,1719883834,1719901685,0.2066087962962963
402507319,443,1721568328,1721643515,0.8702199074074074
237952316,443,1725364360,1725608646,2.8273842592592593
746268567,443,1719940860,1721968005,23.46232638888889
629268584,442,1725923999,1727232923,15.149583333333334
724234255,441,1721732139,1727426691,65.90916666666666
482135373,440,1724147609,1724891250,8.606956018518519
612693081,439,1727494055,1727513156,0.2210763888888889
775620352,439,1724331004,1726567251,25.882488425925924
565820239,439,1721071755,1724227106,36.520266203703706
361585017,438,1724138497,1727177858,35.17778935185185
550267268,438,1721016208,1721027284,0.12819444444444444
236796961,437,1724143909,1724164766,0.24140046296296297
778109563,437,1719917038,1720002713,0.9916087962962963
528392171,437,1726073046,1726394371,3.7190393518518516
674043828,437,1720134155,1721368938,14.291469907407407
420319144,437,1725877162,1726051080,2.012939814814815
541487598,436,1722833687,1722848328,0.16945601851851852
496776545,436,1722769162,1727616750,56.10634259259259
538892307,436,1725410993,1725423740,0.14753472222222222
754536692,435,1727269083,1727426962,1.8273032407407408
293183306,435,1724233955,1725348011,12.894166666666667
353028435,434,1721341172,1721359453,0.21158564814814815
573865629,434,1723551580,1723714012,1.88
407613371,433,1721559373,1721739798,2.088252314814815
535825057,433,1720949980,1725451534,52.10131944444444
580523101,433,1720145965,1720164537,0.2149537037037037
664312185,432,1723691458,1723708480,0.19701388888888888
687132784,431,1724629184,1727432007,32.44008101851852
325610459,430,1721749993,1722626883,10.149189814814815
637347674,430,1724867528,1724880493,0.15005787037037038
776474901,429,1724171341,1724229794,0.6765393518518519
476328650,429,1722472855,1722483437,0.12247685185185185
674147307,428,1721358216,1722318468,11.114027777777778
368360414,426,1724074392,1724143381,0.7984837962962963
230811771,426,1725649437,1725670195,0.24025462962962962
622570714,425,1723652512,1723673713,0.24538194444444444
234232391,425,1720996321,1721014451,0.20983796296296298
419287876,424,1721578653,1721585681,0.08134259259259259
321482127,424,1721363022,1721376243,0.15302083333333333
297576308,424,1719815808,1726189419,73.76864583333334
203962731,423,1721027849,1721039588,0.13586805555555556
605280200,422,1721300699,1721317689,0.19664351851851852
432669081,422,1724049813,1724074694,0.287974537037037
340862210,421,1721575390,1722672694,12.700277777777778
415591579,420,1724412617,1727722119,38.3044212962963
638626783,420,1726227090,1726382032,1.7933101851851851
422082961,419,1721664254,1726560799,56.672974537037035
447285320,418,1722837693,1722851374,0.15834490740740742
784934671,418,1725494294,1727347820,21.45284722222222
584718304,418,1725341859,1726395655,12.196712962962962
432951184,417,1720879654,1721202723,3.739224537037037
498861906,417,1721703016,1721724067,0.24364583333333334
220266481,416,1725626521,1725704941,0.9076388888888889
765123008,414,1719996986,1720093997,1.1228125
478967177,414,1723005758,1727723972,54.608958333333334
444309590,413,1725653673,1726129336,5.505358796296297
492560186,413,1720752530,1723004125,26.060127314814814
359885892,412,1721720417,1721729676,0.10716435185185186
223735901,412,1721655630,1721667790,0.14074074074074075
495425575,411,1722806084,1724173018,15.82099537037037
715198460,411,1724626625,1724634344,0.08934027777777778
327076888,410,1722842259,1723919107,12.46351851851852
381614227,406,1722654349,1722674660,0.2350810185185185
795464911,406,1723555927,1724456933,10.428310185185186
684083948,406,1721583380,1724101812,29.148518518518518
316058561,405,1720054474,1721722228,19.30270833333333
766165932,404,1719883722,1719912802,0.3365740740740741
617215082,403,1725609714,1725624874,0.17546296296296296
463305849,402,1721359967,1724520244,36.577280092592595
680895422,401,1721640259,1725608653,45.93048611111111
318426528,401,1722875608,1723822536,10.959814814814814
659690519,401,1725278540,1725349608,0.8225462962962963
438293817,400,1724502890,1724512778,0.11444444444444445
544430751,399,1724541028,1724551446,0.1205787037037037
613728916,399,1721785072,1722809022,11.851273148148149
539699011,398,1719912757,1724138381,48.90768518518519
264441027,397,1723955130,1724812459,9.922789351851852
538009402,397,1721697613,1724400507,31.28349537037037
671258764,396,1721217537,1722853897,18.939351851851853
505567153,396,1724196654,1724277498,0.9356944444444445
369422507,396,1721894737,1722765076,10.073368055555555
692719151,395,1721572543,1724078158,29.000173611111112
660560555,394,1726218970,1726388937,1.9672106481481482
417749277,394,1719979318,1720130991,1.755474537037037
214455346,393,1727454170,1727465479,0.1308912037037037
627612143,392,1723786872,1723803144,0.18833333333333332
744118702,392,1722786655,1722804014,0.20091435185185186
369780327,391,1727509708,1727529547,0.22961805555555556
559612436,391,1725533267,1725550916,0.20427083333333335
501345256,390,1724799161,1724850888,0.5986921296296296
773922050,389,1725672771,1725681910,0.10577546296296296
638064435,388,1719946399,1726261513,73.09159722222222
317345896,387,1722569487,1722579137,0.11168981481481481
252734661,387,1722640123,1727477255,55.98532407407407
529192478,386,1720006191,1720085863,0.9221296296296296
306351967,385,1721635245,1727324120,65.84346064814815
695341291,385,1727565087,1727577267,0.14097222222222222
248861397,384,1720696954,1724182331,40.340011574074076
750392522,383,1720787296,1721491986,8.15613425925926
571587303,383,1721661936,1726475236,55.70949074074074
238152337,382,1722215458,1723070473,9.896006944444444
725699113,380,1723689437,1723696148,0.07767361111111111
316099249,379,1721647741,1721656547,0.1019212962962963
547631130,379,1721215964,1722142861,10.727974537037037
726657431,378,1724141001,1724322235,2.0976157407407405
745803579,376,1725642989,1725654779,0.13645833333333332
242405790,375,1723548147,1724130386,6.738877314814815
597353212,375,1727158605,1727199262,0.47056712962962965
452707874,374,1720562303,1721487906,10.712997685185185
515083606,372,1727376627,1727388298,0.13508101851851853
526842844,372,1721715135,1724157195,28.264583333333334
380154722,371,1719946968,1722585961,30.543900462962963
325659652,370,1726407998,1726468292,0.6978472222222222
339722056,370,1722109458,1722127430,0.20800925925925925
259306081,370,1725536909,1726129966,6.864085648148148
433033900,369,1720710085,1723020762,26.74394675925926
698567864,369,1721004088,1721017240,0.15222222222222223
692164682,368,1724593736,1724611146,0.20150462962962962
579621840,367,1721018695,1721031646,0.14989583333333334
369520233,366,1723791346,1726594076,32.43900462962963
452686712,366,1720542852,1720554173,0.1310300925925926
536457057,365,1721563251,1721998900,5.042233796296296
536165521,364,1725363206,1725434956,0.8304398148148148
400990244,364,1720682161,1722615415,22.375625
696475536,364,1720688554,1723028611,27.083993055555556
404803695,362,1727168284,1727174874,0.07627314814814815
558303060,362,1726051327,1726118433,0.7766898148148148
213761562,361,1721889116,1724403344,29.09986111111111
404049454,361,1721539588,1723906353,27.393113425925925
773523297,361,1723530296,1727580340,46.87550925925926
352499724,361,1720035066,1721384341,15.616608796296296
268349177,359,1721204545,1724074678,33.21913194444444
726135183,358,1722558116,1722599188,0.4753703703703704
775579480,358,1720824227,1720833837,0.11122685185185185
542027674,357,1723943335,1723988635,0.5243055555555556
365235788,357,1721389795,1724131940,31.737789351851852
755052863,357,1723497044,1723508904,0.1372685185185185
691916881,357,1721564035,1721582145,0.20960648148148148
369898830,357,1724500468,1724528948,0.3296296296296296
774127728,356,1721641558,1725440647,43.9709375
470980730,355,1720856157,1720868108,0.13832175925925927
505261363,354,1727422378,1727435297,0.14952546296296296
495405064,354,1720022366,1720108136,0.9927083333333333
601896032,353,1721083843,1721093713,0.11423611111111111
554397255,352,1721634021,1721711505,0.8968055555555555
698322711,352,1724345047,1724353198,0.09434027777777777
782716644,352,1727579314,1727594505,0.17582175925925925
247481155,351,1724883010,1724891002,0.0925
467576885,350,1722667244,1724823042,24.95136574074074
598075784,350,1722569197,1722601926,0.3788078703703704
647410859,350,1725979029,1726790579,9.392939814814815
304866322,350,1720883149,1720944285,0.7075925925925926
721810972,349,1722060726,1726566159,52.14621527777778
572404795,349,1720004830,1720252147,2.862465277777778
499710824,349,1721213834,1721235784,0.25405092592592593
295902661,349,1725607348,1725634898,0.31886574074074076
718654514,348,1724489667,1724507129,0.20210648148148147
544780219,347,1727531874,1727553082,0.24546296296296297
326481652,346,1727614246,1727625065,0.1252199074074074
379868864,344,1720709834,1727702513,80.93378472222223
439183282,344,1726151891,1726453049,3.485625
200513032,340,1724714825,1726107433,16.118148148148148
657122045,340,1722729628,1724676805,22.536770833333332
587324154,340,1722058832,1724333345,26.325381944444445
540243793,338,1722514171,1727688865,59.892291666666665
246264476,338,1719904907,1725668051,66.70305555555555
482595235,338,1723996589,1725515832,17.58383101851852
277753295,337,1725359278,1725431695,0.8381597222222222
300614510,337,1720713009,1722659312,22.52665509259259
280724535,335,1725631566,1725643041,0.1328125
535271009,334,1719988194,1721650157,19.235682870370372
210728842,334,1723952642,1723974492,0.25289351851851855
574875776,333,1720155745,1722458312,26.65008101851852
702232606,333,1726146395,1726737901,6.84613425925926
233147770,333,1722084473,1722096264,0.13646990740740741
684431581,333,1725774560,1725796669,0.2558912037037037
704404352,332,1721542789,1721558270,0.17917824074074074
413936318,332,1720691361,1727613345,80.11555555555556
297038457,332,1722912543,1722925582,0.15091435185185184
648725337,332,1722653039,1722670339,0.20023148148148148
672806442,331,1720852293,1725863308,57.9978587962963
385067941,331,1722747748,1727701618,57.33645833333333
542203400,330,1724802936,1726006637,13.931724537037036
203691065,330,1722630525,1722654977,0.28300925925925924
544214702,328,1727386807,1727393333,0.07553240740740741
781542216,328,1720598956,1720802994,2.361550925925926
585367273,328,1721529631,1721993255,5.366018518518518
206964585,328,1722911440,1724278712,15.824907407407407
541450446,328,1724729889,1725309218,6.705196759259259
306712739,328,1723593680,1724042005,5.1889467592592595
585681947,326,1721731911,1721903234,1.9829050925925926
751073627,326,1725393019,1726308926,10.600775462962963
616527273,326,1721229803,1723715236,28.766585648148148
410835974,325,1720705968,1720717019,0.12790509259259258
688538966,325,1727166713,1727418101,2.9095833333333334
605333142,324,1725707040,1726393267,7.9424421296296295
484923957,324,1720769192,1720869403,1.159849537037037
721894109,323,1721230014,1722809722,18.283657407407407
600132040,322,1719960118,1719973749,0.1577662037037037
204738335,322,1722812876,1722828098,0.17618055555555556
320448206,321,1726180213,1727542483,15.767013888888888
613944548,320,1721637517,1723540685,22.027407407407406
624256427,319,1726729557,1727578652,9.827488425925926
331448101,319,1726073932,1726136325,0.7221412037037037
766931802,319,1722772195,1722847450,0.8710069444444445
478922276,318,1727464529,1727481859,0.2005787037037037
669361242,317,1727674396,1727688945,0.1683912037037037
376162115,317,1721853326,1721859764,0.0745138888888889
649568477,317,1723617213,1724152078,6.190567129629629
514320518,316,1722878966,1722896118,0.1985185185185185
562802311,316,1724066622,1724227060,1.8569212962962962
706536413,315,1719967016,1724568643,53.25957175925926
525697749,315,1723520589,1723552119,0.36493055555555554
438606263,314,1722614252,1722760178,1.6889583333333333
748752078,313,1719873630,1719890509,0.1953587962962963
435183080,313,1721628663,1727709075,70.37513888888888
528997291,312,1724311384,1727572662,37.74627314814815
434063678,312,1722945699,1722956259,0.12222222222222222
421250798,311,1721643817,1721901286,2.9799652777777776
489310400,310,1727504651,1727522161,0.20266203703703703
201413490,310,1724059017,1724402228,3.972349537037037
282073144,309,1721718750,1722998243,14.808946759259259
551621329,309,1721627078,1721637197,0.11711805555555556
754165396,309,1721631102,1727510839,68.05251157407407
240045886,309,1719834924,1725680763,67.6601736111111
550107504,308,1721096247,1722171924,12.449965277777778
680871853,307,1726226006,1726304254,0.9056481481481482
490442999,306,1724158790,1727611910,39.96666666666667
566089341,306,1723021767,1723484342,5.353877314814815
722068252,305,1724499316,1726521010,23.39923611111111
632107052,305,1724318430,1724337419,0.2197800925925926
259428408,304,1723053496,1723064717,0.1298726851851852
602730377,304,1724768359,1727537673,32.05224537037037
537854787,303,1721124627,1721135206,0.12244212962962962
728437763,303,1726064505,1726119761,0.639537037037037
386777225,301,1727352047,1727413351,0.7095370370370371
779192607,300,1723806135,1723818756,0.14607638888888888
430733875,300,1721543994,1721556805,0.14827546296296296
763580556,300,1719813937,1721185067,15.869560185185184
332111853,299,1719920981,1720003254,0.9522337962962963
615980996,299,1721661270,1721792958,1.5241666666666667
693804350,299,1724463255,1724476824,0.15704861111111112
413280416,298,1727566245,1727576775,0.121875
756018745,296,1726650642,1727492832,9.747569444444444
331767424,296,1722926355,1725416123,28.81675925925926
708333211,294,1721572906,1727621773,70.01003472222222
272008483,293,1727340141,1727532746,2.229224537037037
661284706,293,1724850551,1725706840,9.910752314814815
345746031,293,1719929878,1721737583,20.922511574074075
745836896,292,1720744235,1721210770,5.399710648148148
671066339,290,1727509836,1727602592,1.073564814814815
350702413,290,1721623414,1727514888,68.18835648148148
687513804,289,1719857478,1719871665,0.16420138888888888
589950314,289,1727070767,1727407168,3.8935300925925924
759964065,289,1724868626,1724887620,0.21983796296296296
793354077,288,1720093084,1723640257,41.05524305555556
494345198,288,1727265858,1727337212,0.8258564814814815
222287440,286,1719877059,1720831089,11.042013888888889
470274683,286,1721089328,1722113725,11.85644675925926
780802560,286,1726029586,1726094695,0.7535763888888889
263808418,285,1722168000,1722176677,0.10042824074074073
242666421,285,1724879231,1726087395,13.98337962962963
377023042,284,1724132094,1724136968,0.05641203703703704
657288862,283,1721643813,1722923508,14.811284722222222
491448049,283,1722888236,1723640432,8.705972222222222
393193482,282,1724446710,1724463132,0.19006944444444446
758927416,282,1722416277,1723640638,14.170844907407407
419936248,282,1727540354,1727566786,0.30592592592592593
437152401,282,1725809574,1725872727,0.7309375
301774377,282,1726209247,1726304635,1.1040277777777778
599029248,281,1719971591,1726153226,71.54670138888889
348838874,281,1723953179,1723967990,0.17142361111111112
530412518,280,1722783206,1723516077,8.482303240740741
264618875,280,1721356582,1722144730,9.122083333333334
689390557,280,1721269744,1727613330,73.42113425925926
722505399,279,1724419662,1724646899,2.6300578703703703
502448931,278,1723038529,1726153583,36.05386574074074
527551415,277,1722616407,1722625835,0.10912037037037037
728809187,276,1727181154,1727529098,4.02712962962963
364022861,276,1721726881,1727700389,69.13782407407408
636065972,275,1722730527,1725493734,31.9815625
246425156,274,1727252272,1727337533,0.9868171296296296
602239540,273,1725951459,1726034771,0.9642592592592593
460290150,272,1722948185,1722971376,0.26841435185185186
242285461,272,1721371491,1721385573,0.1629861111111111
256508299,272,1723482099,1725902772,28.01704861111111
490435464,272,1725341240,1725512252,1.9793055555555557
447356206,271,1727436042,1727454702,0.21597222222222223
476716227,271,1724695772,1724700110,0.050208333333333334
601074195,270,1720729314,1721290078,6.490324074074074
630763160,269,1725455671,1725475301,0.22719907407407408
396057274,269,1723971032,1723980012,0.10393518518518519
449164330,268,1723681650,1723688210,0.07592592592592592
338045166,267,1727524306,1727598059,0.8536226851851851
295014710,267,1725401055,1725413625,0.14548611111111112
391926648,267,1721103932,1721455237,4.066030092592593
243097485,267,1721481159,1721501759,0.23842592592592593
752241517,267,1726582219,1726813826,2.680636574074074
644426161,267,1724134055,1724146113,0.13956018518518518
204622051,265,1719907368,1720009308,1.179861111111111
297075290,265,1724090033,1724093039,0.034791666666666665
556248328,265,1721647563,1721650343,0.03217592592592593
305202914,264,1720937574,1725345583,51.018622685185186
597799086,263,1723548403,1723724817,2.0418287037037035
359092082,261,1721342528,1721362198,0.22766203703703702
316515454,261,1720784161,1722736927,22.601458333333333
298543304,261,1720249952,1721732774,17.16229166666667
372174262,261,1725380638,1725447964,0.7792361111111111
377305534,261,1722241230,1722254330,0.15162037037037038
498860419,261,1722654083,1727400081,54.930532407407405
248362002,260,1725557858,1726458808,10.427662037037036
317282222,260,1722664536,1724154196,17.241435185185185
700167966,260,1725980854,1726679989,8.091840277777777
592812812,260,1725621008,1726645806,11.861087962962962
353829993,259,1719907213,1723551871,42.18354166666666
759567883,259,1724157490,1725958693,20.847256944444446
522266463,259,1720051506,1720162092,1.2799305555555556
455015494,258,1725430658,1726610145,13.651469907407407
625892869,258,1722577605,1725945971,38.98571759259259
743171820,256,1721474463,1722144174,7.7512847222222225
588591225,256,1722582384,1726492231,45.252858796296294
233893676,256,1721617981,1721632596,0.1691550925925926
374010996,256,1720840491,1720845950,0.06318287037037038
513456675,256,1719945160,1720674601,8.442604166666667
775931274,255,1724230350,1724267821,0.4336921296296296
609738738,255,1719792306,1719830506,0.44212962962962965
475248108,255,1720510550,1720586987,0.8846875
234409147,254,1726469273,1726727187,2.9851157407407407
342712679,254,1722593561,1722614958,0.24765046296296298
666134296,254,1723719433,1723732224,0.14804398148148148
581861430,254,1721671797,1721694457,0.2622685185185185
357513190,253,1722313197,1722333248,0.23207175925925927
572234033,253,1721940133,1722558013,7.151388888888889
473109506,253,1721564117,1721574309,0.11796296296296296
738436521,252,1722006346,1722018396,0.1394675925925926
297961621,252,1719948211,1720859307,10.545092592592592
441533663,252,1721544358,1721683320,1.6083564814814815
671757179,252,1721645720,1721710251,0.7468865740740741
532036772,252,1725731690,1727730729,23.137025462962963
613547977,252,1720885253,1721200389,3.647407407407407
267837260,250,1727346379,1727364519,0.2099537037037037
308362073,250,1722582876,1722597095,0.16457175925925926
609323166,250,1727507949,1727605631,1.1305787037037036
587193821,250,1727600193,1727620154,0.2310300925925926
240467232,249,1723654009,1723658022,0.04644675925925926
712906251,249,1722791752,1722802933,0.12940972222222222
483305797,248,1722288238,1722299869,0.13461805555555556
372291050,247,1721250202,1723084635,21.231863425925926
293748289,246,1722617795,1722629297,0.133125
450862430,246,1727267874,1727280973,0.15160879629629628
732157532,244,1721290376,1725409191,47.671469907407406
291875093,244,1723888440,1724060372,1.9899537037037036
441843252,244,1721218612,1724333596,36.05305555555555
568423897,244,1725460256,1727337779,21.73059027777778
374866175,243,1726305398,1726316967,0.13390046296296296
785356733,242,1726557024,1727499085,10.903483796296296
299601220,242,1721262932,1722882259,18.74221064814815
523156744,241,1720845276,1726369842,63.94173611111111
355221755,241,1722983292,1723004083,0.24063657407407407
556837377,240,1720509932,1720520082,0.11747685185185185
397796050,240,1725649675,1725668105,0.21331018518518519
520323693,240,1720200690,1720216630,0.18449074074074073
268306458,239,1724317284,1724398013,0.9343634259259259
285509634,239,1721365137,1725916374,52.67635416666667
631566078,239,1725401215,1725414406,0.1526736111111111
371037193,238,1725533724,1725539975,0.07234953703703703
522238443,238,1727521242,1727635664,1.3243287037037037
223359508,238,1724163359,1724484023,3.711388888888889
647328749,238,1720078071,1727419203,84.96680555555555
570808309,238,1724807379,1726904838,24.276145833333334
571702917,238,1725411204,1725424685,0.1560300925925926
368263680,237,1720551280,1727515212,80.60106481481482
771334894,237,1721385792,1721630098,2.827615740740741
586556361,236,1720851021,1721113946,3.043113425925926
525211725,235,1727196704,1727209784,0.15138888888888888
799044464,235,1723828281,1723851698,0.2710300925925926
618405674,234,1727077460,1727183683,1.2294328703703703
687174510,234,1720070246,1720976644,10.490717592592592
408574261,234,1722679929,1722683499,0.04131944444444444
357811033,233,1723958043,1723978086,0.23197916666666665
688234805,233,1727360549,1727530860,1.9711921296296295
754539903,232,1726568636,1726634367,0.760775462962963
302552362,231,1720599139,1720695993,1.1209953703703703
717097689,231,1721341734,1727440761,70.59059027777778
417488846,231,1724037273,1724046413,0.10578703703703704
247647679,230,1719900949,1719946603,0.5284027777777778
511694579,229,1727525776,1727572777,0.5439930555555555
714951866,229,1723810141,1723838612,0.329525462962963
566972880,229,1723625208,1724155214,6.134328703703703
239990184,228,1727206896,1727218314,0.13215277777777779
487065947,228,1722767454,1724304018,17.784305555555555
754669647,227,1720039063,1722353769,26.790578703703705
786437105,227,1724149806,1724197370,0.5505092592592593
603992009,227,1721193280,1724208407,34.89730324074074
230247463,227,1723508780,1723533620,0.2875
228579828,227,1720004403,1725697248,65.88940972222223
792012795,227,1724167157,1724171017,0.044675925925925924
298053617,227,1719933711,1719947801,0.1630787037037037
211915358,226,1721104363,1721112074,0.08924768518518518
300036173,226,1723020021,1723046482,0.30626157407407406
221498709,225,1723585875,1723600395,0.16805555555555557
387477067,225,1720863634,1721201015,3.904872685185185
234614131,225,1720080209,1721294427,14.053449074074074
463496152,224,1722643775,1722663285,0.2258101851851852
280257830,224,1720708682,1725476138,55.17888888888889
212599879,224,1722256060,1726595775,50.22818287037037
520414582,224,1727441666,1727459347,0.2046412037037037
378170973,224,1721244193,1721719015,5.495625
716246124,223,1725293759,1727541304,26.013252314814814
509254316,223,1723626313,1723974675,4.031967592592593
671576831,223,1722729618,1722734509,0.056608796296296296
608856930,223,1721335328,1721349549,0.1645949074074074
690181601,222,1720648830,1720736266,1.0119907407407407
455279689,222,1721553109,1721651537,1.139212962962963
265313493,221,1723783934,1724546830,8.829814814814815
290641039,221,1724131293,1724483023,4.070949074074074
724367838,221,1724451583,1724464163,0.14560185185185184
613007038,221,1724064927,1724077884,0.14996527777777777
606493714,220,1719953492,1726629071,77.26364583333333
355170670,220,1723787684,1723889855,1.1825347222222222
527853664,220,1720056649,1720066630,0.11552083333333334
663503643,220,1720734174,1724529111,43.92288194444444
233126939,220,1721597063,1726104676,52.17144675925926
348893922,219,1719962591,1720548999,6.7871296296296295
216322048,219,1719873735,1719901367,0.31981481481481483
254829201,219,1723041690,1727359692,49.976875
409453680,219,1720005060,1720250926,2.8456712962962962
604746971,218,1722568177,1727525621,57.37782407407408
720049858,218,1721545082,1724326189,32.188738425925926
713698870,218,1721723534,1721738074,0.16828703703703704
649666484,217,1725278524,1725373138,1.0950694444444444
575080844,217,1721492135,1721709052,2.510613425925926
640840181,217,1724380622,1724391511,0.1260300925925926
639574499,217,1725432474,1725437665,0.06008101851851852
707720570,216,1719929529,1727624840,89.06609953703703
404935473,215,1722852873,1722878674,0.2986226851851852
689964058,215,1721722960,1721735742,0.1479398148148148
242801846,214,1719827345,1721813082,22.983067129629628
489530292,214,1721972145,1722004800,0.3779513888888889
225429791,214,1720024964,1722651712,30.402175925925928
414351950,214,1721628283,1722554946,10.725266203703704
637335339,214,1720610931,1720618601,0.08877314814814814
577227649,213,1721573493,1722902012,15.376377314814814
311798430,213,1719907915,1727596748,88.99112268518519
299889478,212,1722907159,1722920930,0.15938657407407408
284017780,212,1726828663,1727497297,7.738819444444444
253623245,212,1722407236,1722412376,0.05949074074074074
311272848,211,1719887852,1724120060,48.98388888888889
350757064,211,1724146723,1724177739,0.35898148148148146
467633194,211,1722082484,1722096783,0.16549768518518518
758839032,210,1722001023,1724746315,31.774212962962963
521419888,210,1724438881,1724484522,0.5282523148148148
296370741,210,1725534123,1726900489,15.814421296296297
559579877,209,1721634103,1722682722,12.136793981481482
344005447,209,1725612490,1727437538,21.12324074074074
581338765,208,1722729612,1724002241,14.729502314814814
322418320,208,1726748599,1727068219,3.6993055555555556
322416045,208,1725499662,1725516290,0.1924537037037037
492111310,208,1724142875,1724232574,1.0381828703703704
790879007,208,1726443910,1727351070,10.499537037037037
643982482,208,1719906018,1724696694,55.44763888888889
590675566,207,1723866830,1723878765,0.13813657407407406
480280243,207,1726659966,1726692978,0.38208333333333333
580259968,207,1723793286,1723814631,0.24704861111111112
631625545,206,1724515667,1725388482,10.102025462962963
227420577,206,1723965776,1727614459,42.230127314814816
675325356,205,1721997689,1722594719,6.910069444444445
555724440,205,1726665316,1726729511,0.7429976851851852
469712786,205,1720933051,1724137792,37.09190972222222
472274901,204,1722338123,1723504105,13.495162037037037
549565717,203,1725718041,1726669320,11.010173611111112
755511308,203,1724388900,1724403471,0.16864583333333333
402548703,203,1720706186,1720799529,1.0803587962962964
550318734,203,1720840899,1723639528,32.391539351851854
667912009,202,1721364940,1725610806,49.14196759259259
744834338,202,1722419737,1724880540,28.481516203703702
625124495,202,1721190083,1721200842,0.12452546296296296
642578525,202,1720762372,1726809560,69.99060185185185
256063260,201,1719907321,1720085393,2.0610185185185186
424328954,200,1720035802,1721478289,16.695451388888888
602774248,200,1723985494,1724137975,1.7648263888888889
655890230,200,1722095611,1723046585,11.00664351851852
482876394,200,1727600321,1727613732,0.1552199074074074
246391158,200,1722585384,1723485224,10.414814814814815
532270929,200,1721270533,1721288993,0.2136574074074074
400854665,199,1722364911,1727176026,55.68420138888889
392740080,199,1724130166,1724136146,0.06921296296296296
349954896,198,1724867495,1724888988,0.24876157407407407
758294828,198,1725456122,1726732627,14.774363425925927
621681207,197,1721040634,1726773048,66.34738425925926
584457366,197,1725297661,1725428566,1.5151041666666667
547650183,197,1723783967,1727705889,45.39261574074074
651969224,196,1724834534,1724860034,0.2951388888888889
677891306,195,1723524299,1725461377,22.41988425925926
764497987,195,1722824969,1727493923,54.03881944444444
604509164,194,1721644414,1721669764,0.2934027777777778
713088052,194,1719918941,1724156302,49.04353009259259
318775693,194,1724480844,1725570862,12.615949074074074
685542761,194,1721752698,1721779781,0.31346064814814817
508525642,193,1722140543,1722155213,0.16979166666666667
628285398,193,1727448475,1727477594,0.337025462962963
517616779,193,1726363511,1726373711,0.11805555555555555
598980015,193,1722002956,1722003836,0.010185185185185186
733322018,192,1721361173,1721366072,0.05670138888888889
651745612,192,1724584274,1727275789,31.151793981481482
612768143,191,1721796740,1723660769,21.57440972222222
475448811,191,1727358741,1727624243,3.0729398148148146
262942538,190,1720953503,1726121964,59.820150462962964
430049404,190,1721475872,1727636035,71.29818287037037
467504072,190,1727429768,1727501850,0.8342824074074074
337157364,189,1727363235,1727698263,3.877638888888889
610916614,188,1721351176,1721931460,6.71625
399809429,188,1724856762,1724891264,0.3993287037037037
330570803,188,1724460413,1724472777,0.14310185185185184
573310308,188,1727521336,1727599275,0.9020717592592593
777938413,187,1726052405,1726672291,7.174606481481481
313343712,187,1721638177,1727535459,68.2555787037037
764939954,187,1719994664,1720765932,8.926712962962963
414294796,186,1721053663,1721074654,0.2429513888888889
562640335,186,1722513785,1724634011,24.53965277777778
251618492,186,1720684815,1720690094,0.061099537037037036
627747527,186,1721187998,1725438897,49.20021990740741
794337237,185,1719940568,1719964252,0.27412037037037035
376605595,185,1726491990,1727332450,9.727546296296296
255600483,184,1725531248,1726888628,15.710416666666667
728019403,183,1720087508,1721717514,18.865810185185186
403583666,183,1722341171,1722359693,0.214375
298573123,183,1721187930,1721363511,2.0321875
650759870,182,1722605934,1723012481,4.705405092592593
675157941,181,1725349052,1725439899,1.0514699074074074
674918230,181,1724166374,1724242346,0.8793055555555556
521846289,181,1720935642,1722012671,12.465613425925927
300003958,181,1720844697,1725458780,53.40373842592592
777516709,180,1722771549,1724861720,24.19179398148148
577189381,180,1721552195,1721707166,1.7936458333333334
535892613,180,1719927293,1726631635,77.59655092592592
781240282,179,1719828765,1723811859,46.100625
719743121,179,1721576551,1721580102,0.04109953703703704
524164198,178,1720055505,1722420285,27.37013888888889
402739183,178,1719793402,1719987950,2.251712962962963
212216703,178,1720872930,1720895619,0.2626041666666667
778173523,177,1727096302,1727172050,0.876712962962963
785054089,177,1722751082,1724252353,17.37582175925926
200226581,177,1720915662,1720920762,0.059027777777777776
672444288,177,1722086366,1722091726,0.062037037037037036
215095658,177,1719929641,1723626211,42.784375
320724355,177,1726496978,1726564320,0.7794212962962963
651198995,176,1725904201,1725914695,0.12145833333333333
449927078,176,1727485245,1727490956,0.06609953703703704
281409117,174,1722866483,1722876205,0.11252314814814815
333221792,174,1721325526,1721331497,0.0691087962962963
588953043,174,1724499021,1724661111,1.8760416666666666
628164858,173,1725376050,1725619552,2.8183101851851853
669595390,173,1722147420,1722155683,0.09563657407407407
402452096,173,1722656948,1726113099,40.00174768518519
383851103,173,1720857671,1726129042,61.011238425925924
271116358,172,1722674871,1722756827,0.9485648148148148
740054903,172,1721321512,1721331543,0.11609953703703704
238684338,172,1721700586,1725900937,48.61517361111111
656338035,172,1722770341,1722859366,1.0303819444444444
440847451,172,1722657151,1722683652,0.30672453703703706
697188067,171,1721649856,1727257292,64.90087962962963
595494445,171,1726225200,1727467148,14.374398148148147
589648981,171,1721585322,1725457749,44.81975694444444
543046183,171,1721645722,1722995427,15.621585648148148
440606403,171,1727446667,1727451447,0.055324074074074074
783993018,171,1723611592,1726527412,33.74791666666667
393623523,170,1722590768,1722615428,0.28541666666666665
292818912,170,1723997903,1724082708,0.9815393518518518
361299103,170,1721600653,1723607912,23.232164351851853
207143519,170,1726049317,1727609696,18.05994212962963
547642573,170,1726741077,1727232933,5.692777777777778
571249911,170,1720699808,1722935071,25.871099537037036
780053364,169,1719916949,1720066281,1.7283796296296297
699030518,169,1720527556,1723905082,39.09173611111111
522919010,169,1725690957,1727523338,21.208113425925927
416088527,169,1720168616,1723891478,43.088680555555555
665422004,168,1726667054,1726817968,1.746689814814815
557787375,168,1721643989,1722228620,6.7665625
564772073,168,1725959171,1725962601,0.039699074074074074
428464846,168,1721649429,1724048219,27.763773148148147
222841723,167,1719839774,1724156043,49.95681712962963
244668144,167,1721662068,1721716331,0.6280439814814814
377918289,166,1721755234,1724120922,27.380648148148147
388339557,166,1722089660,1723989318,21.986782407407407
659553504,166,1725331349,1726621081,14.927453703703703
499604639,165,1721283859,1721292375,0.09856481481481481
743056129,165,1725361244,1725388421,0.3145486111111111
647888118,164,1726029134,1726040318,0.12944444444444445
594697670,163,1725431165,1726593269,13.450277777777778
625418886,163,1720682225,1724751057,47.092962962962964
498717329,163,1725388932,1725832768,5.136990740740741
313118976,163,1726138471,1726612196,5.4829282407407405
217113764,162,1722268818,1722275118,0.07291666666666667
646357607,162,1719792116,1719807384,0.17671296296296296
594046841,161,1721976187,1722754574,9.009108796296296
516732671,161,1722317926,1722754077,5.048043981481482
346228345,160,1724232805,1724237064,0.04929398148148148
713443086,160,1722870276,1722886276,0.18518518518518517
272027730,160,1726382573,1726389234,0.0770949074074074
530515438,159,1724075494,1724132681,0.661886574074074
529657830,159,1719804233,1720704860,10.42392361111111
550812052,159,1719962552,1719971004,0.09782407407407408
619714048,158,1723904246,1727347230,39.84935185185185
262776554,158,1721553127,1721665647,1.302314814814815
331676704,158,1727260019,1727273928,0.1609837962962963
402766917,157,1719949533,1727561653,88.10324074074074
576137263,157,1722453532,1727606436,59.640092592592595
486064287,157,1727178031,1727255679,0.8987037037037037
786689601,157,1720008116,1720017264,0.10587962962962963
318001334,157,1719796243,1719806793,0.12210648148148148
257109942,156,1724627797,1724644397,0.19212962962962962
553855780,156,1726577225,1726661587,0.976412037037037
522483190,156,1725342529,1725435657,1.0778703703703705
398239636,156,1720810258,1720942194,1.527037037037037
636719230,156,1721101072,1725356767,49.25572916666667
525323209,155,1723863298,1723865002,0.01972222222222222
434237541,155,1727407501,1727437711,0.34965277777777776
248080721,155,1722663052,1722674062,0.12743055555555555
428646688,155,1719925543,1725625550,65.97230324074074
776136598,154,1727356172,1727374001,0.20635416666666667
743217795,154,1727512506,1727530815,0.21190972222222224
759697392,154,1721580734,1721615274,0.3997685185185185
729386293,153,1723621326,1723627965,0.07684027777777777
497938784,153,1722815005,1725870289,35.36208333333333
370553322,153,1719824084,1726061588,72.19333333333333
298711377,153,1722624794,1723959730,15.450648148148149
212547482,153,1723965427,1724002686,0.43123842592592593
346734966,152,1721898281,1727326822,62.83033564814815
696999364,152,1720701802,1721337970,7.3630555555555555
478516110,152,1720860395,1720871825,0.13229166666666667
399627801,152,1719926420,1724848829,56.97232638888889
379351930,151,1719962508,1719976727,0.16457175925925926
301299344,151,1723483023,1724333216,9.840196759259259
364976030,151,1722893064,1722915932,0.2646759259259259
306616838,151,1721059057,1721216531,1.8226157407407408
445956551,151,1722778867,1726657825,44.89534722222222
449387257,151,1726811210,1726835070,0.2761574074074074
379889646,150,1722989754,1723003415,0.15811342592592592
588771162,150,1721538898,1722625443,12.575752314814816
668406680,150,1727403662,1727416264,0.14585648148148148
476611991,150,1723479691,1723488511,0.10208333333333333
359384840,150,1720084034,1720498325,4.795034722222222
798895293,150,1720503659,1724839436,50.182604166666664
240061193,149,1720944337,1720956457,0.14027777777777778
395454858,149,1725457839,1725692960,2.7213078703703704
638544485,148,1727345162,1727357853,0.14688657407407407
471182459,148,1721190490,1721884441,8.031840277777778
579938519,147,1720521529,1722599398,24.049409722222222
502256032,147,1725597829,1725608182,0.11982638888888889
578463903,146,1722968148,1727620934,53.85168981481481
208711063,146,1723714590,1723734561,0.23114583333333333
309402594,146,1722846969,1723956780,12.845034722222222
368466122,145,1722750781,1722803904,0.614849537037037
357396231,145,1726553260,1726554851,0.018414351851851852
212790390,145,1722774910,1722793140,0.21099537037037036
604058431,145,1723964622,1723974593,0.11540509259259259
439166647,144,1725579080,1726788517,13.998113425925926
448193250,144,1721808977,1725632250,44.250844907407405
260424134,144,1720854525,1720862284,0.08980324074074074
307253615,143,1721729528,1721737539,0.0927199074074074
256443771,143,1725444175,1725627851,2.1258796296296296
356058001,143,1722490147,1724124641,18.91775462962963
383076402,142,1721650545,1727349008,65.95443287037037
252430895,142,1719948048,1723879736,45.50564814814815
330979532,142,1722591641,1722600883,0.10696759259259259
625339415,142,1719792171,1719806390,0.16457175925925926
249139788,142,1722051506,1722849149,9.231979166666667
402534811,141,1724172462,1724179411,0.08042824074074074
546809612,141,1719909018,1722764819,33.05325231481481
430127495,141,1720060643,1724571989,52.21465277777778
312002556,141,1723732805,1723740275,0.08645833333333333
204119118,141,1722910382,1723614688,8.151689814814814
553196124,141,1720955090,1720957830,0.031712962962962964
249939325,141,1726615913,1726634259,0.21233796296296295
786885146,140,1721232182,1721239812,0.08831018518518519
448672140,140,1719866103,1719875342,0.10693287037037037
603559888,140,1719922216,1719957155,0.4043865740740741
296682580,139,1722597611,1722615582,0.2079976851851852
631935330,139,1725435183,1727338029,22.023680555555554
373612346,139,1722949276,1726654142,42.88039351851852
418908932,139,1727103620,1727596396,5.703425925925926
527581389,138,1726406605,1726474846,0.7898263888888889
343386568,138,1720112554,1726571306,74.75407407407407
505428201,138,1719919114,1720170301,2.9072569444444443
795521901,138,1725390138,1725412778,0.262037037037037
621258679,136,1722627675,1725970133,38.68585648148148
211305757,136,1719950568,1719967748,0.1988425925925926
260170523,136,1719930984,1719940714,0.11261574074074074
351985275,136,1723791122,1724470767,7.866261574074074
573649456,136,1726320476,1726366220,0.5294444444444445
522254826,136,1719901801,1719919290,0.2024189814814815
419536397,135,1727504774,1727532613,0.32221064814814815
746940719,135,1723810135,1723838659,0.33013888888888887
343374778,135,1720253921,1721462735,13.990902777777778
694251846,134,1721553099,1722846523,14.970185185185185
284169439,134,1720079380,1727602453,87.07260416666666
291512182,134,1720894318,1720900257,0.06873842592592593
753638479,134,1721621810,1721630650,0.10231481481481482
208052778,134,1721625462,1721632774,0.08462962962962962
239763471,134,1721448816,1721459166,0.11979166666666667
582507307,134,1721460186,1721483507,0.26991898148148147
486921958,134,1721759379,1726073265,49.92923611111111
301155704,134,1725943613,1725949224,0.06494212962962963
225227564,134,1727035771,1727517688,5.577743055555556
784062028,133,1722773059,1723010694,2.7504050925925925
376515327,133,1720616575,1726129062,63.80193287037037
383891490,132,1723638616,1726468428,32.7524537037037
745463019,132,1725634911,1725754125,1.3797916666666667
441345619,132,1721575684,1722670835,12.675358796296296
242900766,132,1722774284,1722800872,0.3077314814814815
629883873,132,1721459019,1726344338,56.54304398148148
584014522,131,1725947335,1726114764,1.9378356481481482
426644463,131,1720669574,1720677284,0.08923611111111111
357524002,131,1720829630,1720834113,0.05188657407407407
753123486,131,1720935174,1724776530,44.46013888888889
239235596,131,1722147166,1722155097,0.09179398148148148
772173657,130,1720239375,1721911767,19.35638888888889
772672690,130,1723008015,1723013020,0.05792824074074074
597078516,130,1722667061,1725622894,34.211030092592594
356574822,130,1726555446,1726629533,0.8574884259259259
212705706,130,1721648709,1722672568,11.850219907407407
478909945,130,1725454498,1725617145,1.882488425925926
231175271,129,1725631608,1727213043,18.303645833333334
343520733,129,1721623630,1721897863,3.1739930555555556
576469450,129,1727346503,1727511140,1.9055208333333333
569200937,129,1726476863,1726491270,0.16674768518518518
546349571,129,1722671884,1722752020,0.9275
361903814,128,1722765915,1724152828,16.052233796296296
526151977,128,1721790136,1722540684,8.686898148148147
487830171,128,1719996916,1720095619,1.1423958333333333
565721250,127,1726396724,1726650133,2.9329745370370373
745352141,127,1722106712,1723014760,10.509814814814815
329810054,127,1721394878,1723723940,26.956736111111113
259479084,127,1720739956,1720785716,0.5296296296296297
547170843,127,1721646832,1721661474,0.1694675925925926
620118484,126,1726896686,1726900774,0.047314814814814816
315039092,126,1720079070,1721194484,12.90988425925926
786981321,126,1723634892,1723645566,0.12354166666666666
434211228,126,1719913206,1720070166,1.8166666666666667
710462733,126,1724127373,1724418892,3.3740625
469854014,125,1722878226,1724375890,17.334074074074074
725958798,125,1721625765,1721668070,0.48964120370370373
347535600,125,1722420075,1724054677,18.91900462962963
628650043,125,1720503582,1720509882,0.07291666666666667
278636292,124,1719978269,1719982140,0.04480324074074074
639663551,124,1725530144,1725536134,0.0693287037037037
616035853,124,1719916815,1722932838,34.907673611111115
472667028,123,1720099728,1720238467,1.605775462962963
784785305,123,1721612391,1721672201,0.6922453703703704
350563451,123,1721624029,1721706860,0.9586921296296296
288640514,123,1726822300,1727507377,7.929131944444444
338523669,123,1722066159,1724531524,28.53431712962963
385522537,123,1721541559,1725882550,50.24295138888889
317397909,122,1722041859,1722054657,0.148125
679953813,121,1725626779,1725656010,0.3383217592592593
720751856,121,1725411510,1726536731,13.023391203703703
658894886,121,1722312634,1726670897,50.4428587962963
287143206,120,1720084835,1720087010,0.025173611111111112
349136806,120,1720836576,1722388102,17.95747685185185
236945984,120,1724887305,1726381766,17.297002314814815
504414583,119,1725710411,1725727591,0.1988425925925926
397263710,119,1722084819,1722101681,0.19516203703703705
685629645,119,1720952542,1720960073,0.08716435185185185
296172506,119,1724456786,1724470235,0.1556597222222222
742229469,119,1724079157,1724224562,1.6829282407407407
390736826,118,1725675482,1725686792,0.13090277777777778
648247798,118,1727433765,1727440995,0.08368055555555555
330827732,118,1726530832,1726536053,0.06042824074074074
536813764,118,1720635364,1720644062,0.1006712962962963
203167584,117,1725526588,1725789283,3.040451388888889
543300578,117,1723639844,1723651837,0.13880787037037037
593122877,116,1725361797,1727161988,20.835543981481482
532112432,116,1723031522,1723045710,0.16421296296296295
491994815,116,1720692613,1727398079,77.60956018518519
760939641,116,1723046035,1723084677,0.4472453703703704
504248163,115,1720563393,1720856059,3.3873379629629627
244308478,115,1720693326,1722842526,24.875
541906093,115,1721627669,1724165006,29.367326388888888
359836263,115,1722622503,1722683624,0.7074189814814815
783490368,114,1727083064,1727170045,1.006724537037037
394848580,114,1719824403,1724774128,57.2884837962963
263734137,114,1725708289,1727155981,16.755694444444444
354505716,114,1723550778,1723624539,0.8537152777777778
750259408,114,1720585448,1720590389,0.0571875
498929867,114,1719967496,1725970557,69.47987268518519
643985485,113,1725806539,1725964470,1.8279050925925926
553993594,113,1724129353,1724132023,0.03090277777777778
403132523,113,1721644131,1721652387,0.09555555555555556
346092209,113,1726468959,1726500464,0.36464120370370373
413376468,112,1723023349,1723047631,0.2810416666666667
721321978,112,1720070436,1722669405,30.080659722222222
714295019,112,1725508305,1725516031,0.08942129629629629
307500869,112,1726935598,1726941298,0.06597222222222222
353510429,112,1723659046,1727618388,45.82571759259259
321391683,111,1722926935,1723015615,1.0263888888888888
749222322,111,1724075221,1724232805,1.823888888888889
450327456,111,1721682246,1724062543,27.549733796296298
655868109,111,1722059583,1722683055,7.216111111111111
611573422,110,1726466642,1726476211,0.11075231481481482
578727380,109,1721698016,1721712877,0.17200231481481482
662426343,109,1726131190,1726134453,0.037766203703703705
673946608,109,1723725129,1724062629,3.90625
411123478,109,1719915035,1727329596,85.81667824074074
486313524,109,1721639865,1721651055,0.1295138888888889
790251031,109,1727484441,1727513170,0.33251157407407406
291509727,109,1725428664,1725436385,0.08936342592592593
535823373,109,1725872359,1725878810,0.07466435185185186
239631243,109,1721704313,1722143996,5.088923611111111
799131660,108,1726734373,1727004630,3.127974537037037
479233106,108,1725949306,1725952932,0.04196759259259259
747783168,107,1723899044,1723913872,0.17162037037037037
739322141,107,1726228206,1726236515,0.09616898148148148
437296562,107,1726490212,1726572272,0.9497685185185185
345505849,107,1719964181,1719968342,0.04815972222222222
778248518,106,1723570580,1724563367,11.490590277777779
777606805,106,1722734238,1724480362,20.20976851851852
451047239,106,1724247714,1724311213,0.7349421296296297
431495580,106,1724405800,1727716751,38.32119212962963
209069880,106,1726108718,1726120628,0.13784722222222223
456392460,105,1721666477,1724337572,30.91545138888889
616357068,104,1724859531,1724864072,0.05255787037037037
499094018,103,1724546357,1724559587,0.153125
416463706,103,1722675671,1722846944,1.982326388888889
702673193,103,1722381895,1726338357,45.79238425925926
293293087,102,1726209745,1726463362,2.9353819444444444
663143895,102,1725383125,1725390148,0.08128472222222222
778417632,102,1723024500,1723035870,0.13159722222222223
500876690,102,1720046372,1720066673,0.2349652777777778
299733161,102,1725333406,1725371588,0.4419212962962963
517627196,102,1726845237,1727074046,2.648252314814815
500166901,102,1721853564,1727354855,63.672349537037036
717837733,102,1720447540,1720510753,0.7316319444444445
238313893,101,1721041197,1721042987,0.020717592592592593
259161818,101,1722979313,1722996645,0.20060185185185186
510897299,101,1723560247,1727559284,46.28515046296296
727797788,101,1720160161,1720186362,0.3032523148148148
289815143,101,1721010923,1721199236,2.179548611111111
399356946,100,1719919558,1720098263,2.0683449074074076
282275962,100,1722315486,1722322396,0.07997685185185185
670086002,100,1725453892,1725459670,0.066875
722893433,100,1725667025,1726064977,4.605925925925926
391285916,99,1722530714,1727605452,58.73539351851852
313696896,99,1721894221,1725337779,39.85599537037037
613243403,99,1722595649,1722604442,0.10177083333333334
659292369,98,1723785120,1725386933,18.539502314814815
240862776,98,1720077466,1725283190,60.25143518518519
275593618,98,1723865754,1723869254,0.04050925925925926
557685304,98,1721956743,1721961509,0.05516203703703704
684354845,98,1723756664,1723775835,0.22188657407407408
621163946,98,1723734208,1724758760,11.85824074074074
338526936,97,1722776277,1724524198,20.23056712962963
253498925,97,1722050935,1722057803,0.07949074074074074
674802512,97,1722928479,1724399205,17.022291666666668
773872307,97,1722228604,1722234456,0.06773148148148148
275114735,97,1724136389,1724336372,2.3146180555555556
432526505,97,1722730431,1722789193,0.6801157407407408
322869822,96,1723633829,1723653169,0.2238425925925926
259632102,96,1725652981,1725664599,0.13446759259259258
333147212,96,1719931535,1721633418,19.697719907407407
690665586,96,1719924642,1719928681,0.046747685185185184
744647780,96,1727412950,1727416150,0.037037037037037035
280117832,96,1727437380,1727445328,0.09199074074074073
451298756,95,1720174118,1721506342,15.41925925925926
444935674,95,1724095358,1724103558,0.09490740740740741
344586314,95,1721201851,1721215071,0.15300925925925926
330769008,94,1726473579,1726487169,0.15729166666666666
257935747,94,1724822395,1724829236,0.07917824074074074
586054681,94,1719934076,1720092316,1.8314814814814815
749171640,94,1720014963,1727586449,87.63293981481482
297464425,94,1719934039,1719993596,0.6893171296296297
615733590,93,1722900921,1722921651,0.23993055555555556
599685068,93,1720696906,1720710125,0.1529976851851852
313929812,93,1720006444,1724493382,51.93215277777778
658648106,93,1719966444,1726463748,75.20027777777777
715210963,92,1721787340,1726331862,52.598634259259256
548066833,92,1721576423,1721586973,0.12210648148148148
466940330,92,1722928599,1727602135,54.09185185185185
560540701,91,1719967684,1719970354,0.03090277777777778
345622888,91,1720037794,1725429262,62.40125
524211571,91,1724757853,1726496524,20.123506944444443
646156891,91,1722192420,1722203005,0.12251157407407408
222632197,90,1724025026,1724038236,0.1528935185185185
697890427,90,1721645756,1725331456,42.65856481481482
229827652,90,1721297480,1721308850,0.13159722222222223
597741670,90,1720656791,1720671911,0.175
435579498,90,1727249846,1727256989,0.08267361111111111
305367712,90,1722072187,1722073677,0.01724537037037037
635592023,89,1719859942,1719861833,0.021886574074074076
218291547,89,1726482380,1727623969,13.212835648148149
772410768,89,1721697336,1724129853,28.154131944444444
601829886,89,1723719906,1723721298,0.01611111111111111
700791801,88,1719821170,1727579082,89.79064814814815
741379601,88,1721773877,1726386963,53.39219907407407
204427503,88,1724831916,1724889845,0.6704745370370371
280257994,88,1720691845,1727511071,78.92622685185185
787868445,88,1721311001,1721319411,0.09733796296296296
558681008,88,1726050434,1726051594,0.013425925925925926
209900123,87,1723622356,1723675273,0.6124652777777778
567356527,87,1722019116,1726265902,49.15261574074074
238862231,87,1721550798,1722557866,11.655879629629629
789317295,87,1721576839,1727202900,65.11644675925926
353303500,87,1722076623,1722080404,0.04376157407407407
659987097,87,1719961495,1721710508,20.243206018518517
251791716,87,1723639363,1723644822,0.06318287037037038
205443570,87,1724705708,1724711098,0.06238425925925926
368599736,87,1725284608,1726067283,9.058738425925926
535118967,86,1721602302,1721705336,1.1925231481481482
318988219,86,1724605406,1725495567,10.302789351851851
749870652,85,1722255370,1722299498,0.5107407407407407
216566719,85,1721788939,1721794838,0.06827546296296297
544253549,85,1724561905,1724571949,0.11625
697462510,85,1723605746,1723611074,0.06166666666666667
701453662,85,1727197193,1727200849,0.04231481481481481
726307903,85,1721304997,1723495131,25.348773148148148
631768569,85,1726235350,1726238965,0.041840277777777775
713316638,84,1722455739,1722468001,0.1419212962962963
369887143,84,1719922190,1719947158,0.2889814814814815
781819611,84,1719815533,1720037204,2.565636574074074
270418512,84,1720732440,1720742461,0.1159837962962963
371683703,84,1724105921,1724112803,0.07965277777777778
525390821,84,1727529228,1727530987,0.020358796296296295
454940244,84,1719900206,1719907646,0.08611111111111111
474178869,84,1719925985,1719947795,0.25243055555555555
667161280,84,1726460146,1726465845,0.06596064814814814
620430215,83,1724757489,1724763150,0.06552083333333333
379771953,83,1720525718,1721468410,10.910787037037037
341852114,83,1720565316,1723701492,36.29833333333333
373076088,83,1725348143,1725357833,0.11215277777777778
262232846,83,1723497085,1723524916,0.32211805555555556
289380097,83,1724439447,1725409739,11.230231481481482
533414162,82,1722961816,1722964816,0.034722222222222224
423828980,82,1722926037,1722942897,0.1951388888888889
754930281,82,1719835168,1719845542,0.12006944444444445
233577352,82,1725535818,1726381723,9.790567129629629
425545926,82,1724465990,1724488600,0.2616898148148148
585852960,82,1722674167,1722675067,0.010416666666666666
703098015,82,1727415094,1727419680,0.053078703703703704
561795090,82,1724081706,1724086248,0.052569444444444446
642255319,82,1726580243,1726582840,0.03005787037037037
483320194,82,1722118909,1723040720,10.669108796296296
569555401,82,1724774121,1724852160,0.9032291666666666
796382103,81,1720935449,1726255351,61.572939814814816
595847888,81,1721216870,1721223611,0.07802083333333333
250137166,81,1722056224,1722682502,7.248587962962963
544706588,81,1724149624,1724153734,0.04756944444444444
696966023,81,1719952812,1719969151,0.1891087962962963
297466328,81,1722279843,1723592979,15.198333333333334
471941008,80,1720740658,1724636804,45.094282407407405
481685392,80,1722659813,1727622087,57.43372685185185
763889074,80,1719809296,1722420979,30.2278125
504988880,80,1725280824,1725509841,2.650659722222222
274504123,80,1720732082,1724403191,42.4896875
729350640,79,1726499427,1726563323,0.739537037037037
490007760,79,1719924052,1719932051,0.09258101851851852
751349851,79,1726701610,1726737929,0.4203587962962963
713646245,79,1721392750,1727588750,71.71296296296296
599468619,79,1727414101,1727613524,2.3081365740740742
646200820,79,1724410113,1724414459,0.05030092592592592
682620031,79,1722485114,1722491979,0.07945601851851852
363823627,78,1720763381,1720770421,0.08148148148148149
264446936,78,1721458839,1722837778,15.95994212962963
216175341,78,1720160655,1720188911,0.327037037037037
268466201,78,1721637032,1721644681,0.08853009259259259
457881972,78,1722780872,1725280737,28.933622685185185
280477932,78,1724139307,1724176883,0.4349074074074074
693437183,78,1721650373,1721674283,0.2767361111111111
661368448,77,1727505858,1727622859,1.3541782407407408
346529023,77,1719986589,1724736194,54.97228009259259
477775410,77,1727276397,1727345064,0.7947569444444444
550046859,77,1720844174,1721426600,6.741041666666667
330735938,77,1723634493,1723647372,0.1490625
733944774,77,1727612508,1727615563,0.0353587962962963
325196726,77,1720096079,1721635328,17.815381944444443
494830357,77,1722883839,1722897638,0.15971064814814814
533061368,77,1721663099,1722500358,9.690497685185186
543155565,77,1726815169,1726821708,0.07568287037037037
640452750,77,1720878750,1726361635,63.45931712962963
665091406,76,1727425207,1727615391,2.2012037037037038
396056905,76,1722611921,1722613063,0.013217592592592593
711757557,76,1719922463,1727401965,86.56831018518518
612079842,76,1721623237,1725684733,47.00805555555556
304367224,76,1725666070,1726064551,4.612048611111111
316570744,75,1719847232,1727102727,83.97563657407407
554295708,75,1724371521,1724378540,0.08123842592592592
239491640,75,1726041240,1726046671,0.0628587962962963
440099710,75,1723012968,1724508777,17.312604166666667
432798061,75,1725892539,1725896797,0.04928240740740741
562799871,75,1719818132,1719932840,1.3276388888888888
341771445,75,1721355104,1727268563,68.4428125
288513100,74,1722284373,1722303853,0.22546296296296298
305299111,74,1727592990,1727596889,0.045127314814814815
230064102,74,1725720053,1727538382,21.045474537037038
422643991,74,1721751407,1726200426,51.49327546296296
395727044,74,1727391576,1727404415,0.14859953703703704
517176602,74,1725278879,1725292768,0.1607523148148148
458374351,73,1721256851,1723084495,21.153287037037035
386236939,73,1720792033,1721027083,2.720486111111111
510997157,73,1724042289,1724046430,0.047928240740740743
254481895,73,1724472535,1724477116,0.053020833333333336
481483391,73,1721624361,1721633253,0.10291666666666667
486891386,72,1722119100,1727420797,61.362233796296294
455356530,72,1720018226,1726317344,72.90645833333333
622567557,72,1719952272,1723865986,45.29761574074074
434739319,72,1722634330,1722757634,1.4271296296296296
380011996,72,1726185937,1726190587,0.05381944444444445
252961670,72,1721709072,1721717381,0.09616898148148148
580068371,72,1726494185,1726498985,0.05555555555555555
383044523,72,1727515751,1727520433,0.054189814814814816
239445702,72,1720691096,1720698366,0.08414351851851852
622565462,72,1722921422,1722933342,0.13796296296296295
610239754,72,1724058551,1727185282,36.1890162037037
511425050,71,1726101729,1727542676,16.677627314814814
535546773,71,1726056901,1726085036,0.3256365740740741
259710128,71,1722784961,1722789095,0.04784722222222222
749112353,71,1724869910,1724888631,0.21667824074074074
277363814,71,1719923172,1721280327,15.7078125
269698304,71,1721039419,1722430232,16.097372685185185
661422673,70,1721650103,1721657961,0.09094907407407407
716789515,70,1720720157,1720724266,0.04755787037037037
726620302,70,1722419682,1722424962,0.06111111111111111
579133119,70,1719912882,1722744297,32.771006944444444
427033619,70,1720907726,1720920086,0.14305555555555555
730475629,70,1722658498,1722662858,0.050462962962962966
667915881,70,1720706262,1720713282,0.08125
470976235,70,1720937192,1720945512,0.0962962962962963
759307228,69,1719923235,1722782777,33.096550925925925
655723033,69,1721702848,1725947853,49.13200231481481
709958775,69,1723916869,1723926667,0.11340277777777778
356351246,69,1722965286,1722984076,0.21747685185185187
517929657,69,1721634140,1721706233,0.8344097222222222
372296391,69,1720114006,1720149140,0.40664351851851854
544681340,69,1723818538,1723833058,0.16805555555555557
501497528,69,1724685824,1724700104,0.16527777777777777
773715351,68,1722337050,1722341070,0.04652777777777778
345882111,68,1721691828,1721873022,2.0971527777777776
430630426,68,1724506700,1724514302,0.08798611111111111
628102365,68,1727240089,1727242600,0.0290625
200113231,68,1720857383,1720861914,0.05244212962962963
441906204,68,1726555521,1726722585,1.9336111111111112
374871152,67,1721610884,1721663468,0.6086111111111111
576505937,67,1722930707,1722935237,0.05243055555555556
543780151,67,1723976224,1724153663,2.0536921296296295
619041741,67,1724827730,1725773648,10.948125
396114822,67,1724154699,1724164170,0.10961805555555555
753305434,67,1722956665,1723965352,11.674618055555555
779585939,66,1720061011,1720070192,0.10626157407407408
694310652,66,1722644438,1724153104,17.461412037037036
420284252,66,1724000649,1724020480,0.22952546296296297
676189527,66,1721436437,1727351376,68.45994212962962
691354719,66,1722829175,1722832223,0.035277777777777776
482914839,66,1719851452,1719862002,0.12210648148148148
764102810,65,1721847352,1721867243,0.23021990740740741
523389544,65,1727626661,1727635910,0.10704861111111111
388070735,65,1719922613,1719932153,0.11041666666666666
428968654,65,1727509979,1727513098,0.036099537037037034
687883639,65,1722731742,1722749992,0.21122685185185186
238128547,65,1720944498,1720947769,0.03785879629629629
578892033,64,1720020759,1720029739,0.10393518518518519
252449749,64,1727353703,1727587194,2.7024421296296297
340669999,64,1724174223,1724217313,0.49872685185185184
447733750,64,1724380631,1724396253,0.18081018518518518
799536674,64,1722168333,1722178574,0.11853009259259259
376098447,64,1720718517,1727381593,77.11893518518518
638573803,64,1722754274,1722762805,0.09873842592592592
306737617,64,1723524470,1723528548,0.047199074074074074
695099303,64,1724465146,1724488480,0.2700694444444444
738195768,64,1722608698,1723713598,12.788194444444445
726744924,63,1724073898,1724178151,1.2066319444444444
704593388,63,1727579994,1727583798,0.04402777777777778
686152372,63,1725335444,1725343715,0.09572916666666667
268672980,63,1722028669,1722609800,6.7260532407407405
286586069,62,1721610256,1721613468,0.037175925925925925
682816422,62,1720591612,1721990550,16.191412037037036
572774501,62,1720765048,1720769322,0.04946759259259259
457147461,62,1722730983,1727622067,56.60976851851852
353729169,62,1724726842,1727254244,29.25233796296296
270849949,62,1720081219,1720155555,0.8603703703703703
458388468,62,1725888573,1725898666,0.11681712962962963
574538195,62,1727208919,1727217037,0.09395833333333334
547457866,62,1725802624,1725805044,0.028009259259259258
521514943,62,1722833095,1723030943,2.2899074074074073
382711663,62,1722775030,1724365474,18.407916666666665
389558195,62,1721469447,1721471397,0.022569444444444444
360967526,62,1722900170,1722979835,0.9220486111111111
426600897,62,1722943441,1722946851,0.039467592592592596
643933542,61,1720727590,1723634727,33.64741898148148
428210399,61,1720084689,1720093903,0.10664351851851851
347728246,61,1721710946,1721722717,0.13623842592592592
527983774,61,1721695741,1721697710,0.022789351851851852
251811776,60,1721176627,1721188178,0.13369212962962962
507687714,60,1720730169,1721329050,6.931493055555555
693245872,60,1720035464,1720045056,0.11101851851851852
472289954,60,1723577913,1723589594,0.13519675925925925
770099668,60,1722923037,1722996149,0.8462037037037037
595385288,60,1723012606,1723060503,0.5543634259259259
592093977,60,1723860755,1723866974,0.07197916666666666
328453409,60,1724156014,1724175434,0.2247685185185185
289421869,59,1721650453,1721710547,0.6955324074074074
617319352,59,1723533659,1723547068,0.15519675925925927
701634810,59,1727625968,1727637677,0.13552083333333334
529855774,59,1719949926,1721485273,17.77021990740741
702746693,59,1723972487,1723987506,0.1738310185185185
509469010,59,1721299401,1721305121,0.06620370370370371
678145823,58,1721171744,1721177414,0.065625
506372130,58,1722423822,1722427472,0.04224537037037037
499839215,58,1722097996,1722681073,6.748576388888889
371408714,58,1721634528,1721642691,0.09447916666666667
309086455,58,1724065162,1727195439,36.23005787037037
605886434,58,1722845467,1722847521,0.023773148148148147
792809194,58,1720243793,1720247425,0.04203703703703704
740855594,58,1724344697,1724351547,0.07928240740740741
438987522,58,1722583431,1727534081,57.29918981481482
320862279,57,1721561581,1721619651,0.6721064814814814
480928701,57,1721680304,1725965701,49.59950231481481
354974266,57,1722666953,1725382394,31.428715277777776
350577536,57,1722736769,1722768498,0.3672337962962963
511948005,57,1719925884,1719932273,0.07394675925925925
709392457,57,1725422175,1725431986,0.11355324074074075
384214250,56,1721265229,1721556078,3.3663078703703704
685766575,56,1724854421,1724860415,0.069375
787692211,56,1719991168,1720103895,1.304710648148148
726666925,56,1723809574,1724802731,11.494872685185186
353080331,56,1724557051,1727471302,33.729756944444446
570796068,56,1719911993,1727506572,87.9002199074074
744255048,55,1727375450,1727390758,0.17717592592592593
660107628,55,1726572135,1727306539,8.500046296296297
224494861,55,1725665507,1727477260,20.969363425925927
213771020,55,1721611737,1721620619,0.10280092592592592
378604841,55,1722840982,1722929802,1.0280092592592593
264596383,54,1726553698,1726580642,0.3118518518518518
223952113,54,1719827661,1724415922,53.104872685185185
353003075,54,1721735319,1721803355,0.7874537037037037
318597638,54,1723780901,1723799575,0.21613425925925925
328979947,54,1726359430,1726362450,0.0349537037037037
726752445,54,1723504744,1723516474,0.13576388888888888
547555880,53,1719924534,1719929575,0.05834490740740741
209689560,53,1724137043,1724141082,0.046747685185185184
440404165,53,1721907089,1726639836,54.77716435185185
599279827,53,1727343190,1727430043,1.0052430555555556
347872233,53,1722502711,1722509882,0.08299768518518519
227923622,53,1722793332,1722800562,0.08368055555555555
526957864,53,1721774104,1721780463,0.07359953703703703
280295491,52,1721996016,1722000135,0.04767361111111111
331604305,52,1721736924,1727449122,66.11340277777778
652114615,52,1719881597,1725668022,66.97251157407408
254354109,52,1722366519,1722373499,0.08078703703703703
613073632,52,1725303900,1725307629,0.043159722222222224
756618713,52,1720959516,1720965395,0.06804398148148148
663661965,52,1726394327,1726396636,0.026724537037037036
412562736,52,1725533696,1725537387,0.04271990740740741
730173216,52,1724384736,1724401666,0.19594907407407408
533771078,51,1719889928,1727362996,86.49384259259259
665075421,51,1724151925,1724161886,0.11528935185185185
713351341,51,1726620013,1726622953,0.034027777777777775
424876249,51,1726492507,1726660538,1.9448032407407407
769762328,51,1724317111,1725308225,11.471226851851851
431270135,50,1719906198,1720680536,8.96224537037037
382573240,50,1723724566,1727314096,41.54548611111111
741520153,50,1721545696,1721638868,1.0783796296296295
266059835,50,1723483643,1723487724,0.047233796296296295
489430842,50,1721728121,1721882186,1.7831597222222222
442556792,50,1727205520,1727215381,0.11413194444444444
350118051,49,1719932609,1722753538,32.6496412037037
317822324,49,1727551925,1727560416,0.09827546296296297
657854981,49,1722077068,1725722217,42.189224537037035
781798525,49,1722841406,1722843826,0.028009259259259258
629343233,49,1721196807,1722662425,16.963171296296295
451912688,49,1721245858,1721248577,0.031469907407407405
797436326,48,1724111435,1724127216,0.18265046296296297
250555954,48,1722600720,1722740975,1.6233217592592593
523201849,48,1720081784,1720182000,1.1599074074074074
267783982,48,1722930567,1722940045,0.10969907407407407
403785533,48,1726584206,1726586666,0.02847222222222222
418308220,48,1722076009,1723704172,18.844479166666666
395897914,48,1722054213,1722068964,0.17072916666666665
582021002,48,1722366740,1722372660,0.06851851851851852
539086345,48,1725371395,1725377465,0.07025462962962963
669713756,48,1724386178,1724403586,0.20148148148148148
534384390,47,1726750785,1726754025,0.0375
535672274,47,1721894428,1722263450,4.271087962962963
730804024,47,1721898349,1725326165,39.673796296296295
373707158,47,1720236979,1721866018,18.854618055555555
547266267,47,1721136425,1721141024,0.05322916666666667
365187339,47,1721780181,1721964578,2.134224537037037
614328712,47,1720930174,1720937163,0.0808912037037037
488700735,47,1724016937,1724019127,0.025347222222222222
777263580,47,1720047404,1720050825,0.039594907407407405
473506078,47,1722747585,1722750197,0.03023148148148148
603072369,46,1726136595,1726381240,2.831539351851852
484094959,46,1720449595,1726500251,70.03074074074074
366683849,46,1725321956,1725326206,0.04918981481481482
225479967,46,1719922275,1720069584,1.7049652777777777
258661382,46,1725886813,1727603233,19.865972222222222
322821506,45,1720735062,1720739662,0.05324074074074074
793602849,45,1724883031,1724891251,0.09513888888888888
213428217,45,1724628416,1724642911,0.1677662037037037
316083817,45,1719964553,1719967641,0.03574074074074074
419552454,45,1726326220,1726331339,0.05924768518518519
236935542,45,1719909316,1719918109,0.10177083333333334
486717576,45,1725278812,1725359317,0.9317708333333333
539668169,45,1720186651,1725708523,63.910555555555554
350770048,45,1721928933,1721952974,0.2782523148148148
499349167,45,1721014615,1721028517,0.16090277777777778
224966912,45,1722787176,1722791233,0.04695601851851852
218417053,44,1725314666,1725327857,0.1526736111111111
603269954,44,1727524194,1727526443,0.026030092592592594
357940274,44,1722568037,1722574219,0.07155092592592592
635097035,44,1720078532,1720179886,1.1730787037037036
366367644,44,1720785852,1723521460,31.66212962962963
712780322,44,1724720937,1726199501,17.113009259259258
521771577,44,1724064559,1724068911,0.05037037037037037
405864392,44,1720254388,1720257368,0.03449074074074074
639666860,44,1727446163,1727447922,0.020358796296296295
716508561,44,1727426139,1727513798,1.0145717592592594
300203800,44,1722670991,1727254813,53.05349537037037
342324418,44,1724302469,1726094068,20.73609953703704
639771158,44,1725947333,1726159659,2.457476851851852
346463298,44,1722632310,1722748771,1.3479282407407407
246211220,44,1719793102,1719798412,0.06145833333333333
657400555,44,1725612834,1725706317,1.0819791666666667
692468983,43,1719994701,1719996920,0.02568287037037037
569122263,43,1725498379,1725502858,0.05184027777777778
347977404,43,1723693953,1723696034,0.024085648148148148
789202918,43,1721554013,1722265844,8.238784722222222
638280313,43,1719950857,1723940630,46.17792824074074
509546502,43,1726095980,1726469022,4.317615740740741
570826930,43,1721199149,1721206558,0.08575231481481481
398040828,42,1720070033,1720077654,0.08820601851851852
261233044,42,1719792078,1719793579,0.017372685185185185
754118100,42,1720073706,1720094657,0.24248842592592593
220115766,42,1723959588,1724169381,2.4281597222222224
661116630,42,1720201455,1720450985,2.888078703703704
623593494,42,1723992833,1724012298,0.22528935185185187
342375529,42,1724067546,1724069297,0.020266203703703703
364485390,41,1724308760,1724322248,0.15611111111111112
343732825,41,1725711622,1725714021,0.027766203703703703
251253483,41,1724285780,1724290010,0.04895833333333333
289529500,41,1722475902,1722478122,0.025694444444444443
206715243,41,1722254323,1722266285,0.13844907407407409
217764930,41,1724065571,1724076216,0.12320601851851852
305334817,41,1725684079,1727166208,17.15427083333333
251799638,41,1723880380,1726007203,24.616006944444443
473859541,41,1725448166,1725453037,0.05637731481481482
234577977,41,1724801360,1724819350,0.2082175925925926
286100319,41,1723975999,1723977727,0.02
757202020,40,1727381062,1727400563,0.22570601851851851
629547578,40,1720055768,1720095980,0.46541666666666665
681312007,40,1727505485,1727507118,0.018900462962962963
352436088,40,1724396780,1725454104,12.237546296296296
381781200,40,1722340486,1722342197,0.01980324074074074
236571536,40,1722939976,1724317281,15.941030092592593
673872155,40,1723929881,1726098451,25.099189814814814
486521618,40,1724138660,1724149484,0.12527777777777777
668602259,40,1727382258,1727395218,0.15
667841130,40,1723516810,1723824528,3.561550925925926
722301663,39,1727527075,1727529116,0.023622685185185184
665213350,39,1722895516,1722922923,0.31721064814814814
465718091,39,1722729696,1724151342,16.45423611111111
420589088,39,1721528364,1726397732,56.35842592592593
403942457,39,1721790694,1721795625,0.05707175925925926
258499282,39,1727525506,1727533586,0.09351851851851851
257606880,38,1723494927,1723505017,0.1167824074074074
391225316,38,1722063769,1722068418,0.05380787037037037
645217285,38,1721158698,1721160343,0.019039351851851852
527345732,38,1723559063,1723561204,0.024780092592592593
481389460,38,1725619409,1725628469,0.10486111111111111
718534175,38,1726021704,1726024313,0.03019675925925926
767042293,38,1719940366,1719960876,0.23738425925925927
309490266,38,1724015332,1724758748,8.604351851851852
298150413,38,1725304586,1725317914,0.15425925925925926
637380301,38,1724845553,1724888516,0.49725694444444446
693515363,38,1723877620,1723884472,0.07930555555555556
226388301,38,1721725728,1724045065,26.844178240740742
390607082,38,1722591356,1722601827,0.12119212962962964
471000418,38,1725969084,1725972831,0.043368055555555556
436109338,38,1722575567,1722595068,0.22570601851851851
709309885,38,1722642331,1722668401,0.3017361111111111
451299885,38,1722762030,1722780340,0.2119212962962963
639829435,38,1720704885,1720708003,0.03608796296296296
228967800,37,1721041108,1721110517,0.8033449074074074
748300966,37,1724079013,1724095574,0.19167824074074075
711683794,37,1722104764,1722108408,0.04217592592592593
489550451,37,1721572039,1721580888,0.10241898148148149
479117917,37,1727176543,1727181201,0.053912037037037036
625580343,37,1723866740,1723867810,0.01238425925925926
671021690,37,1719939035,1719966758,0.32086805555555553
504192907,37,1723723500,1723870829,1.7051967592592592
623437839,37,1720077662,1720081890,0.048935185185185186
330853314,36,1723496415,1723502766,0.07350694444444444
632381510,36,1727178736,1727182335,0.04165509259259259
420373448,36,1722455210,1722458691,0.040289351851851854
439544006,36,1721047514,1721053994,0.075
741329576,36,1723932859,1724748088,9.435520833333333
322807785,36,1725282866,1725285045,0.025219907407407406
238814688,36,1727333439,1727348860,0.1784837962962963
703284961,36,1721631325,1721644184,0.14883101851851852
711127003,36,1722756826,1722779743,0.26524305555555555
538834233,36,1721215718,1721427660,2.4530324074074072
526139358,36,1722245504,1722246691,0.013738425925925926
318098187,35,1726032105,1726118766,1.0030208333333333
408693955,35,1727244355,1727255175,0.12523148148148147
411141346,35,1723535757,1723559446,0.27417824074074076
262130557,35,1725279495,1725281656,0.025011574074074075
461141180,35,1721351294,1721364016,0.14724537037037036
609138660,35,1721449162,1721452923,0.04353009259259259
322280311,35,1722600123,1723975776,15.921909722222223
513709617,35,1726099315,1726102166,0.032997685185185185
412330051,35,1722611531,1722655632,0.5104282407407408
760471729,35,1721908854,1721918706,0.11402777777777778
666019626,35,1722746389,1725450600,31.298738425925926
483471598,35,1720608563,1720616724,0.09445601851851852
729627619,35,1722659171,1722681286,0.2559606481481482
223976089,35,1721130745,1726622718,63.56450231481482
423960609,34,1722775802,1722927764,1.7588194444444445
466980370,34,1722612149,1722636209,0.27847222222222223
470422681,34,1725323606,1725324807,0.013900462962962963
620993876,34,1722098532,1722102181,0.0422337962962963
689871941,34,1722979932,1723051962,0.8336805555555555
404380054,34,1720913766,1722505376,18.421412037037037
620075139,34,1722062409,1727619251,64.31530092592592
671347319,34,1726721813,1726723942,0.024641203703703703
634770785,33,1727166695,1727177648,0.12677083333333333
787263211,33,1722663290,1722771062,1.2473611111111111
274949547,33,1724457773,1724474760,0.1966087962962963
722640710,33,1720532442,1720544504,0.13960648148148147
511191580,33,1721209754,1721219685,0.11494212962962963
249567756,33,1720128793,1727295640,82.94961805555556
288286024,33,1722861019,1722864378,0.038877314814814816
665540033,33,1722793093,1722810883,0.20590277777777777
228716843,33,1719929401,1719931890,0.02880787037037037
745575330,33,1723004804,1723005865,0.012280092592592592
228232702,33,1721540022,1721546021,0.06943287037037037
781521762,33,1723667022,1723670018,0.03467592592592592
761850149,33,1720532075,1720540714,0.09998842592592593
631618012,32,1722559318,1722561747,0.028113425925925927
453542489,32,1726747484,1726757901,0.12056712962962964
368945144,32,1724139291,1724143847,0.05273148148148148
586266829,32,1721663145,1722669545,11.648148148148149
444011513,32,1725494812,1725508161,0.15450231481481483
574259021,32,1725460393,1726569048,12.831655092592593
579007139,32,1719811799,1719820309,0.09849537037037037
518891166,32,1719997376,1727190303,83.25146990740741
310747393,32,1726470019,1726472269,0.026041666666666668
343588404,32,1721487099,1722781575,14.98236111111111
694419599,31,1725803953,1725806083,0.024652777777777777
380361248,31,1721589232,1721604301,0.17440972222222223
490255004,31,1723009272,1723014733,0.06320601851851852
273376263,31,1723559146,1725720716,25.018171296296295
713079300,31,1719922236,1719944978,0.2632175925925926
678074867,31,1722338597,1722348879,0.11900462962962963
452338509,31,1723660846,1723893877,2.6971180555555554
706096818,30,1720092750,1721701478,18.619537037037038
621986059,30,1719927633,1719930814,0.03681712962962963
514331076,30,1726329055,1726331514,0.028460648148148148
549747705,30,1724680054,1724682004,0.022569444444444444
339309073,30,1722669205,1722671006,0.020844907407407406
515649554,30,1720166102,1721661351,17.306122685185183
790865104,30,1726638759,1726643574,0.05572916666666667
697754684,30,1726621505,1726627473,0.06907407407407408
484272651,30,1723904217,1723918407,0.1642361111111111
575029259,30,1726628349,1726642958,0.16908564814814814
433361216,30,1722403943,1722406362,0.027997685185185184
474570529,30,1727235961,1727242819,0.079375
463314303,30,1720229988,1720256639,0.30846064814814816
381566195,29,1723575446,1724688149,12.878506944444444
538112721,29,1726886176,1727626025,8.56306712962963
367634343,29,1725353087,1726161867,9.360879629629629
365702755,29,1722408035,1722409124,0.012604166666666666
238328853,29,1726558905,1726720544,1.8708217592592593
444097844,29,1719945927,1724200667,49.244675925925925
320947122,29,1720255328,1720257067,0.020127314814814813
578614462,29,1721741993,1725450117,42.91810185185185
582607490,29,1722080222,1722919188,9.71025462962963
625482189,29,1719951363,1722993393,35.20868055555555
738382184,29,1724499489,1724501980,0.02883101851851852
212391094,29,1720159618,1720162258,0.030555555555555555
777143427,29,1722757631,1722759793,0.02502314814814815
493993630,28,1721604350,1721612209,0.09096064814814815
388020816,28,1724739951,1726365131,18.809953703703705
629604017,28,1723704932,1723705734,0.009282407407407408
454569615,28,1722860237,1724282868,16.465636574074075
465458101,28,1723638811,1724150000,5.916539351851852
290809514,28,1721716653,1721746054,0.34028935185185183
250598428,28,1726490363,1726491863,0.017361111111111112
430939263,28,1722531035,1722542796,0.1361226851851852
625379188,28,1720081274,1720097544,0.1883101851851852
584102745,28,1727361308,1727362408,0.01273148148148148
233797957,27,1725684547,1725686076,0.01769675925925926
245803342,27,1722737405,1727567063,55.89881944444444
493992162,27,1727260737,1727497471,2.7399768518518517
242418560,27,1727347413,1727352755,0.061828703703703705
570139756,27,1721910746,1721913846,0.03587962962962963
447546106,27,1726196274,1726197495,0.014131944444444445
259622771,27,1722650455,1722678354,0.3229050925925926
330312489,27,1726328944,1726333394,0.05150462962962963
736699625,27,1722242708,1723599460,15.703148148148149
486504452,27,1726135158,1726138576,0.039560185185185184
710386257,27,1722069434,1724820753,31.84396990740741
459371332,27,1726638329,1726644900,0.07605324074074074
705779432,27,1721709109,1725858831,48.02918981481481
292856352,27,1719929120,1719930079,0.011099537037037036
517083396,27,1726563220,1726568771,0.06424768518518519
431164643,26,1724130360,1724147309,0.19616898148148149
220755218,26,1720183000,1720189663,0.07711805555555555
729978331,26,1721064176,1721064856,0.00787037037037037
512927445,26,1725515314,1725519494,0.04837962962962963
466321007,26,1720741468,1720789466,0.5555324074074074
587665280,26,1723633991,1723640091,0.07060185185185185
213660177,26,1723978910,1724727245,8.661284722222222
651324999,26,1719874599,1719883001,0.09724537037037037
605200059,26,1722362165,1722367193,0.058194444444444444
659925661,26,1721889152,1722906097,11.770196759259258
455227212,26,1720754705,1720755725,0.011805555555555555
750605123,25,1721644776,1721646336,0.018055555555555554
636120444,25,1726257172,1726918037,7.648900462962963
671513150,25,1722602138,1724689185,24.155636574074073
288433605,25,1723941043,1727600211,42.35148148148148
392383923,25,1722765300,1724161141,16.15556712962963
396933201,25,1722735016,1723001516,3.084490740740741
554160409,25,1719975312,1719976812,0.017361111111111112
450466745,25,1722761310,1722923765,1.8802662037037037
207708699,25,1721542468,1721545830,0.03891203703703704
573015546,25,1720202875,1724855264,53.84709490740741
222969468,25,1723562634,1723976279,4.78755787037037
255447982,25,1721642189,1721660954,0.2171875
603987587,25,1726359345,1726375144,0.18285879629629628
790458693,25,1726577518,1726658437,0.9365625
435439565,25,1721523596,1725377452,44.604814814814816
565262356,25,1725889577,1725891565,0.02300925925925926
280201381,25,1722209828,1724255267,23.6740625
235456311,24,1723572415,1723578179,0.06671296296296296
526654976,24,1724098544,1724151857,0.6170486111111111
688863607,24,1722389590,1722393731,0.047928240740740743
585190722,24,1723991211,1724110172,1.376863425925926
708662097,24,1721652095,1721699428,0.5478356481481481
313783224,24,1721521389,1721527029,0.06527777777777778
457958782,24,1725279866,1725288795,0.10334490740740741
529098536,24,1723016508,1723037592,0.2440277777777778
619959153,24,1721888158,1723533248,19.040393518518517
708333372,24,1721627054,1721630171,0.03607638888888889
355269358,24,1720078170,1720080150,0.022916666666666665
679443250,24,1723894783,1724118884,2.5937615740740743
596150135,24,1719943705,1724132308,48.47920138888889
213944077,24,1723764222,1723767391,0.03667824074074074
590752980,24,1719955348,1720753983,9.243460648148147
486055019,24,1719925053,1722594252,30.893506944444443
410314841,24,1723797631,1723885014,1.0113773148148149
723707897,24,1727461410,1727461981,0.006608796296296297
554939260,23,1722486373,1722489613,0.0375
267453099,23,1720237149,1722578212,27.095636574074074
463694650,23,1722845610,1722848340,0.03159722222222222
743429694,23,1720209610,1720211501,0.021886574074074076
691230351,23,1720688125,1720691064,0.0340162037037037
268518502,23,1723513534,1725925246,27.913333333333334
689611783,23,1720087592,1720186400,1.1436111111111111
628835773,23,1722615920,1722935851,3.7029050925925926
764727954,23,1722215176,1722221445,0.07255787037037037
341635827,23,1720588344,1723651485,35.45302083333333
325551523,23,1721616471,1721663085,0.5395138888888888
505426189,22,1720600957,1722345154,20.18746527777778
796989407,22,1720910351,1726152493,60.67293981481482
427773825,22,1721633435,1721636400,0.03431712962962963
308283915,22,1724584954,1724589935,0.057650462962962966
409963138,22,1720966140,1721119247,1.7720717592592592
347908573,22,1721650036,1722756814,12.809930555555555
403358871,22,1725494642,1725498934,0.04967592592592593
783070908,22,1722731188,1722732449,0.014594907407407407
334399229,22,1726356985,1726359064,0.0240625
593359127,22,1719936693,1719938653,0.022685185185185187
609330989,22,1721239755,1721250357,0.12270833333333334
621989869,22,1723662554,1726654587,34.630011574074075
406924493,21,1721158195,1723890916,31.62871527777778
606772964,21,1724238665,1724240554,0.021863425925925925
240059863,21,1720688505,1720689785,0.014814814814814815
569809706,21,1727124699,1727126149,0.01678240740740741
341360156,21,1721385052,1721554038,1.9558564814814814
564991624,21,1722865964,1722874715,0.10128472222222222
697198375,21,1720054228,1720057648,0.03958333333333333
535271467,21,1721024814,1726580993,64.30762731481481
294178906,21,1725672245,1725677144,0.05670138888888889
353815230,21,1724150682,1724153352,0.03090277777777778
458481223,21,1721027160,1721030030,0.03321759259259259
364102602,20,1724410977,1727709486,38.1771875
313901059,20,1724681416,1724687717,0.07292824074074074
663627748,20,1721356533,1722993003,18.940625
402276340,20,1724827254,1724829565,0.026747685185185187
703089600,20,1720088039,1720092540,0.05209490740740741
203527661,20,1724149850,1724152368,0.02914351851851852
369147117,20,1721386686,1721409322,0.26199074074074075
521494265,20,1722778718,1722928668,1.7355324074074074
605289282,20,1721996545,1727241446,60.70487268518519
378793082,20,1719996500,1721281727,14.8753125
639820426,20,1721776359,1721786346,0.11559027777777778
378001875,20,1726721831,1726724082,0.02605324074074074
215060900,20,1724749994,1726369371,18.74278935185185
648026358,20,1727375746,1727376856,0.012847222222222222
696354467,20,1723941119,1723945166,0.04684027777777778
458331050,19,1722641754,1722644604,0.03298611111111111
725778343,19,1721672101,1721675080,0.034479166666666665
324307950,19,1721718201,1721718876,0.0078125
538920852,19,1726617070,1726630549,0.15600694444444443
567982887,19,1722488547,1722493167,0.05347222222222222
395697259,19,1727508896,1727513068,0.04828703703703704
243523903,19,1725973199,1725975219,0.02337962962962963
213689986,19,1720789795,1723869557,35.64539351851852
404958837,19,1721943091,1721945111,0.02337962962962963
499129301,19,1724085270,1724150411,0.7539467592592592
670136515,19,1724104624,1724105698,0.012430555555555556
602961452,19,1719868347,1719874279,0.0686574074074074
766949201,19,1720597880,1724816560,48.82731481481481
692172142,19,1722746426,1722752592,0.07136574074074074
246550431,19,1723498199,1724025268,6.100335648148148
660448775,19,1725729204,1725729683,0.005543981481481481
701139817,18,1721660572,1724178515,29.142858796296295
505971520,18,1719922911,1726401496,74.98362268518518
491517293,18,1721744934,1724151390,27.8525
593280809,18,1720805652,1725942737,59.457002314814815
460239591,18,1720740557,1720744147,0.04155092592592593
450529093,18,1723000966,1723037746,0.42569444444444443
253360839,18,1720002306,1720003266,0.011111111111111112
611153622,18,1721967634,1722987262,11.80125
730428020,18,1722101793,1722105284,0.04040509259259259
772087718,18,1726990518,1727731981,8.581747685185185
388570927,18,1727078304,1727085243,0.0803125
233268653,18,1724328899,1724330669,0.02048611111111111
468868196,18,1727347285,1727353596,0.07304398148148149
243747370,18,1723614077,1723630597,0.1912037037037037
649188344,18,1724139302,1724232882,1.0831018518518518
466577640,18,1721691326,1721706714,0.17810185185185184
777791387,17,1722112946,1722114005,0.012256944444444445
582091735,17,1724377003,1724385392,0.09709490740740741
483570344,17,1727617367,1727621176,0.04408564814814815
381827305,17,1720465790,1720468940,0.036458333333333336
553374435,17,1723072493,1723078214,0.06621527777777778
574306985,17,1723996056,1724023337,0.3157523148148148
634611411,17,1726930776,1726933676,0.03356481481481482
561434092,17,1721628754,1721650344,0.24988425925925925
517062535,17,1720016522,1726242182,72.05625
223875262,17,1719930114,1719944368,0.16497685185185185
413106972,17,1722617565,1722618434,0.01005787037037037
768917319,17,1723916115,1723916975,0.009953703703703704
203662835,17,1721443843,1721455123,0.13055555555555556
569975084,17,1724059330,1724060620,0.014930555555555556
336904305,17,1725324870,1725851156,6.091273148148148
625307658,17,1721371156,1721373196,0.02361111111111111
764915666,17,1720478316,1721567256,12.603472222222223
413411006,17,1719944390,1725308798,62.088055555555556
744032352,17,1720875987,1721556147,7.872222222222222
489637144,17,1725650496,1725652416,0.022222222222222223
428324894,17,1720699812,1720706771,0.08054398148148148
720214221,17,1724481893,1724482432,0.006238425925925926
610309444,17,1721110493,1721115024,0.05244212962962963
455951532,17,1722866403,1722867642,0.014340277777777778
779775382,16,1723054390,1723075066,0.23930555555555555
661945987,16,1720116482,1720122154,0.06564814814814815
460101072,16,1722660843,1722664626,0.043784722222222225
729234124,16,1720197229,1720200230,0.0347337962962963
653727276,16,1719949859,1721230882,14.826655092592592
447721654,16,1721098482,1721100077,0.01846064814814815
767863762,16,1726641588,1726643819,0.02582175925925926
421935445,16,1723527278,1725679603,24.91116898148148
558402948,16,1721210734,1721290894,0.9277777777777778
375588953,16,1722496713,1723083389,6.790231481481482
275533605,16,1725627594,1727585610,22.662222222222223
627763215,16,1721263714,1722924548,19.22261574074074
523910177,16,1722733058,1727534942,55.57736111111111
302717990,16,1725389963,1725397584,0.08820601851851852
505364285,16,1724329976,1724331386,0.016319444444444445
466684590,16,1722729752,1722737910,0.0944212962962963
234379907,16,1721625204,1726640507,58.04748842592593
339130681,16,1727419604,1727420053,0.0051967592592592595
667335565,15,1720643445,1720652254,0.10195601851851852
649270046,15,1719895956,1719907045,0.1283449074074074
326470886,15,1727308973,1727310412,0.016655092592592593
606327076,15,1727680252,1727683161,0.03366898148148148
636875348,15,1727214518,1727223237,0.10091435185185185
752632733,15,1726126418,1726128217,0.02082175925925926
233231969,15,1721662060,1722756827,12.670914351851852
496124120,15,1720004994,1720007495,0.02894675925925926
249002046,15,1727387756,1727389604,0.021388888888888888
290519727,15,1725344844,1725345495,0.007534722222222222
605124372,15,1724888034,1724888834,0.009259259259259259
740327210,15,1721790105,1724130659,27.08974537037037
297337332,15,1723973427,1723974388,0.011122685185185185
396326703,15,1724311738,1724314017,0.026377314814814815
526774746,15,1722581593,1722824584,2.8123958333333334
509388398,15,1721552558,1721659983,1.2433449074074074
236823195,15,1725525607,1725533165,0.08747685185185185
342429505,15,1726548852,1726551083,0.02582175925925926
696888895,15,1725487380,1725488414,0.011967592592592592
250419657,15,1726734372,1726735702,0.015393518518518518
355718134,15,1722781388,1727257736,51.809583333333336
661078065,15,1724657333,1726332328,19.386516203703703
781375712,15,1723711387,1723799616,1.0211689814814815
533828932,15,1726229154,1726236662,0.08689814814814815
514033693,15,1727178704,1727180864,0.025
286068399,14,1722046039,1722047689,0.019097222222222224
476142571,14,1720469409,1720471867,0.028449074074074075
655505848,14,1720062359,1726750915,77.41384259259259
799007797,14,1724780952,1724796823,0.18369212962962964
672006605,14,1724073218,1724123040,0.5766435185185185
511262022,14,1720187113,1720190633,0.040740740740740744
229236617,14,1720957283,1720959202,0.02221064814814815
503950844,14,1724009191,1724011209,0.02335648148148148
652650093,14,1722308174,1722308834,0.007638888888888889
426097015,14,1722546824,1722555175,0.0966550925925926
768288072,14,1719909003,1726327689,74.29034722222222
609858151,14,1721015916,1721027186,0.13043981481481481
528353548,14,1722080282,1722081719,0.016631944444444446
575314661,14,1724632961,1724638640,0.06572916666666667
724096123,14,1726666396,1726668997,0.030104166666666668
686987844,14,1725342008,1725352498,0.12141203703703704
357029554,14,1722600675,1722602261,0.01835648148148148
352148150,14,1720084029,1720088111,0.04724537037037037
206219065,14,1722866758,1723030160,1.8912268518518518
706589040,14,1727407128,1727494759,1.0142476851851852
370710986,14,1727529388,1727578708,0.5708333333333333
655476705,13,1722554427,1722554817,0.0045138888888888885
781013859,13,1720870780,1727504923,76.7840625
238182057,13,1726563518,1726563933,0.004803240740740741
332059257,13,1725548692,1725603281,0.6318171296296297
509195242,13,1720675349,1720679730,0.05070601851851852
454429856,13,1722839464,1722842123,0.030775462962962963
651749931,13,1726328340,1727253274,10.70525462962963
611705284,13,1721826307,1721827623,0.015231481481481481
744813509,13,1722604650,1722607230,0.029861111111111113
731322636,13,1725607695,1725608636,0.010891203703703703
348583054,13,1727412547,1727413488,0.010891203703703703
657075415,13,1722590721,1722870119,3.233773148148148
352562611,13,1722328606,1722332448,0.04446759259259259
372894817,13,1724237223,1724238965,0.020162037037037037
413923922,13,1722759953,1722981761,2.567222222222222
770986769,13,1725745718,1727278033,17.735127314814815
599688370,13,1722415927,1722417198,0.014710648148148148
559510036,13,1722399147,1727107280,54.492280092592594
531084281,13,1722659605,1722660761,0.01337962962962963
748646169,12,1722479562,1722482042,0.028703703703703703
745527503,12,1726134822,1726138945,0.047719907407407405
723662516,12,1726296641,1726298121,0.01712962962962963
748883642,12,1719873786,1719875235,0.016770833333333332
708459858,12,1722190902,1722193442,0.02939814814814815
683336922,12,1722152875,1722156145,0.03784722222222222
594610063,12,1726718208,1726719387,0.013645833333333333
254310315,12,1719934059,1719942458,0.09721064814814814
385013518,12,1722047181,1722054471,0.084375
292203820,12,1721433922,1721438763,0.05603009259259259
485639522,12,1721055108,1721064278,0.10613425925925926
413972564,12,1722012473,1726084620,47.131331018518516
314458799,12,1721567679,1721569959,0.02638888888888889
336703849,12,1721594457,1721602349,0.09134259259259259
563112008,12,1726206397,1727593774,16.057604166666668
305550959,12,1721257578,1722224014,11.185601851851851
317386444,12,1721894518,1722048335,1.7802893518518519
404212479,12,1725280453,1725295153,0.1701388888888889
290245522,12,1723939671,1723952113,0.14400462962962962
387176909,12,1725688031,1725688290,0.0029976851851851853
334038292,12,1719920105,1719921336,0.014247685185185184
201542249,12,1722617836,1722621117,0.037974537037037036
672026041,12,1727236293,1727238083,0.020717592592592593
606675068,12,1721632021,1722660340,11.901840277777778
547010994,11,1722409366,1722411687,0.026863425925925926
554408875,11,1719821949,1722162017,27.08412037037037
550323949,11,1725887170,1725889499,0.026956018518518518
210605917,11,1723481455,1723482316,0.009965277777777778
235416422,11,1723998587,1724001858,0.03785879629629629
661814788,11,1720079112,1720080272,0.013425925925925926
730362936,11,1721656081,1722732131,12.454282407407407
689359587,11,1724137792,1724138043,0.002905092592592593
474971872,11,1724800515,1724801904,0.01607638888888889
619963811,11,1727356945,1727362066,0.059270833333333335
754986860,11,1722292004,1726590825,49.754872685185184
768699668,11,1727180347,1727182357,0.02326388888888889
689229601,11,1725394565,1725422892,0.3278587962962963
436034353,11,1726632294,1726633804,0.01747685185185185
258498179,11,1725479364,1725503923,0.2842476851851852
786056169,11,1722731673,1722732372,0.008090277777777778
621010570,11,1721662052,1721662617,0.006539351851851852
791827516,11,1721714358,1721715138,0.009027777777777777
547029600,11,1719901770,1719902415,0.007465277777777778
613124093,11,1722009394,1722010535,0.013206018518518518
283508262,11,1725841025,1725841695,0.0077546296296296295
295159601,11,1724103491,1724145010,0.4805439814814815
744009424,11,1721651012,1721651513,0.005798611111111111
526955552,10,1727570392,1727584173,0.1595023148148148
634000117,10,1724012820,1724017441,0.05348379629629629
790404094,10,1725955934,1725956684,0.008680555555555556
702284965,10,1727238270,1727242461,0.04850694444444444
717429853,10,1724079849,1724082879,0.035069444444444445
716997655,10,1722305963,1722308850,0.033414351851851855
253506991,10,1725350160,1725351682,0.01761574074074074
213280458,10,1721548779,1721625696,0.8902430555555556
330914241,10,1724714741,1724715857,0.012916666666666667
710797569,10,1720619613,1720628166,0.09899305555555556
360709721,10,1720811182,1720813112,0.022337962962962962
550216799,10,1724737460,1724739993,0.02931712962962963
502647527,10,1727191268,1727191778,0.005902777777777778
539563340,10,1726645603,1726646677,0.012430555555555556
544967776,10,1723887352,1726568247,31.028877314814814
266813596,10,1726556386,1726916424,4.167106481481482
240916330,10,1720213505,1720216645,0.03634259259259259
715691374,10,1726049577,1726052446,0.03320601851851852
606034394,10,1719833207,1721629143,20.786296296296296
347545024,10,1719933807,1719968221,0.3983101851851852
772786103,10,1726556018,1726557769,0.020266203703703703
398501496,10,1722059365,1722062389,0.035
495082594,10,1726359793,1726360663,0.010069444444444445
534376695,10,1719947464,1719948065,0.0069560185185185185
696439957,10,1725431555,1725433259,0.01972222222222222
663018727,10,1720894431,1720894990,0.006469907407407408
423193505,10,1725767229,1725770450,0.037280092592592594
537311977,9,1720150066,1720167043,0.19649305555555555
771892197,9,1727447196,1727450475,0.03795138888888889
691196340,9,1725629238,1725630130,0.010324074074074074
741896455,9,1719917384,1719918584,0.013888888888888888
654542380,9,1720778039,1720781492,0.03996527777777778
483895792,9,1724130409,1724133888,0.04026620370370371
648387542,9,1724638983,1724639286,0.0035069444444444445
749054947,9,1721700772,1721702544,0.02050925925925926
277300583,9,1722493226,1722495916,0.03113425925925926
676094511,9,1726706228,1726707998,0.02048611111111111
514184176,9,1722932240,1722934643,0.0278125
735183050,9,1725597390,1725633123,0.41357638888888887
255701168,9,1725957991,1725959190,0.013877314814814815
789501981,9,1727636909,1727647446,0.12195601851851852
601104708,9,1726455878,1726966626,5.911435185185185
624052768,9,1721829920,1721831351,0.0165625
395751846,9,1722604545,1722606221,0.019398148148148147
661670445,9,1726361430,1726362870,0.016666666666666666
557056821,9,1721318183,1721331104,0.14954861111111112
364024240,9,1722682729,1724243373,18.06300925925926
630279006,9,1723584072,1723593013,0.1034837962962963
361109086,9,1724568316,1725949191,15.982349537037036
713146016,9,1721193637,1721636268,5.123043981481482
772955770,9,1727018341,1727020730,0.027650462962962963
373602696,9,1724177581,1724198821,0.24583333333333332
660556063,9,1720157448,1720157778,0.0038194444444444443
208897850,9,1726140141,1726141690,0.01792824074074074
775183594,9,1722661002,1722661992,0.011458333333333333
590519834,9,1727509533,1727510581,0.012129629629629629
652360413,9,1720080787,1720094377,0.15729166666666666
346959583,9,1719947440,1719966472,0.22027777777777777
626880875,9,1723021232,1723021982,0.008680555555555556
700779696,9,1722537583,1723481740,10.927743055555556
651086329,9,1727607771,1727620755,0.1502777777777778
547835419,8,1724330106,1724331186,0.0125
540761068,8,1727475421,1727476345,0.010694444444444444
479687740,8,1721992524,1722515888,6.057453703703704
242716484,8,1721456570,1725636323,48.37677083333333
779365743,8,1725807590,1725808371,0.009039351851851852
663174045,8,1720826227,1726683421,67.79159722222222
707157978,8,1723016062,1724148702,13.10925925925926
796746072,8,1720927786,1720930215,0.028113425925925927
764213142,8,1727252484,1727256403,0.04535879629629629
386955878,8,1724660965,1724661316,0.0040625
344306570,8,1724153698,1724154898,0.013888888888888888
502506316,8,1726065024,1726235353,1.971400462962963
661597664,8,1722608364,1722609253,0.010289351851851852
449537443,8,1720877999,1720880589,0.029976851851851852
290213152,8,1724025118,1724147443,1.4157986111111112
306863480,8,1724036310,1724038321,0.023275462962962963
572314830,8,1724022729,1724023148,0.004849537037037037
739874428,8,1720091314,1720093584,0.02627314814814815
339141089,8,1722794174,1722803823,0.11167824074074074
397097022,8,1723860041,1723866677,0.07680555555555556
590381954,8,1719998218,1720158993,1.8608217592592593
503232010,8,1726887731,1726889611,0.02175925925925926
340025678,8,1726724259,1726725660,0.016215277777777776
498426889,8,1725633026,1725645477,0.1441087962962963
410409119,8,1723649160,1723659510,0.11979166666666667
645524491,8,1726215277,1726216477,0.013888888888888888
793918558,8,1726399603,1726400277,0.0078009259259259256
505323626,8,1723771789,1723791209,0.2247685185185185
636597549,8,1723702834,1723875665,2.0003587962962963
243737490,8,1721823102,1722048687,2.6109375
207442852,8,1720128630,1720129662,0.011944444444444445
209557617,8,1723706899,1723707280,0.004409722222222222
285565287,8,1720091369,1720094399,0.035069444444444445
501816855,8,1720159549,1720160658,0.012835648148148148
247232987,8,1725656190,1725657309,0.012951388888888889
798953185,8,1721973461,1721974089,0.007268518518518519
234766050,7,1724862232,1724863258,0.011875
606355716,7,1724765601,1724767981,0.027546296296296298
733063549,7,1725765640,1725767200,0.018055555555555554
300143427,7,1726030228,1726034078,0.04456018518518518
715631569,7,1722600741,1722609236,0.09832175925925926
348119569,7,1721696018,1721696817,0.009247685185185185
252553768,7,1727507233,1727511915,0.054189814814814816
611138073,7,1721379050,1721381839,0.03228009259259259
242989330,7,1724644072,1724732015,1.0178587962962964
551169954,7,1722876216,1722876754,0.0062268518518518515
618503048,7,1723668095,1724026903,4.15287037037037
274908548,7,1721795537,1721801517,0.06921296296296296
478319930,7,1725441891,1725443632,0.020150462962962964
721209107,7,1727087724,1727089163,0.016655092592592593
344302736,7,1723914674,1723921213,0.07568287037037037
781367495,7,1726209136,1726210705,0.018159722222222223
647307236,7,1726949335,1726950716,0.015983796296296298
732076617,7,1725332985,1725340056,0.08184027777777778
307597082,7,1726947250,1726949220,0.022800925925925926
583166105,7,1726895370,1726896830,0.016898148148148148
250152362,7,1721258261,1721258491,0.002662037037037037
457474095,7,1719864500,1719871610,0.08229166666666667
744038957,7,1722824102,1725600192,32.1306712962963
265871921,7,1727563405,1727567212,0.0440625
336846280,7,1721811188,1721812837,0.019085648148148147
716117403,7,1727443339,1727443520,0.0020949074074074073
710817060,7,1724258058,1724304161,0.533599537037037
547511936,7,1719902970,1723596799,42.75265046296296
264193798,7,1720497420,1720498820,0.016203703703703703
791680558,7,1720704173,1724154573,39.93518518518518
725160623,7,1726574242,1726576042,0.020833333333333332
367564240,7,1726481463,1726482363,0.010416666666666666
485599153,7,1727513993,1727528883,0.17233796296296297
694177561,6,1720152352,1720154933,0.029872685185185186
689621722,6,1722673950,1724152185,17.109201388888888
594001238,6,1722671342,1722674339,0.0346875
254370597,6,1726178620,1726562280,4.440509259259259
487262111,6,1721596661,1721596951,0.0033564814814814816
396822036,6,1723483433,1723529694,0.5354282407407407
794633819,6,1724087612,1724091804,0.048518518518518516
735013327,6,1724864110,1724867980,0.04479166666666667
541007264,6,1727276280,1727617777,3.952511574074074
723741386,6,1720003756,1722218207,25.630219907407408
323972414,6,1722552880,1722554659,0.020590277777777777
342598253,6,1720067314,1722490796,28.049560185185186
779642023,6,1722801271,1722803302,0.023506944444444445
459630158,6,1725513677,1725515098,0.016446759259259258
469635352,6,1723887346,1723889954,0.030185185185185186
262732337,6,1721067602,1721080054,0.14412037037037037
375741268,6,1725452528,1725452807,0.0032291666666666666
249232604,6,1721880543,1721883574,0.03508101851851852
488634638,6,1720498928,1720500358,0.016550925925925927
460158031,6,1727389044,1727389173,0.0014930555555555556
714875951,6,1720201744,1720203294,0.017939814814814815
747911700,6,1723542825,1723544444,0.018738425925925926
295675578,6,1724779402,1725883629,12.780405092592593
677074329,6,1720571742,1720573241,0.01734953703703704
345250355,6,1720681813,1721016858,3.877835648148148
361038229,6,1722853935,1722858254,0.04998842592592593
389911951,6,1722870750,1722871682,0.010787037037037038
451090651,6,1722847656,1722850395,0.03170138888888889
568524238,6,1725543469,1725551538,0.0933912037037037
713767109,6,1721640190,1721648180,0.09247685185185185
785904621,6,1726517708,1726519136,0.016527777777777777
544877320,6,1720462400,1720463571,0.01355324074074074
404009820,6,1724403120,1726659406,26.114421296296296
466780310,6,1719884615,1725741567,67.7887962962963
206674516,6,1726286093,1726287023,0.010763888888888889
315838149,6,1727158286,1727159543,0.014548611111111111
665085885,6,1720659725,1720660565,0.009722222222222222
777216476,6,1727528771,1727534352,0.0645949074074074
642565721,6,1725457154,1725460674,0.040740740740740744
350147878,5,1725281844,1725285009,0.036631944444444446
359535416,5,1727129137,1727130637,0.017361111111111112
698689542,5,1720933710,1720933870,0.001851851851851852
335444882,5,1724001020,1724004571,0.04109953703703704
633711824,5,1725284884,1725286531,0.0190625
398938834,5,1724296961,1724302565,0.0648611111111111
730257703,5,1727246464,1727247484,0.011805555555555555
551878794,5,1727604490,1727604790,0.003472222222222222
575259056,5,1720133725,1721648932,17.537118055555556
597217937,5,1724118395,1724127754,0.10832175925925926
749751429,5,1725716403,1725716593,0.002199074074074074
512871992,5,1723000495,1723000845,0.004050925925925926
234768650,5,1722620757,1722625337,0.053009259259259256
560208171,5,1721037037,1721131029,1.0878703703703703
545569324,5,1725426403,1725426553,0.001736111111111111
763634696,5,1722818639,1722826059,0.08587962962962963
652334378,5,1722139039,1722147239,0.09490740740740741
420885981,5,1720148006,1725494958,61.88601851851852
538614215,5,1721719761,1722740936,11.819155092592593
386792612,5,1725556956,1725557346,0.0045138888888888885
658033594,5,1726403411,1726404710,0.015034722222222222
559461212,5,1724399607,1724401918,0.026747685185185187
662126716,5,1725494332,1725494551,0.002534722222222222
421049128,5,1723972819,1723975937,0.03608796296296296
628653505,5,1727005909,1727007498,0.018391203703703705
374763979,5,1726199998,1726201488,0.01724537037037037
528647693,5,1720664348,1720669411,0.05859953703703704
762656295,5,1726064460,1726064700,0.002777777777777778
430987703,5,1726062260,1726063871,0.018645833333333334
200933278,5,1726128296,1726652650,6.068912037037037
535859199,5,1721451842,1721453031,0.013761574074074074
289021018,5,1725964197,1725965558,0.015752314814814816
420483119,5,1720665868,1720668237,0.02741898148148148
210446364,5,1724074697,1724076602,0.022048611111111113
734722791,5,1720164850,1720165365,0.005960648148148148
475252854,5,1724638067,1724638466,0.004618055555555556
269058945,5,1722494380,1722495340,0.011111111111111112
694389584,5,1719816806,1721204543,16.061770833333334
493668023,5,1722682771,1722782730,1.1569328703703703
338087381,5,1726326131,1726326190,0.0006828703703703704
518928643,5,1725352992,1725353592,0.006944444444444444
679670914,5,1723823943,1723824036,0.0010763888888888889
709658626,5,1720073601,1720612062,6.2321875
360788763,5,1725344046,1725345536,0.01724537037037037
750661379,5,1726178265,1726551540,4.3203125
741806891,5,1726610784,1726611852,0.012361111111111111
674102758,4,1723548417,1723551176,0.03193287037037037
686342447,4,1724070609,1724074930,0.050011574074074076
520802741,4,1723016894,1723018514,0.01875
684540638,4,1722679373,1722682434,0.03542824074074074
641338310,4,1722654693,1722654753,0.0006944444444444445
700989276,4,1721268558,1721277210,0.10013888888888889
248257206,4,1724799376,1724799456,0.000925925925925926
611036581,4,1722603664,1722603800,0.001574074074074074
594498557,4,1722600951,1722748898,1.712349537037037
234837183,4,1724624690,1724624750,0.0006944444444444445
533196227,4,1722006188,1725846847,44.45207175925926
608249226,4,1724498283,1724498922,0.007395833333333333
232783307,4,1727523970,1727524052,0.0009490740740740741
218657285,4,1724146003,1724146093,0.0010416666666666667
654580746,4,1719905248,1719905428,0.0020833333333333333
542410272,4,1724734359,1724734419,0.0006944444444444445
531692564,4,1727308159,1727315181,0.08127314814814815
752456802,4,1723025837,1723647901,7.199814814814815
319546001,4,1723532453,1723549227,0.19414351851851852
758399247,4,1721610115,1721620913,0.12497685185185185
766265418,4,1721585137,1721586895,0.02034722222222222
224743168,4,1722649638,1722650565,0.010729166666666666
223782220,4,1721915128,1721954193,0.4521412037037037
433313822,4,1720678618,1720678678,0.0006944444444444445
248633776,4,1726743619,1726744010,0.004525462962962963
334763741,4,1720992242,1721004212,0.13854166666666667
429791021,4,1722105044,1722105194,0.001736111111111111
664833540,4,1722750509,1722764583,0.16289351851851852
295981731,4,1726827851,1726831685,0.044375
456803735,4,1721683423,1721701964,0.21459490740740741
314883600,4,1726921312,1726921342,0.00034722222222222224
638340260,4,1726254193,1726255103,0.010532407407407407
236133452,4,1723663620,1723663649,0.0003356481481481481
396908610,4,1726218190,1726219649,0.016886574074074075
236263104,4,1726991821,1726992750,0.010752314814814815
318262264,4,1723038484,1723039544,0.012268518518518519
725487757,4,1724885770,1724887389,0.018738425925925926
276345831,4,1727104265,1727105715,0.01678240740740741
201245206,4,1727077452,1727077541,0.0010300925925925926
239841446,4,1722756920,1722759499,0.029849537037037036
281213299,4,1719921316,1719921466,0.001736111111111111
355827049,4,1723866019,1723868158,0.024756944444444446
276872203,4,1722774258,1722775759,0.017372685185185185
621368677,4,1723666521,1723667102,0.006724537037037037
362818055,4,1721106476,1721107306,0.009606481481481481
285590638,4,1723894036,1723899096,0.05856481481481481
202259250,4,1720159548,1720159758,0.0024305555555555556
525959394,4,1721716977,1721717128,0.0017476851851851852
395719762,4,1726645514,1726645563,0.0005671296296296297
461444000,4,1726656905,1726657984,0.012488425925925925
285008719,4,1722934024,1722953194,0.221875
581848980,4,1726560417,1726561335,0.010625
453647622,4,1722209229,1722213769,0.0525462962962963
530946099,4,1721062723,1721070976,0.09552083333333333
322616567,4,1727554699,1727556618,0.02221064814814815
712530464,3,1727679373,1727679423,0.0005787037037037037
449149770,3,1720573528,1720575506,0.022893518518518518
256167720,3,1722934014,1722934312,0.003449074074074074
215219857,3,1719926902,1719946162,0.22291666666666668
635236502,3,1723640775,1723641251,0.005509259259259259
673241554,3,1727621446,1727621983,0.006215277777777778
220563116,3,1727669413,1727669524,0.0012847222222222223
326704544,3,1722654841,1722656522,0.01945601851851852
620738416,3,1723524053,1723524448,0.004571759259259259
248743550,3,1724167232,1724167871,0.007395833333333333
213491817,3,1721997022,1721997322,0.003472222222222222
598407387,3,1725512664,1725512684,0.0002314814814814815
555406461,3,1727443100,1727443249,0.001724537037037037
227374647,3,1726644155,1726644455,0.003472222222222222
355318004,3,1722650719,1722651800,0.012511574074074074
354762924,3,1721989816,1723483743,17.29082175925926
429691713,3,1725549132,1725549372,0.002777777777777778
272724922,3,1720791874,1720791922,0.0005555555555555556
293465567,3,1722955591,1722995971,0.4673611111111111
467485887,3,1725350941,1725352549,0.01861111111111111
660419723,3,1726760662,1726761382,0.008333333333333333
609145639,3,1725831209,1725831698,0.005659722222222222
497117019,3,1725799799,1725799868,0.0007986111111111112
560119963,3,1720098646,1720098796,0.001736111111111111
580018823,3,1723644512,1723648724,0.04875
451764452,3,1721238457,1721238477,0.0002314814814814815
797338550,3,1720095399,1720095508,0.001261574074074074
479384990,3,1722829425,1722829554,0.0014930555555555556
239854450,3,1723609716,1723612416,0.03125
467057880,3,1725830225,1725831925,0.019675925925925927
365632233,3,1723560939,1723562049,0.012847222222222222
399987467,3,1721806660,1721807791,0.013090277777777777
409205200,3,1724716752,1724717640,0.010277777777777778
572406110,3,1724148877,1724149478,0.0069560185185185185
648775899,3,1724165315,1724165614,0.003460648148148148
374043512,3,1720088835,1720230138,1.6354513888888889
672781850,3,1722639988,1722641028,0.012037037037037037
312368445,3,1720135154,1720135243,0.0010300925925925926
658095940,3,1723695372,1723695432,0.0006944444444444445
630397803,3,1726719719,1726719928,0.0024189814814814816
202338395,3,1722992438,1722992522,0.0009722222222222222
780558705,3,1721222541,1721222691,0.001736111111111111
408301865,3,1721648537,1721701077,0.6081018518518518
374713387,3,1726207139,1726208080,0.010891203703703703
400359331,3,1724059471,1724059632,0.001863425925925926
559826340,3,1719992211,1722204594,25.606284722222224
220150057,3,1727067470,1727070585,0.03605324074074074
690279206,3,1727513534,1727514915,0.015983796296296298
753775757,3,1720855206,1721020576,1.9140046296296296
275324193,3,1727585136,1727585206,0.0008101851851851852
271316445,3,1725960354,1725960464,0.0012731481481481483
500838455,3,1722593123,1722596804,0.042604166666666665
429683300,3,1721545426,1721546305,0.01017361111111111
428888853,3,1721536610,1721536973,0.004201388888888889
684913242,3,1721543320,1721550250,0.08020833333333334
713974695,3,1723974917,1727199430,37.32075231481482
383645076,3,1721246018,1721246828,0.009375
333509488,3,1722762792,1722763063,0.003136574074074074
278039879,3,1725334490,1725339381,0.056608796296296296
517407170,3,1725872276,1725872396,0.001388888888888889
579691395,3,1724098459,1724098909,0.005208333333333333
362403109,3,1724760470,1724762669,0.025451388888888888
612957159,3,1721229113,1721230674,0.01806712962962963
237721468,3,1724839266,1724839306,0.000462962962962963
738663906,3,1726780623,1726780643,0.0002314814814814815
221317548,3,1727301472,1727301821,0.004039351851851852
378642826,3,1724150964,1724153154,0.025347222222222222
533726730,3,1725752665,1725754054,0.01607638888888889
244876926,3,1726811768,1726812467,0.008090277777777778
327243252,3,1722781921,1722782134,0.0024652777777777776
595020231,3,1720786696,1720788786,0.024189814814814813
700668944,3,1726911052,1726911565,0.0059375
785758412,3,1723556936,1723561415,0.05184027777777778
700785586,3,1723479919,1723480069,0.001736111111111111
664951583,3,1720082017,1720082383,0.0042361111111111115
429821414,3,1724104052,1724105392,0.015509259259259259
358322500,3,1721660571,1721660629,0.0006712962962962962
448447350,3,1721263735,1721264647,0.010555555555555556
722609247,3,1720146494,1720146514,0.0002314814814814815
466146752,3,1720778161,1720778400,0.002766203703703704
667962360,3,1723550218,1723553908,0.042708333333333334
719306062,3,1722923475,1725377366,28.401516203703704
258198053,2,1721973095,1721973581,0.005625
460268258,2,1726665335,1726719153,0.6228935185185185
602342922,2,1720717449,1720718220,0.008923611111111111
450541303,2,1720122010,1720123158,0.013287037037037036
752588985,2,1719942563,1719951213,0.10011574074074074
452180540,2,1727614018,1727614268,0.0028935185185185184
277165765,2,1727618144,1727618322,0.0020601851851851853
239572448,2,1727529911,1727529980,0.0007986111111111112
723727474,2,1720484992,1720485012,0.0002314814814814815
628186601,2,1725527145,1725527154,0.00010416666666666667
342785094,2,1721136210,1721136297,0.0010069444444444444
284049591,2,1719844718,1719844779,0.0007060185185185185
746473536,2,1727721494,1727721610,0.0013425925925925925
597492801,2,1722780379,1722780480,0.0011689814814814816
353166548,2,1723492159,1723499359,0.08333333333333333
396538449,2,1726006585,1726008052,0.016979166666666667
313623552,2,1725960050,1725963337,0.038043981481481484
424577070,2,1726546492,1726547833,0.015520833333333333
588498548,2,1727492520,1727492529,0.00010416666666666667
694452405,2,1722082437,1722082903,0.005393518518518519
526471332,2,1725792224,1725793452,0.014212962962962964
212881253,2,1720069088,1720069179,0.0010532407407407407
792205379,2,1724729883,1724729893,0.00011574074074074075
489495311,2,1723865323,1723865505,0.0021064814814814813
587392983,2,1726755411,1727179738,4.9111921296296295
740779890,2,1721649006,1721649217,0.0024421296296296296
690296715,2,1723991789,1723991929,0.0016203703703703703
719441188,2,1720064404,1720068913,0.0521875
359034238,2,1726321193,1726321253,0.0006944444444444445
754878615,2,1725696206,1725696956,0.008680555555555556
576996934,2,1720887582,1720893431,0.06769675925925926
733374672,2,1726082831,1726084241,0.016319444444444445
203953459,2,1723866742,1723867103,0.004178240740740741
259922034,2,1727419048,1727422885,0.044409722222222225
327748740,2,1725799459,1725799468,0.00010416666666666667
570427253,2,1725768576,1725768601,0.00028935185185185184
694604007,2,1719907982,1719909514,0.01773148148148148
473681446,2,1722061253,1722061601,0.004027777777777778
593543546,2,1726417786,1726417906,0.001388888888888889
447041618,2,1724129648,1724131916,0.02625
677085776,2,1721602775,1721602786,0.0001273148148148148
315293350,2,1726451634,1726451654,0.0002314814814814815
741573455,2,1721731202,1721731463,0.0030208333333333333
617344304,2,1719999539,1720000949,0.016319444444444445
457109935,2,1723739482,1723739763,0.0032523148148148147
580789054,2,1726386251,1726386650,0.004618055555555556
646648549,2,1726344483,1726344630,0.0017013888888888888
510164635,2,1720530543,1720530753,0.0024305555555555556
408818576,2,1724176921,1724176941,0.0002314814814814815
310777611,2,1721111257,1721113577,0.026851851851851852
645051554,2,1725863297,1725863308,0.0001273148148148148
524279076,2,1722995213,1722995314,0.0011689814814814816
471476325,2,1720753084,1720753105,0.00024305555555555555
284223192,2,1725279973,1725280003,0.00034722222222222224
313033021,2,1727095858,1727241867,1.6899189814814815
242950810,2,1727227458,1727227488,0.00034722222222222224
605762356,2,1721642724,1721660743,0.20855324074074075
394746185,2,1723014020,1723014107,0.0010069444444444444
654690954,2,1726197649,1726197659,0.00011574074074074075
253234517,2,1726216584,1726216614,0.00034722222222222224
343350370,2,1726248813,1726249664,0.009849537037037037
744274376,2,1727124735,1727124746,0.0001273148148148148
622427072,2,1720112505,1720115744,0.037488425925925925
731431767,2,1721971906,1721971916,0.00011574074074074075
377925303,2,1722082667,1722094558,0.13762731481481483
259432602,2,1723639149,1723639279,0.0015046296296296296
629484095,2,1720093209,1720149173,0.6477314814814815
306396009,2,1726211136,1726219055,0.0916550925925926
498443850,2,1719983013,1719983034,0.00024305555555555555
613947144,2,1727588137,1727588158,0.00024305555555555555
434690931,2,1727035479,1727035489,0.00011574074074074075
393884246,2,1727047296,1727047356,0.0006944444444444445
358862741,2,1721918383,1721924852,0.07487268518518518
279825626,2,1720865819,1720866389,0.006597222222222222
203670587,2,1720726690,1720729224,0.029328703703703704
720557080,2,1727174148,1727174158,0.00011574074074074075
553886120,2,1724887604,1724887947,0.003969907407407407
621183154,2,1724241851,1724242315,0.00537037037037037
320204539,2,1724365155,1724365316,0.001863425925925926
437040848,2,1724384694,1724384880,0.0021527777777777778
715577480,2,1727529116,1727529176,0.0006944444444444445
258816875,2,1725972626,1725972634,9.259259259259259e-05
746017180,2,1725931439,1725932650,0.014016203703703704
491543219,2,1727567934,1727568314,0.004398148148148148
519686132,2,1720249667,1720250348,0.007881944444444445
263782252,1,1727597329,1727597329,0.0
588125624,1,1719840470,1719840470,0.0
799488666,1,1725941146,1725941146,0.0
798224680,1,1725920605,1725920605,0.0
758720601,1,1727517774,1727517774,0.0
689901409,1,1727502706,1727502706,0.0
350006843,1,1722536099,1722536099,0.0
553678259,1,1720027717,1720027717,0.0
505419298,1,1721615138,1721615138,0.0
697715747,1,1720489343,1720489343,0.0
554204771,1,1720480421,1720480421,0.0
543525870,1,1722520625,1722520625,0.0
436491314,1,1721500524,1721500524,0.0
416423481,1,1720049873,1720049873,0.0
244189296,1,1727665846,1727665846,0.0
641929564,1,1727079257,1727079257,0.0
244803917,1,1722761601,1722761601,0.0
685230165,1,1723603515,1723603515,0.0
642421083,1,1723583993,1723583993,0.0
441921043,1,1720971122,1720971122,0.0
565429237,1,1726147995,1726147995,0.0
448102423,1,1726155707,1726155707,0.0
311427486,1,1720854927,1720854927,0.0
559611540,1,1719997992,1719997992,0.0
779706883,1,1723607316,1723607316,0.0
209572601,1,1721297615,1721297615,0.0
736413470,1,1724852047,1724852047,0.0
214448522,1,1722756507,1722756507,0.0
584388980,1,1727130794,1727130794,0.0
578623284,1,1727160092,1727160092,0.0
749924905,1,1723951455,1723951455,0.0
551632577,1,1724060241,1724060241,0.0
489566754,1,1724063378,1724063378,0.0
491415511,1,1725327312,1725327312,0.0
510592146,1,1722386996,1722386996,0.0
445894267,1,1722331685,1722331685,0.0
352276635,1,1719805084,1719805084,0.0
384259094,1,1727260685,1727260685,0.0
360848086,1,1727233694,1727233694,0.0
247931299,1,1727270082,1727270082,0.0
546796582,1,1720662624,1720662624,0.0
518948177,1,1720666844,1720666844,0.0
569472679,1,1726225961,1726225961,0.0
274950141,1,1720198163,1720198163,0.0
262826920,1,1720150805,1720150805,0.0
329313688,1,1720713842,1720713842,0.0
444496745,1,1722753208,1722753208,0.0
407894338,1,1722755862,1722755862,0.0
627804208,1,1726132455,1726132455,0.0
609417656,1,1726204939,1726204939,0.0
446554337,1,1723042745,1723042745,0.0
301770765,1,1722752168,1722752168,0.0
245093881,1,1722756183,1722756183,0.0
705373355,1,1722341733,1722341733,0.0
286154338,1,1724871435,1724871435,0.0
474774188,1,1721849944,1721849944,0.0
475291390,1,1720012125,1720012125,0.0
633372217,1,1720094945,1720094945,0.0
238356870,1,1726776184,1726776184,0.0
541283075,1,1719926779,1719926779,0.0
243219411,1,1725392886,1725392886,0.0
218325910,1,1727079562,1727079562,0.0
203311422,1,1726989938,1726989938,0.0
289607276,1,1723682199,1723682199,0.0
496684728,1,1720774068,1720774068,0.0
430205275,1,1721388576,1721388576,0.0
245097737,1,1721404779,1721404779,0.0
344706929,1,1721631173,1721631173,0.0
286436515,1,1724124394,1724124394,0.0
749511743,1,1727312773,1727312773,0.0
523542736,1,1727372390,1727372390,0.0
705656047,1,1722649697,1722649697,0.0
392053747,1,1722645970,1722645970,0.0
792844169,1,1724802031,1724802031,0.0
509147119,1,1723874253,1723874253,0.0
731493431,1,1721666029,1721666029,0.0
587135597,1,1725353954,1725353954,0.0
233377455,1,1723927151,1723927151,0.0
216227841,1,1723926821,1723926821,0.0
561910967,1,1724805992,1724805992,0.0
382709618,1,1720598370,1720598370,0.0
543751502,1,1720200741,1720200741,0.0
299534919,1,1727387493,1727387493,0.0
784939570,1,1727348400,1727348400,0.0
621959119,1,1723498731,1723498731,0.0
243196791,1,1722838048,1722838048,0.0
214243105,1,1720129384,1720129384,0.0
729375022,1,1725361005,1725361005,0.0
537232433,1,1723647931,1723647931,0.0
272586242,1,1726305445,1726305445,0.0
645620653,1,1722955571,1722955571,0.0
737787528,1,1726253852,1726253852,0.0
424937095,1,1725621707,1725621707,0.0
267686189,1,1725631130,1725631130,0.0
485063369,1,1721835849,1721835849,0.0
611805894,1,1726117213,1726117213,0.0
464258035,1,1726078663,1726078663,0.0
535370969,1,1719792662,1719792662,0.0
779426405,1,1726053188,1726053188,0.0
798687091,1,1724657775,1724657775,0.0
310557984,1,1724728657,1724728657,0.0
553044999,1,1723031296,1723031296,0.0
566334899,1,1723525084,1723525084,0.0
510708359,1,1720720796,1720720796,0.0
556118883,1,1721183242,1721183242,0.0
523240940,1,1721732360,1721732360,0.0
429660220,1,1726686288,1726686288,0.0
417683293,1,1720710043,1720710043,0.0
540534129,1,1723807390,1723807390,0.0
662081920,1,1726370515,1726370515,0.0
559370599,1,1722931906,1722931906,0.0
480612501,1,1722951866,1722951866,0.0
416513145,1,1723882549,1723882549,0.0
771842446,1,1724124223,1724124223,0.0
605210840,1,1721601522,1721601522,0.0
591090543,1,1721572000,1721572000,0.0
662263739,1,1724177831,1724177831,0.0
441679458,1,1724158090,1724158090,0.0
586302789,1,1720021121,1720021121,0.0
459055246,1,1720548899,1720548899,0.0
644361458,1,1727434032,1727434032,0.0
640321461,1,1722096472,1722096472,0.0
594451338,1,1725597355,1725597355,0.0
208011091,1,1719955579,1719955579,0.0
349868910,1,1726505656,1726505656,0.0
204595392,1,1726496332,1726496332,0.0
345297962,1,1722472492,1722472492,0.0
297359303,1,1722680221,1722680221,0.0
425033858,1,1722598015,1722598015,0.0
216786843,1,1720005562,1720005562,0.0
541313976,1,1720088966,1720088966,0.0
499291161,1,1720082670,1720082670,0.0
404475314,1,1720926326,1720926326,0.0
358321368,1,1720897813,1720897813,0.0
207589527,1,1725577736,1725577736,0.0
467739056,1,1725560450,1725560450,0.0
496838435,1,1721717484,1721717484,0.0
444852359,1,1721743091,1721743091,0.0
444713031,1,1721746872,1721746872,0.0
201582012,1,1722951715,1722951715,0.0
710042529,1,1722084960,1722084960,0.0
642605331,1,1722062734,1722062734,0.0
708728675,1,1727444445,1727444445,0.0
370654887,1,1723716201,1723716201,0.0
317715635,1,1726654755,1726654755,0.0
796047321,1,1726586436,1726586436,0.0
787316831,1,1721049127,1721049127,0.0
773203315,1,1721064775,1721064775,0.0
577375955,1,1722853188,1722853188,0.0
357150516,1,1722161876,1722161876,0.0
710712015,1,1724151783,1724151783,0.0
574978751,1,1727553607,1727553607,0.0
769312605,1,1727674106,1727674106,0.0
242625808,1,1719840190,1719840190,0.0
642445157,1,1727618209,1727618209,0.0
403994424,1,1720576224,1720576224,0.0
680554761,1,1727625546,1727625546,0.0
781778642,1,1727722680,1727722680,0.0
692974411,1,1727719701,1727719701,0.0
529422872,1,1727664042,1727664042,0.0
