region,target_time,target_VHM0,VHM0_t-8,VHM0_t-7,VHM0_t-6,VHM0_t-5,VHM0_t-4,VHM0_t-3,VHM0_t-2,VHM0_t-1,VTPK_t-8,VTPK_t-7,VTPK_t-6,VTPK_t-5,VTPK_t-4,VTPK_t-3,VTPK_t-2,VTPK_t-1,VPED_t-8,VPED_t-7,VPED_t-6,VPED_t-5,VPED_t-4,VPED_t-3,VPED_t-2,VPED_t-1,VHM0_t,VTPK_t,VPED_t
Arabian_Sea,2025-10-01 00:00:00,1.8499999,1.8399999,1.8199999,1.8299999,1.8399999,1.8399999,1.76,1.75,1.76,8.08,8.32,8.16,7.89,7.7,7.5299997,7.5,7.5299997,247.5,247.5,247.5,247.5,247.5,247.5,247.5,247.5,1.8499999,7.66,262.5
Arabian_Sea,2025-10-01 03:00:00,1.88,1.8199999,1.8299999,1.8399999,1.8399999,1.76,1.75,1.76,1.8499999,8.32,8.16,7.89,7.7,7.5299997,7.5,7.5299997,7.66,247.5,247.5,247.5,247.5,247.5,247.5,247.5,262.5,1.88,7.6,262.5
Arabian_Sea,2025-10-01 06:00:00,1.87,1.8299999,1.8399999,1.8399999,1.76,1.75,1.76,1.8499999,1.88,8.16,7.89,7.7,7.5299997,7.5,7.5299997,7.66,7.6,247.5,247.5,247.5,247.5,247.5,247.5,262.5,262.5,1.87,7.58,262.5
Arabian_Sea,2025-10-01 09:00:00,1.92,1.8399999,1.8399999,1.76,1.75,1.76,1.8499999,1.88,1.87,7.89,7.7,7.5299997,7.5,7.5299997,7.66,7.6,7.58,247.5,247.5,247.5,247.5,247.5,262.5,262.5,262.5,1.92,7.6699996,262.5
Arabian_Sea,2025-10-01 12:00:00,1.89,1.8399999,1.76,1.75,1.76,1.8499999,1.88,1.87,1.92,7.7,7.5299997,7.5,7.5299997,7.66,7.6,7.58,7.6699996,247.5,247.5,247.5,247.5,262.5,262.5,262.5,262.5,1.89,7.52,262.5
Arabian_Sea,2025-10-01 15:00:00,1.8399999,1.76,1.75,1.76,1.8499999,1.88,1.87,1.92,1.89,7.5299997,7.5,7.5299997,7.66,7.6,7.58,7.6699996,7.52,247.5,247.5,247.5,262.5,262.5,262.5,262.5,262.5,1.8399999,7.46,262.5
Arabian_Sea,2025-10-01 18:00:00,1.79,1.75,1.76,1.8499999,1.88,1.87,1.92,1.89,1.8399999,7.5,7.5299997,7.66,7.6,7.58,7.6699996,7.52,7.46,247.5,247.5,262.5,262.5,262.5,262.5,262.5,262.5,1.79,7.49,277.5
Arabian_Sea,2025-10-01 21:00:00,1.79,1.76,1.8499999,1.88,1.87,1.92,1.89,1.8399999,1.79,7.5299997,7.66,7.6,7.58,7.6699996,7.52,7.46,7.49,247.5,262.5,262.5,262.5,262.5,262.5,262.5,277.5,1.79,7.5499997,277.5
Arabian_Sea,2025-10-02 00:00:00,1.88,1.8499999,1.88,1.87,1.92,1.89,1.8399999,1.79,1.79,7.66,7.6,7.58,7.6699996,7.52,7.46,7.49,7.5499997,262.5,262.5,262.5,262.5,262.5,262.5,277.5,277.5,1.88,7.64,277.5
Arabian_Sea,2025-10-02 03:00:00,1.9499999,1.88,1.87,1.92,1.89,1.8399999,1.79,1.79,1.88,7.6,7.58,7.6699996,7.52,7.46,7.49,7.5499997,7.64,262.5,262.5,262.5,262.5,262.5,277.5,277.5,277.5,1.9499999,7.6299996,277.5
Arabian_Sea,2025-10-02 06:00:00,1.9499999,1.87,1.92,1.89,1.8399999,1.79,1.79,1.88,1.9499999,7.58,7.6699996,7.52,7.46,7.49,7.5499997,7.64,7.6299996,262.5,262.5,262.5,262.5,277.5,277.5,277.5,277.5,1.9499999,7.64,187.5
Arabian_Sea,2025-10-02 09:00:00,2.0,1.92,1.89,1.8399999,1.79,1.79,1.88,1.9499999,1.9499999,7.6699996,7.52,7.46,7.49,7.5499997,7.64,7.6299996,7.64,262.5,262.5,262.5,277.5,277.5,277.5,277.5,187.5,2.0,7.74,187.5
Arabian_Sea,2025-10-02 12:00:00,2.04,1.89,1.8399999,1.79,1.79,1.88,1.9499999,1.9499999,2.0,7.52,7.46,7.49,7.5499997,7.64,7.6299996,7.64,7.74,262.5,262.5,277.5,277.5,277.5,277.5,187.5,187.5,2.04,17.289999,187.5
Arabian_Sea,2025-10-02 15:00:00,2.03,1.8399999,1.79,1.79,1.88,1.9499999,1.9499999,2.0,2.04,7.46,7.49,7.5499997,7.64,7.6299996,7.64,7.74,17.289999,262.5,277.5,277.5,277.5,277.5,187.5,187.5,187.5,2.03,17.25,187.5
Arabian_Sea,2025-10-02 18:00:00,2.06,1.79,1.79,1.88,1.9499999,1.9499999,2.0,2.04,2.03,7.49,7.5499997,7.64,7.6299996,7.64,7.74,17.289999,17.25,277.5,277.5,277.5,277.5,187.5,187.5,187.5,187.5,2.06,17.619999,187.5
Arabian_Sea,2025-10-02 21:00:00,2.09,1.79,1.88,1.9499999,1.9499999,2.0,2.04,2.03,2.06,7.5499997,7.64,7.6299996,7.64,7.74,17.289999,17.25,17.619999,277.5,277.5,277.5,187.5,187.5,187.5,187.5,187.5,2.09,17.48,187.5
Arabian_Sea,2025-10-03 00:00:00,2.1299999,1.88,1.9499999,1.9499999,2.0,2.04,2.03,2.06,2.09,7.64,7.6299996,7.64,7.74,17.289999,17.25,17.619999,17.48,277.5,277.5,187.5,187.5,187.5,187.5,187.5,187.5,2.1299999,16.96,187.5
Arabian_Sea,2025-10-03 03:00:00,2.02,1.9499999,1.9499999,2.0,2.04,2.03,2.06,2.09,2.1299999,7.6299996,7.64,7.74,17.289999,17.25,17.619999,17.48,16.96,277.5,187.5,187.5,187.5,187.5,187.5,187.5,187.5,2.02,16.109999,187.5
Arabian_Sea,2025-10-03 06:00:00,2.05,1.9499999,2.0,2.04,2.03,2.06,2.09,2.1299999,2.02,7.64,7.74,17.289999,17.25,17.619999,17.48,16.96,16.109999,187.5,187.5,187.5,187.5,187.5,187.5,187.5,187.5,2.05,16.06,187.5
Arabian_Sea,2025-10-03 09:00:00,2.06,2.0,2.04,2.03,2.06,2.09,2.1299999,2.02,2.05,7.74,17.289999,17.25,17.619999,17.48,16.96,16.109999,16.06,187.5,187.5,187.5,187.5,187.5,187.5,187.5,187.5,2.06,15.95,187.5
Arabian_Sea,2025-10-03 12:00:00,2.01,2.04,2.03,2.06,2.09,2.1299999,2.02,2.05,2.06,17.289999,17.25,17.619999,17.48,16.96,16.109999,16.06,15.95,187.5,187.5,187.5,187.5,187.5,187.5,187.5,187.5,2.01,15.559999,187.5
Arabian_Sea,2025-10-03 15:00:00,1.9699999,2.03,2.06,2.09,2.1299999,2.02,2.05,2.06,2.01,17.25,17.619999,17.48,16.96,16.109999,16.06,15.95,15.559999,187.5,187.5,187.5,187.5,187.5,187.5,187.5,187.5,1.9699999,15.11,187.5
Arabian_Sea,2025-10-03 18:00:00,1.9499999,2.06,2.09,2.1299999,2.02,2.05,2.06,2.01,1.9699999,17.619999,17.48,16.96,16.109999,16.06,15.95,15.559999,15.11,187.5,187.5,187.5,187.5,187.5,187.5,187.5,187.5,1.9499999,15.25,187.5
Arabian_Sea,2025-10-03 21:00:00,2.12,2.09,2.1299999,2.02,2.05,2.06,2.01,1.9699999,1.9499999,17.48,16.96,16.109999,16.06,15.95,15.559999,15.11,15.25,187.5,187.5,187.5,187.5,187.5,187.5,187.5,187.5,2.12,15.83,187.5
Arabian_Sea,2025-10-04 00:00:00,2.05,2.1299999,2.02,2.05,2.06,2.01,1.9699999,1.9499999,2.12,16.96,16.109999,16.06,15.95,15.559999,15.11,15.25,15.83,187.5,187.5,187.5,187.5,187.5,187.5,187.5,187.5,2.05,15.71,187.5
Arabian_Sea,2025-10-04 03:00:00,1.92,2.02,2.05,2.06,2.01,1.9699999,1.9499999,2.12,2.05,16.109999,16.06,15.95,15.559999,15.11,15.25,15.83,15.71,187.5,187.5,187.5,187.5,187.5,187.5,187.5,187.5,1.92,15.559999,187.5
Arabian_Sea,2025-10-04 06:00:00,1.8,2.05,2.06,2.01,1.9699999,1.9499999,2.12,2.05,1.92,16.06,15.95,15.559999,15.11,15.25,15.83,15.71,15.559999,187.5,187.5,187.5,187.5,187.5,187.5,187.5,187.5,1.8,14.79,187.5
Arabian_Sea,2025-10-04 09:00:00,1.74,2.06,2.01,1.9699999,1.9499999,2.12,2.05,1.92,1.8,15.95,15.559999,15.11,15.25,15.83,15.71,15.559999,14.79,187.5,187.5,187.5,187.5,187.5,187.5,187.5,187.5,1.74,14.58,187.5
Arabian_Sea,2025-10-04 12:00:00,1.8,2.01,1.9699999,1.9499999,2.12,2.05,1.92,1.8,1.74,15.559999,15.11,15.25,15.83,15.71,15.559999,14.79,14.58,187.5,187.5,187.5,187.5,187.5,187.5,187.5,187.5,1.8,14.9,187.5
Arabian_Sea,2025-10-04 15:00:00,1.5899999,1.9699999,1.9499999,2.12,2.05,1.92,1.8,1.74,1.8,15.11,15.25,15.83,15.71,15.559999,14.79,14.58,14.9,187.5,187.5,187.5,187.5,187.5,187.5,187.5,187.5,1.5899999,14.179999,187.5
Arabian_Sea,2025-10-04 18:00:00,1.5699999,1.9499999,2.12,2.05,1.92,1.8,1.74,1.8,1.5899999,15.25,15.83,15.71,15.559999,14.79,14.58,14.9,14.179999,187.5,187.5,187.5,187.5,187.5,187.5,187.5,187.5,1.5699999,13.63,187.5
Arabian_Sea,2025-10-04 21:00:00,1.55,2.12,2.05,1.92,1.8,1.74,1.8,1.5899999,1.5699999,15.83,15.71,15.559999,14.79,14.58,14.9,14.179999,13.63,187.5,187.5,187.5,187.5,187.5,187.5,187.5,187.5,1.55,13.7699995,187.5
Arabian_Sea,2025-10-05 00:00:00,1.48,2.05,1.92,1.8,1.74,1.8,1.5899999,1.5699999,1.55,15.71,15.559999,14.79,14.58,14.9,14.179999,13.63,13.7699995,187.5,187.5,187.5,187.5,187.5,187.5,187.5,187.5,1.48,13.03,187.5
Arabian_Sea,2025-10-05 03:00:00,1.4499999,1.92,1.8,1.74,1.8,1.5899999,1.5699999,1.55,1.48,15.559999,14.79,14.58,14.9,14.179999,13.63,13.7699995,13.03,187.5,187.5,187.5,187.5,187.5,187.5,187.5,187.5,1.4499999,14.21,187.5
Arabian_Sea,2025-10-05 06:00:00,1.38,1.8,1.74,1.8,1.5899999,1.5699999,1.55,1.48,1.4499999,14.79,14.58,14.9,14.179999,13.63,13.7699995,13.03,14.21,187.5,187.5,187.5,187.5,187.5,187.5,187.5,187.5,1.38,14.049999,187.5
Arabian_Sea,2025-10-05 09:00:00,1.28,1.74,1.8,1.5899999,1.5699999,1.55,1.48,1.4499999,1.38,14.58,14.9,14.179999,13.63,13.7699995,13.03,14.21,14.049999,187.5,187.5,187.5,187.5,187.5,187.5,187.5,187.5,1.28,13.0,187.5
Arabian_Sea,2025-10-05 12:00:00,1.25,1.8,1.5899999,1.5699999,1.55,1.48,1.4499999,1.38,1.28,14.9,14.179999,13.63,13.7699995,13.03,14.21,14.049999,13.0,187.5,187.5,187.5,187.5,187.5,187.5,187.5,187.5,1.25,12.33,187.5
Arabian_Sea,2025-10-05 15:00:00,1.24,1.5899999,1.5699999,1.55,1.48,1.4499999,1.38,1.28,1.25,14.179999,13.63,13.7699995,13.03,14.21,14.049999,13.0,12.33,187.5,187.5,187.5,187.5,187.5,187.5,187.5,187.5,1.24,11.889999,187.5
Arabian_Sea,2025-10-05 18:00:00,1.37,1.5699999,1.55,1.48,1.4499999,1.38,1.28,1.25,1.24,13.63,13.7699995,13.03,14.21,14.049999,13.0,12.33,11.889999,187.5,187.5,187.5,187.5,187.5,187.5,187.5,187.5,1.37,12.36,187.5
Arabian_Sea,2025-10-05 21:00:00,1.4,1.55,1.48,1.4499999,1.38,1.28,1.25,1.24,1.37,13.7699995,13.03,14.21,14.049999,13.0,12.33,11.889999,12.36,187.5,187.5,187.5,187.5,187.5,187.5,187.5,187.5,1.4,12.009999,187.5
Arabian_Sea,2025-10-06 00:00:00,1.4599999,1.48,1.4499999,1.38,1.28,1.25,1.24,1.37,1.4,13.03,14.21,14.049999,13.0,12.33,11.889999,12.36,12.009999,187.5,187.5,187.5,187.5,187.5,187.5,187.5,187.5,1.4599999,13.099999,187.5
Arabian_Sea,2025-10-06 03:00:00,1.4399999,1.4499999,1.38,1.28,1.25,1.24,1.37,1.4,1.4599999,14.21,14.049999,13.0,12.33,11.889999,12.36,12.009999,13.099999,187.5,187.5,187.5,187.5,187.5,187.5,187.5,187.5,1.4399999,11.16,187.5
Arabian_Sea,2025-10-06 06:00:00,1.37,1.38,1.28,1.25,1.24,1.37,1.4,1.4599999,1.4399999,14.049999,13.0,12.33,11.889999,12.36,12.009999,13.099999,11.16,187.5,187.5,187.5,187.5,187.5,187.5,187.5,187.5,1.37,10.8,187.5
Arabian_Sea,2025-10-06 09:00:00,1.3299999,1.28,1.25,1.24,1.37,1.4,1.4599999,1.4399999,1.37,13.0,12.33,11.889999,12.36,12.009999,13.099999,11.16,10.8,187.5,187.5,187.5,187.5,187.5,187.5,187.5,187.5,1.3299999,12.509999,187.5
Arabian_Sea,2025-10-06 12:00:00,1.3,1.25,1.24,1.37,1.4,1.4599999,1.4399999,1.37,1.3299999,12.33,11.889999,12.36,12.009999,13.099999,11.16,10.8,12.509999,187.5,187.5,187.5,187.5,187.5,187.5,187.5,187.5,1.3,14.42,187.5
Arabian_Sea,2025-10-06 15:00:00,1.27,1.24,1.37,1.4,1.4599999,1.4399999,1.37,1.3299999,1.3,11.889999,12.36,12.009999,13.099999,11.16,10.8,12.509999,14.42,187.5,187.5,187.5,187.5,187.5,187.5,187.5,187.5,1.27,14.45,187.5
Arabian_Sea,2025-10-06 18:00:00,1.25,1.37,1.4,1.4599999,1.4399999,1.37,1.3299999,1.3,1.27,12.36,12.009999,13.099999,11.16,10.8,12.509999,14.42,14.45,187.5,187.5,187.5,187.5,187.5,187.5,187.5,187.5,1.25,14.53,187.5
Arabian_Sea,2025-10-06 21:00:00,1.24,1.4,1.4599999,1.4399999,1.37,1.3299999,1.3,1.27,1.25,12.009999,13.099999,11.16,10.8,12.509999,14.42,14.45,14.53,187.5,187.5,187.5,187.5,187.5,187.5,187.5,187.5,1.24,14.4,187.5
Arabian_Sea,2025-10-07 00:00:00,1.23,1.4599999,1.4399999,1.37,1.3299999,1.3,1.27,1.25,1.24,13.099999,11.16,10.8,12.509999,14.42,14.45,14.53,14.4,187.5,187.5,187.5,187.5,187.5,187.5,187.5,187.5,1.23,13.94,187.5
Arabian_Sea,2025-10-07 03:00:00,1.1999999,1.4399999,1.37,1.3299999,1.3,1.27,1.25,1.24,1.23,11.16,10.8,12.509999,14.42,14.45,14.53,14.4,13.94,187.5,187.5,187.5,187.5,187.5,187.5,187.5,187.5,1.1999999,13.37,187.5
Arabian_Sea,2025-10-07 06:00:00,1.13,1.37,1.3299999,1.3,1.27,1.25,1.24,1.23,1.1999999,10.8,12.509999,14.42,14.45,14.53,14.4,13.94,13.37,187.5,187.5,187.5,187.5,187.5,187.5,187.5,187.5,1.13,13.259999,187.5
Arabian_Sea,2025-10-07 09:00:00,1.1,1.3299999,1.3,1.27,1.25,1.24,1.23,1.1999999,1.13,12.509999,14.42,14.45,14.53,14.4,13.94,13.37,13.259999,187.5,187.5,187.5,187.5,187.5,187.5,187.5,187.5,1.1,13.139999,187.5
Arabian_Sea,2025-10-07 12:00:00,1.12,1.3,1.27,1.25,1.24,1.23,1.1999999,1.13,1.1,14.42,14.45,14.53,14.4,13.94,13.37,13.259999,13.139999,187.5,187.5,187.5,187.5,187.5,187.5,187.5,187.5,1.12,13.44,187.5
Arabian_Sea,2025-10-07 15:00:00,1.13,1.27,1.25,1.24,1.23,1.1999999,1.13,1.1,1.12,14.45,14.53,14.4,13.94,13.37,13.259999,13.139999,13.44,187.5,187.5,187.5,187.5,187.5,187.5,187.5,187.5,1.13,13.98,187.5
Arabian_Sea,2025-10-07 18:00:00,1.1999999,1.25,1.24,1.23,1.1999999,1.13,1.1,1.12,1.13,14.53,14.4,13.94,13.37,13.259999,13.139999,13.44,13.98,187.5,187.5,187.5,187.5,187.5,187.5,187.5,187.5,1.1999999,14.549999,187.5
Arabian_Sea,2025-10-07 21:00:00,1.17,1.24,1.23,1.1999999,1.13,1.1,1.12,1.13,1.1999999,14.4,13.94,13.37,13.259999,13.139999,13.44,13.98,14.549999,187.5,187.5,187.5,187.5,187.5,187.5,187.5,187.5,1.17,14.4,187.5
Arabian_Sea,2025-10-08 00:00:00,1.17,1.23,1.1999999,1.13,1.1,1.12,1.13,1.1999999,1.17,13.94,13.37,13.259999,13.139999,13.44,13.98,14.549999,14.4,187.5,187.5,187.5,187.5,187.5,187.5,187.5,187.5,1.17,14.28,187.5
Arabian_Sea,2025-10-08 03:00:00,1.16,1.1999999,1.13,1.1,1.12,1.13,1.1999999,1.17,1.17,13.37,13.259999,13.139999,13.44,13.98,14.549999,14.4,14.28,187.5,187.5,187.5,187.5,187.5,187.5,187.5,187.5,1.16,14.23,187.5
Arabian_Sea,2025-10-08 06:00:00,1.16,1.13,1.1,1.12,1.13,1.1999999,1.17,1.17,1.16,13.259999,13.139999,13.44,13.98,14.549999,14.4,14.28,14.23,187.5,187.5,187.5,187.5,187.5,187.5,187.5,187.5,1.16,8.3,187.5
Arabian_Sea,2025-10-08 09:00:00,1.14,1.1,1.12,1.13,1.1999999,1.17,1.17,1.16,1.16,13.139999,13.44,13.98,14.549999,14.4,14.28,14.23,8.3,187.5,187.5,187.5,187.5,187.5,187.5,187.5,187.5,1.14,8.17,187.5
Arabian_Sea,2025-10-08 12:00:00,1.17,1.12,1.13,1.1999999,1.17,1.17,1.16,1.16,1.14,13.44,13.98,14.549999,14.4,14.28,14.23,8.3,8.17,187.5,187.5,187.5,187.5,187.5,187.5,187.5,187.5,1.17,8.26,187.5
Arabian_Sea,2025-10-08 15:00:00,1.16,1.13,1.1999999,1.17,1.17,1.16,1.16,1.14,1.17,13.98,14.549999,14.4,14.28,14.23,8.3,8.17,8.26,187.5,187.5,187.5,187.5,187.5,187.5,187.5,187.5,1.16,14.17,187.5
Arabian_Sea,2025-10-08 18:00:00,1.18,1.1999999,1.17,1.17,1.16,1.16,1.14,1.17,1.16,14.549999,14.4,14.28,14.23,8.3,8.17,8.26,14.17,187.5,187.5,187.5,187.5,187.5,187.5,187.5,187.5,1.18,14.29,187.5
Arabian_Sea,2025-10-08 21:00:00,1.17,1.17,1.17,1.16,1.16,1.14,1.17,1.16,1.18,14.4,14.28,14.23,8.3,8.17,8.26,14.17,14.29,187.5,187.5,187.5,187.5,187.5,187.5,187.5,187.5,1.17,14.11,187.5
Arabian_Sea,2025-10-09 00:00:00,1.1999999,1.17,1.16,1.16,1.14,1.17,1.16,1.18,1.17,14.28,14.23,8.3,8.17,8.26,14.17,14.29,14.11,187.5,187.5,187.5,187.5,187.5,187.5,187.5,187.5,1.1999999,13.46,187.5
Arabian_Sea,2025-10-09 03:00:00,1.18,1.16,1.16,1.14,1.17,1.16,1.18,1.17,1.1999999,14.23,8.3,8.17,8.26,14.17,14.29,14.11,13.46,187.5,187.5,187.5,187.5,187.5,187.5,187.5,187.5,1.18,12.759999,187.5
Arabian_Sea,2025-10-09 06:00:00,1.0699999,1.16,1.14,1.17,1.16,1.18,1.17,1.1999999,1.18,8.3,8.17,8.26,14.17,14.29,14.11,13.46,12.759999,187.5,187.5,187.5,187.5,187.5,187.5,187.5,187.5,1.0699999,11.61,187.5
Arabian_Sea,2025-10-09 09:00:00,1.11,1.14,1.17,1.16,1.18,1.17,1.1999999,1.18,1.0699999,8.17,8.26,14.17,14.29,14.11,13.46,12.759999,11.61,187.5,187.5,187.5,187.5,187.5,187.5,187.5,187.5,1.11,8.36,292.5
Arabian_Sea,2025-10-09 12:00:00,1.1,1.17,1.16,1.18,1.17,1.1999999,1.18,1.0699999,1.11,8.26,14.17,14.29,14.11,13.46,12.759999,11.61,8.36,187.5,187.5,187.5,187.5,187.5,187.5,187.5,292.5,1.1,8.23,277.5
Arabian_Sea,2025-10-09 15:00:00,1.0799999,1.16,1.18,1.17,1.1999999,1.18,1.0699999,1.11,1.1,14.17,14.29,14.11,13.46,12.759999,11.61,8.36,8.23,187.5,187.5,187.5,187.5,187.5,187.5,292.5,277.5,1.0799999,8.05,184.01
Arabian_Sea,2025-10-09 18:00:00,1.0699999,1.18,1.17,1.1999999,1.18,1.0699999,1.11,1.1,1.0799999,14.29,14.11,13.46,12.759999,11.61,8.36,8.23,8.05,187.5,187.5,187.5,187.5,187.5,292.5,277.5,184.01,1.0699999,12.41,172.5
Arabian_Sea,2025-10-09 21:00:00,1.06,1.17,1.1999999,1.18,1.0699999,1.11,1.1,1.0799999,1.0699999,14.11,13.46,12.759999,11.61,8.36,8.23,8.05,12.41,187.5,187.5,187.5,187.5,292.5,277.5,184.01,172.5,1.06,11.95,172.5
Arabian_Sea,2025-10-10 00:00:00,1.0799999,1.1999999,1.18,1.0699999,1.11,1.1,1.0799999,1.0699999,1.06,13.46,12.759999,11.61,8.36,8.23,8.05,12.41,11.95,187.5,187.5,187.5,292.5,277.5,184.01,172.5,172.5,1.0799999,12.19,142.5
Arabian_Sea,2025-10-10 03:00:00,1.09,1.18,1.0699999,1.11,1.1,1.0799999,1.0699999,1.06,1.0799999,12.759999,11.61,8.36,8.23,8.05,12.41,11.95,12.19,187.5,187.5,292.5,277.5,184.01,172.5,172.5,142.5,1.09,12.17,142.5
Arabian_Sea,2025-10-10 06:00:00,1.0699999,1.0699999,1.11,1.1,1.0799999,1.0699999,1.06,1.0799999,1.09,11.61,8.36,8.23,8.05,12.41,11.95,12.19,12.17,187.5,292.5,277.5,184.01,172.5,172.5,142.5,142.5,1.0699999,12.32,142.5
Arabian_Sea,2025-10-10 09:00:00,1.06,1.11,1.1,1.0799999,1.0699999,1.06,1.0799999,1.09,1.0699999,8.36,8.23,8.05,12.41,11.95,12.19,12.17,12.32,292.5,277.5,184.01,172.5,172.5,142.5,142.5,142.5,1.06,12.599999,142.5
Arabian_Sea,2025-10-10 12:00:00,1.0699999,1.1,1.0799999,1.0699999,1.06,1.0799999,1.09,1.0699999,1.06,8.23,8.05,12.41,11.95,12.19,12.17,12.32,12.599999,277.5,184.01,172.5,172.5,142.5,142.5,142.5,142.5,1.0699999,13.5199995,142.5
Arabian_Sea,2025-10-10 15:00:00,1.09,1.0799999,1.0699999,1.06,1.0799999,1.09,1.0699999,1.06,1.0699999,8.05,12.41,11.95,12.19,12.17,12.32,12.599999,13.5199995,184.01,172.5,172.5,142.5,142.5,142.5,142.5,142.5,1.09,13.549999,187.5
Arabian_Sea,2025-10-10 18:00:00,1.0799999,1.0699999,1.06,1.0799999,1.09,1.0699999,1.06,1.0699999,1.09,12.41,11.95,12.19,12.17,12.32,12.599999,13.5199995,13.549999,172.5,172.5,142.5,142.5,142.5,142.5,142.5,187.5,1.0799999,13.07,187.5
Arabian_Sea,2025-10-10 21:00:00,1.09,1.06,1.0799999,1.09,1.0699999,1.06,1.0699999,1.09,1.0799999,11.95,12.19,12.17,12.32,12.599999,13.5199995,13.549999,13.07,172.5,142.5,142.5,142.5,142.5,142.5,187.5,187.5,1.09,12.74,187.5
Arabian_Sea,2025-10-11 00:00:00,1.14,1.0799999,1.09,1.0699999,1.06,1.0699999,1.09,1.0799999,1.09,12.19,12.17,12.32,12.599999,13.5199995,13.549999,13.07,12.74,142.5,142.5,142.5,142.5,142.5,187.5,187.5,187.5,1.14,14.759999,187.5
Arabian_Sea,2025-10-11 03:00:00,1.16,1.09,1.0699999,1.06,1.0699999,1.09,1.0799999,1.09,1.14,12.17,12.32,12.599999,13.5199995,13.549999,13.07,12.74,14.759999,142.5,142.5,142.5,142.5,187.5,187.5,187.5,187.5,1.16,14.62,187.5
Arabian_Sea,2025-10-11 06:00:00,1.16,1.0699999,1.06,1.0699999,1.09,1.0799999,1.09,1.14,1.16,12.32,12.599999,13.5199995,13.549999,13.07,12.74,14.759999,14.62,142.5,142.5,142.5,187.5,187.5,187.5,187.5,187.5,1.16,14.23,187.5
Arabian_Sea,2025-10-11 09:00:00,1.01,1.06,1.0699999,1.09,1.0799999,1.09,1.14,1.16,1.16,12.599999,13.5199995,13.549999,13.07,12.74,14.759999,14.62,14.23,142.5,142.5,187.5,187.5,187.5,187.5,187.5,187.5,1.01,12.91,187.5
Arabian_Sea,2025-10-11 12:00:00,1.02,1.0699999,1.09,1.0799999,1.09,1.14,1.16,1.16,1.01,13.5199995,13.549999,13.07,12.74,14.759999,14.62,14.23,12.91,142.5,187.5,187.5,187.5,187.5,187.5,187.5,187.5,1.02,12.67,187.5
Arabian_Sea,2025-10-11 15:00:00,1.0,1.09,1.0799999,1.09,1.14,1.16,1.16,1.01,1.02,13.549999,13.07,12.74,14.759999,14.62,14.23,12.91,12.67,187.5,187.5,187.5,187.5,187.5,187.5,187.5,187.5,1.0,12.2699995,187.5
Arabian_Sea,2025-10-11 18:00:00,1.0699999,1.0799999,1.09,1.14,1.16,1.16,1.01,1.02,1.0,13.07,12.74,14.759999,14.62,14.23,12.91,12.67,12.2699995,187.5,187.5,187.5,187.5,187.5,187.5,187.5,187.5,1.0699999,12.759999,187.5
Arabian_Sea,2025-10-11 21:00:00,1.09,1.09,1.14,1.16,1.16,1.01,1.02,1.0,1.0699999,12.74,14.759999,14.62,14.23,12.91,12.67,12.2699995,12.759999,187.5,187.5,187.5,187.5,187.5,187.5,187.5,187.5,1.09,13.03,187.5
Arabian_Sea,2025-10-12 00:00:00,1.12,1.14,1.16,1.16,1.01,1.02,1.0,1.0699999,1.09,14.759999,14.62,14.23,12.91,12.67,12.2699995,12.759999,13.03,187.5,187.5,187.5,187.5,187.5,187.5,187.5,187.5,1.12,12.95,187.5
Arabian_Sea,2025-10-12 03:00:00,1.11,1.16,1.16,1.01,1.02,1.0,1.0699999,1.09,1.12,14.62,14.23,12.91,12.67,12.2699995,12.759999,13.03,12.95,187.5,187.5,187.5,187.5,187.5,187.5,187.5,187.5,1.11,12.62,187.5
Arabian_Sea,2025-10-12 06:00:00,1.0699999,1.16,1.01,1.02,1.0,1.0699999,1.09,1.12,1.11,14.23,12.91,12.67,12.2699995,12.759999,13.03,12.95,12.62,187.5,187.5,187.5,187.5,187.5,187.5,187.5,187.5,1.0699999,12.179999,187.5
Arabian_Sea,2025-10-12 09:00:00,1.03,1.01,1.02,1.0,1.0699999,1.09,1.12,1.11,1.0699999,12.91,12.67,12.2699995,12.759999,13.03,12.95,12.62,12.179999,187.5,187.5,187.5,187.5,187.5,187.5,187.5,187.5,1.03,11.929999,187.5
Arabian_Sea,2025-10-12 12:00:00,1.0,1.02,1.0,1.0699999,1.09,1.12,1.11,1.0699999,1.03,12.67,12.2699995,12.759999,13.03,12.95,12.62,12.179999,11.929999,187.5,187.5,187.5,187.5,187.5,187.5,187.5,187.5,1.0,12.07,187.5
Arabian_Sea,2025-10-12 15:00:00,1.0,1.0,1.0699999,1.09,1.12,1.11,1.0699999,1.03,1.0,12.2699995,12.759999,13.03,12.95,12.62,12.179999,11.929999,12.07,187.5,187.5,187.5,187.5,187.5,187.5,187.5,187.5,1.0,12.44,187.5
Arabian_Sea,2025-10-12 18:00:00,1.05,1.0699999,1.09,1.12,1.11,1.0699999,1.03,1.0,1.0,12.759999,13.03,12.95,12.62,12.179999,11.929999,12.07,12.44,187.5,187.5,187.5,187.5,187.5,187.5,187.5,187.5,1.05,12.59,187.5
Arabian_Sea,2025-10-12 21:00:00,1.06,1.09,1.12,1.11,1.0699999,1.03,1.0,1.0,1.05,13.03,12.95,12.62,12.179999,11.929999,12.07,12.44,12.59,187.5,187.5,187.5,187.5,187.5,187.5,187.5,187.5,1.06,12.44,187.5
Arabian_Sea,2025-10-13 00:00:00,1.0,1.12,1.11,1.0699999,1.03,1.0,1.0,1.05,1.06,12.95,12.62,12.179999,11.929999,12.07,12.44,12.59,12.44,187.5,187.5,187.5,187.5,187.5,187.5,187.5,187.5,1.0,12.05,187.5
Arabian_Sea,2025-10-13 03:00:00,0.98999995,1.11,1.0699999,1.03,1.0,1.0,1.05,1.06,1.0,12.62,12.179999,11.929999,12.07,12.44,12.59,12.44,12.05,187.5,187.5,187.5,187.5,187.5,187.5,187.5,187.5,0.98999995,11.94,187.5
Arabian_Sea,2025-10-13 06:00:00,0.93,1.0699999,1.03,1.0,1.0,1.05,1.06,1.0,0.98999995,12.179999,11.929999,12.07,12.44,12.59,12.44,12.05,11.94,187.5,187.5,187.5,187.5,187.5,187.5,187.5,187.5,0.93,11.58,187.5
Arabian_Sea,2025-10-13 09:00:00,0.96999997,1.03,1.0,1.0,1.05,1.06,1.0,0.98999995,0.93,11.929999,12.07,12.44,12.59,12.44,12.05,11.94,11.58,187.5,187.5,187.5,187.5,187.5,187.5,187.5,187.5,0.96999997,11.79,187.5
Arabian_Sea,2025-10-13 12:00:00,0.96999997,1.0,1.0,1.05,1.06,1.0,0.98999995,0.93,0.96999997,12.07,12.44,12.59,12.44,12.05,11.94,11.58,11.79,187.5,187.5,187.5,187.5,187.5,187.5,187.5,187.5,0.96999997,11.719999,187.5
Arabian_Sea,2025-10-13 15:00:00,0.97999996,1.0,1.05,1.06,1.0,0.98999995,0.93,0.96999997,0.96999997,12.44,12.59,12.44,12.05,11.94,11.58,11.79,11.719999,187.5,187.5,187.5,187.5,187.5,187.5,187.5,187.5,0.97999996,11.92,187.5
Arabian_Sea,2025-10-13 18:00:00,0.94,1.05,1.06,1.0,0.98999995,0.93,0.96999997,0.96999997,0.97999996,12.59,12.44,12.05,11.94,11.58,11.79,11.719999,11.92,187.5,187.5,187.5,187.5,187.5,187.5,187.5,187.5,0.94,11.74,187.5
Arabian_Sea,2025-10-13 21:00:00,0.93,1.06,1.0,0.98999995,0.93,0.96999997,0.96999997,0.97999996,0.94,12.44,12.05,11.94,11.58,11.79,11.719999,11.92,11.74,187.5,187.5,187.5,187.5,187.5,187.5,187.5,187.5,0.93,11.69,187.5
Arabian_Sea,2025-10-14 00:00:00,0.96,1.0,0.98999995,0.93,0.96999997,0.96999997,0.97999996,0.94,0.93,12.05,11.94,11.58,11.79,11.719999,11.92,11.74,11.69,187.5,187.5,187.5,187.5,187.5,187.5,187.5,187.5,0.96,11.639999,187.5
Arabian_Sea,2025-10-14 03:00:00,1.0,0.98999995,0.93,0.96999997,0.96999997,0.97999996,0.94,0.93,0.96,11.94,11.58,11.79,11.719999,11.92,11.74,11.69,11.639999,187.5,187.5,187.5,187.5,187.5,187.5,187.5,187.5,1.0,11.429999,187.5
Arabian_Sea,2025-10-14 06:00:00,0.98999995,0.93,0.96999997,0.96999997,0.97999996,0.94,0.93,0.96,1.0,11.58,11.79,11.719999,11.92,11.74,11.69,11.639999,11.429999,187.5,187.5,187.5,187.5,187.5,187.5,187.5,187.5,0.98999995,11.03,187.5
Arabian_Sea,2025-10-14 09:00:00,1.05,0.96999997,0.96999997,0.97999996,0.94,0.93,0.96,1.0,0.98999995,11.79,11.719999,11.92,11.74,11.69,11.639999,11.429999,11.03,187.5,187.5,187.5,187.5,187.5,187.5,187.5,187.5,1.05,11.11,187.5
Arabian_Sea,2025-10-14 12:00:00,1.13,0.96999997,0.97999996,0.94,0.93,0.96,1.0,0.98999995,1.05,11.719999,11.92,11.74,11.69,11.639999,11.429999,11.03,11.11,187.5,187.5,187.5,187.5,187.5,187.5,187.5,187.5,1.13,17.5,187.5
Arabian_Sea,2025-10-14 15:00:00,1.1899999,0.97999996,0.94,0.93,0.96,1.0,0.98999995,1.05,1.13,11.92,11.74,11.69,11.639999,11.429999,11.03,11.11,17.5,187.5,187.5,187.5,187.5,187.5,187.5,187.5,187.5,1.1899999,17.56,187.5
Arabian_Sea,2025-10-14 18:00:00,1.23,0.94,0.93,0.96,1.0,0.98999995,1.05,1.13,1.1899999,11.74,11.69,11.639999,11.429999,11.03,11.11,17.5,17.56,187.5,187.5,187.5,187.5,187.5,187.5,187.5,187.5,1.23,17.52,187.5
Arabian_Sea,2025-10-14 21:00:00,1.26,0.93,0.96,1.0,0.98999995,1.05,1.13,1.1899999,1.23,11.69,11.639999,11.429999,11.03,11.11,17.5,17.56,17.52,187.5,187.5,187.5,187.5,187.5,187.5,187.5,187.5,1.26,17.31,187.5
Arabian_Sea,2025-10-15 00:00:00,1.3399999,0.96,1.0,0.98999995,1.05,1.13,1.1899999,1.23,1.26,11.639999,11.429999,11.03,11.11,17.5,17.56,17.52,17.31,187.5,187.5,187.5,187.5,187.5,187.5,187.5,187.5,1.3399999,17.44,187.5
Arabian_Sea,2025-10-15 03:00:00,1.37,1.0,0.98999995,1.05,1.13,1.1899999,1.23,1.26,1.3399999,11.429999,11.03,11.11,17.5,17.56,17.52,17.31,17.44,187.5,187.5,187.5,187.5,187.5,187.5,187.5,187.5,1.37,17.35,187.5
Arabian_Sea,2025-10-15 06:00:00,1.3399999,0.98999995,1.05,1.13,1.1899999,1.23,1.26,1.3399999,1.37,11.03,11.11,17.5,17.56,17.52,17.31,17.44,17.35,187.5,187.5,187.5,187.5,187.5,187.5,187.5,187.5,1.3399999,17.199999,187.5
Arabian_Sea,2025-10-15 09:00:00,1.3199999,1.05,1.13,1.1899999,1.23,1.26,1.3399999,1.37,1.3399999,11.11,17.5,17.56,17.52,17.31,17.44,17.35,17.199999,187.5,187.5,187.5,187.5,187.5,187.5,187.5,187.5,1.3199999,16.52,187.5
Arabian_Sea,2025-10-15 12:00:00,1.3,1.13,1.1899999,1.23,1.26,1.3399999,1.37,1.3399999,1.3199999,17.5,17.56,17.52,17.31,17.44,17.35,17.199999,16.52,187.5,187.5,187.5,187.5,187.5,187.5,187.5,187.5,1.3,15.82,187.5
Arabian_Sea,2025-10-15 15:00:00,1.27,1.1899999,1.23,1.26,1.3399999,1.37,1.3399999,1.3199999,1.3,17.56,17.52,17.31,17.44,17.35,17.199999,16.52,15.82,187.5,187.5,187.5,187.5,187.5,187.5,187.5,187.5,1.27,15.49,187.5
Arabian_Sea,2025-10-15 18:00:00,1.3199999,1.23,1.26,1.3399999,1.37,1.3399999,1.3199999,1.3,1.27,17.52,17.31,17.44,17.35,17.199999,16.52,15.82,15.49,187.5,187.5,187.5,187.5,187.5,187.5,187.5,187.5,1.3199999,15.5,187.5
Arabian_Sea,2025-10-15 21:00:00,1.3299999,1.26,1.3399999,1.37,1.3399999,1.3199999,1.3,1.27,1.3199999,17.31,17.44,17.35,17.199999,16.52,15.82,15.49,15.5,187.5,187.5,187.5,187.5,187.5,187.5,187.5,187.5,1.3299999,15.23,187.5
Arabian_Sea,2025-10-16 00:00:00,1.31,1.3399999,1.37,1.3399999,1.3199999,1.3,1.27,1.3199999,1.3299999,17.44,17.35,17.199999,16.52,15.82,15.49,15.5,15.23,187.5,187.5,187.5,187.5,187.5,187.5,187.5,187.5,1.31,14.91,187.5
Arabian_Sea,2025-10-16 03:00:00,1.3199999,1.37,1.3399999,1.3199999,1.3,1.27,1.3199999,1.3299999,1.31,17.35,17.199999,16.52,15.82,15.49,15.5,15.23,14.91,187.5,187.5,187.5,187.5,187.5,187.5,187.5,187.5,1.3199999,14.9,187.5
Arabian_Sea,2025-10-16 06:00:00,1.27,1.3399999,1.3199999,1.3,1.27,1.3199999,1.3299999,1.31,1.3199999,17.199999,16.52,15.82,15.49,15.5,15.23,14.91,14.9,187.5,187.5,187.5,187.5,187.5,187.5,187.5,187.5,1.27,14.49,187.5
Arabian_Sea,2025-10-16 09:00:00,1.22,1.3199999,1.3,1.27,1.3199999,1.3299999,1.31,1.3199999,1.27,16.52,15.82,15.49,15.5,15.23,14.91,14.9,14.49,187.5,187.5,187.5,187.5,187.5,187.5,187.5,187.5,1.22,14.36,187.5
Arabian_Sea,2025-10-16 12:00:00,1.18,1.3,1.27,1.3199999,1.3299999,1.31,1.3199999,1.27,1.22,15.82,15.49,15.5,15.23,14.91,14.9,14.49,14.36,187.5,187.5,187.5,187.5,187.5,187.5,187.5,187.5,1.18,14.42,187.5
Arabian_Sea,2025-10-16 15:00:00,1.1899999,1.27,1.3199999,1.3299999,1.31,1.3199999,1.27,1.22,1.18,15.49,15.5,15.23,14.91,14.9,14.49,14.36,14.42,187.5,187.5,187.5,187.5,187.5,187.5,187.5,187.5,1.1899999,14.139999,187.5
Arabian_Sea,2025-10-16 18:00:00,1.16,1.3199999,1.3299999,1.31,1.3199999,1.27,1.22,1.18,1.1899999,15.5,15.23,14.91,14.9,14.49,14.36,14.42,14.139999,187.5,187.5,187.5,187.5,187.5,187.5,187.5,187.5,1.16,13.809999,187.5
Arabian_Sea,2025-10-16 21:00:00,1.09,1.3299999,1.31,1.3199999,1.27,1.22,1.18,1.1899999,1.16,15.23,14.91,14.9,14.49,14.36,14.42,14.139999,13.809999,187.5,187.5,187.5,187.5,187.5,187.5,187.5,187.5,1.09,13.849999,187.5
Arabian_Sea,2025-10-17 00:00:00,1.04,1.31,1.3199999,1.27,1.22,1.18,1.1899999,1.16,1.09,14.91,14.9,14.49,14.36,14.42,14.139999,13.809999,13.849999,187.5,187.5,187.5,187.5,187.5,187.5,187.5,187.5,1.04,13.37,187.5
Arabian_Sea,2025-10-17 03:00:00,1.0799999,1.3199999,1.27,1.22,1.18,1.1899999,1.16,1.09,1.04,14.9,14.49,14.36,14.42,14.139999,13.809999,13.849999,13.37,187.5,187.5,187.5,187.5,187.5,187.5,187.5,187.5,1.0799999,13.09,187.5
Arabian_Sea,2025-10-17 06:00:00,1.1,1.27,1.22,1.18,1.1899999,1.16,1.09,1.04,1.0799999,14.49,14.36,14.42,14.139999,13.809999,13.849999,13.37,13.09,187.5,187.5,187.5,187.5,187.5,187.5,187.5,187.5,1.1,12.86,187.5
Arabian_Sea,2025-10-17 09:00:00,1.05,1.22,1.18,1.1899999,1.16,1.09,1.04,1.0799999,1.1,14.36,14.42,14.139999,13.809999,13.849999,13.37,13.09,12.86,187.5,187.5,187.5,187.5,187.5,187.5,187.5,187.5,1.05,12.57,187.5
Arabian_Sea,2025-10-17 12:00:00,1.04,1.18,1.1899999,1.16,1.09,1.04,1.0799999,1.1,1.05,14.42,14.139999,13.809999,13.849999,13.37,13.09,12.86,12.57,187.5,187.5,187.5,187.5,187.5,187.5,187.5,187.5,1.04,12.78,187.5
Arabian_Sea,2025-10-17 15:00:00,1.02,1.1899999,1.16,1.09,1.04,1.0799999,1.1,1.05,1.04,14.139999,13.809999,13.849999,13.37,13.09,12.86,12.57,12.78,187.5,187.5,187.5,187.5,187.5,187.5,187.5,187.5,1.02,12.5,187.5
Arabian_Sea,2025-10-17 18:00:00,1.01,1.16,1.09,1.04,1.0799999,1.1,1.05,1.04,1.02,13.809999,13.849999,13.37,13.09,12.86,12.57,12.78,12.5,187.5,187.5,187.5,187.5,187.5,187.5,187.5,187.5,1.01,12.61,187.5
Arabian_Sea,2025-10-17 21:00:00,0.96,1.09,1.04,1.0799999,1.1,1.05,1.04,1.02,1.01,13.849999,13.37,13.09,12.86,12.57,12.78,12.5,12.61,187.5,187.5,187.5,187.5,187.5,187.5,187.5,187.5,0.96,12.38,187.5
Arabian_Sea,2025-10-18 00:00:00,0.91999996,1.04,1.0799999,1.1,1.05,1.04,1.02,1.01,0.96,13.37,13.09,12.86,12.57,12.78,12.5,12.61,12.38,187.5,187.5,187.5,187.5,187.5,187.5,187.5,187.5,0.91999996,15.38,187.5
Arabian_Sea,2025-10-18 03:00:00,0.89,1.0799999,1.1,1.05,1.04,1.02,1.01,0.96,0.91999996,13.09,12.86,12.57,12.78,12.5,12.61,12.38,15.38,187.5,187.5,187.5,187.5,187.5,187.5,187.5,187.5,0.89,14.549999,187.5
Arabian_Sea,2025-10-18 06:00:00,1.02,1.1,1.05,1.04,1.02,1.01,0.96,0.91999996,0.89,12.86,12.57,12.78,12.5,12.61,12.38,15.38,14.549999,187.5,187.5,187.5,187.5,187.5,187.5,187.5,187.5,1.02,15.49,187.5
Arabian_Sea,2025-10-18 09:00:00,0.96,1.05,1.04,1.02,1.01,0.96,0.91999996,0.89,1.02,12.57,12.78,12.5,12.61,12.38,15.38,14.549999,15.49,187.5,187.5,187.5,187.5,187.5,187.5,187.5,187.5,0.96,14.059999,187.5
Arabian_Sea,2025-10-18 12:00:00,0.96999997,1.04,1.02,1.01,0.96,0.91999996,0.89,1.02,0.96,12.78,12.5,12.61,12.38,15.38,14.549999,15.49,14.059999,187.5,187.5,187.5,187.5,187.5,187.5,187.5,187.5,0.96999997,13.259999,187.5
Arabian_Sea,2025-10-18 15:00:00,0.97999996,1.02,1.01,0.96,0.91999996,0.89,1.02,0.96,0.96999997,12.5,12.61,12.38,15.38,14.549999,15.49,14.059999,13.259999,187.5,187.5,187.5,187.5,187.5,187.5,187.5,187.5,0.97999996,13.059999,187.5
Arabian_Sea,2025-10-18 18:00:00,1.01,1.01,0.96,0.91999996,0.89,1.02,0.96,0.96999997,0.97999996,12.61,12.38,15.38,14.549999,15.49,14.059999,13.259999,13.059999,187.5,187.5,187.5,187.5,187.5,187.5,187.5,187.5,1.01,13.25,187.5
Arabian_Sea,2025-10-18 21:00:00,1.03,0.96,0.91999996,0.89,1.02,0.96,0.96999997,0.97999996,1.01,12.38,15.38,14.549999,15.49,14.059999,13.259999,13.059999,13.25,187.5,187.5,187.5,187.5,187.5,187.5,187.5,187.5,1.03,13.2,187.5
Arabian_Sea,2025-10-19 00:00:00,1.03,0.91999996,0.89,1.02,0.96,0.96999997,0.97999996,1.01,1.03,15.38,14.549999,15.49,14.059999,13.259999,13.059999,13.25,13.2,187.5,187.5,187.5,187.5,187.5,187.5,187.5,187.5,1.03,12.98,187.5
Arabian_Sea,2025-10-19 03:00:00,1.02,0.89,1.02,0.96,0.96999997,0.97999996,1.01,1.03,1.03,14.549999,15.49,14.059999,13.259999,13.059999,13.25,13.2,12.98,187.5,187.5,187.5,187.5,187.5,187.5,187.5,187.5,1.02,12.799999,187.5
Arabian_Sea,2025-10-19 06:00:00,1.01,1.02,0.96,0.96999997,0.97999996,1.01,1.03,1.03,1.02,15.49,14.059999,13.259999,13.059999,13.25,13.2,12.98,12.799999,187.5,187.5,187.5,187.5,187.5,187.5,187.5,187.5,1.01,12.53,187.5
Arabian_Sea,2025-10-19 09:00:00,0.96999997,0.96,0.96999997,0.97999996,1.01,1.03,1.03,1.02,1.01,14.059999,13.259999,13.059999,13.25,13.2,12.98,12.799999,12.53,187.5,187.5,187.5,187.5,187.5,187.5,187.5,187.5,0.96999997,11.99,187.5
Arabian_Sea,2025-10-19 12:00:00,0.95,0.96999997,0.97999996,1.01,1.03,1.03,1.02,1.01,0.96999997,13.259999,13.059999,13.25,13.2,12.98,12.799999,12.53,11.99,187.5,187.5,187.5,187.5,187.5,187.5,187.5,187.5,0.95,12.33,187.5
Arabian_Sea,2025-10-19 15:00:00,0.94,0.97999996,1.01,1.03,1.03,1.02,1.01,0.96999997,0.95,13.059999,13.25,13.2,12.98,12.799999,12.53,11.99,12.33,187.5,187.5,187.5,187.5,187.5,187.5,187.5,187.5,0.94,12.24,187.5
Arabian_Sea,2025-10-19 18:00:00,1.0699999,1.01,1.03,1.03,1.02,1.01,0.96999997,0.95,0.94,13.25,13.2,12.98,12.799999,12.53,11.99,12.33,12.24,187.5,187.5,187.5,187.5,187.5,187.5,187.5,187.5,1.0699999,12.96,187.5
Arabian_Sea,2025-10-19 21:00:00,1.01,1.03,1.03,1.02,1.01,0.96999997,0.95,0.94,1.0699999,13.2,12.98,12.799999,12.53,11.99,12.33,12.24,12.96,187.5,187.5,187.5,187.5,187.5,187.5,187.5,187.5,1.01,11.99,187.5
Arabian_Sea,2025-10-20 00:00:00,0.85999995,1.03,1.02,1.01,0.96999997,0.95,0.94,1.0699999,1.01,12.98,12.799999,12.53,11.99,12.33,12.24,12.96,11.99,187.5,187.5,187.5,187.5,187.5,187.5,187.5,187.5,0.85999995,7.7799997,187.5
Arabian_Sea,2025-10-20 03:00:00,0.95,1.02,1.01,0.96999997,0.95,0.94,1.0699999,1.01,0.85999995,12.799999,12.53,11.99,12.33,12.24,12.96,11.99,7.7799997,187.5,187.5,187.5,187.5,187.5,187.5,187.5,187.5,0.95,7.91,187.5
Arabian_Sea,2025-10-20 06:00:00,1.0699999,1.01,0.96999997,0.95,0.94,1.0699999,1.01,0.85999995,0.95,12.53,11.99,12.33,12.24,12.96,11.99,7.7799997,7.91,187.5,187.5,187.5,187.5,187.5,187.5,187.5,187.5,1.0699999,7.96,187.5
Arabian_Sea,2025-10-20 09:00:00,1.13,0.96999997,0.95,0.94,1.0699999,1.01,0.85999995,0.95,1.0699999,11.99,12.33,12.24,12.96,11.99,7.7799997,7.91,7.96,187.5,187.5,187.5,187.5,187.5,187.5,187.5,187.5,1.13,8.04,187.5
Arabian_Sea,2025-10-20 12:00:00,1.15,0.95,0.94,1.0699999,1.01,0.85999995,0.95,1.0699999,1.13,12.33,12.24,12.96,11.99,7.7799997,7.91,7.96,8.04,187.5,187.5,187.5,187.5,187.5,187.5,187.5,187.5,1.15,8.25,187.5
Arabian_Sea,2025-10-20 15:00:00,1.18,0.94,1.0699999,1.01,0.85999995,0.95,1.0699999,1.13,1.15,12.24,12.96,11.99,7.7799997,7.91,7.96,8.04,8.25,187.5,187.5,187.5,187.5,187.5,187.5,187.5,187.5,1.18,9.57,187.5
Arabian_Sea,2025-10-20 18:00:00,1.27,1.0699999,1.01,0.85999995,0.95,1.0699999,1.13,1.15,1.18,12.96,11.99,7.7799997,7.91,7.96,8.04,8.25,9.57,187.5,187.5,187.5,187.5,187.5,187.5,187.5,187.5,1.27,9.76,187.5
Arabian_Sea,2025-10-20 21:00:00,1.29,1.01,0.85999995,0.95,1.0699999,1.13,1.15,1.18,1.27,11.99,7.7799997,7.91,7.96,8.04,8.25,9.57,9.76,187.5,187.5,187.5,187.5,187.5,187.5,187.5,187.5,1.29,9.599999,187.5
Arabian_Sea,2025-10-21 00:00:00,1.28,0.85999995,0.95,1.0699999,1.13,1.15,1.18,1.27,1.29,7.7799997,7.91,7.96,8.04,8.25,9.57,9.76,9.599999,187.5,187.5,187.5,187.5,187.5,187.5,187.5,187.5,1.28,9.24,187.5
Arabian_Sea,2025-10-21 03:00:00,1.3,0.95,1.0699999,1.13,1.15,1.18,1.27,1.29,1.28,7.91,7.96,8.04,8.25,9.57,9.76,9.599999,9.24,187.5,187.5,187.5,187.5,187.5,187.5,187.5,187.5,1.3,9.12,202.5
Arabian_Sea,2025-10-21 06:00:00,1.29,1.0699999,1.13,1.15,1.18,1.27,1.29,1.28,1.3,7.96,8.04,8.25,9.57,9.76,9.599999,9.24,9.12,187.5,187.5,187.5,187.5,187.5,187.5,187.5,202.5,1.29,8.94,202.5
Arabian_Sea,2025-10-21 09:00:00,1.3199999,1.13,1.15,1.18,1.27,1.29,1.28,1.3,1.29,8.04,8.25,9.57,9.76,9.599999,9.24,9.12,8.94,187.5,187.5,187.5,187.5,187.5,187.5,202.5,202.5,1.3199999,9.0,202.5
Arabian_Sea,2025-10-21 12:00:00,1.24,1.15,1.18,1.27,1.29,1.28,1.3,1.29,1.3199999,8.25,9.57,9.76,9.599999,9.24,9.12,8.94,9.0,187.5,187.5,187.5,187.5,187.5,202.5,202.5,202.5,1.24,8.75,202.5
Arabian_Sea,2025-10-21 15:00:00,1.31,1.18,1.27,1.29,1.28,1.3,1.29,1.3199999,1.24,9.57,9.76,9.599999,9.24,9.12,8.94,9.0,8.75,187.5,187.5,187.5,187.5,202.5,202.5,202.5,202.5,1.31,8.97,202.5
Arabian_Sea,2025-10-21 18:00:00,1.38,1.27,1.29,1.28,1.3,1.29,1.3199999,1.24,1.31,9.76,9.599999,9.24,9.12,8.94,9.0,8.75,8.97,187.5,187.5,187.5,202.5,202.5,202.5,202.5,202.5,1.38,9.08,187.5
Arabian_Sea,2025-10-21 21:00:00,1.42,1.29,1.28,1.3,1.29,1.3199999,1.24,1.31,1.38,9.599999,9.24,9.12,8.94,9.0,8.75,8.97,9.08,187.5,187.5,202.5,202.5,202.5,202.5,202.5,187.5,1.42,9.07,187.5
Arabian_Sea,2025-10-22 00:00:00,1.48,1.28,1.3,1.29,1.3199999,1.24,1.31,1.38,1.42,9.24,9.12,8.94,9.0,8.75,8.97,9.08,9.07,187.5,202.5,202.5,202.5,202.5,202.5,187.5,187.5,1.48,9.11,187.5
Arabian_Sea,2025-10-22 03:00:00,1.53,1.3,1.29,1.3199999,1.24,1.31,1.38,1.42,1.48,9.12,8.94,9.0,8.75,8.97,9.08,9.07,9.11,202.5,202.5,202.5,202.5,202.5,187.5,187.5,187.5,1.53,13.5199995,187.5
Arabian_Sea,2025-10-22 06:00:00,1.42,1.29,1.3199999,1.24,1.31,1.38,1.42,1.48,1.53,8.94,9.0,8.75,8.97,9.08,9.07,9.11,13.5199995,202.5,202.5,202.5,202.5,187.5,187.5,187.5,187.5,1.42,12.139999,187.5
Arabian_Sea,2025-10-22 09:00:00,1.49,1.3199999,1.24,1.31,1.38,1.42,1.48,1.53,1.42,9.0,8.75,8.97,9.08,9.07,9.11,13.5199995,12.139999,202.5,202.5,202.5,187.5,187.5,187.5,187.5,187.5,1.49,11.929999,187.5
Arabian_Sea,2025-10-22 12:00:00,1.5699999,1.24,1.31,1.38,1.42,1.48,1.53,1.42,1.49,8.75,8.97,9.08,9.07,9.11,13.5199995,12.139999,11.929999,202.5,202.5,187.5,187.5,187.5,187.5,187.5,187.5,1.5699999,11.94,187.5
Arabian_Sea,2025-10-22 15:00:00,1.5999999,1.31,1.38,1.42,1.48,1.53,1.42,1.49,1.5699999,8.97,9.08,9.07,9.11,13.5199995,12.139999,11.929999,11.94,202.5,187.5,187.5,187.5,187.5,187.5,187.5,187.5,1.5999999,11.73,187.5
Arabian_Sea,2025-10-22 18:00:00,1.56,1.38,1.42,1.48,1.53,1.42,1.49,1.5699999,1.5999999,9.08,9.07,9.11,13.5199995,12.139999,11.929999,11.94,11.73,187.5,187.5,187.5,187.5,187.5,187.5,187.5,187.5,1.56,11.11,187.5
Arabian_Sea,2025-10-22 21:00:00,1.52,1.42,1.48,1.53,1.42,1.49,1.5699999,1.5999999,1.56,9.07,9.11,13.5199995,12.139999,11.929999,11.94,11.73,11.11,187.5,187.5,187.5,187.5,187.5,187.5,187.5,187.5,1.52,10.61,187.5
Arabian_Sea,2025-10-23 00:00:00,1.52,1.48,1.53,1.42,1.49,1.5699999,1.5999999,1.56,1.52,9.11,13.5199995,12.139999,11.929999,11.94,11.73,11.11,10.61,187.5,187.5,187.5,187.5,187.5,187.5,187.5,187.5,1.52,10.24,187.5
Arabian_Sea,2025-10-23 03:00:00,1.54,1.53,1.42,1.49,1.5699999,1.5999999,1.56,1.52,1.52,13.5199995,12.139999,11.929999,11.94,11.73,11.11,10.61,10.24,187.5,187.5,187.5,187.5,187.5,187.5,187.5,187.5,1.54,9.95,187.5
Arabian_Sea,2025-10-23 06:00:00,1.5999999,1.42,1.49,1.5699999,1.5999999,1.56,1.52,1.52,1.54,12.139999,11.929999,11.94,11.73,11.11,10.61,10.24,9.95,187.5,187.5,187.5,187.5,187.5,187.5,187.5,187.5,1.5999999,9.62,187.5
Arabian_Sea,2025-10-23 09:00:00,1.65,1.49,1.5699999,1.5999999,1.56,1.52,1.52,1.54,1.5999999,11.929999,11.94,11.73,11.11,10.61,10.24,9.95,9.62,187.5,187.5,187.5,187.5,187.5,187.5,187.5,187.5,1.65,9.429999,202.5
Arabian_Sea,2025-10-23 12:00:00,1.67,1.5699999,1.5999999,1.56,1.52,1.52,1.54,1.5999999,1.65,11.94,11.73,11.11,10.61,10.24,9.95,9.62,9.429999,187.5,187.5,187.5,187.5,187.5,187.5,187.5,202.5,1.67,9.44,202.5
Arabian_Sea,2025-10-23 15:00:00,1.68,1.5999999,1.56,1.52,1.52,1.54,1.5999999,1.65,1.67,11.73,11.11,10.61,10.24,9.95,9.62,9.429999,9.44,187.5,187.5,187.5,187.5,187.5,187.5,202.5,202.5,1.68,9.33,187.5
Arabian_Sea,2025-10-23 18:00:00,1.54,1.56,1.52,1.52,1.54,1.5999999,1.65,1.67,1.68,11.11,10.61,10.24,9.95,9.62,9.429999,9.44,9.33,187.5,187.5,187.5,187.5,187.5,202.5,202.5,187.5,1.54,8.79,187.5
Arabian_Sea,2025-10-23 21:00:00,1.51,1.52,1.52,1.54,1.5999999,1.65,1.67,1.68,1.54,10.61,10.24,9.95,9.62,9.429999,9.44,9.33,8.79,187.5,187.5,187.5,187.5,202.5,202.5,187.5,187.5,1.51,8.57,187.5
Arabian_Sea,2025-10-24 00:00:00,1.62,1.52,1.54,1.5999999,1.65,1.67,1.68,1.54,1.51,10.24,9.95,9.62,9.429999,9.44,9.33,8.79,8.57,187.5,187.5,187.5,202.5,202.5,187.5,187.5,187.5,1.62,8.889999,187.5
Arabian_Sea,2025-10-24 03:00:00,1.74,1.54,1.5999999,1.65,1.67,1.68,1.54,1.51,1.62,9.95,9.62,9.429999,9.44,9.33,8.79,8.57,8.889999,187.5,187.5,202.5,202.5,187.5,187.5,187.5,187.5,1.74,9.12,187.5
Arabian_Sea,2025-10-24 06:00:00,1.9399999,1.5999999,1.65,1.67,1.68,1.54,1.51,1.62,1.74,9.62,9.429999,9.44,9.33,8.79,8.57,8.889999,9.12,187.5,202.5,202.5,187.5,187.5,187.5,187.5,187.5,1.9399999,9.3,187.5
Arabian_Sea,2025-10-24 09:00:00,2.11,1.65,1.67,1.68,1.54,1.51,1.62,1.74,1.9399999,9.429999,9.44,9.33,8.79,8.57,8.889999,9.12,9.3,202.5,202.5,187.5,187.5,187.5,187.5,187.5,187.5,2.11,9.139999,200.02
Arabian_Sea,2025-10-24 12:00:00,2.22,1.67,1.68,1.54,1.51,1.62,1.74,1.9399999,2.11,9.44,9.33,8.79,8.57,8.889999,9.12,9.3,9.139999,202.5,187.5,187.5,187.5,187.5,187.5,187.5,200.02,2.22,8.66,202.5
Arabian_Sea,2025-10-24 15:00:00,2.31,1.68,1.54,1.51,1.62,1.74,1.9399999,2.11,2.22,9.33,8.79,8.57,8.889999,9.12,9.3,9.139999,8.66,187.5,187.5,187.5,187.5,187.5,187.5,200.02,202.5,2.31,8.12,202.5
Arabian_Sea,2025-10-24 18:00:00,2.3899999,1.54,1.51,1.62,1.74,1.9399999,2.11,2.22,2.31,8.79,8.57,8.889999,9.12,9.3,9.139999,8.66,8.12,187.5,187.5,187.5,187.5,187.5,200.02,202.5,202.5,2.3899999,7.89,202.5
Arabian_Sea,2025-10-24 21:00:00,2.4099998,1.51,1.62,1.74,1.9399999,2.11,2.22,2.31,2.3899999,8.57,8.889999,9.12,9.3,9.139999,8.66,8.12,7.89,187.5,187.5,187.5,187.5,200.02,202.5,202.5,202.5,2.4099998,7.5899997,202.5
Arabian_Sea,2025-10-25 00:00:00,2.55,1.62,1.74,1.9399999,2.11,2.22,2.31,2.3899999,2.4099998,8.889999,9.12,9.3,9.139999,8.66,8.12,7.89,7.5899997,187.5,187.5,187.5,200.02,202.5,202.5,202.5,202.5,2.55,7.5699997,202.5
Arabian_Sea,2025-10-25 03:00:00,2.74,1.74,1.9399999,2.11,2.22,2.31,2.3899999,2.4099998,2.55,9.12,9.3,9.139999,8.66,8.12,7.89,7.5899997,7.5699997,187.5,187.5,200.02,202.5,202.5,202.5,202.5,202.5,2.74,7.8199997,202.5
Arabian_Sea,2025-10-25 06:00:00,2.8899999,1.9399999,2.11,2.22,2.31,2.3899999,2.4099998,2.55,2.74,9.3,9.139999,8.66,8.12,7.89,7.5899997,7.5699997,7.8199997,187.5,200.02,202.5,202.5,202.5,202.5,202.5,202.5,2.8899999,8.15,202.5
Arabian_Sea,2025-10-25 09:00:00,2.97,2.11,2.22,2.31,2.3899999,2.4099998,2.55,2.74,2.8899999,9.139999,8.66,8.12,7.89,7.5899997,7.5699997,7.8199997,8.15,200.02,202.5,202.5,202.5,202.5,202.5,202.5,202.5,2.97,8.4,202.5
Arabian_Sea,2025-10-25 12:00:00,2.98,2.22,2.31,2.3899999,2.4099998,2.55,2.74,2.8899999,2.97,8.66,8.12,7.89,7.5899997,7.5699997,7.8199997,8.15,8.4,202.5,202.5,202.5,202.5,202.5,202.5,202.5,202.5,2.98,8.7,202.5
Arabian_Sea,2025-10-25 15:00:00,2.95,2.31,2.3899999,2.4099998,2.55,2.74,2.8899999,2.97,2.98,8.12,7.89,7.5899997,7.5699997,7.8199997,8.15,8.4,8.7,202.5,202.5,202.5,202.5,202.5,202.5,202.5,202.5,2.95,8.79,202.5
Arabian_Sea,2025-10-25 18:00:00,2.96,2.3899999,2.4099998,2.55,2.74,2.8899999,2.97,2.98,2.95,7.89,7.5899997,7.5699997,7.8199997,8.15,8.4,8.7,8.79,202.5,202.5,202.5,202.5,202.5,202.5,202.5,202.5,2.96,8.86,202.5
Arabian_Sea,2025-10-25 21:00:00,2.98,2.4099998,2.55,2.74,2.8899999,2.97,2.98,2.95,2.96,7.5899997,7.5699997,7.8199997,8.15,8.4,8.7,8.79,8.86,202.5,202.5,202.5,202.5,202.5,202.5,202.5,202.5,2.98,8.84,202.5
Arabian_Sea,2025-10-26 00:00:00,3.06,2.55,2.74,2.8899999,2.97,2.98,2.95,2.96,2.98,7.5699997,7.8199997,8.15,8.4,8.7,8.79,8.86,8.84,202.5,202.5,202.5,202.5,202.5,202.5,202.5,202.5,3.06,8.74,202.5
Arabian_Sea,2025-10-26 03:00:00,3.1,2.74,2.8899999,2.97,2.98,2.95,2.96,2.98,3.06,7.8199997,8.15,8.4,8.7,8.79,8.86,8.84,8.74,202.5,202.5,202.5,202.5,202.5,202.5,202.5,202.5,3.1,8.429999,202.5
Arabian_Sea,2025-10-26 06:00:00,3.1299999,2.8899999,2.97,2.98,2.95,2.96,2.98,3.06,3.1,8.15,8.4,8.7,8.79,8.86,8.84,8.74,8.429999,202.5,202.5,202.5,202.5,202.5,202.5,202.5,202.5,3.1299999,8.45,202.5
Arabian_Sea,2025-10-26 09:00:00,3.1399999,2.97,2.98,2.95,2.96,2.98,3.06,3.1,3.1299999,8.4,8.7,8.79,8.86,8.84,8.74,8.429999,8.45,202.5,202.5,202.5,202.5,202.5,202.5,202.5,202.5,3.1399999,8.5,202.5
Arabian_Sea,2025-10-26 12:00:00,3.21,2.98,2.95,2.96,2.98,3.06,3.1,3.1299999,3.1399999,8.7,8.79,8.86,8.84,8.74,8.429999,8.45,8.5,202.5,202.5,202.5,202.5,202.5,202.5,202.5,202.5,3.21,8.679999,202.5
Arabian_Sea,2025-10-26 15:00:00,3.28,2.95,2.96,2.98,3.06,3.1,3.1299999,3.1399999,3.21,8.79,8.86,8.84,8.74,8.429999,8.45,8.5,8.679999,202.5,202.5,202.5,202.5,202.5,202.5,202.5,202.5,3.28,8.809999,202.5
Arabian_Sea,2025-10-26 18:00:00,3.34,2.96,2.98,3.06,3.1,3.1299999,3.1399999,3.21,3.28,8.86,8.84,8.74,8.429999,8.45,8.5,8.679999,8.809999,202.5,202.5,202.5,202.5,202.5,202.5,202.5,202.5,3.34,8.87,202.5
Arabian_Sea,2025-10-26 21:00:00,3.05,2.98,3.06,3.1,3.1299999,3.1399999,3.21,3.28,3.34,8.84,8.74,8.429999,8.45,8.5,8.679999,8.809999,8.87,202.5,202.5,202.5,202.5,202.5,202.5,202.5,202.5,3.05,8.42,217.5
Arabian_Sea,2025-10-27 00:00:00,3.22,3.06,3.1,3.1299999,3.1399999,3.21,3.28,3.34,3.05,8.74,8.429999,8.45,8.5,8.679999,8.809999,8.87,8.42,202.5,202.5,202.5,202.5,202.5,202.5,202.5,217.5,3.22,8.69,217.5
Arabian_Sea,2025-10-27 03:00:00,3.27,3.1,3.1299999,3.1399999,3.21,3.28,3.34,3.05,3.22,8.429999,8.45,8.5,8.679999,8.809999,8.87,8.42,8.69,202.5,202.5,202.5,202.5,202.5,202.5,217.5,217.5,3.27,8.8,217.5
Arabian_Sea,2025-10-27 06:00:00,3.3,3.1299999,3.1399999,3.21,3.28,3.34,3.05,3.22,3.27,8.45,8.5,8.679999,8.809999,8.87,8.42,8.69,8.8,202.5,202.5,202.5,202.5,202.5,217.5,217.5,217.5,3.3,8.929999,217.5
Arabian_Sea,2025-10-27 09:00:00,3.3,3.1399999,3.21,3.28,3.34,3.05,3.22,3.27,3.3,8.5,8.679999,8.809999,8.87,8.42,8.69,8.8,8.929999,202.5,202.5,202.5,202.5,217.5,217.5,217.5,217.5,3.3,8.99,217.5
Arabian_Sea,2025-10-27 12:00:00,3.32,3.21,3.28,3.34,3.05,3.22,3.27,3.3,3.3,8.679999,8.809999,8.87,8.42,8.69,8.8,8.929999,8.99,202.5,202.5,202.5,217.5,217.5,217.5,217.5,217.5,3.32,9.11,217.5
Arabian_Sea,2025-10-27 15:00:00,3.1799998,3.28,3.34,3.05,3.22,3.27,3.3,3.3,3.32,8.809999,8.87,8.42,8.69,8.8,8.929999,8.99,9.11,202.5,202.5,217.5,217.5,217.5,217.5,217.5,217.5,3.1799998,9.03,217.5
Arabian_Sea,2025-10-27 18:00:00,3.07,3.34,3.05,3.22,3.27,3.3,3.3,3.32,3.1799998,8.87,8.42,8.69,8.8,8.929999,8.99,9.11,9.03,202.5,217.5,217.5,217.5,217.5,217.5,217.5,217.5,3.07,8.849999,217.5
Arabian_Sea,2025-10-27 21:00:00,3.12,3.05,3.22,3.27,3.3,3.3,3.32,3.1799998,3.07,8.42,8.69,8.8,8.929999,8.99,9.11,9.03,8.849999,217.5,217.5,217.5,217.5,217.5,217.5,217.5,217.5,3.12,8.7,232.5
Arabian_Sea,2025-10-28 00:00:00,3.29,3.22,3.27,3.3,3.3,3.32,3.1799998,3.07,3.12,8.69,8.8,8.929999,8.99,9.11,9.03,8.849999,8.7,217.5,217.5,217.5,217.5,217.5,217.5,217.5,232.5,3.29,8.5199995,232.5
Arabian_Sea,2025-10-28 03:00:00,3.24,3.27,3.3,3.3,3.32,3.1799998,3.07,3.12,3.29,8.8,8.929999,8.99,9.11,9.03,8.849999,8.7,8.5199995,217.5,217.5,217.5,217.5,217.5,217.5,232.5,232.5,3.24,8.54,232.5
Arabian_Sea,2025-10-28 06:00:00,3.12,3.3,3.3,3.32,3.1799998,3.07,3.12,3.29,3.24,8.929999,8.99,9.11,9.03,8.849999,8.7,8.5199995,8.54,217.5,217.5,217.5,217.5,217.5,232.5,232.5,232.5,3.12,8.57,217.5
Arabian_Sea,2025-10-28 09:00:00,2.9199998,3.3,3.32,3.1799998,3.07,3.12,3.29,3.24,3.12,8.99,9.11,9.03,8.849999,8.7,8.5199995,8.54,8.57,217.5,217.5,217.5,217.5,232.5,232.5,232.5,217.5,2.9199998,8.41,217.5
Arabian_Sea,2025-10-28 12:00:00,2.8799999,3.32,3.1799998,3.07,3.12,3.29,3.24,3.12,2.9199998,9.11,9.03,8.849999,8.7,8.5199995,8.54,8.57,8.41,217.5,217.5,217.5,232.5,232.5,232.5,217.5,217.5,2.8799999,8.38,217.5
Arabian_Sea,2025-10-28 15:00:00,2.8899999,3.1799998,3.07,3.12,3.29,3.24,3.12,2.9199998,2.8799999,9.03,8.849999,8.7,8.5199995,8.54,8.57,8.41,8.38,217.5,217.5,232.5,232.5,232.5,217.5,217.5,217.5,2.8899999,8.28,217.5
Arabian_Sea,2025-10-28 18:00:00,2.8999999,3.07,3.12,3.29,3.24,3.12,2.9199998,2.8799999,2.8899999,8.849999,8.7,8.5199995,8.54,8.57,8.41,8.38,8.28,217.5,232.5,232.5,232.5,217.5,217.5,217.5,217.5,2.8999999,8.24,217.5
Arabian_Sea,2025-10-28 21:00:00,2.75,3.12,3.29,3.24,3.12,2.9199998,2.8799999,2.8899999,2.8999999,8.7,8.5199995,8.54,8.57,8.41,8.38,8.28,8.24,232.5,232.5,232.5,217.5,217.5,217.5,217.5,217.5,2.75,8.05,232.5
Arabian_Sea,2025-10-29 00:00:00,2.82,3.29,3.24,3.12,2.9199998,2.8799999,2.8899999,2.8999999,2.75,8.5199995,8.54,8.57,8.41,8.38,8.28,8.24,8.05,232.5,232.5,217.5,217.5,217.5,217.5,217.5,232.5,2.82,8.099999,232.5
Arabian_Sea,2025-10-29 03:00:00,2.8,3.24,3.12,2.9199998,2.8799999,2.8899999,2.8999999,2.75,2.82,8.54,8.57,8.41,8.38,8.28,8.24,8.05,8.099999,232.5,217.5,217.5,217.5,217.5,217.5,232.5,232.5,2.8,8.08,217.5
Arabian_Sea,2025-10-29 06:00:00,2.79,3.12,2.9199998,2.8799999,2.8899999,2.8999999,2.75,2.82,2.8,8.57,8.41,8.38,8.28,8.24,8.05,8.099999,8.08,217.5,217.5,217.5,217.5,217.5,232.5,232.5,217.5,2.79,8.139999,217.5
Arabian_Sea,2025-10-29 09:00:00,2.72,2.9199998,2.8799999,2.8899999,2.8999999,2.75,2.82,2.8,2.79,8.41,8.38,8.28,8.24,8.05,8.099999,8.08,8.139999,217.5,217.5,217.5,217.5,232.5,232.5,217.5,217.5,2.72,8.13,217.5
Arabian_Sea,2025-10-29 12:00:00,2.6599998,2.8799999,2.8899999,2.8999999,2.75,2.82,2.8,2.79,2.72,8.38,8.28,8.24,8.05,8.099999,8.08,8.139999,8.13,217.5,217.5,217.5,232.5,232.5,217.5,217.5,217.5,2.6599998,8.12,217.5
Arabian_Sea,2025-10-29 15:00:00,2.58,2.8899999,2.8999999,2.75,2.82,2.8,2.79,2.72,2.6599998,8.28,8.24,8.05,8.099999,8.08,8.139999,8.13,8.12,217.5,217.5,232.5,232.5,217.5,217.5,217.5,217.5,2.58,8.059999,217.5
Arabian_Sea,2025-10-29 18:00:00,2.53,2.8999999,2.75,2.82,2.8,2.79,2.72,2.6599998,2.58,8.24,8.05,8.099999,8.08,8.139999,8.13,8.12,8.059999,217.5,232.5,232.5,217.5,217.5,217.5,217.5,217.5,2.53,7.98,232.5
Arabian_Sea,2025-10-29 21:00:00,2.52,2.75,2.82,2.8,2.79,2.72,2.6599998,2.58,2.53,8.05,8.099999,8.08,8.139999,8.13,8.12,8.059999,7.98,232.5,232.5,217.5,217.5,217.5,217.5,217.5,232.5,2.52,7.7599998,232.5
Arabian_Sea,2025-10-30 00:00:00,2.6399999,2.82,2.8,2.79,2.72,2.6599998,2.58,2.53,2.52,8.099999,8.08,8.139999,8.13,8.12,8.059999,7.98,7.7599998,232.5,217.5,217.5,217.5,217.5,217.5,232.5,232.5,2.6399999,7.6,232.5
Arabian_Sea,2025-10-30 03:00:00,2.6799998,2.8,2.79,2.72,2.6599998,2.58,2.53,2.52,2.6399999,8.08,8.139999,8.13,8.12,8.059999,7.98,7.7599998,7.6,217.5,217.5,217.5,217.5,217.5,232.5,232.5,232.5,2.6799998,7.6499996,232.5
Arabian_Sea,2025-10-30 06:00:00,2.7,2.79,2.72,2.6599998,2.58,2.53,2.52,2.6399999,2.6799998,8.139999,8.13,8.12,8.059999,7.98,7.7599998,7.6,7.6499996,217.5,217.5,217.5,217.5,232.5,232.5,232.5,232.5,2.7,7.7999997,247.5
Arabian_Sea,2025-10-30 09:00:00,2.6499999,2.72,2.6599998,2.58,2.53,2.52,2.6399999,2.6799998,2.7,8.13,8.12,8.059999,7.98,7.7599998,7.6,7.6499996,7.7999997,217.5,217.5,217.5,232.5,232.5,232.5,232.5,247.5,2.6499999,7.95,247.5
Arabian_Sea,2025-10-30 12:00:00,2.59,2.6599998,2.58,2.53,2.52,2.6399999,2.6799998,2.7,2.6499999,8.12,8.059999,7.98,7.7599998,7.6,7.6499996,7.7999997,7.95,217.5,217.5,232.5,232.5,232.5,232.5,247.5,247.5,2.59,7.97,260.01
Arabian_Sea,2025-10-30 15:00:00,2.53,2.58,2.53,2.52,2.6399999,2.6799998,2.7,2.6499999,2.59,8.059999,7.98,7.7599998,7.6,7.6499996,7.7999997,7.95,7.97,217.5,232.5,232.5,232.5,232.5,247.5,247.5,260.01,2.53,7.9199996,262.5
Arabian_Sea,2025-10-30 18:00:00,2.46,2.53,2.52,2.6399999,2.6799998,2.7,2.6499999,2.59,2.53,7.98,7.7599998,7.6,7.6499996,7.7999997,7.95,7.97,7.9199996,232.5,232.5,232.5,232.5,247.5,247.5,260.01,262.5,2.46,7.8799996,262.5
Arabian_Sea,2025-10-30 21:00:00,2.3999999,2.52,2.6399999,2.6799998,2.7,2.6499999,2.59,2.53,2.46,7.7599998,7.6,7.6499996,7.7999997,7.95,7.97,7.9199996,7.8799996,232.5,232.5,232.5,247.5,247.5,260.01,262.5,262.5,2.3999999,7.7999997,187.5
Arabian_Sea,2025-10-31 00:00:00,2.36,2.6399999,2.6799998,2.7,2.6499999,2.59,2.53,2.46,2.3999999,7.6,7.6499996,7.7999997,7.95,7.97,7.9199996,7.8799996,7.7999997,232.5,232.5,247.5,247.5,260.01,262.5,262.5,187.5,2.36,7.74,187.5
Arabian_Sea,2025-10-31 03:00:00,2.31,2.6799998,2.7,2.6499999,2.59,2.53,2.46,2.3999999,2.36,7.6499996,7.7999997,7.95,7.97,7.9199996,7.8799996,7.7999997,7.74,232.5,247.5,247.5,260.01,262.5,262.5,187.5,187.5,2.31,7.71,187.5
Arabian_Sea,2025-10-31 06:00:00,2.21,2.7,2.6499999,2.59,2.53,2.46,2.3999999,2.36,2.31,7.7999997,7.95,7.97,7.9199996,7.8799996,7.7999997,7.74,7.71,247.5,247.5,260.01,262.5,262.5,187.5,187.5,187.5,2.21,7.6299996,187.5
Arabian_Sea,2025-10-31 09:00:00,2.03,2.6499999,2.59,2.53,2.46,2.3999999,2.36,2.31,2.21,7.95,7.97,7.9199996,7.8799996,7.7999997,7.74,7.71,7.6299996,247.5,260.01,262.5,262.5,187.5,187.5,187.5,187.5,2.03,7.46,187.5
Arabian_Sea,2025-10-31 12:00:00,1.9399999,2.59,2.53,2.46,2.3999999,2.36,2.31,2.21,2.03,7.97,7.9199996,7.8799996,7.7999997,7.74,7.71,7.6299996,7.46,260.01,262.5,262.5,187.5,187.5,187.5,187.5,187.5,1.9399999,7.41,187.5
Arabian_Sea,2025-10-31 15:00:00,1.8499999,2.53,2.46,2.3999999,2.36,2.31,2.21,2.03,1.9399999,7.9199996,7.8799996,7.7999997,7.74,7.71,7.6299996,7.46,7.41,262.5,262.5,187.5,187.5,187.5,187.5,187.5,187.5,1.8499999,7.33,187.5
Arabian_Sea,2025-10-31 18:00:00,1.77,2.46,2.3999999,2.36,2.31,2.21,2.03,1.9399999,1.8499999,7.8799996,7.7999997,7.74,7.71,7.6299996,7.46,7.41,7.33,262.5,187.5,187.5,187.5,187.5,187.5,187.5,187.5,1.77,7.23,187.5
Arabian_Sea,2025-10-31 21:00:00,1.6999999,2.3999999,2.36,2.31,2.21,2.03,1.9399999,1.8499999,1.77,7.7999997,7.74,7.71,7.6299996,7.46,7.41,7.33,7.23,187.5,187.5,187.5,187.5,187.5,187.5,187.5,187.5,1.6999999,7.12,187.5
Arabian_Sea,2025-11-01 00:00:00,1.61,2.36,2.31,2.21,2.03,1.9399999,1.8499999,1.77,1.6999999,7.74,7.71,7.6299996,7.46,7.41,7.33,7.23,7.12,187.5,187.5,187.5,187.5,187.5,187.5,187.5,187.5,1.61,7.0299997,187.5
Arabian_Sea,2025-11-01 03:00:00,1.65,2.31,2.21,2.03,1.9399999,1.8499999,1.77,1.6999999,1.61,7.71,7.6299996,7.46,7.41,7.33,7.23,7.12,7.0299997,187.5,187.5,187.5,187.5,187.5,187.5,187.5,187.5,1.65,7.0,187.5
Arabian_Sea,2025-11-01 06:00:00,1.5999999,2.21,2.03,1.9399999,1.8499999,1.77,1.6999999,1.61,1.65,7.6299996,7.46,7.41,7.33,7.23,7.12,7.0299997,7.0,187.5,187.5,187.5,187.5,187.5,187.5,187.5,187.5,1.5999999,6.94,187.5
Arabian_Sea,2025-11-01 09:00:00,1.5799999,2.03,1.9399999,1.8499999,1.77,1.6999999,1.61,1.65,1.5999999,7.46,7.41,7.33,7.23,7.12,7.0299997,7.0,6.94,187.5,187.5,187.5,187.5,187.5,187.5,187.5,187.5,1.5799999,6.8799996,187.5
Arabian_Sea,2025-11-01 12:00:00,1.53,1.9399999,1.8499999,1.77,1.6999999,1.61,1.65,1.5999999,1.5799999,7.41,7.33,7.23,7.12,7.0299997,7.0,6.94,6.8799996,187.5,187.5,187.5,187.5,187.5,187.5,187.5,187.5,1.53,6.83,187.5
Arabian_Sea,2025-11-01 15:00:00,1.27,1.8499999,1.77,1.6999999,1.61,1.65,1.5999999,1.5799999,1.53,7.33,7.23,7.12,7.0299997,7.0,6.94,6.8799996,6.83,187.5,187.5,187.5,187.5,187.5,187.5,187.5,187.5,1.27,6.6299996,187.5
Arabian_Sea,2025-11-01 18:00:00,1.36,1.77,1.6999999,1.61,1.65,1.5999999,1.5799999,1.53,1.27,7.23,7.12,7.0299997,7.0,6.94,6.8799996,6.83,6.6299996,187.5,187.5,187.5,187.5,187.5,187.5,187.5,187.5,1.36,6.92,187.5
Arabian_Sea,2025-11-01 21:00:00,1.29,1.6999999,1.61,1.65,1.5999999,1.5799999,1.53,1.27,1.36,7.12,7.0299997,7.0,6.94,6.8799996,6.83,6.6299996,6.92,187.5,187.5,187.5,187.5,187.5,187.5,187.5,187.5,1.29,6.7999997,187.5
Arabian_Sea,2025-11-02 00:00:00,1.28,1.61,1.65,1.5999999,1.5799999,1.53,1.27,1.36,1.29,7.0299997,7.0,6.94,6.8799996,6.83,6.6299996,6.92,6.7999997,187.5,187.5,187.5,187.5,187.5,187.5,187.5,187.5,1.28,6.67,187.5
Arabian_Sea,2025-11-02 03:00:00,1.26,1.65,1.5999999,1.5799999,1.53,1.27,1.36,1.29,1.28,7.0,6.94,6.8799996,6.83,6.6299996,6.92,6.7999997,6.67,187.5,187.5,187.5,187.5,187.5,187.5,187.5,187.5,1.26,13.98,187.5
Arabian_Sea,2025-11-02 06:00:00,1.1999999,1.5999999,1.5799999,1.53,1.27,1.36,1.29,1.28,1.26,6.94,6.8799996,6.83,6.6299996,6.92,6.7999997,6.67,13.98,187.5,187.5,187.5,187.5,187.5,187.5,187.5,187.5,1.1999999,13.179999,187.5
Arabian_Sea,2025-11-02 09:00:00,1.17,1.5799999,1.53,1.27,1.36,1.29,1.28,1.26,1.1999999,6.8799996,6.83,6.6299996,6.92,6.7999997,6.67,13.98,13.179999,187.5,187.5,187.5,187.5,187.5,187.5,187.5,187.5,1.17,13.21,187.5
Arabian_Sea,2025-11-02 12:00:00,1.15,1.53,1.27,1.36,1.29,1.28,1.26,1.1999999,1.17,6.83,6.6299996,6.92,6.7999997,6.67,13.98,13.179999,13.21,187.5,187.5,187.5,187.5,187.5,187.5,187.5,187.5,1.15,13.07,187.5
Arabian_Sea,2025-11-02 15:00:00,1.12,1.27,1.36,1.29,1.28,1.26,1.1999999,1.17,1.15,6.6299996,6.92,6.7999997,6.67,13.98,13.179999,13.21,13.07,187.5,187.5,187.5,187.5,187.5,187.5,187.5,187.5,1.12,12.86,187.5
Arabian_Sea,2025-11-02 18:00:00,1.1,1.36,1.29,1.28,1.26,1.1999999,1.17,1.15,1.12,6.92,6.7999997,6.67,13.98,13.179999,13.21,13.07,12.86,187.5,187.5,187.5,187.5,187.5,187.5,187.5,187.5,1.1,12.87,187.5
Arabian_Sea,2025-11-02 21:00:00,1.01,1.29,1.28,1.26,1.1999999,1.17,1.15,1.12,1.1,6.7999997,6.67,13.98,13.179999,13.21,13.07,12.86,12.87,187.5,187.5,187.5,187.5,187.5,187.5,187.5,187.5,1.01,12.45,187.5
Arabian_Sea,2025-11-03 00:00:00,0.96999997,1.28,1.26,1.1999999,1.17,1.15,1.12,1.1,1.01,6.67,13.98,13.179999,13.21,13.07,12.86,12.87,12.45,187.5,187.5,187.5,187.5,187.5,187.5,187.5,187.5,0.96999997,12.139999,187.5
Arabian_Sea,2025-11-03 03:00:00,0.96,1.26,1.1999999,1.17,1.15,1.12,1.1,1.01,0.96999997,13.98,13.179999,13.21,13.07,12.86,12.87,12.45,12.139999,187.5,187.5,187.5,187.5,187.5,187.5,187.5,187.5,0.96,11.79,187.5
Arabian_Sea,2025-11-03 06:00:00,0.85999995,1.1999999,1.17,1.15,1.12,1.1,1.01,0.96999997,0.96,13.179999,13.21,13.07,12.86,12.87,12.45,12.139999,11.79,187.5,187.5,187.5,187.5,187.5,187.5,187.5,187.5,0.85999995,10.889999,187.5
Arabian_Sea,2025-11-03 09:00:00,0.85999995,1.17,1.15,1.12,1.1,1.01,0.96999997,0.96,0.85999995,13.21,13.07,12.86,12.87,12.45,12.139999,11.79,10.889999,187.5,187.5,187.5,187.5,187.5,187.5,187.5,187.5,0.85999995,10.84,187.5
Arabian_Sea,2025-11-03 12:00:00,0.87,1.15,1.12,1.1,1.01,0.96999997,0.96,0.85999995,0.85999995,13.07,12.86,12.87,12.45,12.139999,11.79,10.889999,10.84,187.5,187.5,187.5,187.5,187.5,187.5,187.5,187.5,0.87,11.259999,187.5
Arabian_Sea,2025-11-03 15:00:00,0.83,1.12,1.1,1.01,0.96999997,0.96,0.85999995,0.85999995,0.87,12.86,12.87,12.45,12.139999,11.79,10.889999,10.84,11.259999,187.5,187.5,187.5,187.5,187.5,187.5,187.5,187.5,0.83,10.88,187.5
Arabian_Sea,2025-11-03 18:00:00,0.84,1.1,1.01,0.96999997,0.96,0.85999995,0.85999995,0.87,0.83,12.87,12.45,12.139999,11.79,10.889999,10.84,11.259999,10.88,187.5,187.5,187.5,187.5,187.5,187.5,187.5,187.5,0.84,12.0199995,187.5
Arabian_Sea,2025-11-03 21:00:00,0.82,1.01,0.96999997,0.96,0.85999995,0.85999995,0.87,0.83,0.84,12.45,12.139999,11.79,10.889999,10.84,11.259999,10.88,12.0199995,187.5,187.5,187.5,187.5,187.5,187.5,187.5,187.5,0.82,12.3,187.5
Arabian_Sea,2025-11-04 00:00:00,0.82,0.96999997,0.96,0.85999995,0.85999995,0.87,0.83,0.84,0.82,12.139999,11.79,10.889999,10.84,11.259999,10.88,12.0199995,12.3,187.5,187.5,187.5,187.5,187.5,187.5,187.5,187.5,0.82,18.47,187.5
Arabian_Sea,2025-11-04 03:00:00,0.83,0.96,0.85999995,0.85999995,0.87,0.83,0.84,0.82,0.82,11.79,10.889999,10.84,11.259999,10.88,12.0199995,12.3,18.47,187.5,187.5,187.5,187.5,187.5,187.5,187.5,187.5,0.83,17.18,187.5
Arabian_Sea,2025-11-04 06:00:00,0.84,0.85999995,0.85999995,0.87,0.83,0.84,0.82,0.82,0.83,10.889999,10.84,11.259999,10.88,12.0199995,12.3,18.47,17.18,187.5,187.5,187.5,187.5,187.5,187.5,187.5,187.5,0.84,18.15,187.5
Arabian_Sea,2025-11-04 09:00:00,0.84999996,0.85999995,0.87,0.83,0.84,0.82,0.82,0.83,0.84,10.84,11.259999,10.88,12.0199995,12.3,18.47,17.18,18.15,187.5,187.5,187.5,187.5,187.5,187.5,187.5,187.5,0.84999996,18.21,187.5
Arabian_Sea,2025-11-04 12:00:00,0.87,0.87,0.83,0.84,0.82,0.82,0.83,0.84,0.84999996,11.259999,10.88,12.0199995,12.3,18.47,17.18,18.15,18.21,187.5,187.5,187.5,187.5,187.5,187.5,187.5,187.5,0.87,18.31,187.5
Arabian_Sea,2025-11-04 15:00:00,0.89,0.83,0.84,0.82,0.82,0.83,0.84,0.84999996,0.87,10.88,12.0199995,12.3,18.47,17.18,18.15,18.21,18.31,187.5,187.5,187.5,187.5,187.5,187.5,187.5,187.5,0.89,18.15,187.5
Arabian_Sea,2025-11-04 18:00:00,0.93,0.84,0.82,0.82,0.83,0.84,0.84999996,0.87,0.89,12.0199995,12.3,18.47,17.18,18.15,18.21,18.31,18.15,187.5,187.5,187.5,187.5,187.5,187.5,187.5,187.5,0.93,18.17,187.5
Arabian_Sea,2025-11-04 21:00:00,0.94,0.82,0.82,0.83,0.84,0.84999996,0.87,0.89,0.93,12.3,18.47,17.18,18.15,18.21,18.31,18.15,18.17,187.5,187.5,187.5,187.5,187.5,187.5,187.5,187.5,0.94,17.779999,187.5
Arabian_Sea,2025-11-05 00:00:00,0.96,0.82,0.83,0.84,0.84999996,0.87,0.89,0.93,0.94,18.47,17.18,18.15,18.21,18.31,18.15,18.17,17.779999,187.5,187.5,187.5,187.5,187.5,187.5,187.5,187.5,0.96,17.56,187.5
Arabian_Sea,2025-11-05 03:00:00,0.98999995,0.83,0.84,0.84999996,0.87,0.89,0.93,0.94,0.96,17.18,18.15,18.21,18.31,18.15,18.17,17.779999,17.56,187.5,187.5,187.5,187.5,187.5,187.5,187.5,187.5,0.98999995,17.35,187.5
Arabian_Sea,2025-11-05 06:00:00,0.90999997,0.84,0.84999996,0.87,0.89,0.93,0.94,0.96,0.98999995,18.15,18.21,18.31,18.15,18.17,17.779999,17.56,17.35,187.5,187.5,187.5,187.5,187.5,187.5,187.5,187.5,0.90999997,15.839999,187.5
Arabian_Sea,2025-11-05 09:00:00,0.97999996,0.84999996,0.87,0.89,0.93,0.94,0.96,0.98999995,0.90999997,18.21,18.31,18.15,18.17,17.779999,17.56,17.35,15.839999,187.5,187.5,187.5,187.5,187.5,187.5,187.5,187.5,0.97999996,15.82,187.5
Arabian_Sea,2025-11-05 12:00:00,1.05,0.87,0.89,0.93,0.94,0.96,0.98999995,0.90999997,0.97999996,18.31,18.15,18.17,17.779999,17.56,17.35,15.839999,15.82,187.5,187.5,187.5,187.5,187.5,187.5,187.5,187.5,1.05,15.96,187.5
Arabian_Sea,2025-11-05 15:00:00,1.1899999,0.89,0.93,0.94,0.96,0.98999995,0.90999997,0.97999996,1.05,18.15,18.17,17.779999,17.56,17.35,15.839999,15.82,15.96,187.5,187.5,187.5,187.5,187.5,187.5,187.5,187.5,1.1899999,16.46,187.5
Arabian_Sea,2025-11-05 18:00:00,1.1999999,0.93,0.94,0.96,0.98999995,0.90999997,0.97999996,1.05,1.1899999,18.17,17.779999,17.56,17.35,15.839999,15.82,15.96,16.46,187.5,187.5,187.5,187.5,187.5,187.5,187.5,187.5,1.1999999,16.01,187.5
Arabian_Sea,2025-11-05 21:00:00,1.17,0.94,0.96,0.98999995,0.90999997,0.97999996,1.05,1.1899999,1.1999999,17.779999,17.56,17.35,15.839999,15.82,15.96,16.46,16.01,187.5,187.5,187.5,187.5,187.5,187.5,187.5,187.5,1.17,15.71,187.5
Arabian_Sea,2025-11-06 00:00:00,1.14,0.96,0.98999995,0.90999997,0.97999996,1.05,1.1899999,1.1999999,1.17,17.56,17.35,15.839999,15.82,15.96,16.46,16.01,15.71,187.5,187.5,187.5,187.5,187.5,187.5,187.5,187.5,1.14,15.38,187.5
Arabian_Sea,2025-11-06 03:00:00,1.11,0.98999995,0.90999997,0.97999996,1.05,1.1899999,1.1999999,1.17,1.14,17.35,15.839999,15.82,15.96,16.46,16.01,15.71,15.38,187.5,187.5,187.5,187.5,187.5,187.5,187.5,187.5,1.11,14.799999,187.5
Arabian_Sea,2025-11-06 06:00:00,1.05,0.90999997,0.97999996,1.05,1.1899999,1.1999999,1.17,1.14,1.11,15.839999,15.82,15.96,16.46,16.01,15.71,15.38,14.799999,187.5,187.5,187.5,187.5,187.5,187.5,187.5,187.5,1.05,14.24,187.5
Arabian_Sea,2025-11-06 09:00:00,1.03,0.97999996,1.05,1.1899999,1.1999999,1.17,1.14,1.11,1.05,15.82,15.96,16.46,16.01,15.71,15.38,14.799999,14.24,187.5,187.5,187.5,187.5,187.5,187.5,187.5,187.5,1.03,13.849999,187.5
Arabian_Sea,2025-11-06 12:00:00,1.02,1.05,1.1899999,1.1999999,1.17,1.14,1.11,1.05,1.03,15.96,16.46,16.01,15.71,15.38,14.799999,14.24,13.849999,187.5,187.5,187.5,187.5,187.5,187.5,187.5,187.5,1.02,13.599999,187.5
Arabian_Sea,2025-11-06 15:00:00,1.04,1.1899999,1.1999999,1.17,1.14,1.11,1.05,1.03,1.02,16.46,16.01,15.71,15.38,14.799999,14.24,13.849999,13.599999,187.5,187.5,187.5,187.5,187.5,187.5,187.5,187.5,1.04,14.03,187.5
Arabian_Sea,2025-11-06 18:00:00,1.02,1.1999999,1.17,1.14,1.11,1.05,1.03,1.02,1.04,16.01,15.71,15.38,14.799999,14.24,13.849999,13.599999,14.03,187.5,187.5,187.5,187.5,187.5,187.5,187.5,187.5,1.02,13.79,187.5
Arabian_Sea,2025-11-06 21:00:00,1.0,1.17,1.14,1.11,1.05,1.03,1.02,1.04,1.02,15.71,15.38,14.799999,14.24,13.849999,13.599999,14.03,13.79,187.5,187.5,187.5,187.5,187.5,187.5,187.5,187.5,1.0,13.57,187.5
Arabian_Sea,2025-11-07 00:00:00,0.98999995,1.14,1.11,1.05,1.03,1.02,1.04,1.02,1.0,15.38,14.799999,14.24,13.849999,13.599999,14.03,13.79,13.57,187.5,187.5,187.5,187.5,187.5,187.5,187.5,187.5,0.98999995,13.38,187.5
Arabian_Sea,2025-11-07 03:00:00,0.95,1.11,1.05,1.03,1.02,1.04,1.02,1.0,0.98999995,14.799999,14.24,13.849999,13.599999,14.03,13.79,13.57,13.38,187.5,187.5,187.5,187.5,187.5,187.5,187.5,187.5,0.95,12.69,187.5
Arabian_Sea,2025-11-07 06:00:00,0.91999996,1.05,1.03,1.02,1.04,1.02,1.0,0.98999995,0.95,14.24,13.849999,13.599999,14.03,13.79,13.57,13.38,12.69,187.5,187.5,187.5,187.5,187.5,187.5,187.5,187.5,0.91999996,12.48,187.5
Arabian_Sea,2025-11-07 09:00:00,0.96,1.03,1.02,1.04,1.02,1.0,0.98999995,0.95,0.91999996,13.849999,13.599999,14.03,13.79,13.57,13.38,12.69,12.48,187.5,187.5,187.5,187.5,187.5,187.5,187.5,187.5,0.96,12.73,187.5
Arabian_Sea,2025-11-07 12:00:00,1.03,1.02,1.04,1.02,1.0,0.98999995,0.95,0.91999996,0.96,13.599999,14.03,13.79,13.57,13.38,12.69,12.48,12.73,187.5,187.5,187.5,187.5,187.5,187.5,187.5,187.5,1.03,12.91,187.5
Arabian_Sea,2025-11-07 15:00:00,1.01,1.04,1.02,1.0,0.98999995,0.95,0.91999996,0.96,1.03,14.03,13.79,13.57,13.38,12.69,12.48,12.73,12.91,187.5,187.5,187.5,187.5,187.5,187.5,187.5,187.5,1.01,12.42,187.5
Arabian_Sea,2025-11-07 18:00:00,1.04,1.02,1.0,0.98999995,0.95,0.91999996,0.96,1.03,1.01,13.79,13.57,13.38,12.69,12.48,12.73,12.91,12.42,187.5,187.5,187.5,187.5,187.5,187.5,187.5,187.5,1.04,11.61,187.5
Arabian_Sea,2025-11-07 21:00:00,1.0699999,1.0,0.98999995,0.95,0.91999996,0.96,1.03,1.01,1.04,13.57,13.38,12.69,12.48,12.73,12.91,12.42,11.61,187.5,187.5,187.5,187.5,187.5,187.5,187.5,187.5,1.0699999,11.01,187.5
Arabian_Sea,2025-11-08 00:00:00,1.06,0.98999995,0.95,0.91999996,0.96,1.03,1.01,1.04,1.0699999,13.38,12.69,12.48,12.73,12.91,12.42,11.61,11.01,187.5,187.5,187.5,187.5,187.5,187.5,187.5,187.5,1.06,13.46,187.5
Arabian_Sea,2025-11-08 03:00:00,1.0,0.95,0.91999996,0.96,1.03,1.01,1.04,1.0699999,1.06,12.69,12.48,12.73,12.91,12.42,11.61,11.01,13.46,187.5,187.5,187.5,187.5,187.5,187.5,187.5,187.5,1.0,12.45,187.5
Arabian_Sea,2025-11-08 06:00:00,0.96,0.91999996,0.96,1.03,1.01,1.04,1.0699999,1.06,1.0,12.48,12.73,12.91,12.42,11.61,11.01,13.46,12.45,187.5,187.5,187.5,187.5,187.5,187.5,187.5,187.5,0.96,11.74,187.5
Arabian_Sea,2025-11-08 09:00:00,0.96,0.96,1.03,1.01,1.04,1.0699999,1.06,1.0,0.96,12.73,12.91,12.42,11.61,11.01,13.46,12.45,11.74,187.5,187.5,187.5,187.5,187.5,187.5,187.5,187.5,0.96,18.66,187.5
Arabian_Sea,2025-11-08 12:00:00,0.96999997,1.03,1.01,1.04,1.0699999,1.06,1.0,0.96,0.96,12.91,12.42,11.61,11.01,13.46,12.45,11.74,18.66,187.5,187.5,187.5,187.5,187.5,187.5,187.5,187.5,0.96999997,18.66,187.5
Arabian_Sea,2025-11-08 15:00:00,0.97999996,1.01,1.04,1.0699999,1.06,1.0,0.96,0.96,0.96999997,12.42,11.61,11.01,13.46,12.45,11.74,18.66,18.66,187.5,187.5,187.5,187.5,187.5,187.5,187.5,187.5,0.97999996,17.3,187.5
Arabian_Sea,2025-11-08 18:00:00,0.96999997,1.04,1.0699999,1.06,1.0,0.96,0.96,0.96999997,0.97999996,11.61,11.01,13.46,12.45,11.74,18.66,18.66,17.3,187.5,187.5,187.5,187.5,187.5,187.5,187.5,187.5,0.96999997,16.27,187.5
Arabian_Sea,2025-11-08 21:00:00,0.98999995,1.0699999,1.06,1.0,0.96,0.96,0.96999997,0.97999996,0.96999997,11.01,13.46,12.45,11.74,18.66,18.66,17.3,16.27,187.5,187.5,187.5,187.5,187.5,187.5,187.5,187.5,0.98999995,16.039999,187.5
Arabian_Sea,2025-11-09 00:00:00,0.97999996,1.06,1.0,0.96,0.96,0.96999997,0.97999996,0.96999997,0.98999995,13.46,12.45,11.74,18.66,18.66,17.3,16.27,16.039999,187.5,187.5,187.5,187.5,187.5,187.5,187.5,187.5,0.97999996,15.82,187.5
Arabian_Sea,2025-11-09 03:00:00,0.98999995,1.0,0.96,0.96,0.96999997,0.97999996,0.96999997,0.98999995,0.97999996,12.45,11.74,18.66,18.66,17.3,16.27,16.039999,15.82,187.5,187.5,187.5,187.5,187.5,187.5,187.5,187.5,0.98999995,15.12,187.5
Arabian_Sea,2025-11-09 06:00:00,0.84,0.96,0.96,0.96999997,0.97999996,0.96999997,0.98999995,0.97999996,0.98999995,11.74,18.66,18.66,17.3,16.27,16.039999,15.82,15.12,187.5,187.5,187.5,187.5,187.5,187.5,187.5,187.5,0.84,13.219999,187.5
Arabian_Sea,2025-11-09 09:00:00,0.83,0.96,0.96999997,0.97999996,0.96999997,0.98999995,0.97999996,0.98999995,0.84,18.66,18.66,17.3,16.27,16.039999,15.82,15.12,13.219999,187.5,187.5,187.5,187.5,187.5,187.5,187.5,187.5,0.83,13.13,187.5
Arabian_Sea,2025-11-09 12:00:00,0.84999996,0.96999997,0.97999996,0.96999997,0.98999995,0.97999996,0.98999995,0.84,0.83,18.66,17.3,16.27,16.039999,15.82,15.12,13.219999,13.13,187.5,187.5,187.5,187.5,187.5,187.5,187.5,187.5,0.84999996,13.549999,187.5
Arabian_Sea,2025-11-09 15:00:00,0.84,0.97999996,0.96999997,0.98999995,0.97999996,0.98999995,0.84,0.83,0.84999996,17.3,16.27,16.039999,15.82,15.12,13.219999,13.13,13.549999,187.5,187.5,187.5,187.5,187.5,187.5,187.5,187.5,0.84,13.84,187.5
Arabian_Sea,2025-11-09 18:00:00,0.84999996,0.96999997,0.98999995,0.97999996,0.98999995,0.84,0.83,0.84999996,0.84,16.27,16.039999,15.82,15.12,13.219999,13.13,13.549999,13.84,187.5,187.5,187.5,187.5,187.5,187.5,187.5,187.5,0.84999996,13.889999,187.5
Arabian_Sea,2025-11-09 21:00:00,0.81,0.98999995,0.97999996,0.98999995,0.84,0.83,0.84999996,0.84,0.84999996,16.039999,15.82,15.12,13.219999,13.13,13.549999,13.84,13.889999,187.5,187.5,187.5,187.5,187.5,187.5,187.5,187.5,0.81,13.69,187.5
Arabian_Sea,2025-11-10 00:00:00,0.75,0.97999996,0.98999995,0.84,0.83,0.84999996,0.84,0.84999996,0.81,15.82,15.12,13.219999,13.13,13.549999,13.84,13.889999,13.69,187.5,187.5,187.5,187.5,187.5,187.5,187.5,187.5,0.75,12.92,187.5
Arabian_Sea,2025-11-10 03:00:00,0.74,0.98999995,0.84,0.83,0.84999996,0.84,0.84999996,0.81,0.75,15.12,13.219999,13.13,13.549999,13.84,13.889999,13.69,12.92,187.5,187.5,187.5,187.5,187.5,187.5,187.5,187.5,0.74,12.389999,187.5
Arabian_Sea,2025-11-10 06:00:00,0.71999997,0.84,0.83,0.84999996,0.84,0.84999996,0.81,0.75,0.74,13.219999,13.13,13.549999,13.84,13.889999,13.69,12.92,12.389999,187.5,187.5,187.5,187.5,187.5,187.5,187.5,187.5,0.71999997,12.03,142.5
Arabian_Sea,2025-11-10 09:00:00,0.65999997,0.83,0.84999996,0.84,0.84999996,0.81,0.75,0.74,0.71999997,13.13,13.549999,13.84,13.889999,13.69,12.92,12.389999,12.03,187.5,187.5,187.5,187.5,187.5,187.5,187.5,142.5,0.65999997,11.34,142.5
Arabian_Sea,2025-11-10 12:00:00,0.68,0.84999996,0.84,0.84999996,0.81,0.75,0.74,0.71999997,0.65999997,13.549999,13.84,13.889999,13.69,12.92,12.389999,12.03,11.34,187.5,187.5,187.5,187.5,187.5,187.5,142.5,142.5,0.68,11.95,142.5
Arabian_Sea,2025-11-10 15:00:00,0.71999997,0.84,0.84999996,0.81,0.75,0.74,0.71999997,0.65999997,0.68,13.84,13.889999,13.69,12.92,12.389999,12.03,11.34,11.95,187.5,187.5,187.5,187.5,187.5,142.5,142.5,142.5,0.71999997,12.07,142.5
Arabian_Sea,2025-11-10 18:00:00,0.75,0.84999996,0.81,0.75,0.74,0.71999997,0.65999997,0.68,0.71999997,13.889999,13.69,12.92,12.389999,12.03,11.34,11.95,12.07,187.5,187.5,187.5,187.5,142.5,142.5,142.5,142.5,0.75,11.78,142.5
Arabian_Sea,2025-11-10 21:00:00,0.78,0.81,0.75,0.74,0.71999997,0.65999997,0.68,0.71999997,0.75,13.69,12.92,12.389999,12.03,11.34,11.95,12.07,11.78,187.5,187.5,187.5,142.5,142.5,142.5,142.5,142.5,0.78,12.429999,142.5
Arabian_Sea,2025-11-11 00:00:00,0.78999996,0.75,0.74,0.71999997,0.65999997,0.68,0.71999997,0.75,0.78,12.92,12.389999,12.03,11.34,11.95,12.07,11.78,12.429999,187.5,187.5,142.5,142.5,142.5,142.5,142.5,142.5,0.78999996,13.37,142.5
Arabian_Sea,2025-11-11 03:00:00,0.78999996,0.74,0.71999997,0.65999997,0.68,0.71999997,0.75,0.78,0.78999996,12.389999,12.03,11.34,11.95,12.07,11.78,12.429999,13.37,187.5,142.5,142.5,142.5,142.5,142.5,142.5,142.5,0.78999996,12.92,142.5
Arabian_Sea,2025-11-11 06:00:00,0.79999995,0.71999997,0.65999997,0.68,0.71999997,0.75,0.78,0.78999996,0.78999996,12.03,11.34,11.95,12.07,11.78,12.429999,13.37,12.92,142.5,142.5,142.5,142.5,142.5,142.5,142.5,142.5,0.79999995,12.95,142.5
Arabian_Sea,2025-11-11 09:00:00,0.78,0.65999997,0.68,0.71999997,0.75,0.78,0.78999996,0.78999996,0.79999995,11.34,11.95,12.07,11.78,12.429999,13.37,12.92,12.95,142.5,142.5,142.5,142.5,142.5,142.5,142.5,142.5,0.78,12.7699995,187.5
Arabian_Sea,2025-11-11 12:00:00,0.77,0.68,0.71999997,0.75,0.78,0.78999996,0.78999996,0.79999995,0.78,11.95,12.07,11.78,12.429999,13.37,12.92,12.95,12.7699995,142.5,142.5,142.5,142.5,142.5,142.5,142.5,187.5,0.77,12.389999,187.5
Arabian_Sea,2025-11-11 15:00:00,0.76,0.71999997,0.75,0.78,0.78999996,0.78999996,0.79999995,0.78,0.77,12.07,11.78,12.429999,13.37,12.92,12.95,12.7699995,12.389999,142.5,142.5,142.5,142.5,142.5,142.5,187.5,187.5,0.76,12.2,187.5
Arabian_Sea,2025-11-11 18:00:00,0.78,0.75,0.78,0.78999996,0.78999996,0.79999995,0.78,0.77,0.76,11.78,12.429999,13.37,12.92,12.95,12.7699995,12.389999,12.2,142.5,142.5,142.5,142.5,142.5,187.5,187.5,187.5,0.78,12.55,187.5
Arabian_Sea,2025-11-11 21:00:00,0.77,0.78,0.78999996,0.78999996,0.79999995,0.78,0.77,0.76,0.78,12.429999,13.37,12.92,12.95,12.7699995,12.389999,12.2,12.55,142.5,142.5,142.5,142.5,187.5,187.5,187.5,187.5,0.77,12.7,187.5
Arabian_Sea,2025-11-12 00:00:00,0.78,0.78999996,0.78999996,0.79999995,0.78,0.77,0.76,0.78,0.77,13.37,12.92,12.95,12.7699995,12.389999,12.2,12.55,12.7,142.5,142.5,142.5,187.5,187.5,187.5,187.5,187.5,0.78,13.0199995,187.5
Arabian_Sea,2025-11-12 03:00:00,0.77,0.78999996,0.79999995,0.78,0.77,0.76,0.78,0.77,0.78,12.92,12.95,12.7699995,12.389999,12.2,12.55,12.7,13.0199995,142.5,142.5,187.5,187.5,187.5,187.5,187.5,187.5,0.77,12.799999,187.5
Arabian_Sea,2025-11-12 06:00:00,0.75,0.79999995,0.78,0.77,0.76,0.78,0.77,0.78,0.77,12.95,12.7699995,12.389999,12.2,12.55,12.7,13.0199995,12.799999,142.5,187.5,187.5,187.5,187.5,187.5,187.5,187.5,0.75,12.259999,187.5
Arabian_Sea,2025-11-12 09:00:00,0.74,0.78,0.77,0.76,0.78,0.77,0.78,0.77,0.75,12.7699995,12.389999,12.2,12.55,12.7,13.0199995,12.799999,12.259999,187.5,187.5,187.5,187.5,187.5,187.5,187.5,187.5,0.74,11.889999,149.56
Arabian_Sea,2025-11-12 12:00:00,0.74,0.77,0.76,0.78,0.77,0.78,0.77,0.75,0.74,12.389999,12.2,12.55,12.7,13.0199995,12.799999,12.259999,11.889999,187.5,187.5,187.5,187.5,187.5,187.5,187.5,149.56,0.74,11.7699995,187.5
Arabian_Sea,2025-11-12 15:00:00,0.71,0.76,0.78,0.77,0.78,0.77,0.75,0.74,0.74,12.2,12.55,12.7,13.0199995,12.799999,12.259999,11.889999,11.7699995,187.5,187.5,187.5,187.5,187.5,187.5,149.56,187.5,0.71,12.0199995,187.5
Arabian_Sea,2025-11-12 18:00:00,0.66999996,0.78,0.77,0.78,0.77,0.75,0.74,0.74,0.71,12.55,12.7,13.0199995,12.799999,12.259999,11.889999,11.7699995,12.0199995,187.5,187.5,187.5,187.5,187.5,149.56,187.5,187.5,0.66999996,11.94,187.5
Arabian_Sea,2025-11-12 21:00:00,0.64,0.77,0.78,0.77,0.75,0.74,0.74,0.71,0.66999996,12.7,13.0199995,12.799999,12.259999,11.889999,11.7699995,12.0199995,11.94,187.5,187.5,187.5,187.5,149.56,187.5,187.5,187.5,0.64,11.87,187.5
Arabian_Sea,2025-11-13 00:00:00,0.65,0.78,0.77,0.75,0.74,0.74,0.71,0.66999996,0.64,13.0199995,12.799999,12.259999,11.889999,11.7699995,12.0199995,11.94,11.87,187.5,187.5,187.5,149.56,187.5,187.5,187.5,187.5,0.65,12.04,187.5
Arabian_Sea,2025-11-13 03:00:00,0.64,0.77,0.75,0.74,0.74,0.71,0.66999996,0.64,0.65,12.799999,12.259999,11.889999,11.7699995,12.0199995,11.94,11.87,12.04,187.5,187.5,149.56,187.5,187.5,187.5,187.5,187.5,0.64,11.87,187.5
Arabian_Sea,2025-11-13 06:00:00,0.61,0.75,0.74,0.74,0.71,0.66999996,0.64,0.65,0.64,12.259999,11.889999,11.7699995,12.0199995,11.94,11.87,12.04,11.87,187.5,149.56,187.5,187.5,187.5,187.5,187.5,187.5,0.61,11.59,187.5
Arabian_Sea,2025-11-13 09:00:00,0.58,0.74,0.74,0.71,0.66999996,0.64,0.65,0.64,0.61,11.889999,11.7699995,12.0199995,11.94,11.87,12.04,11.87,11.59,149.56,187.5,187.5,187.5,187.5,187.5,187.5,187.5,0.58,11.219999,187.5
Arabian_Sea,2025-11-13 12:00:00,0.55,0.74,0.71,0.66999996,0.64,0.65,0.64,0.61,0.58,11.7699995,12.0199995,11.94,11.87,12.04,11.87,11.59,11.219999,187.5,187.5,187.5,187.5,187.5,187.5,187.5,187.5,0.55,10.849999,187.5
Arabian_Sea,2025-11-13 15:00:00,0.53,0.71,0.66999996,0.64,0.65,0.64,0.61,0.58,0.55,12.0199995,11.94,11.87,12.04,11.87,11.59,11.219999,10.849999,187.5,187.5,187.5,187.5,187.5,187.5,187.5,187.5,0.53,10.639999,187.5
Arabian_Sea,2025-11-13 18:00:00,0.53,0.66999996,0.64,0.65,0.64,0.61,0.58,0.55,0.53,11.94,11.87,12.04,11.87,11.59,11.219999,10.849999,10.639999,187.5,187.5,187.5,187.5,187.5,187.5,187.5,187.5,0.53,10.559999,187.5
Arabian_Sea,2025-11-13 21:00:00,0.53999996,0.64,0.65,0.64,0.61,0.58,0.55,0.53,0.53,11.87,12.04,11.87,11.59,11.219999,10.849999,10.639999,10.559999,187.5,187.5,187.5,187.5,187.5,187.5,187.5,187.5,0.53999996,10.61,187.5
Arabian_Sea,2025-11-14 00:00:00,0.55,0.65,0.64,0.61,0.58,0.55,0.53,0.53,0.53999996,12.04,11.87,11.59,11.219999,10.849999,10.639999,10.559999,10.61,187.5,187.5,187.5,187.5,187.5,187.5,187.5,187.5,0.55,10.69,187.5
Arabian_Sea,2025-11-14 03:00:00,0.57,0.64,0.61,0.58,0.55,0.53,0.53,0.53999996,0.55,11.87,11.59,11.219999,10.849999,10.639999,10.559999,10.61,10.69,187.5,187.5,187.5,187.5,187.5,187.5,187.5,187.5,0.57,10.71,187.5
Arabian_Sea,2025-11-14 06:00:00,0.58,0.61,0.58,0.55,0.53,0.53,0.53999996,0.55,0.57,11.59,11.219999,10.849999,10.639999,10.559999,10.61,10.69,10.71,187.5,187.5,187.5,187.5,187.5,187.5,187.5,187.5,0.58,10.58,187.5
Arabian_Sea,2025-11-14 09:00:00,0.63,0.58,0.55,0.53,0.53,0.53999996,0.55,0.57,0.58,11.219999,10.849999,10.639999,10.559999,10.61,10.69,10.71,10.58,187.5,187.5,187.5,187.5,187.5,187.5,187.5,187.5,0.63,10.599999,187.5
Arabian_Sea,2025-11-14 12:00:00,0.69,0.55,0.53,0.53,0.53999996,0.55,0.57,0.58,0.63,10.849999,10.639999,10.559999,10.61,10.69,10.71,10.58,10.599999,187.5,187.5,187.5,187.5,187.5,187.5,187.5,187.5,0.69,10.73,187.5
Arabian_Sea,2025-11-14 15:00:00,0.72999996,0.53,0.53,0.53999996,0.55,0.57,0.58,0.63,0.69,10.639999,10.559999,10.61,10.69,10.71,10.58,10.599999,10.73,187.5,187.5,187.5,187.5,187.5,187.5,187.5,187.5,0.72999996,22.449999,187.5
Arabian_Sea,2025-11-14 18:00:00,0.77,0.53,0.53999996,0.55,0.57,0.58,0.63,0.69,0.72999996,10.559999,10.61,10.69,10.71,10.58,10.599999,10.73,22.449999,187.5,187.5,187.5,187.5,187.5,187.5,187.5,187.5,0.77,21.529999,187.5
Arabian_Sea,2025-11-14 21:00:00,0.78999996,0.53999996,0.55,0.57,0.58,0.63,0.69,0.72999996,0.77,10.61,10.69,10.71,10.58,10.599999,10.73,22.449999,21.529999,187.5,187.5,187.5,187.5,187.5,187.5,187.5,187.5,0.78999996,20.939999,187.5
Arabian_Sea,2025-11-15 00:00:00,0.87,0.55,0.57,0.58,0.63,0.69,0.72999996,0.77,0.78999996,10.69,10.71,10.58,10.599999,10.73,22.449999,21.529999,20.939999,187.5,187.5,187.5,187.5,187.5,187.5,187.5,187.5,0.87,20.82,187.5
Arabian_Sea,2025-11-15 03:00:00,0.9,0.57,0.58,0.63,0.69,0.72999996,0.77,0.78999996,0.87,10.71,10.58,10.599999,10.73,22.449999,21.529999,20.939999,20.82,187.5,187.5,187.5,187.5,187.5,187.5,187.5,187.5,0.9,20.4,187.5
Arabian_Sea,2025-11-15 06:00:00,0.93,0.58,0.63,0.69,0.72999996,0.77,0.78999996,0.87,0.9,10.58,10.599999,10.73,22.449999,21.529999,20.939999,20.82,20.4,187.5,187.5,187.5,187.5,187.5,187.5,187.5,187.5,0.93,19.359999,187.5
Arabian_Sea,2025-11-15 09:00:00,0.95,0.63,0.69,0.72999996,0.77,0.78999996,0.87,0.9,0.93,10.599999,10.73,22.449999,21.529999,20.939999,20.82,20.4,19.359999,187.5,187.5,187.5,187.5,187.5,187.5,187.5,187.5,0.95,18.81,187.5
Arabian_Sea,2025-11-15 12:00:00,1.01,0.69,0.72999996,0.77,0.78999996,0.87,0.9,0.93,0.95,10.73,22.449999,21.529999,20.939999,20.82,20.4,19.359999,18.81,187.5,187.5,187.5,187.5,187.5,187.5,187.5,187.5,1.01,18.109999,187.5
Arabian_Sea,2025-11-15 15:00:00,1.0699999,0.72999996,0.77,0.78999996,0.87,0.9,0.93,0.95,1.01,22.449999,21.529999,20.939999,20.82,20.4,19.359999,18.81,18.109999,187.5,187.5,187.5,187.5,187.5,187.5,187.5,187.5,1.0699999,17.779999,187.5
Arabian_Sea,2025-11-15 18:00:00,1.2099999,0.77,0.78999996,0.87,0.9,0.93,0.95,1.01,1.0699999,21.529999,20.939999,20.82,20.4,19.359999,18.81,18.109999,17.779999,187.5,187.5,187.5,187.5,187.5,187.5,187.5,187.5,1.2099999,18.609999,187.5
Arabian_Sea,2025-11-15 21:00:00,1.25,0.78999996,0.87,0.9,0.93,0.95,1.01,1.0699999,1.2099999,20.939999,20.82,20.4,19.359999,18.81,18.109999,17.779999,18.609999,187.5,187.5,187.5,187.5,187.5,187.5,187.5,187.5,1.25,18.02,187.5
Arabian_Sea,2025-11-16 00:00:00,1.23,0.87,0.9,0.93,0.95,1.01,1.0699999,1.2099999,1.25,20.82,20.4,19.359999,18.81,18.109999,17.779999,18.609999,18.02,187.5,187.5,187.5,187.5,187.5,187.5,187.5,187.5,1.23,16.99,187.5
Arabian_Sea,2025-11-16 03:00:00,1.22,0.9,0.93,0.95,1.01,1.0699999,1.2099999,1.25,1.23,20.4,19.359999,18.81,18.109999,17.779999,18.609999,18.02,16.99,187.5,187.5,187.5,187.5,187.5,187.5,187.5,187.5,1.22,16.869999,187.5
Arabian_Sea,2025-11-16 06:00:00,1.3,0.93,0.95,1.01,1.0699999,1.2099999,1.25,1.23,1.22,19.359999,18.81,18.109999,17.779999,18.609999,18.02,16.99,16.869999,187.5,187.5,187.5,187.5,187.5,187.5,187.5,187.5,1.3,17.02,187.5
Arabian_Sea,2025-11-16 09:00:00,1.35,0.95,1.01,1.0699999,1.2099999,1.25,1.23,1.22,1.3,18.81,18.109999,17.779999,18.609999,18.02,16.99,16.869999,17.02,187.5,187.5,187.5,187.5,187.5,187.5,187.5,187.5,1.35,16.41,187.5
Arabian_Sea,2025-11-16 12:00:00,1.48,1.01,1.0699999,1.2099999,1.25,1.23,1.22,1.3,1.35,18.109999,17.779999,18.609999,18.02,16.99,16.869999,17.02,16.41,187.5,187.5,187.5,187.5,187.5,187.5,187.5,187.5,1.48,15.66,187.5
Arabian_Sea,2025-11-16 15:00:00,1.62,1.0699999,1.2099999,1.25,1.23,1.22,1.3,1.35,1.48,17.779999,18.609999,18.02,16.99,16.869999,17.02,16.41,15.66,187.5,187.5,187.5,187.5,187.5,187.5,187.5,187.5,1.62,16.14,174.98
Arabian_Sea,2025-11-16 18:00:00,1.5899999,1.2099999,1.25,1.23,1.22,1.3,1.35,1.48,1.62,18.609999,18.02,16.99,16.869999,17.02,16.41,15.66,16.14,187.5,187.5,187.5,187.5,187.5,187.5,187.5,174.98,1.5899999,15.79,187.5
Arabian_Sea,2025-11-16 21:00:00,1.5,1.25,1.23,1.22,1.3,1.35,1.48,1.62,1.5899999,18.02,16.99,16.869999,17.02,16.41,15.66,16.14,15.79,187.5,187.5,187.5,187.5,187.5,187.5,174.98,187.5,1.5,15.009999,187.5
Arabian_Sea,2025-11-17 00:00:00,1.43,1.23,1.22,1.3,1.35,1.48,1.62,1.5899999,1.5,16.99,16.869999,17.02,16.41,15.66,16.14,15.79,15.009999,187.5,187.5,187.5,187.5,187.5,174.98,187.5,187.5,1.43,14.58,187.5
Arabian_Sea,2025-11-17 03:00:00,1.37,1.22,1.3,1.35,1.48,1.62,1.5899999,1.5,1.43,16.869999,17.02,16.41,15.66,16.14,15.79,15.009999,14.58,187.5,187.5,187.5,187.5,174.98,187.5,187.5,187.5,1.37,14.2,187.5
Arabian_Sea,2025-11-17 06:00:00,1.3399999,1.3,1.35,1.48,1.62,1.5899999,1.5,1.43,1.37,17.02,16.41,15.66,16.14,15.79,15.009999,14.58,14.2,187.5,187.5,187.5,174.98,187.5,187.5,187.5,187.5,1.3399999,13.639999,187.5
Arabian_Sea,2025-11-17 09:00:00,1.29,1.35,1.48,1.62,1.5899999,1.5,1.43,1.37,1.3399999,16.41,15.66,16.14,15.79,15.009999,14.58,14.2,13.639999,187.5,187.5,174.98,187.5,187.5,187.5,187.5,187.5,1.29,13.16,187.5
Arabian_Sea,2025-11-17 12:00:00,1.24,1.48,1.62,1.5899999,1.5,1.43,1.37,1.3399999,1.29,15.66,16.14,15.79,15.009999,14.58,14.2,13.639999,13.16,187.5,174.98,187.5,187.5,187.5,187.5,187.5,187.5,1.24,12.849999,187.5
Arabian_Sea,2025-11-17 15:00:00,1.22,1.62,1.5899999,1.5,1.43,1.37,1.3399999,1.29,1.24,16.14,15.79,15.009999,14.58,14.2,13.639999,13.16,12.849999,174.98,187.5,187.5,187.5,187.5,187.5,187.5,187.5,1.22,12.74,187.5
Arabian_Sea,2025-11-17 18:00:00,1.23,1.5899999,1.5,1.43,1.37,1.3399999,1.29,1.24,1.22,15.79,15.009999,14.58,14.2,13.639999,13.16,12.849999,12.74,187.5,187.5,187.5,187.5,187.5,187.5,187.5,187.5,1.23,12.74,187.5
Arabian_Sea,2025-11-17 21:00:00,1.22,1.5,1.43,1.37,1.3399999,1.29,1.24,1.22,1.23,15.009999,14.58,14.2,13.639999,13.16,12.849999,12.74,12.74,187.5,187.5,187.5,187.5,187.5,187.5,187.5,187.5,1.22,12.29,187.5
Arabian_Sea,2025-11-18 00:00:00,1.24,1.43,1.37,1.3399999,1.29,1.24,1.22,1.23,1.22,14.58,14.2,13.639999,13.16,12.849999,12.74,12.74,12.29,187.5,187.5,187.5,187.5,187.5,187.5,187.5,187.5,1.24,12.059999,187.5
Arabian_Sea,2025-11-18 03:00:00,1.25,1.37,1.3399999,1.29,1.24,1.22,1.23,1.22,1.24,14.2,13.639999,13.16,12.849999,12.74,12.74,12.29,12.059999,187.5,187.5,187.5,187.5,187.5,187.5,187.5,187.5,1.25,11.969999,187.5
Arabian_Sea,2025-11-18 06:00:00,1.26,1.3399999,1.29,1.24,1.22,1.23,1.22,1.24,1.25,13.639999,13.16,12.849999,12.74,12.74,12.29,12.059999,11.969999,187.5,187.5,187.5,187.5,187.5,187.5,187.5,187.5,1.26,11.929999,187.5
Arabian_Sea,2025-11-18 09:00:00,1.26,1.29,1.24,1.22,1.23,1.22,1.24,1.25,1.26,13.16,12.849999,12.74,12.74,12.29,12.059999,11.969999,11.929999,187.5,187.5,187.5,187.5,187.5,187.5,187.5,187.5,1.26,11.86,187.5
Arabian_Sea,2025-11-18 12:00:00,1.23,1.24,1.22,1.23,1.22,1.24,1.25,1.26,1.26,12.849999,12.74,12.74,12.29,12.059999,11.969999,11.929999,11.86,187.5,187.5,187.5,187.5,187.5,187.5,187.5,187.5,1.23,11.73,187.5
Arabian_Sea,2025-11-18 15:00:00,1.15,1.22,1.23,1.22,1.24,1.25,1.26,1.26,1.23,12.74,12.74,12.29,12.059999,11.969999,11.929999,11.86,11.73,187.5,187.5,187.5,187.5,187.5,187.5,187.5,187.5,1.15,11.21,187.5
Arabian_Sea,2025-11-18 18:00:00,1.17,1.23,1.22,1.24,1.25,1.26,1.26,1.23,1.15,12.74,12.29,12.059999,11.969999,11.929999,11.86,11.73,11.21,187.5,187.5,187.5,187.5,187.5,187.5,187.5,187.5,1.17,11.16,187.5
Arabian_Sea,2025-11-18 21:00:00,1.0799999,1.22,1.24,1.25,1.26,1.26,1.23,1.15,1.17,12.29,12.059999,11.969999,11.929999,11.86,11.73,11.21,11.16,187.5,187.5,187.5,187.5,187.5,187.5,187.5,187.5,1.0799999,10.54,187.5
Arabian_Sea,2025-11-19 00:00:00,1.03,1.24,1.25,1.26,1.26,1.23,1.15,1.17,1.0799999,12.059999,11.969999,11.929999,11.86,11.73,11.21,11.16,10.54,187.5,187.5,187.5,187.5,187.5,187.5,187.5,187.5,1.03,10.46,187.5
Arabian_Sea,2025-11-19 03:00:00,1.01,1.25,1.26,1.26,1.23,1.15,1.17,1.0799999,1.03,11.969999,11.929999,11.86,11.73,11.21,11.16,10.54,10.46,187.5,187.5,187.5,187.5,187.5,187.5,187.5,187.5,1.01,10.83,187.5
Arabian_Sea,2025-11-19 06:00:00,1.0,1.26,1.26,1.23,1.15,1.17,1.0799999,1.03,1.01,11.929999,11.86,11.73,11.21,11.16,10.54,10.46,10.83,187.5,187.5,187.5,187.5,187.5,187.5,187.5,187.5,1.0,10.92,187.5
Arabian_Sea,2025-11-19 09:00:00,0.97999996,1.26,1.23,1.15,1.17,1.0799999,1.03,1.01,1.0,11.86,11.73,11.21,11.16,10.54,10.46,10.83,10.92,187.5,187.5,187.5,187.5,187.5,187.5,187.5,187.5,0.97999996,10.639999,187.5
Arabian_Sea,2025-11-19 12:00:00,0.94,1.23,1.15,1.17,1.0799999,1.03,1.01,1.0,0.97999996,11.73,11.21,11.16,10.54,10.46,10.83,10.92,10.639999,187.5,187.5,187.5,187.5,187.5,187.5,187.5,187.5,0.94,15.71,187.5
Arabian_Sea,2025-11-19 15:00:00,0.90999997,1.15,1.17,1.0799999,1.03,1.01,1.0,0.97999996,0.94,11.21,11.16,10.54,10.46,10.83,10.92,10.639999,15.71,187.5,187.5,187.5,187.5,187.5,187.5,187.5,187.5,0.90999997,14.95,189.99
Arabian_Sea,2025-11-19 18:00:00,0.97999996,1.17,1.0799999,1.03,1.01,1.0,0.97999996,0.94,0.90999997,11.16,10.54,10.46,10.83,10.92,10.639999,15.71,14.95,187.5,187.5,187.5,187.5,187.5,187.5,187.5,189.99,0.97999996,15.5,202.5
Arabian_Sea,2025-11-19 21:00:00,0.95,1.0799999,1.03,1.01,1.0,0.97999996,0.94,0.90999997,0.97999996,10.54,10.46,10.83,10.92,10.639999,15.71,14.95,15.5,187.5,187.5,187.5,187.5,187.5,187.5,189.99,202.5,0.95,14.71,202.5
Arabian_Sea,2025-11-20 00:00:00,0.95,1.03,1.01,1.0,0.97999996,0.94,0.90999997,0.97999996,0.95,10.46,10.83,10.92,10.639999,15.71,14.95,15.5,14.71,187.5,187.5,187.5,187.5,187.5,189.99,202.5,202.5,0.95,14.32,202.5
Arabian_Sea,2025-11-20 03:00:00,1.0,1.01,1.0,0.97999996,0.94,0.90999997,0.97999996,0.95,0.95,10.83,10.92,10.639999,15.71,14.95,15.5,14.71,14.32,187.5,187.5,187.5,187.5,189.99,202.5,202.5,202.5,1.0,13.759999,202.5
Arabian_Sea,2025-11-20 06:00:00,0.9,1.0,0.97999996,0.94,0.90999997,0.97999996,0.95,0.95,1.0,10.92,10.639999,15.71,14.95,15.5,14.71,14.32,13.759999,187.5,187.5,187.5,189.99,202.5,202.5,202.5,202.5,0.9,13.37,202.5
Arabian_Sea,2025-11-20 09:00:00,0.89,0.97999996,0.94,0.90999997,0.97999996,0.95,0.95,1.0,0.9,10.639999,15.71,14.95,15.5,14.71,14.32,13.759999,13.37,187.5,187.5,189.99,202.5,202.5,202.5,202.5,202.5,0.89,13.429999,202.5
Arabian_Sea,2025-11-20 12:00:00,0.93,0.94,0.90999997,0.97999996,0.95,0.95,1.0,0.9,0.89,15.71,14.95,15.5,14.71,14.32,13.759999,13.37,13.429999,187.5,189.99,202.5,202.5,202.5,202.5,202.5,202.5,0.93,14.38,202.5
Arabian_Sea,2025-11-20 15:00:00,0.93,0.90999997,0.97999996,0.95,0.95,1.0,0.9,0.89,0.93,14.95,15.5,14.71,14.32,13.759999,13.37,13.429999,14.38,189.99,202.5,202.5,202.5,202.5,202.5,202.5,202.5,0.93,14.24,202.5
Arabian_Sea,2025-11-20 18:00:00,0.88,0.97999996,0.95,0.95,1.0,0.9,0.89,0.93,0.93,15.5,14.71,14.32,13.759999,13.37,13.429999,14.38,14.24,202.5,202.5,202.5,202.5,202.5,202.5,202.5,202.5,0.88,13.24,202.5
Arabian_Sea,2025-11-20 21:00:00,0.88,0.95,0.95,1.0,0.9,0.89,0.93,0.93,0.88,14.71,14.32,13.759999,13.37,13.429999,14.38,14.24,13.24,202.5,202.5,202.5,202.5,202.5,202.5,202.5,202.5,0.88,13.099999,187.5
Arabian_Sea,2025-11-21 00:00:00,0.9,0.95,1.0,0.9,0.89,0.93,0.93,0.88,0.88,14.32,13.759999,13.37,13.429999,14.38,14.24,13.24,13.099999,202.5,202.5,202.5,202.5,202.5,202.5,202.5,187.5,0.9,13.32,187.5
Arabian_Sea,2025-11-21 03:00:00,0.88,1.0,0.9,0.89,0.93,0.93,0.88,0.88,0.9,13.759999,13.37,13.429999,14.38,14.24,13.24,13.099999,13.32,202.5,202.5,202.5,202.5,202.5,202.5,187.5,187.5,0.88,12.87,187.5
Arabian_Sea,2025-11-21 06:00:00,0.87,0.9,0.89,0.93,0.93,0.88,0.88,0.9,0.88,13.37,13.429999,14.38,14.24,13.24,13.099999,13.32,12.87,202.5,202.5,202.5,202.5,202.5,187.5,187.5,187.5,0.87,12.57,187.5
Arabian_Sea,2025-11-21 09:00:00,0.88,0.89,0.93,0.93,0.88,0.88,0.9,0.88,0.87,13.429999,14.38,14.24,13.24,13.099999,13.32,12.87,12.57,202.5,202.5,202.5,202.5,187.5,187.5,187.5,187.5,0.88,12.2,187.5
Arabian_Sea,2025-11-21 12:00:00,0.9,0.93,0.93,0.88,0.88,0.9,0.88,0.87,0.88,14.38,14.24,13.24,13.099999,13.32,12.87,12.57,12.2,202.5,202.5,202.5,187.5,187.5,187.5,187.5,187.5,0.9,12.009999,189.98
Arabian_Sea,2025-11-21 15:00:00,0.90999997,0.93,0.88,0.88,0.9,0.88,0.87,0.88,0.9,14.24,13.24,13.099999,13.32,12.87,12.57,12.2,12.009999,202.5,202.5,187.5,187.5,187.5,187.5,187.5,189.98,0.90999997,11.82,187.5
Arabian_Sea,2025-11-21 18:00:00,0.91999996,0.88,0.88,0.9,0.88,0.87,0.88,0.9,0.90999997,13.24,13.099999,13.32,12.87,12.57,12.2,12.009999,11.82,202.5,187.5,187.5,187.5,187.5,187.5,189.98,187.5,0.91999996,11.59,187.5
Arabian_Sea,2025-11-21 21:00:00,0.90999997,0.88,0.9,0.88,0.87,0.88,0.9,0.90999997,0.91999996,13.099999,13.32,12.87,12.57,12.2,12.009999,11.82,11.59,187.5,187.5,187.5,187.5,187.5,189.98,187.5,187.5,0.90999997,11.82,187.5
Arabian_Sea,2025-11-22 00:00:00,0.9,0.9,0.88,0.87,0.88,0.9,0.90999997,0.91999996,0.90999997,13.32,12.87,12.57,12.2,12.009999,11.82,11.59,11.82,187.5,187.5,187.5,187.5,189.98,187.5,187.5,187.5,0.9,12.82,187.5
Arabian_Sea,2025-11-22 03:00:00,0.87,0.88,0.87,0.88,0.9,0.90999997,0.91999996,0.90999997,0.9,12.87,12.57,12.2,12.009999,11.82,11.59,11.82,12.82,187.5,187.5,187.5,189.98,187.5,187.5,187.5,187.5,0.87,12.389999,187.5
Arabian_Sea,2025-11-22 06:00:00,0.78,0.87,0.88,0.9,0.90999997,0.91999996,0.90999997,0.9,0.87,12.57,12.2,12.009999,11.82,11.59,11.82,12.82,12.389999,187.5,187.5,189.98,187.5,187.5,187.5,187.5,187.5,0.78,11.74,187.5
Arabian_Sea,2025-11-22 09:00:00,0.76,0.88,0.9,0.90999997,0.91999996,0.90999997,0.9,0.87,0.78,12.2,12.009999,11.82,11.59,11.82,12.82,12.389999,11.74,187.5,189.98,187.5,187.5,187.5,187.5,187.5,187.5,0.76,12.139999,187.5
Arabian_Sea,2025-11-22 12:00:00,0.78999996,0.9,0.90999997,0.91999996,0.90999997,0.9,0.87,0.78,0.76,12.009999,11.82,11.59,11.82,12.82,12.389999,11.74,12.139999,189.98,187.5,187.5,187.5,187.5,187.5,187.5,187.5,0.78999996,12.63,187.5
Arabian_Sea,2025-11-22 15:00:00,0.78,0.90999997,0.91999996,0.90999997,0.9,0.87,0.78,0.76,0.78999996,11.82,11.59,11.82,12.82,12.389999,11.74,12.139999,12.63,187.5,187.5,187.5,187.5,187.5,187.5,187.5,187.5,0.78,12.04,187.5
Arabian_Sea,2025-11-22 18:00:00,0.78,0.91999996,0.90999997,0.9,0.87,0.78,0.76,0.78999996,0.78,11.59,11.82,12.82,12.389999,11.74,12.139999,12.63,12.04,187.5,187.5,187.5,187.5,187.5,187.5,187.5,187.5,0.78,12.29,187.5
Arabian_Sea,2025-11-22 21:00:00,0.75,0.90999997,0.9,0.87,0.78,0.76,0.78999996,0.78,0.78,11.82,12.82,12.389999,11.74,12.139999,12.63,12.04,12.29,187.5,187.5,187.5,187.5,187.5,187.5,187.5,187.5,0.75,12.07,187.5
Arabian_Sea,2025-11-23 00:00:00,0.74,0.9,0.87,0.78,0.76,0.78999996,0.78,0.78,0.75,12.82,12.389999,11.74,12.139999,12.63,12.04,12.29,12.07,187.5,187.5,187.5,187.5,187.5,187.5,187.5,187.5,0.74,11.82,187.5
Arabian_Sea,2025-11-23 03:00:00,0.71999997,0.87,0.78,0.76,0.78999996,0.78,0.78,0.75,0.74,12.389999,11.74,12.139999,12.63,12.04,12.29,12.07,11.82,187.5,187.5,187.5,187.5,187.5,187.5,187.5,187.5,0.71999997,11.36,187.5
Arabian_Sea,2025-11-23 06:00:00,0.71999997,0.78,0.76,0.78999996,0.78,0.78,0.75,0.74,0.71999997,11.74,12.139999,12.63,12.04,12.29,12.07,11.82,11.36,187.5,187.5,187.5,187.5,187.5,187.5,187.5,187.5,0.71999997,11.37,187.5
Arabian_Sea,2025-11-23 09:00:00,0.71,0.76,0.78999996,0.78,0.78,0.75,0.74,0.71999997,0.71999997,12.139999,12.63,12.04,12.29,12.07,11.82,11.36,11.37,187.5,187.5,187.5,187.5,187.5,187.5,187.5,187.5,0.71,11.37,187.5
Arabian_Sea,2025-11-23 12:00:00,0.79999995,0.78999996,0.78,0.78,0.75,0.74,0.71999997,0.71999997,0.71,12.63,12.04,12.29,12.07,11.82,11.36,11.37,11.37,187.5,187.5,187.5,187.5,187.5,187.5,187.5,187.5,0.79999995,12.12,187.5
Arabian_Sea,2025-11-23 15:00:00,0.81,0.78,0.78,0.75,0.74,0.71999997,0.71999997,0.71,0.79999995,12.04,12.29,12.07,11.82,11.36,11.37,11.37,12.12,187.5,187.5,187.5,187.5,187.5,187.5,187.5,187.5,0.81,12.08,187.5
Arabian_Sea,2025-11-23 18:00:00,0.83,0.78,0.75,0.74,0.71999997,0.71999997,0.71,0.79999995,0.81,12.29,12.07,11.82,11.36,11.37,11.37,12.12,12.08,187.5,187.5,187.5,187.5,187.5,187.5,187.5,187.5,0.83,15.009999,187.5
Arabian_Sea,2025-11-23 21:00:00,0.78999996,0.75,0.74,0.71999997,0.71999997,0.71,0.79999995,0.81,0.83,12.07,11.82,11.36,11.37,11.37,12.12,12.08,15.009999,187.5,187.5,187.5,187.5,187.5,187.5,187.5,187.5,0.78999996,13.389999,187.5
Arabian_Sea,2025-11-24 00:00:00,0.75,0.74,0.71999997,0.71999997,0.71,0.79999995,0.81,0.83,0.78999996,11.82,11.36,11.37,11.37,12.12,12.08,15.009999,13.389999,187.5,187.5,187.5,187.5,187.5,187.5,187.5,187.5,0.75,14.469999,187.5
Arabian_Sea,2025-11-24 03:00:00,0.72999996,0.71999997,0.71999997,0.71,0.79999995,0.81,0.83,0.78999996,0.75,11.36,11.37,11.37,12.12,12.08,15.009999,13.389999,14.469999,187.5,187.5,187.5,187.5,187.5,187.5,187.5,187.5,0.72999996,14.429999,187.5
Arabian_Sea,2025-11-24 06:00:00,0.68,0.71999997,0.71,0.79999995,0.81,0.83,0.78999996,0.75,0.72999996,11.37,11.37,12.12,12.08,15.009999,13.389999,14.469999,14.429999,187.5,187.5,187.5,187.5,187.5,187.5,187.5,187.5,0.68,13.849999,187.5
Arabian_Sea,2025-11-24 09:00:00,0.68,0.71,0.79999995,0.81,0.83,0.78999996,0.75,0.72999996,0.68,11.37,12.12,12.08,15.009999,13.389999,14.469999,14.429999,13.849999,187.5,187.5,187.5,187.5,187.5,187.5,187.5,187.5,0.68,13.95,187.5
Arabian_Sea,2025-11-24 12:00:00,0.7,0.79999995,0.81,0.83,0.78999996,0.75,0.72999996,0.68,0.68,12.12,12.08,15.009999,13.389999,14.469999,14.429999,13.849999,13.95,187.5,187.5,187.5,187.5,187.5,187.5,187.5,187.5,0.7,13.88,187.5
Arabian_Sea,2025-11-24 15:00:00,0.69,0.81,0.83,0.78999996,0.75,0.72999996,0.68,0.68,0.7,12.08,15.009999,13.389999,14.469999,14.429999,13.849999,13.95,13.88,187.5,187.5,187.5,187.5,187.5,187.5,187.5,187.5,0.69,13.42,187.5
Arabian_Sea,2025-11-24 18:00:00,0.72999996,0.83,0.78999996,0.75,0.72999996,0.68,0.68,0.7,0.69,15.009999,13.389999,14.469999,14.429999,13.849999,13.95,13.88,13.42,187.5,187.5,187.5,187.5,187.5,187.5,187.5,187.5,0.72999996,14.389999,187.5
Arabian_Sea,2025-11-24 21:00:00,0.72999996,0.78999996,0.75,0.72999996,0.68,0.68,0.7,0.69,0.72999996,13.389999,14.469999,14.429999,13.849999,13.95,13.88,13.42,14.389999,187.5,187.5,187.5,187.5,187.5,187.5,187.5,187.5,0.72999996,14.36,187.5
Arabian_Sea,2025-11-25 00:00:00,0.75,0.75,0.72999996,0.68,0.68,0.7,0.69,0.72999996,0.72999996,14.469999,14.429999,13.849999,13.95,13.88,13.42,14.389999,14.36,187.5,187.5,187.5,187.5,187.5,187.5,187.5,187.5,0.75,14.57,187.5
Arabian_Sea,2025-11-25 03:00:00,0.78,0.72999996,0.68,0.68,0.7,0.69,0.72999996,0.72999996,0.75,14.429999,13.849999,13.95,13.88,13.42,14.389999,14.36,14.57,187.5,187.5,187.5,187.5,187.5,187.5,187.5,187.5,0.78,14.57,187.5
Arabian_Sea,2025-11-25 06:00:00,0.81,0.68,0.68,0.7,0.69,0.72999996,0.72999996,0.75,0.78,13.849999,13.95,13.88,13.42,14.389999,14.36,14.57,14.57,187.5,187.5,187.5,187.5,187.5,187.5,187.5,187.5,0.81,14.2,187.5
Arabian_Sea,2025-11-25 09:00:00,0.84999996,0.68,0.7,0.69,0.72999996,0.72999996,0.75,0.78,0.81,13.95,13.88,13.42,14.389999,14.36,14.57,14.57,14.2,187.5,187.5,187.5,187.5,187.5,187.5,187.5,187.5,0.84999996,14.139999,187.5
Arabian_Sea,2025-11-25 12:00:00,0.91999996,0.7,0.69,0.72999996,0.72999996,0.75,0.78,0.81,0.84999996,13.88,13.42,14.389999,14.36,14.57,14.57,14.2,14.139999,187.5,187.5,187.5,187.5,187.5,187.5,187.5,187.5,0.91999996,13.92,187.5
Arabian_Sea,2025-11-25 15:00:00,0.87,0.69,0.72999996,0.72999996,0.75,0.78,0.81,0.84999996,0.91999996,13.42,14.389999,14.36,14.57,14.57,14.2,14.139999,13.92,187.5,187.5,187.5,187.5,187.5,187.5,187.5,187.5,0.87,12.969999,187.5
Arabian_Sea,2025-11-25 18:00:00,0.84999996,0.72999996,0.72999996,0.75,0.78,0.81,0.84999996,0.91999996,0.87,14.389999,14.36,14.57,14.57,14.2,14.139999,13.92,12.969999,187.5,187.5,187.5,187.5,187.5,187.5,187.5,187.5,0.84999996,12.87,187.5
Arabian_Sea,2025-11-25 21:00:00,0.84,0.72999996,0.75,0.78,0.81,0.84999996,0.91999996,0.87,0.84999996,14.36,14.57,14.57,14.2,14.139999,13.92,12.969999,12.87,187.5,187.5,187.5,187.5,187.5,187.5,187.5,187.5,0.84,12.75,187.5
Arabian_Sea,2025-11-26 00:00:00,0.84999996,0.75,0.78,0.81,0.84999996,0.91999996,0.87,0.84999996,0.84,14.57,14.57,14.2,14.139999,13.92,12.969999,12.87,12.75,187.5,187.5,187.5,187.5,187.5,187.5,187.5,187.5,0.84999996,13.83,187.5
Arabian_Sea,2025-11-26 03:00:00,0.88,0.78,0.81,0.84999996,0.91999996,0.87,0.84999996,0.84,0.84999996,14.57,14.2,14.139999,13.92,12.969999,12.87,12.75,13.83,187.5,187.5,187.5,187.5,187.5,187.5,187.5,187.5,0.88,20.02,187.5
Arabian_Sea,2025-11-26 06:00:00,0.9,0.81,0.84999996,0.91999996,0.87,0.84999996,0.84,0.84999996,0.88,14.2,14.139999,13.92,12.969999,12.87,12.75,13.83,20.02,187.5,187.5,187.5,187.5,187.5,187.5,187.5,187.5,0.9,19.17,187.5
Arabian_Sea,2025-11-26 09:00:00,0.94,0.84999996,0.91999996,0.87,0.84999996,0.84,0.84999996,0.88,0.9,14.139999,13.92,12.969999,12.87,12.75,13.83,20.02,19.17,187.5,187.5,187.5,187.5,187.5,187.5,187.5,187.5,0.94,18.789999,187.5
Arabian_Sea,2025-11-26 12:00:00,1.02,0.91999996,0.87,0.84999996,0.84,0.84999996,0.88,0.9,0.94,13.92,12.969999,12.87,12.75,13.83,20.02,19.17,18.789999,187.5,187.5,187.5,187.5,187.5,187.5,187.5,187.5,1.02,19.029999,187.5
Arabian_Sea,2025-11-26 15:00:00,1.05,0.87,0.84999996,0.84,0.84999996,0.88,0.9,0.94,1.02,12.969999,12.87,12.75,13.83,20.02,19.17,18.789999,19.029999,187.5,187.5,187.5,187.5,187.5,187.5,187.5,187.5,1.05,19.289999,187.5
Arabian_Sea,2025-11-26 18:00:00,1.01,0.84999996,0.84,0.84999996,0.88,0.9,0.94,1.02,1.05,12.87,12.75,13.83,20.02,19.17,18.789999,19.029999,19.289999,187.5,187.5,187.5,187.5,187.5,187.5,187.5,187.5,1.01,18.58,187.5
Arabian_Sea,2025-11-26 21:00:00,1.02,0.84,0.84999996,0.88,0.9,0.94,1.02,1.05,1.01,12.75,13.83,20.02,19.17,18.789999,19.029999,19.289999,18.58,187.5,187.5,187.5,187.5,187.5,187.5,187.5,187.5,1.02,18.18,187.5
Arabian_Sea,2025-11-27 00:00:00,1.02,0.84999996,0.88,0.9,0.94,1.02,1.05,1.01,1.02,13.83,20.02,19.17,18.789999,19.029999,19.289999,18.58,18.18,187.5,187.5,187.5,187.5,187.5,187.5,187.5,187.5,1.02,17.77,187.5
Arabian_Sea,2025-11-27 03:00:00,1.03,0.88,0.9,0.94,1.02,1.05,1.01,1.02,1.02,20.02,19.17,18.789999,19.029999,19.289999,18.58,18.18,17.77,187.5,187.5,187.5,187.5,187.5,187.5,187.5,187.5,1.03,17.15,187.5
Arabian_Sea,2025-11-27 06:00:00,1.0699999,0.9,0.94,1.02,1.05,1.01,1.02,1.02,1.03,19.17,18.789999,19.029999,19.289999,18.58,18.18,17.77,17.15,187.5,187.5,187.5,187.5,187.5,187.5,187.5,187.5,1.0699999,16.69,187.5
Arabian_Sea,2025-11-27 09:00:00,1.09,0.94,1.02,1.05,1.01,1.02,1.02,1.03,1.0699999,18.789999,19.029999,19.289999,18.58,18.18,17.77,17.15,16.69,187.5,187.5,187.5,187.5,187.5,187.5,187.5,187.5,1.09,16.539999,187.5
Arabian_Sea,2025-11-27 12:00:00,1.1,1.02,1.05,1.01,1.02,1.02,1.03,1.0699999,1.09,19.029999,19.289999,18.58,18.18,17.77,17.15,16.69,16.539999,187.5,187.5,187.5,187.5,187.5,187.5,187.5,187.5,1.1,16.44,187.5
Arabian_Sea,2025-11-27 15:00:00,1.11,1.05,1.01,1.02,1.02,1.03,1.0699999,1.09,1.1,19.289999,18.58,18.18,17.77,17.15,16.69,16.539999,16.44,187.5,187.5,187.5,187.5,187.5,187.5,187.5,187.5,1.11,16.65,202.5
Arabian_Sea,2025-11-27 18:00:00,1.06,1.01,1.02,1.02,1.03,1.0699999,1.09,1.1,1.11,18.58,18.18,17.77,17.15,16.69,16.539999,16.44,16.65,187.5,187.5,187.5,187.5,187.5,187.5,187.5,202.5,1.06,16.779999,202.5
Arabian_Sea,2025-11-27 21:00:00,1.1,1.02,1.02,1.03,1.0699999,1.09,1.1,1.11,1.06,18.18,17.77,17.15,16.69,16.539999,16.44,16.65,16.779999,187.5,187.5,187.5,187.5,187.5,187.5,202.5,202.5,1.1,16.52,202.5
Arabian_Sea,2025-11-28 00:00:00,1.18,1.02,1.03,1.0699999,1.09,1.1,1.11,1.06,1.1,17.77,17.15,16.69,16.539999,16.44,16.65,16.779999,16.52,187.5,187.5,187.5,187.5,187.5,202.5,202.5,202.5,1.18,15.79,187.5
Arabian_Sea,2025-11-28 03:00:00,1.18,1.03,1.0699999,1.09,1.1,1.11,1.06,1.1,1.18,17.15,16.69,16.539999,16.44,16.65,16.779999,16.52,15.79,187.5,187.5,187.5,187.5,202.5,202.5,202.5,187.5,1.18,15.78,187.5
Arabian_Sea,2025-11-28 06:00:00,1.13,1.0699999,1.09,1.1,1.11,1.06,1.1,1.18,1.18,16.69,16.539999,16.44,16.65,16.779999,16.52,15.79,15.78,187.5,187.5,187.5,202.5,202.5,202.5,187.5,187.5,1.13,15.889999,187.5
Arabian_Sea,2025-11-28 09:00:00,1.18,1.09,1.1,1.11,1.06,1.1,1.18,1.18,1.13,16.539999,16.44,16.65,16.779999,16.52,15.79,15.78,15.889999,187.5,187.5,202.5,202.5,202.5,187.5,187.5,187.5,1.18,15.75,187.5
Arabian_Sea,2025-11-28 12:00:00,1.25,1.1,1.11,1.06,1.1,1.18,1.18,1.13,1.18,16.44,16.65,16.779999,16.52,15.79,15.78,15.889999,15.75,187.5,202.5,202.5,202.5,187.5,187.5,187.5,187.5,1.25,16.05,187.5
Arabian_Sea,2025-11-28 15:00:00,1.22,1.11,1.06,1.1,1.18,1.18,1.13,1.18,1.25,16.65,16.779999,16.52,15.79,15.78,15.889999,15.75,16.05,202.5,202.5,202.5,187.5,187.5,187.5,187.5,187.5,1.22,16.23,187.5
Arabian_Sea,2025-11-28 18:00:00,1.27,1.06,1.1,1.18,1.18,1.13,1.18,1.25,1.22,16.779999,16.52,15.79,15.78,15.889999,15.75,16.05,16.23,202.5,202.5,187.5,187.5,187.5,187.5,187.5,187.5,1.27,16.41,187.5
Arabian_Sea,2025-11-28 21:00:00,1.2099999,1.1,1.18,1.18,1.13,1.18,1.25,1.22,1.27,16.52,15.79,15.78,15.889999,15.75,16.05,16.23,16.41,202.5,187.5,187.5,187.5,187.5,187.5,187.5,187.5,1.2099999,15.83,187.5
Arabian_Sea,2025-11-29 00:00:00,1.16,1.18,1.18,1.13,1.18,1.25,1.22,1.27,1.2099999,15.79,15.78,15.889999,15.75,16.05,16.23,16.41,15.83,187.5,187.5,187.5,187.5,187.5,187.5,187.5,187.5,1.16,15.32,187.5
Arabian_Sea,2025-11-29 03:00:00,1.15,1.18,1.13,1.18,1.25,1.22,1.27,1.2099999,1.16,15.78,15.889999,15.75,16.05,16.23,16.41,15.83,15.32,187.5,187.5,187.5,187.5,187.5,187.5,187.5,187.5,1.15,14.83,187.5
Arabian_Sea,2025-11-29 06:00:00,1.16,1.13,1.18,1.25,1.22,1.27,1.2099999,1.16,1.15,15.889999,15.75,16.05,16.23,16.41,15.83,15.32,14.83,187.5,187.5,187.5,187.5,187.5,187.5,187.5,187.5,1.16,14.5199995,187.5
Arabian_Sea,2025-11-29 09:00:00,1.1899999,1.18,1.25,1.22,1.27,1.2099999,1.16,1.15,1.16,15.75,16.05,16.23,16.41,15.83,15.32,14.83,14.5199995,187.5,187.5,187.5,187.5,187.5,187.5,187.5,187.5,1.1899999,14.5,187.5
Arabian_Sea,2025-11-29 12:00:00,1.1999999,1.25,1.22,1.27,1.2099999,1.16,1.15,1.16,1.1899999,16.05,16.23,16.41,15.83,15.32,14.83,14.5199995,14.5,187.5,187.5,187.5,187.5,187.5,187.5,187.5,187.5,1.1999999,14.36,187.5
Arabian_Sea,2025-11-29 15:00:00,1.1899999,1.22,1.27,1.2099999,1.16,1.15,1.16,1.1899999,1.1999999,16.23,16.41,15.83,15.32,14.83,14.5199995,14.5,14.36,187.5,187.5,187.5,187.5,187.5,187.5,187.5,187.5,1.1899999,14.21,187.5
Arabian_Sea,2025-11-29 18:00:00,1.1899999,1.27,1.2099999,1.16,1.15,1.16,1.1899999,1.1999999,1.1899999,16.41,15.83,15.32,14.83,14.5199995,14.5,14.36,14.21,187.5,187.5,187.5,187.5,187.5,187.5,187.5,187.5,1.1899999,14.25,172.5
Arabian_Sea,2025-11-29 21:00:00,1.1899999,1.2099999,1.16,1.15,1.16,1.1899999,1.1999999,1.1899999,1.1899999,15.83,15.32,14.83,14.5199995,14.5,14.36,14.21,14.25,187.5,187.5,187.5,187.5,187.5,187.5,187.5,172.5,1.1899999,14.17,187.5
Arabian_Sea,2025-11-30 00:00:00,1.16,1.16,1.15,1.16,1.1899999,1.1999999,1.1899999,1.1899999,1.1899999,15.32,14.83,14.5199995,14.5,14.36,14.21,14.25,14.17,187.5,187.5,187.5,187.5,187.5,187.5,172.5,187.5,1.16,13.98,187.5
Arabian_Sea,2025-11-30 03:00:00,1.18,1.15,1.16,1.1899999,1.1999999,1.1899999,1.1899999,1.1899999,1.16,14.83,14.5199995,14.5,14.36,14.21,14.25,14.17,13.98,187.5,187.5,187.5,187.5,187.5,172.5,187.5,187.5,1.18,13.73,187.5
Arabian_Sea,2025-11-30 06:00:00,1.15,1.16,1.1899999,1.1999999,1.1899999,1.1899999,1.1899999,1.16,1.18,14.5199995,14.5,14.36,14.21,14.25,14.17,13.98,13.73,187.5,187.5,187.5,187.5,172.5,187.5,187.5,187.5,1.15,13.19,187.5
Arabian_Sea,2025-11-30 09:00:00,1.18,1.1899999,1.1999999,1.1899999,1.1899999,1.1899999,1.16,1.18,1.15,14.5,14.36,14.21,14.25,14.17,13.98,13.73,13.19,187.5,187.5,187.5,172.5,187.5,187.5,187.5,187.5,1.18,13.13,187.5
Arabian_Sea,2025-11-30 12:00:00,1.17,1.1999999,1.1899999,1.1899999,1.1899999,1.16,1.18,1.15,1.18,14.36,14.21,14.25,14.17,13.98,13.73,13.19,13.13,187.5,187.5,172.5,187.5,187.5,187.5,187.5,187.5,1.17,12.73,187.5
Arabian_Sea,2025-11-30 15:00:00,1.16,1.1899999,1.1899999,1.1899999,1.16,1.18,1.15,1.18,1.17,14.21,14.25,14.17,13.98,13.73,13.19,13.13,12.73,187.5,172.5,187.5,187.5,187.5,187.5,187.5,187.5,1.16,12.509999,187.5
Arabian_Sea,2025-11-30 18:00:00,1.15,1.1899999,1.1899999,1.16,1.18,1.15,1.18,1.17,1.16,14.25,14.17,13.98,13.73,13.19,13.13,12.73,12.509999,172.5,187.5,187.5,187.5,187.5,187.5,187.5,187.5,1.15,12.179999,187.5
Arabian_Sea,2025-11-30 21:00:00,1.13,1.1899999,1.16,1.18,1.15,1.18,1.17,1.16,1.15,14.17,13.98,13.73,13.19,13.13,12.73,12.509999,12.179999,187.5,187.5,187.5,187.5,187.5,187.5,187.5,187.5,1.13,12.429999,187.5
Arabian_Sea,2025-12-01 00:00:00,1.0699999,1.16,1.18,1.15,1.18,1.17,1.16,1.15,1.13,13.98,13.73,13.19,13.13,12.73,12.509999,12.179999,12.429999,187.5,187.5,187.5,187.5,187.5,187.5,187.5,187.5,1.0699999,12.34,187.5
Arabian_Sea,2025-12-01 03:00:00,1.04,1.18,1.15,1.18,1.17,1.16,1.15,1.13,1.0699999,13.73,13.19,13.13,12.73,12.509999,12.179999,12.429999,12.34,187.5,187.5,187.5,187.5,187.5,187.5,187.5,187.5,1.04,12.17,187.5
Arabian_Sea,2025-12-01 06:00:00,1.01,1.15,1.18,1.17,1.16,1.15,1.13,1.0699999,1.04,13.19,13.13,12.73,12.509999,12.179999,12.429999,12.34,12.17,187.5,187.5,187.5,187.5,187.5,187.5,187.5,187.5,1.01,11.9,187.5
Arabian_Sea,2025-12-01 09:00:00,1.0,1.18,1.17,1.16,1.15,1.13,1.0699999,1.04,1.01,13.13,12.73,12.509999,12.179999,12.429999,12.34,12.17,11.9,187.5,187.5,187.5,187.5,187.5,187.5,187.5,187.5,1.0,11.759999,187.5
Arabian_Sea,2025-12-01 12:00:00,0.98999995,1.17,1.16,1.15,1.13,1.0699999,1.04,1.01,1.0,12.73,12.509999,12.179999,12.429999,12.34,12.17,11.9,11.759999,187.5,187.5,187.5,187.5,187.5,187.5,187.5,187.5,0.98999995,11.75,187.5
Arabian_Sea,2025-12-01 15:00:00,0.95,1.16,1.15,1.13,1.0699999,1.04,1.01,1.0,0.98999995,12.509999,12.179999,12.429999,12.34,12.17,11.9,11.759999,11.75,187.5,187.5,187.5,187.5,187.5,187.5,187.5,187.5,0.95,11.37,187.5
Arabian_Sea,2025-12-01 18:00:00,0.94,1.15,1.13,1.0699999,1.04,1.01,1.0,0.98999995,0.95,12.179999,12.429999,12.34,12.17,11.9,11.759999,11.75,11.37,187.5,187.5,187.5,187.5,187.5,187.5,187.5,187.5,0.94,16.96,187.5
Arabian_Sea,2025-12-01 21:00:00,0.95,1.13,1.0699999,1.04,1.01,1.0,0.98999995,0.95,0.94,12.429999,12.34,12.17,11.9,11.759999,11.75,11.37,16.96,187.5,187.5,187.5,187.5,187.5,187.5,187.5,187.5,0.95,16.83,187.5
Arabian_Sea,2025-12-02 00:00:00,0.95,1.0699999,1.04,1.01,1.0,0.98999995,0.95,0.94,0.95,12.34,12.17,11.9,11.759999,11.75,11.37,16.96,16.83,187.5,187.5,187.5,187.5,187.5,187.5,187.5,187.5,0.95,16.38,187.5
Arabian_Sea,2025-12-02 03:00:00,0.95,1.04,1.01,1.0,0.98999995,0.95,0.94,0.95,0.95,12.17,11.9,11.759999,11.75,11.37,16.96,16.83,16.38,187.5,187.5,187.5,187.5,187.5,187.5,187.5,187.5,0.95,16.279999,187.5
Arabian_Sea,2025-12-02 06:00:00,0.88,1.01,1.0,0.98999995,0.95,0.94,0.95,0.95,0.95,11.9,11.759999,11.75,11.37,16.96,16.83,16.38,16.279999,187.5,187.5,187.5,187.5,187.5,187.5,187.5,187.5,0.88,15.009999,187.5
Arabian_Sea,2025-12-02 09:00:00,0.93,1.0,0.98999995,0.95,0.94,0.95,0.95,0.95,0.88,11.759999,11.75,11.37,16.96,16.83,16.38,16.279999,15.009999,187.5,187.5,187.5,187.5,187.5,187.5,187.5,187.5,0.93,14.86,187.5
Arabian_Sea,2025-12-02 12:00:00,0.96999997,0.98999995,0.95,0.94,0.95,0.95,0.95,0.88,0.93,11.75,11.37,16.96,16.83,16.38,16.279999,15.009999,14.86,187.5,187.5,187.5,187.5,187.5,187.5,187.5,187.5,0.96999997,14.549999,187.5
Arabian_Sea,2025-12-02 15:00:00,1.05,0.95,0.94,0.95,0.95,0.95,0.88,0.93,0.96999997,11.37,16.96,16.83,16.38,16.279999,15.009999,14.86,14.549999,187.5,187.5,187.5,187.5,187.5,187.5,187.5,187.5,1.05,14.86,187.5
Arabian_Sea,2025-12-02 18:00:00,1.25,0.94,0.95,0.95,0.95,0.88,0.93,0.96999997,1.05,16.96,16.83,16.38,16.279999,15.009999,14.86,14.549999,14.86,187.5,187.5,187.5,187.5,187.5,187.5,187.5,187.5,1.25,15.73,187.5
Arabian_Sea,2025-12-02 21:00:00,1.28,0.95,0.95,0.95,0.88,0.93,0.96999997,1.05,1.25,16.83,16.38,16.279999,15.009999,14.86,14.549999,14.86,15.73,187.5,187.5,187.5,187.5,187.5,187.5,187.5,187.5,1.28,15.16,187.5
Arabian_Sea,2025-12-03 00:00:00,1.27,0.95,0.95,0.88,0.93,0.96999997,1.05,1.25,1.28,16.38,16.279999,15.009999,14.86,14.549999,14.86,15.73,15.16,187.5,187.5,187.5,187.5,187.5,187.5,187.5,187.5,1.27,14.44,187.5
Arabian_Sea,2025-12-03 03:00:00,1.29,0.95,0.88,0.93,0.96999997,1.05,1.25,1.28,1.27,16.279999,15.009999,14.86,14.549999,14.86,15.73,15.16,14.44,187.5,187.5,187.5,187.5,187.5,187.5,187.5,187.5,1.29,13.91,187.5
Arabian_Sea,2025-12-03 06:00:00,1.3,0.88,0.93,0.96999997,1.05,1.25,1.28,1.27,1.29,15.009999,14.86,14.549999,14.86,15.73,15.16,14.44,13.91,187.5,187.5,187.5,187.5,187.5,187.5,187.5,187.5,1.3,13.28,187.5
Arabian_Sea,2025-12-03 09:00:00,1.31,0.93,0.96999997,1.05,1.25,1.28,1.27,1.29,1.3,14.86,14.549999,14.86,15.73,15.16,14.44,13.91,13.28,187.5,187.5,187.5,187.5,187.5,187.5,187.5,187.5,1.31,12.86,187.5
Arabian_Sea,2025-12-03 12:00:00,1.29,0.96999997,1.05,1.25,1.28,1.27,1.29,1.3,1.31,14.549999,14.86,15.73,15.16,14.44,13.91,13.28,12.86,187.5,187.5,187.5,187.5,187.5,187.5,187.5,187.5,1.29,12.4,187.5
Arabian_Sea,2025-12-03 15:00:00,1.22,1.05,1.25,1.28,1.27,1.29,1.3,1.31,1.29,14.86,15.73,15.16,14.44,13.91,13.28,12.86,12.4,187.5,187.5,187.5,187.5,187.5,187.5,187.5,187.5,1.22,6.14,187.5
Arabian_Sea,2025-12-03 18:00:00,1.1899999,1.25,1.28,1.27,1.29,1.3,1.31,1.29,1.22,15.73,15.16,14.44,13.91,13.28,12.86,12.4,6.14,187.5,187.5,187.5,187.5,187.5,187.5,187.5,187.5,1.1899999,12.139999,187.5
Arabian_Sea,2025-12-03 21:00:00,1.15,1.28,1.27,1.29,1.3,1.31,1.29,1.22,1.1899999,15.16,14.44,13.91,13.28,12.86,12.4,6.14,12.139999,187.5,187.5,187.5,187.5,187.5,187.5,187.5,187.5,1.15,12.21,187.5
Arabian_Sea,2025-12-04 00:00:00,1.12,1.27,1.29,1.3,1.31,1.29,1.22,1.1899999,1.15,14.44,13.91,13.28,12.86,12.4,6.14,12.139999,12.21,187.5,187.5,187.5,187.5,187.5,187.5,187.5,187.5,1.12,12.4,187.5
Arabian_Sea,2025-12-04 03:00:00,1.13,1.29,1.3,1.31,1.29,1.22,1.1899999,1.15,1.12,13.91,13.28,12.86,12.4,6.14,12.139999,12.21,12.4,187.5,187.5,187.5,187.5,187.5,187.5,187.5,187.5,1.13,12.73,187.5
Arabian_Sea,2025-12-04 06:00:00,1.0799999,1.3,1.31,1.29,1.22,1.1899999,1.15,1.12,1.13,13.28,12.86,12.4,6.14,12.139999,12.21,12.4,12.73,187.5,187.5,187.5,187.5,187.5,187.5,187.5,187.5,1.0799999,12.259999,187.5
Arabian_Sea,2025-12-04 09:00:00,1.0799999,1.31,1.29,1.22,1.1899999,1.15,1.12,1.13,1.0799999,12.86,12.4,6.14,12.139999,12.21,12.4,12.73,12.259999,187.5,187.5,187.5,187.5,187.5,187.5,187.5,187.5,1.0799999,12.0199995,187.5
Arabian_Sea,2025-12-04 12:00:00,1.09,1.29,1.22,1.1899999,1.15,1.12,1.13,1.0799999,1.0799999,12.4,6.14,12.139999,12.21,12.4,12.73,12.259999,12.0199995,187.5,187.5,187.5,187.5,187.5,187.5,187.5,187.5,1.09,11.75,187.5
Arabian_Sea,2025-12-04 15:00:00,1.04,1.22,1.1899999,1.15,1.12,1.13,1.0799999,1.0799999,1.09,6.14,12.139999,12.21,12.4,12.73,12.259999,12.0199995,11.75,187.5,187.5,187.5,187.5,187.5,187.5,187.5,187.5,1.04,11.759999,187.5
Arabian_Sea,2025-12-04 18:00:00,1.09,1.1899999,1.15,1.12,1.13,1.0799999,1.0799999,1.09,1.04,12.139999,12.21,12.4,12.73,12.259999,12.0199995,11.75,11.759999,187.5,187.5,187.5,187.5,187.5,187.5,187.5,187.5,1.09,11.8,187.5
Arabian_Sea,2025-12-04 21:00:00,1.06,1.15,1.12,1.13,1.0799999,1.0799999,1.09,1.04,1.09,12.21,12.4,12.73,12.259999,12.0199995,11.75,11.759999,11.8,187.5,187.5,187.5,187.5,187.5,187.5,187.5,187.5,1.06,11.74,187.5
Arabian_Sea,2025-12-05 00:00:00,1.03,1.12,1.13,1.0799999,1.0799999,1.09,1.04,1.09,1.06,12.4,12.73,12.259999,12.0199995,11.75,11.759999,11.8,11.74,187.5,187.5,187.5,187.5,187.5,187.5,187.5,187.5,1.03,11.91,187.5
Arabian_Sea,2025-12-05 03:00:00,1.04,1.13,1.0799999,1.0799999,1.09,1.04,1.09,1.06,1.03,12.73,12.259999,12.0199995,11.75,11.759999,11.8,11.74,11.91,187.5,187.5,187.5,187.5,187.5,187.5,187.5,187.5,1.04,12.599999,187.5
Arabian_Sea,2025-12-05 06:00:00,1.03,1.0799999,1.0799999,1.09,1.04,1.09,1.06,1.03,1.04,12.259999,12.0199995,11.75,11.759999,11.8,11.74,11.91,12.599999,187.5,187.5,187.5,187.5,187.5,187.5,187.5,187.5,1.03,12.95,187.5
Arabian_Sea,2025-12-05 09:00:00,1.01,1.0799999,1.09,1.04,1.09,1.06,1.03,1.04,1.03,12.0199995,11.75,11.759999,11.8,11.74,11.91,12.599999,12.95,187.5,187.5,187.5,187.5,187.5,187.5,187.5,187.5,1.01,12.54,187.5
Arabian_Sea,2025-12-05 12:00:00,0.89,1.09,1.04,1.09,1.06,1.03,1.04,1.03,1.01,11.75,11.759999,11.8,11.74,11.91,12.599999,12.95,12.54,187.5,187.5,187.5,187.5,187.5,187.5,187.5,187.5,0.89,11.599999,187.5
Arabian_Sea,2025-12-05 15:00:00,0.88,1.04,1.09,1.06,1.03,1.04,1.03,1.01,0.89,11.759999,11.8,11.74,11.91,12.599999,12.95,12.54,11.599999,187.5,187.5,187.5,187.5,187.5,187.5,187.5,187.5,0.88,13.219999,187.5
Arabian_Sea,2025-12-05 18:00:00,0.85999995,1.09,1.06,1.03,1.04,1.03,1.01,0.89,0.88,11.8,11.74,11.91,12.599999,12.95,12.54,11.599999,13.219999,187.5,187.5,187.5,187.5,187.5,187.5,187.5,187.5,0.85999995,13.5199995,187.5
Arabian_Sea,2025-12-05 21:00:00,0.84,1.06,1.03,1.04,1.03,1.01,0.89,0.88,0.85999995,11.74,11.91,12.599999,12.95,12.54,11.599999,13.219999,13.5199995,187.5,187.5,187.5,187.5,187.5,187.5,187.5,187.5,0.84,12.849999,187.5
Arabian_Sea,2025-12-06 00:00:00,0.84,1.03,1.04,1.03,1.01,0.89,0.88,0.85999995,0.84,11.91,12.599999,12.95,12.54,11.599999,13.219999,13.5199995,12.849999,187.5,187.5,187.5,187.5,187.5,187.5,187.5,187.5,0.84,11.23,187.5
Arabian_Sea,2025-12-06 03:00:00,0.83,1.04,1.03,1.01,0.89,0.88,0.85999995,0.84,0.84,12.599999,12.95,12.54,11.599999,13.219999,13.5199995,12.849999,11.23,187.5,187.5,187.5,187.5,187.5,187.5,187.5,187.5,0.83,5.98,187.5
Arabian_Sea,2025-12-06 06:00:00,0.81,1.03,1.01,0.89,0.88,0.85999995,0.84,0.84,0.83,12.95,12.54,11.599999,13.219999,13.5199995,12.849999,11.23,5.98,187.5,187.5,187.5,187.5,187.5,187.5,187.5,187.5,0.81,11.69,187.5
Arabian_Sea,2025-12-06 09:00:00,0.88,1.01,0.89,0.88,0.85999995,0.84,0.84,0.83,0.81,12.54,11.599999,13.219999,13.5199995,12.849999,11.23,5.98,11.69,187.5,187.5,187.5,187.5,187.5,187.5,187.5,187.5,0.88,13.67,187.5
Arabian_Sea,2025-12-06 12:00:00,0.91999996,0.89,0.88,0.85999995,0.84,0.84,0.83,0.81,0.88,11.599999,13.219999,13.5199995,12.849999,11.23,5.98,11.69,13.67,187.5,187.5,187.5,187.5,187.5,187.5,187.5,187.5,0.91999996,14.44,187.5
Arabian_Sea,2025-12-06 15:00:00,0.91999996,0.88,0.85999995,0.84,0.84,0.83,0.81,0.88,0.91999996,13.219999,13.5199995,12.849999,11.23,5.98,11.69,13.67,14.44,187.5,187.5,187.5,187.5,187.5,187.5,187.5,187.5,0.91999996,13.549999,187.5
Arabian_Sea,2025-12-06 18:00:00,0.94,0.85999995,0.84,0.84,0.83,0.81,0.88,0.91999996,0.91999996,13.5199995,12.849999,11.23,5.98,11.69,13.67,14.44,13.549999,187.5,187.5,187.5,187.5,187.5,187.5,187.5,187.5,0.94,13.0,187.5
Arabian_Sea,2025-12-06 21:00:00,0.95,0.84,0.84,0.83,0.81,0.88,0.91999996,0.91999996,0.94,12.849999,11.23,5.98,11.69,13.67,14.44,13.549999,13.0,187.5,187.5,187.5,187.5,187.5,187.5,187.5,187.5,0.95,6.08,187.5
Arabian_Sea,2025-12-07 00:00:00,0.95,0.84,0.83,0.81,0.88,0.91999996,0.91999996,0.94,0.95,11.23,5.98,11.69,13.67,14.44,13.549999,13.0,6.08,187.5,187.5,187.5,187.5,187.5,187.5,187.5,187.5,0.95,6.04,187.5
Arabian_Sea,2025-12-07 03:00:00,0.97999996,0.83,0.81,0.88,0.91999996,0.91999996,0.94,0.95,0.95,5.98,11.69,13.67,14.44,13.549999,13.0,6.08,6.04,187.5,187.5,187.5,187.5,187.5,187.5,187.5,187.5,0.97999996,19.1,187.5
Arabian_Sea,2025-12-07 06:00:00,0.97999996,0.81,0.88,0.91999996,0.91999996,0.94,0.95,0.95,0.97999996,11.69,13.67,14.44,13.549999,13.0,6.08,6.04,19.1,187.5,187.5,187.5,187.5,187.5,187.5,187.5,187.5,0.97999996,18.65,202.5
Arabian_Sea,2025-12-07 09:00:00,1.03,0.88,0.91999996,0.91999996,0.94,0.95,0.95,0.97999996,0.97999996,13.67,14.44,13.549999,13.0,6.08,6.04,19.1,18.65,187.5,187.5,187.5,187.5,187.5,187.5,187.5,202.5,1.03,17.71,187.5
Arabian_Sea,2025-12-07 12:00:00,1.01,0.91999996,0.91999996,0.94,0.95,0.95,0.97999996,0.97999996,1.03,14.44,13.549999,13.0,6.08,6.04,19.1,18.65,17.71,187.5,187.5,187.5,187.5,187.5,187.5,202.5,187.5,1.01,17.3,187.5
Arabian_Sea,2025-12-07 15:00:00,1.01,0.91999996,0.94,0.95,0.95,0.97999996,0.97999996,1.03,1.01,13.549999,13.0,6.08,6.04,19.1,18.65,17.71,17.3,187.5,187.5,187.5,187.5,187.5,202.5,187.5,187.5,1.01,17.3,202.5
Arabian_Sea,2025-12-07 18:00:00,1.01,0.94,0.95,0.95,0.97999996,0.97999996,1.03,1.01,1.01,13.0,6.08,6.04,19.1,18.65,17.71,17.3,17.3,187.5,187.5,187.5,187.5,202.5,187.5,187.5,202.5,1.01,17.21,202.5
Arabian_Sea,2025-12-07 21:00:00,1.01,0.95,0.95,0.97999996,0.97999996,1.03,1.01,1.01,1.01,6.08,6.04,19.1,18.65,17.71,17.3,17.3,17.21,187.5,187.5,187.5,202.5,187.5,187.5,202.5,202.5,1.01,16.42,202.5
Arabian_Sea,2025-12-08 00:00:00,1.13,0.95,0.97999996,0.97999996,1.03,1.01,1.01,1.01,1.01,6.04,19.1,18.65,17.71,17.3,17.3,17.21,16.42,187.5,187.5,202.5,187.5,187.5,202.5,202.5,202.5,1.13,16.85,189.99
Arabian_Sea,2025-12-08 03:00:00,1.14,0.97999996,0.97999996,1.03,1.01,1.01,1.01,1.01,1.13,19.1,18.65,17.71,17.3,17.3,17.21,16.42,16.85,187.5,202.5,187.5,187.5,202.5,202.5,202.5,189.99,1.14,16.619999,187.5
Arabian_Sea,2025-12-08 06:00:00,1.14,0.97999996,1.03,1.01,1.01,1.01,1.01,1.13,1.14,18.65,17.71,17.3,17.3,17.21,16.42,16.85,16.619999,202.5,187.5,187.5,202.5,202.5,202.5,189.99,187.5,1.14,16.31,187.5
Arabian_Sea,2025-12-08 09:00:00,1.15,1.03,1.01,1.01,1.01,1.01,1.13,1.14,1.14,17.71,17.3,17.3,17.21,16.42,16.85,16.619999,16.31,187.5,187.5,202.5,202.5,202.5,189.99,187.5,187.5,1.15,15.94,187.5
Arabian_Sea,2025-12-08 12:00:00,1.15,1.01,1.01,1.01,1.01,1.13,1.14,1.14,1.15,17.3,17.3,17.21,16.42,16.85,16.619999,16.31,15.94,187.5,202.5,202.5,202.5,189.99,187.5,187.5,187.5,1.15,15.61,187.5
Arabian_Sea,2025-12-08 15:00:00,1.13,1.01,1.01,1.01,1.13,1.14,1.14,1.15,1.15,17.3,17.21,16.42,16.85,16.619999,16.31,15.94,15.61,202.5,202.5,202.5,189.99,187.5,187.5,187.5,187.5,1.13,15.36,187.5
Arabian_Sea,2025-12-08 18:00:00,1.1,1.01,1.01,1.13,1.14,1.14,1.15,1.15,1.13,17.21,16.42,16.85,16.619999,16.31,15.94,15.61,15.36,202.5,202.5,189.99,187.5,187.5,187.5,187.5,187.5,1.1,15.23,187.5
Arabian_Sea,2025-12-08 21:00:00,1.09,1.01,1.13,1.14,1.14,1.15,1.15,1.13,1.1,16.42,16.85,16.619999,16.31,15.94,15.61,15.36,15.23,202.5,189.99,187.5,187.5,187.5,187.5,187.5,187.5,1.09,14.849999,187.5
Arabian_Sea,2025-12-09 00:00:00,1.09,1.13,1.14,1.14,1.15,1.15,1.13,1.1,1.09,16.85,16.619999,16.31,15.94,15.61,15.36,15.23,14.849999,189.99,187.5,187.5,187.5,187.5,187.5,187.5,187.5,1.09,14.57,187.5
Arabian_Sea,2025-12-09 03:00:00,1.0699999,1.14,1.14,1.15,1.15,1.13,1.1,1.09,1.09,16.619999,16.31,15.94,15.61,15.36,15.23,14.849999,14.57,187.5,187.5,187.5,187.5,187.5,187.5,187.5,187.5,1.0699999,14.23,187.5
Arabian_Sea,2025-12-09 06:00:00,1.05,1.14,1.15,1.15,1.13,1.1,1.09,1.09,1.0699999,16.31,15.94,15.61,15.36,15.23,14.849999,14.57,14.23,187.5,187.5,187.5,187.5,187.5,187.5,187.5,187.5,1.05,13.5,187.5
Arabian_Sea,2025-12-09 09:00:00,1.03,1.15,1.15,1.13,1.1,1.09,1.09,1.0699999,1.05,15.94,15.61,15.36,15.23,14.849999,14.57,14.23,13.5,187.5,187.5,187.5,187.5,187.5,187.5,187.5,187.5,1.03,12.969999,187.5
Arabian_Sea,2025-12-09 12:00:00,1.06,1.15,1.13,1.1,1.09,1.09,1.0699999,1.05,1.03,15.61,15.36,15.23,14.849999,14.57,14.23,13.5,12.969999,187.5,187.5,187.5,187.5,187.5,187.5,187.5,187.5,1.06,12.96,187.5
Arabian_Sea,2025-12-09 15:00:00,1.04,1.13,1.1,1.09,1.09,1.0699999,1.05,1.03,1.06,15.36,15.23,14.849999,14.57,14.23,13.5,12.969999,12.96,187.5,187.5,187.5,187.5,187.5,187.5,187.5,187.5,1.04,12.7,187.5
Arabian_Sea,2025-12-09 18:00:00,1.05,1.1,1.09,1.09,1.0699999,1.05,1.03,1.06,1.04,15.23,14.849999,14.57,14.23,13.5,12.969999,12.96,12.7,187.5,187.5,187.5,187.5,187.5,187.5,187.5,187.5,1.05,6.43,187.5
Arabian_Sea,2025-12-09 21:00:00,1.05,1.09,1.09,1.0699999,1.05,1.03,1.06,1.04,1.05,14.849999,14.57,14.23,13.5,12.969999,12.96,12.7,6.43,187.5,187.5,187.5,187.5,187.5,187.5,187.5,187.5,1.05,5.18,187.5
Arabian_Sea,2025-12-10 00:00:00,1.03,1.09,1.0699999,1.05,1.03,1.06,1.04,1.05,1.05,14.57,14.23,13.5,12.969999,12.96,12.7,6.43,5.18,187.5,187.5,187.5,187.5,187.5,187.5,187.5,187.5,1.03,5.19,187.5
Arabian_Sea,2025-12-10 03:00:00,0.97999996,1.0699999,1.05,1.03,1.06,1.04,1.05,1.05,1.03,14.23,13.5,12.969999,12.96,12.7,6.43,5.18,5.19,187.5,187.5,187.5,187.5,187.5,187.5,187.5,187.5,0.97999996,11.84,187.5
Arabian_Sea,2025-12-10 06:00:00,0.94,1.05,1.03,1.06,1.04,1.05,1.05,1.03,0.97999996,13.5,12.969999,12.96,12.7,6.43,5.18,5.19,11.84,187.5,187.5,187.5,187.5,187.5,187.5,187.5,187.5,0.94,12.809999,187.5
Arabian_Sea,2025-12-10 09:00:00,0.95,1.03,1.06,1.04,1.05,1.05,1.03,0.97999996,0.94,12.969999,12.96,12.7,6.43,5.18,5.19,11.84,12.809999,187.5,187.5,187.5,187.5,187.5,187.5,187.5,187.5,0.95,13.03,187.5
Arabian_Sea,2025-12-10 12:00:00,0.91999996,1.06,1.04,1.05,1.05,1.03,0.97999996,0.94,0.95,12.96,12.7,6.43,5.18,5.19,11.84,12.809999,13.03,187.5,187.5,187.5,187.5,187.5,187.5,187.5,187.5,0.91999996,13.46,187.5
Arabian_Sea,2025-12-10 15:00:00,0.91999996,1.04,1.05,1.05,1.03,0.97999996,0.94,0.95,0.91999996,12.7,6.43,5.18,5.19,11.84,12.809999,13.03,13.46,187.5,187.5,187.5,187.5,187.5,187.5,187.5,187.5,0.91999996,13.7,187.5
Arabian_Sea,2025-12-10 18:00:00,0.96999997,1.05,1.05,1.03,0.97999996,0.94,0.95,0.91999996,0.91999996,6.43,5.18,5.19,11.84,12.809999,13.03,13.46,13.7,187.5,187.5,187.5,187.5,187.5,187.5,187.5,187.5,0.96999997,15.04,187.5
Arabian_Sea,2025-12-10 21:00:00,1.02,1.05,1.03,0.97999996,0.94,0.95,0.91999996,0.91999996,0.96999997,5.18,5.19,11.84,12.809999,13.03,13.46,13.7,15.04,187.5,187.5,187.5,187.5,187.5,187.5,187.5,187.5,1.02,15.349999,187.5
Arabian_Sea,2025-12-11 00:00:00,1.09,1.03,0.97999996,0.94,0.95,0.91999996,0.91999996,0.96999997,1.02,5.19,11.84,12.809999,13.03,13.46,13.7,15.04,15.349999,187.5,187.5,187.5,187.5,187.5,187.5,187.5,187.5,1.09,15.7,200.02
Arabian_Sea,2025-12-11 03:00:00,1.0699999,0.97999996,0.94,0.95,0.91999996,0.91999996,0.96999997,1.02,1.09,11.84,12.809999,13.03,13.46,13.7,15.04,15.349999,15.7,187.5,187.5,187.5,187.5,187.5,187.5,187.5,200.02,1.0699999,14.34,187.5
Arabian_Sea,2025-12-11 06:00:00,1.0,0.94,0.95,0.91999996,0.91999996,0.96999997,1.02,1.09,1.0699999,12.809999,13.03,13.46,13.7,15.04,15.349999,15.7,14.34,187.5,187.5,187.5,187.5,187.5,187.5,200.02,187.5,1.0,13.19,187.5
Arabian_Sea,2025-12-11 09:00:00,1.05,0.95,0.91999996,0.91999996,0.96999997,1.02,1.09,1.0699999,1.0,13.03,13.46,13.7,15.04,15.349999,15.7,14.34,13.19,187.5,187.5,187.5,187.5,187.5,200.02,187.5,187.5,1.05,13.219999,187.5
Arabian_Sea,2025-12-11 12:00:00,1.13,0.91999996,0.91999996,0.96999997,1.02,1.09,1.0699999,1.0,1.05,13.46,13.7,15.04,15.349999,15.7,14.34,13.19,13.219999,187.5,187.5,187.5,187.5,200.02,187.5,187.5,187.5,1.13,13.32,187.5
Arabian_Sea,2025-12-11 15:00:00,1.16,0.91999996,0.96999997,1.02,1.09,1.0699999,1.0,1.05,1.13,13.7,15.04,15.349999,15.7,14.34,13.19,13.219999,13.32,187.5,187.5,187.5,200.02,187.5,187.5,187.5,187.5,1.16,13.259999,187.5
Arabian_Sea,2025-12-11 18:00:00,1.16,0.96999997,1.02,1.09,1.0699999,1.0,1.05,1.13,1.16,15.04,15.349999,15.7,14.34,13.19,13.219999,13.32,13.259999,187.5,187.5,200.02,187.5,187.5,187.5,187.5,187.5,1.16,5.42,187.5
Arabian_Sea,2025-12-11 21:00:00,1.13,1.02,1.09,1.0699999,1.0,1.05,1.13,1.16,1.16,15.349999,15.7,14.34,13.19,13.219999,13.32,13.259999,5.42,187.5,200.02,187.5,187.5,187.5,187.5,187.5,187.5,1.13,5.5,187.5
Arabian_Sea,2025-12-12 00:00:00,1.09,1.09,1.0699999,1.0,1.05,1.13,1.16,1.16,1.13,15.7,14.34,13.19,13.219999,13.32,13.259999,5.42,5.5,200.02,187.5,187.5,187.5,187.5,187.5,187.5,187.5,1.09,5.48,187.5
Arabian_Sea,2025-12-12 03:00:00,1.05,1.0699999,1.0,1.05,1.13,1.16,1.16,1.13,1.09,14.34,13.19,13.219999,13.32,13.259999,5.42,5.5,5.48,187.5,187.5,187.5,187.5,187.5,187.5,187.5,187.5,1.05,5.38,187.5
Arabian_Sea,2025-12-12 06:00:00,1.04,1.0,1.05,1.13,1.16,1.16,1.13,1.09,1.05,13.19,13.219999,13.32,13.259999,5.42,5.5,5.48,5.38,187.5,187.5,187.5,187.5,187.5,187.5,187.5,187.5,1.04,11.38,187.5
Arabian_Sea,2025-12-12 09:00:00,1.03,1.05,1.13,1.16,1.16,1.13,1.09,1.05,1.04,13.219999,13.32,13.259999,5.42,5.5,5.48,5.38,11.38,187.5,187.5,187.5,187.5,187.5,187.5,187.5,187.5,1.03,11.23,187.5
Arabian_Sea,2025-12-12 12:00:00,1.04,1.13,1.16,1.16,1.13,1.09,1.05,1.04,1.03,13.32,13.259999,5.42,5.5,5.48,5.38,11.38,11.23,187.5,187.5,187.5,187.5,187.5,187.5,187.5,187.5,1.04,11.74,187.5
Arabian_Sea,2025-12-12 15:00:00,0.98999995,1.16,1.16,1.13,1.09,1.05,1.04,1.03,1.04,13.259999,5.42,5.5,5.48,5.38,11.38,11.23,11.74,187.5,187.5,187.5,187.5,187.5,187.5,187.5,187.5,0.98999995,12.67,187.5
Arabian_Sea,2025-12-12 18:00:00,0.98999995,1.16,1.13,1.09,1.05,1.04,1.03,1.04,0.98999995,5.42,5.5,5.48,5.38,11.38,11.23,11.74,12.67,187.5,187.5,187.5,187.5,187.5,187.5,187.5,187.5,0.98999995,12.389999,187.5
Arabian_Sea,2025-12-12 21:00:00,0.98999995,1.13,1.09,1.05,1.04,1.03,1.04,0.98999995,0.98999995,5.5,5.48,5.38,11.38,11.23,11.74,12.67,12.389999,187.5,187.5,187.5,187.5,187.5,187.5,187.5,187.5,0.98999995,12.86,185.02
Arabian_Sea,2025-12-13 00:00:00,0.94,1.09,1.05,1.04,1.03,1.04,0.98999995,0.98999995,0.98999995,5.48,5.38,11.38,11.23,11.74,12.67,12.389999,12.86,187.5,187.5,187.5,187.5,187.5,187.5,187.5,185.02,0.94,12.53,187.5
Arabian_Sea,2025-12-13 03:00:00,0.88,1.05,1.04,1.03,1.04,0.98999995,0.98999995,0.98999995,0.94,5.38,11.38,11.23,11.74,12.67,12.389999,12.86,12.53,187.5,187.5,187.5,187.5,187.5,187.5,185.02,187.5,0.88,11.849999,187.5
Arabian_Sea,2025-12-13 06:00:00,0.81,1.04,1.03,1.04,0.98999995,0.98999995,0.98999995,0.94,0.88,11.38,11.23,11.74,12.67,12.389999,12.86,12.53,11.849999,187.5,187.5,187.5,187.5,187.5,185.02,187.5,187.5,0.81,11.25,187.5
Arabian_Sea,2025-12-13 09:00:00,0.76,1.03,1.04,0.98999995,0.98999995,0.98999995,0.94,0.88,0.81,11.23,11.74,12.67,12.389999,12.86,12.53,11.849999,11.25,187.5,187.5,187.5,187.5,185.02,187.5,187.5,187.5,0.76,11.09,187.5
Arabian_Sea,2025-12-13 12:00:00,0.75,1.04,0.98999995,0.98999995,0.98999995,0.94,0.88,0.81,0.76,11.74,12.67,12.389999,12.86,12.53,11.849999,11.25,11.09,187.5,187.5,187.5,185.02,187.5,187.5,187.5,187.5,0.75,11.57,187.5
Arabian_Sea,2025-12-13 15:00:00,0.72999996,0.98999995,0.98999995,0.98999995,0.94,0.88,0.81,0.76,0.75,12.67,12.389999,12.86,12.53,11.849999,11.25,11.09,11.57,187.5,187.5,185.02,187.5,187.5,187.5,187.5,187.5,0.72999996,11.78,185.01
Arabian_Sea,2025-12-13 18:00:00,0.71999997,0.98999995,0.98999995,0.94,0.88,0.81,0.76,0.75,0.72999996,12.389999,12.86,12.53,11.849999,11.25,11.09,11.57,11.78,187.5,185.02,187.5,187.5,187.5,187.5,187.5,185.01,0.71999997,11.69,185.01
Arabian_Sea,2025-12-13 21:00:00,0.69,0.98999995,0.94,0.88,0.81,0.76,0.75,0.72999996,0.71999997,12.86,12.53,11.849999,11.25,11.09,11.57,11.78,11.69,185.02,187.5,187.5,187.5,187.5,187.5,185.01,185.01,0.69,11.33,187.5
Arabian_Sea,2025-12-14 00:00:00,0.65,0.94,0.88,0.81,0.76,0.75,0.72999996,0.71999997,0.69,12.53,11.849999,11.25,11.09,11.57,11.78,11.69,11.33,187.5,187.5,187.5,187.5,187.5,185.01,185.01,187.5,0.65,11.09,187.5
Arabian_Sea,2025-12-14 03:00:00,0.63,0.88,0.81,0.76,0.75,0.72999996,0.71999997,0.69,0.65,11.849999,11.25,11.09,11.57,11.78,11.69,11.33,11.09,187.5,187.5,187.5,187.5,185.01,185.01,187.5,187.5,0.63,11.19,149.56
Arabian_Sea,2025-12-14 06:00:00,0.63,0.81,0.76,0.75,0.72999996,0.71999997,0.69,0.65,0.63,11.25,11.09,11.57,11.78,11.69,11.33,11.09,11.19,187.5,187.5,187.5,185.01,185.01,187.5,187.5,149.56,0.63,11.219999,187.5
Arabian_Sea,2025-12-14 09:00:00,0.64,0.76,0.75,0.72999996,0.71999997,0.69,0.65,0.63,0.63,11.09,11.57,11.78,11.69,11.33,11.09,11.19,11.219999,187.5,187.5,185.01,185.01,187.5,187.5,149.56,187.5,0.64,11.0,149.56
Arabian_Sea,2025-12-14 12:00:00,0.64,0.75,0.72999996,0.71999997,0.69,0.65,0.63,0.63,0.64,11.57,11.78,11.69,11.33,11.09,11.19,11.219999,11.0,187.5,185.01,185.01,187.5,187.5,149.56,187.5,149.56,0.64,10.429999,187.5
Arabian_Sea,2025-12-14 15:00:00,0.65,0.72999996,0.71999997,0.69,0.65,0.63,0.63,0.64,0.64,11.78,11.69,11.33,11.09,11.19,11.219999,11.0,10.429999,185.01,185.01,187.5,187.5,149.56,187.5,149.56,187.5,0.65,9.95,187.5
Arabian_Sea,2025-12-14 18:00:00,0.66999996,0.71999997,0.69,0.65,0.63,0.63,0.64,0.64,0.65,11.69,11.33,11.09,11.19,11.219999,11.0,10.429999,9.95,185.01,187.5,187.5,149.56,187.5,149.56,187.5,187.5,0.66999996,9.5,187.5
Arabian_Sea,2025-12-14 21:00:00,0.69,0.69,0.65,0.63,0.63,0.64,0.64,0.65,0.66999996,11.33,11.09,11.19,11.219999,11.0,10.429999,9.95,9.5,187.5,187.5,149.56,187.5,149.56,187.5,187.5,187.5,0.69,15.059999,187.5
Arabian_Sea,2025-12-15 00:00:00,0.71,0.65,0.63,0.63,0.64,0.64,0.65,0.66999996,0.69,11.09,11.19,11.219999,11.0,10.429999,9.95,9.5,15.059999,187.5,149.56,187.5,149.56,187.5,187.5,187.5,187.5,0.71,16.46,187.5
Arabian_Sea,2025-12-15 03:00:00,0.75,0.63,0.63,0.64,0.64,0.65,0.66999996,0.69,0.71,11.19,11.219999,11.0,10.429999,9.95,9.5,15.059999,16.46,149.56,187.5,149.56,187.5,187.5,187.5,187.5,187.5,0.75,16.56,187.5
Arabian_Sea,2025-12-15 06:00:00,0.7,0.63,0.64,0.64,0.65,0.66999996,0.69,0.71,0.75,11.219999,11.0,10.429999,9.95,9.5,15.059999,16.46,16.56,187.5,149.56,187.5,187.5,187.5,187.5,187.5,187.5,0.7,14.99,187.5
Arabian_Sea,2025-12-15 09:00:00,0.75,0.64,0.64,0.65,0.66999996,0.69,0.71,0.75,0.7,11.0,10.429999,9.95,9.5,15.059999,16.46,16.56,14.99,149.56,187.5,187.5,187.5,187.5,187.5,187.5,187.5,0.75,14.7,187.5
Arabian_Sea,2025-12-15 12:00:00,0.77,0.64,0.65,0.66999996,0.69,0.71,0.75,0.7,0.75,10.429999,9.95,9.5,15.059999,16.46,16.56,14.99,14.7,187.5,187.5,187.5,187.5,187.5,187.5,187.5,187.5,0.77,14.7699995,187.5
Arabian_Sea,2025-12-15 15:00:00,0.81,0.65,0.66999996,0.69,0.71,0.75,0.7,0.75,0.77,9.95,9.5,15.059999,16.46,16.56,14.99,14.7,14.7699995,187.5,187.5,187.5,187.5,187.5,187.5,187.5,187.5,0.81,15.48,187.5
Arabian_Sea,2025-12-15 18:00:00,0.83,0.66999996,0.69,0.71,0.75,0.7,0.75,0.77,0.81,9.5,15.059999,16.46,16.56,14.99,14.7,14.7699995,15.48,187.5,187.5,187.5,187.5,187.5,187.5,187.5,187.5,0.83,18.859999,202.5
Arabian_Sea,2025-12-15 21:00:00,0.83,0.69,0.71,0.75,0.7,0.75,0.77,0.81,0.83,15.059999,16.46,16.56,14.99,14.7,14.7699995,15.48,18.859999,187.5,187.5,187.5,187.5,187.5,187.5,187.5,202.5,0.83,18.82,202.5
Arabian_Sea,2025-12-16 00:00:00,0.82,0.71,0.75,0.7,0.75,0.77,0.81,0.83,0.83,16.46,16.56,14.99,14.7,14.7699995,15.48,18.859999,18.82,187.5,187.5,187.5,187.5,187.5,187.5,202.5,202.5,0.82,18.93,187.5
Arabian_Sea,2025-12-16 03:00:00,0.82,0.75,0.7,0.75,0.77,0.81,0.83,0.83,0.82,16.56,14.99,14.7,14.7699995,15.48,18.859999,18.82,18.93,187.5,187.5,187.5,187.5,187.5,202.5,202.5,187.5,0.82,18.279999,187.5
Arabian_Sea,2025-12-16 06:00:00,0.82,0.7,0.75,0.77,0.81,0.83,0.83,0.82,0.82,14.99,14.7,14.7699995,15.48,18.859999,18.82,18.93,18.279999,187.5,187.5,187.5,187.5,202.5,202.5,187.5,187.5,0.82,17.56,187.5
Arabian_Sea,2025-12-16 09:00:00,0.84,0.75,0.77,0.81,0.83,0.83,0.82,0.82,0.82,14.7,14.7699995,15.48,18.859999,18.82,18.93,18.279999,17.56,187.5,187.5,187.5,202.5,202.5,187.5,187.5,187.5,0.84,17.56,202.5
Arabian_Sea,2025-12-16 12:00:00,0.82,0.77,0.81,0.83,0.83,0.82,0.82,0.82,0.84,14.7699995,15.48,18.859999,18.82,18.93,18.279999,17.56,17.56,187.5,187.5,202.5,202.5,187.5,187.5,187.5,202.5,0.82,17.08,187.5
Arabian_Sea,2025-12-16 15:00:00,0.82,0.81,0.83,0.83,0.82,0.82,0.82,0.84,0.82,15.48,18.859999,18.82,18.93,18.279999,17.56,17.56,17.08,187.5,202.5,202.5,187.5,187.5,187.5,202.5,187.5,0.82,16.82,187.5
Arabian_Sea,2025-12-16 18:00:00,0.94,0.83,0.83,0.82,0.82,0.82,0.84,0.82,0.82,18.859999,18.82,18.93,18.279999,17.56,17.56,17.08,16.82,202.5,202.5,187.5,187.5,187.5,202.5,187.5,187.5,0.94,17.539999,187.5
Arabian_Sea,2025-12-16 21:00:00,0.94,0.83,0.82,0.82,0.82,0.84,0.82,0.82,0.94,18.82,18.93,18.279999,17.56,17.56,17.08,16.82,17.539999,202.5,187.5,187.5,187.5,202.5,187.5,187.5,187.5,0.94,16.94,187.5
Arabian_Sea,2025-12-17 00:00:00,0.95,0.82,0.82,0.82,0.84,0.82,0.82,0.94,0.94,18.93,18.279999,17.56,17.56,17.08,16.82,17.539999,16.94,187.5,187.5,187.5,202.5,187.5,187.5,187.5,187.5,0.95,17.109999,187.5
Arabian_Sea,2025-12-17 03:00:00,0.97999996,0.82,0.82,0.84,0.82,0.82,0.94,0.94,0.95,18.279999,17.56,17.56,17.08,16.82,17.539999,16.94,17.109999,187.5,187.5,202.5,187.5,187.5,187.5,187.5,187.5,0.97999996,17.21,187.5
Arabian_Sea,2025-12-17 06:00:00,0.97999996,0.82,0.84,0.82,0.82,0.94,0.94,0.95,0.97999996,17.56,17.56,17.08,16.82,17.539999,16.94,17.109999,17.21,187.5,202.5,187.5,187.5,187.5,187.5,187.5,187.5,0.97999996,16.57,187.5
Arabian_Sea,2025-12-17 09:00:00,1.04,0.84,0.82,0.82,0.94,0.94,0.95,0.97999996,0.97999996,17.56,17.08,16.82,17.539999,16.94,17.109999,17.21,16.57,202.5,187.5,187.5,187.5,187.5,187.5,187.5,187.5,1.04,16.6,187.5
Arabian_Sea,2025-12-17 12:00:00,1.0,0.82,0.82,0.94,0.94,0.95,0.97999996,0.97999996,1.04,17.08,16.82,17.539999,16.94,17.109999,17.21,16.57,16.6,187.5,187.5,187.5,187.5,187.5,187.5,187.5,187.5,1.0,15.719999,187.5
Arabian_Sea,2025-12-17 15:00:00,0.98999995,0.82,0.94,0.94,0.95,0.97999996,0.97999996,1.04,1.0,16.82,17.539999,16.94,17.109999,17.21,16.57,16.6,15.719999,187.5,187.5,187.5,187.5,187.5,187.5,187.5,187.5,0.98999995,15.19,187.5
Arabian_Sea,2025-12-17 18:00:00,0.93,0.94,0.94,0.95,0.97999996,0.97999996,1.04,1.0,0.98999995,17.539999,16.94,17.109999,17.21,16.57,16.6,15.719999,15.19,187.5,187.5,187.5,187.5,187.5,187.5,187.5,187.5,0.93,14.45,187.5
Arabian_Sea,2025-12-17 21:00:00,0.95,0.94,0.95,0.97999996,0.97999996,1.04,1.0,0.98999995,0.93,16.94,17.109999,17.21,16.57,16.6,15.719999,15.19,14.45,187.5,187.5,187.5,187.5,187.5,187.5,187.5,187.5,0.95,14.7,187.5
Arabian_Sea,2025-12-18 00:00:00,0.96,0.95,0.97999996,0.97999996,1.04,1.0,0.98999995,0.93,0.95,17.109999,17.21,16.57,16.6,15.719999,15.19,14.45,14.7,187.5,187.5,187.5,187.5,187.5,187.5,187.5,187.5,0.96,14.32,187.5
Arabian_Sea,2025-12-18 03:00:00,0.98999995,0.97999996,0.97999996,1.04,1.0,0.98999995,0.93,0.95,0.96,17.21,16.57,16.6,15.719999,15.19,14.45,14.7,14.32,187.5,187.5,187.5,187.5,187.5,187.5,187.5,187.5,0.98999995,14.19,187.5
Arabian_Sea,2025-12-18 06:00:00,1.0799999,0.97999996,1.04,1.0,0.98999995,0.93,0.95,0.96,0.98999995,16.57,16.6,15.719999,15.19,14.45,14.7,14.32,14.19,187.5,187.5,187.5,187.5,187.5,187.5,187.5,187.5,1.0799999,13.71,187.5
Arabian_Sea,2025-12-18 09:00:00,1.14,1.04,1.0,0.98999995,0.93,0.95,0.96,0.98999995,1.0799999,16.6,15.719999,15.19,14.45,14.7,14.32,14.19,13.71,187.5,187.5,187.5,187.5,187.5,187.5,187.5,187.5,1.14,13.11,187.5
Arabian_Sea,2025-12-18 12:00:00,1.15,1.0,0.98999995,0.93,0.95,0.96,0.98999995,1.0799999,1.14,15.719999,15.19,14.45,14.7,14.32,14.19,13.71,13.11,187.5,187.5,187.5,187.5,187.5,187.5,187.5,187.5,1.15,13.11,187.5
Arabian_Sea,2025-12-18 15:00:00,1.15,0.98999995,0.93,0.95,0.96,0.98999995,1.0799999,1.14,1.15,15.19,14.45,14.7,14.32,14.19,13.71,13.11,13.11,187.5,187.5,187.5,187.5,187.5,187.5,187.5,187.5,1.15,13.099999,187.5
Arabian_Sea,2025-12-18 18:00:00,1.16,0.93,0.95,0.96,0.98999995,1.0799999,1.14,1.15,1.15,14.45,14.7,14.32,14.19,13.71,13.11,13.11,13.099999,187.5,187.5,187.5,187.5,187.5,187.5,187.5,187.5,1.16,13.429999,187.5
Arabian_Sea,2025-12-18 21:00:00,1.13,0.95,0.96,0.98999995,1.0799999,1.14,1.15,1.15,1.16,14.7,14.32,14.19,13.71,13.11,13.11,13.099999,13.429999,187.5,187.5,187.5,187.5,187.5,187.5,187.5,187.5,1.13,13.259999,187.5
Arabian_Sea,2025-12-19 00:00:00,1.06,0.96,0.98999995,1.0799999,1.14,1.15,1.15,1.16,1.13,14.32,14.19,13.71,13.11,13.11,13.099999,13.429999,13.259999,187.5,187.5,187.5,187.5,187.5,187.5,187.5,187.5,1.06,13.309999,187.5
Arabian_Sea,2025-12-19 03:00:00,1.03,0.98999995,1.0799999,1.14,1.15,1.15,1.16,1.13,1.06,14.19,13.71,13.11,13.11,13.099999,13.429999,13.259999,13.309999,187.5,187.5,187.5,187.5,187.5,187.5,187.5,187.5,1.03,12.88,187.5
Arabian_Sea,2025-12-19 06:00:00,0.94,1.0799999,1.14,1.15,1.15,1.16,1.13,1.06,1.03,13.71,13.11,13.11,13.099999,13.429999,13.259999,13.309999,12.88,187.5,187.5,187.5,187.5,187.5,187.5,187.5,187.5,0.94,12.08,187.5
Arabian_Sea,2025-12-19 09:00:00,0.96999997,1.14,1.15,1.15,1.16,1.13,1.06,1.03,0.94,13.11,13.11,13.099999,13.429999,13.259999,13.309999,12.88,12.08,187.5,187.5,187.5,187.5,187.5,187.5,187.5,187.5,0.96999997,12.12,187.5
Arabian_Sea,2025-12-19 12:00:00,1.02,1.15,1.15,1.16,1.13,1.06,1.03,0.94,0.96999997,13.11,13.099999,13.429999,13.259999,13.309999,12.88,12.08,12.12,187.5,187.5,187.5,187.5,187.5,187.5,187.5,187.5,1.02,12.67,187.5
Arabian_Sea,2025-12-19 15:00:00,1.03,1.15,1.16,1.13,1.06,1.03,0.94,0.96999997,1.02,13.099999,13.429999,13.259999,13.309999,12.88,12.08,12.12,12.67,187.5,187.5,187.5,187.5,187.5,187.5,187.5,187.5,1.03,12.2699995,187.5
Arabian_Sea,2025-12-19 18:00:00,1.02,1.16,1.13,1.06,1.03,0.94,0.96999997,1.02,1.03,13.429999,13.259999,13.309999,12.88,12.08,12.12,12.67,12.2699995,187.5,187.5,187.5,187.5,187.5,187.5,187.5,187.5,1.02,11.99,187.5
Arabian_Sea,2025-12-19 21:00:00,1.03,1.13,1.06,1.03,0.94,0.96999997,1.02,1.03,1.02,13.259999,13.309999,12.88,12.08,12.12,12.67,12.2699995,11.99,187.5,187.5,187.5,187.5,187.5,187.5,187.5,187.5,1.03,11.7699995,187.5
Arabian_Sea,2025-12-20 00:00:00,0.96999997,1.06,1.03,0.94,0.96999997,1.02,1.03,1.02,1.03,13.309999,12.88,12.08,12.12,12.67,12.2699995,11.99,11.7699995,187.5,187.5,187.5,187.5,187.5,187.5,187.5,187.5,0.96999997,11.29,187.5
Arabian_Sea,2025-12-20 03:00:00,0.97999996,1.03,0.94,0.96999997,1.02,1.03,1.02,1.03,0.96999997,12.88,12.08,12.12,12.67,12.2699995,11.99,11.7699995,11.29,187.5,187.5,187.5,187.5,187.5,187.5,187.5,187.5,0.97999996,11.849999,187.5
Arabian_Sea,2025-12-20 06:00:00,0.95,0.94,0.96999997,1.02,1.03,1.02,1.03,0.96999997,0.97999996,12.08,12.12,12.67,12.2699995,11.99,11.7699995,11.29,11.849999,187.5,187.5,187.5,187.5,187.5,187.5,187.5,187.5,0.95,11.69,187.5
Arabian_Sea,2025-12-20 09:00:00,0.93,0.96999997,1.02,1.03,1.02,1.03,0.96999997,0.97999996,0.95,12.12,12.67,12.2699995,11.99,11.7699995,11.29,11.849999,11.69,187.5,187.5,187.5,187.5,187.5,187.5,187.5,187.5,0.93,11.53,187.5
Arabian_Sea,2025-12-20 12:00:00,0.93,1.02,1.03,1.02,1.03,0.96999997,0.97999996,0.95,0.93,12.67,12.2699995,11.99,11.7699995,11.29,11.849999,11.69,11.53,187.5,187.5,187.5,187.5,187.5,187.5,187.5,187.5,0.93,11.21,187.5
Arabian_Sea,2025-12-20 15:00:00,0.90999997,1.03,1.02,1.03,0.96999997,0.97999996,0.95,0.93,0.93,12.2699995,11.99,11.7699995,11.29,11.849999,11.69,11.53,11.21,187.5,187.5,187.5,187.5,187.5,187.5,187.5,187.5,0.90999997,11.0,187.5
Arabian_Sea,2025-12-20 18:00:00,0.96999997,1.02,1.03,0.96999997,0.97999996,0.95,0.93,0.93,0.90999997,11.99,11.7699995,11.29,11.849999,11.69,11.53,11.21,11.0,187.5,187.5,187.5,187.5,187.5,187.5,187.5,187.5,0.96999997,11.139999,187.5
Arabian_Sea,2025-12-20 21:00:00,0.94,1.03,0.96999997,0.97999996,0.95,0.93,0.93,0.90999997,0.96999997,11.7699995,11.29,11.849999,11.69,11.53,11.21,11.0,11.139999,187.5,187.5,187.5,187.5,187.5,187.5,187.5,187.5,0.94,10.98,187.5
Arabian_Sea,2025-12-21 00:00:00,1.0,0.96999997,0.97999996,0.95,0.93,0.93,0.90999997,0.96999997,0.94,11.29,11.849999,11.69,11.53,11.21,11.0,11.139999,10.98,187.5,187.5,187.5,187.5,187.5,187.5,187.5,187.5,1.0,11.38,187.5
Arabian_Sea,2025-12-21 03:00:00,0.98999995,0.97999996,0.95,0.93,0.93,0.90999997,0.96999997,0.94,1.0,11.849999,11.69,11.53,11.21,11.0,11.139999,10.98,11.38,187.5,187.5,187.5,187.5,187.5,187.5,187.5,187.5,0.98999995,11.099999,187.5
Arabian_Sea,2025-12-21 06:00:00,0.85999995,0.95,0.93,0.93,0.90999997,0.96999997,0.94,1.0,0.98999995,11.69,11.53,11.21,11.0,11.139999,10.98,11.38,11.099999,187.5,187.5,187.5,187.5,187.5,187.5,187.5,187.5,0.85999995,10.16,187.5
Arabian_Sea,2025-12-21 09:00:00,0.82,0.93,0.93,0.90999997,0.96999997,0.94,1.0,0.98999995,0.85999995,11.53,11.21,11.0,11.139999,10.98,11.38,11.099999,10.16,187.5,187.5,187.5,187.5,187.5,187.5,187.5,187.5,0.82,10.19,187.5
Arabian_Sea,2025-12-21 12:00:00,0.83,0.93,0.90999997,0.96999997,0.94,1.0,0.98999995,0.85999995,0.82,11.21,11.0,11.139999,10.98,11.38,11.099999,10.16,10.19,187.5,187.5,187.5,187.5,187.5,187.5,187.5,187.5,0.83,10.38,187.5
Arabian_Sea,2025-12-21 15:00:00,0.84999996,0.90999997,0.96999997,0.94,1.0,0.98999995,0.85999995,0.82,0.83,11.0,11.139999,10.98,11.38,11.099999,10.16,10.19,10.38,187.5,187.5,187.5,187.5,187.5,187.5,187.5,187.5,0.84999996,10.87,187.5
Arabian_Sea,2025-12-21 18:00:00,0.94,0.96999997,0.94,1.0,0.98999995,0.85999995,0.82,0.83,0.84999996,11.139999,10.98,11.38,11.099999,10.16,10.19,10.38,10.87,187.5,187.5,187.5,187.5,187.5,187.5,187.5,187.5,0.94,11.599999,187.5
Arabian_Sea,2025-12-21 21:00:00,0.95,0.94,1.0,0.98999995,0.85999995,0.82,0.83,0.84999996,0.94,10.98,11.38,11.099999,10.16,10.19,10.38,10.87,11.599999,187.5,187.5,187.5,187.5,187.5,187.5,187.5,187.5,0.95,11.559999,187.5
Arabian_Sea,2025-12-22 00:00:00,0.93,1.0,0.98999995,0.85999995,0.82,0.83,0.84999996,0.94,0.95,11.38,11.099999,10.16,10.19,10.38,10.87,11.599999,11.559999,187.5,187.5,187.5,187.5,187.5,187.5,187.5,187.5,0.93,11.19,187.5
Arabian_Sea,2025-12-22 03:00:00,0.91999996,0.98999995,0.85999995,0.82,0.83,0.84999996,0.94,0.95,0.93,11.099999,10.16,10.19,10.38,10.87,11.599999,11.559999,11.19,187.5,187.5,187.5,187.5,187.5,187.5,187.5,187.5,0.91999996,10.96,187.5
Arabian_Sea,2025-12-22 06:00:00,0.93,0.85999995,0.82,0.83,0.84999996,0.94,0.95,0.93,0.91999996,10.16,10.19,10.38,10.87,11.599999,11.559999,11.19,10.96,187.5,187.5,187.5,187.5,187.5,187.5,187.5,187.5,0.93,10.62,187.5
Arabian_Sea,2025-12-22 09:00:00,0.84,0.82,0.83,0.84999996,0.94,0.95,0.93,0.91999996,0.93,10.19,10.38,10.87,11.599999,11.559999,11.19,10.96,10.62,187.5,187.5,187.5,187.5,187.5,187.5,187.5,187.5,0.84,9.58,187.5
Arabian_Sea,2025-12-22 12:00:00,0.84999996,0.83,0.84999996,0.94,0.95,0.93,0.91999996,0.93,0.84,10.38,10.87,11.599999,11.559999,11.19,10.96,10.62,9.58,187.5,187.5,187.5,187.5,187.5,187.5,187.5,187.5,0.84999996,9.44,187.5
Arabian_Sea,2025-12-22 15:00:00,0.87,0.84999996,0.94,0.95,0.93,0.91999996,0.93,0.84,0.84999996,10.87,11.599999,11.559999,11.19,10.96,10.62,9.58,9.44,187.5,187.5,187.5,187.5,187.5,187.5,187.5,187.5,0.87,9.37,187.5
Arabian_Sea,2025-12-22 18:00:00,0.9,0.94,0.95,0.93,0.91999996,0.93,0.84,0.84999996,0.87,11.599999,11.559999,11.19,10.96,10.62,9.58,9.44,9.37,187.5,187.5,187.5,187.5,187.5,187.5,187.5,187.5,0.9,9.4,187.5
Arabian_Sea,2025-12-22 21:00:00,0.90999997,0.95,0.93,0.91999996,0.93,0.84,0.84999996,0.87,0.9,11.559999,11.19,10.96,10.62,9.58,9.44,9.37,9.4,187.5,187.5,187.5,187.5,187.5,187.5,187.5,187.5,0.90999997,9.12,187.5
Arabian_Sea,2025-12-23 00:00:00,0.90999997,0.93,0.91999996,0.93,0.84,0.84999996,0.87,0.9,0.90999997,11.19,10.96,10.62,9.58,9.44,9.37,9.4,9.12,187.5,187.5,187.5,187.5,187.5,187.5,187.5,187.5,0.90999997,10.05,187.5
Arabian_Sea,2025-12-23 03:00:00,0.91999996,0.91999996,0.93,0.84,0.84999996,0.87,0.9,0.90999997,0.90999997,10.96,10.62,9.58,9.44,9.37,9.4,9.12,10.05,187.5,187.5,187.5,187.5,187.5,187.5,187.5,187.5,0.91999996,10.55,187.5
Arabian_Sea,2025-12-23 06:00:00,0.96999997,0.93,0.84,0.84999996,0.87,0.9,0.90999997,0.90999997,0.91999996,10.62,9.58,9.44,9.37,9.4,9.12,10.05,10.55,187.5,187.5,187.5,187.5,187.5,187.5,187.5,187.5,0.96999997,10.58,187.5
Arabian_Sea,2025-12-23 09:00:00,0.94,0.84,0.84999996,0.87,0.9,0.90999997,0.90999997,0.91999996,0.96999997,9.58,9.44,9.37,9.4,9.12,10.05,10.55,10.58,187.5,187.5,187.5,187.5,187.5,187.5,187.5,187.5,0.94,10.21,187.5
Arabian_Sea,2025-12-23 12:00:00,0.93,0.84999996,0.87,0.9,0.90999997,0.90999997,0.91999996,0.96999997,0.94,9.44,9.37,9.4,9.12,10.05,10.55,10.58,10.21,187.5,187.5,187.5,187.5,187.5,187.5,187.5,187.5,0.93,9.969999,187.5
Arabian_Sea,2025-12-23 15:00:00,0.94,0.87,0.9,0.90999997,0.90999997,0.91999996,0.96999997,0.94,0.93,9.37,9.4,9.12,10.05,10.55,10.58,10.21,9.969999,187.5,187.5,187.5,187.5,187.5,187.5,187.5,187.5,0.94,9.32,187.5
Arabian_Sea,2025-12-23 18:00:00,0.96999997,0.9,0.90999997,0.90999997,0.91999996,0.96999997,0.94,0.93,0.94,9.4,9.12,10.05,10.55,10.58,10.21,9.969999,9.32,187.5,187.5,187.5,187.5,187.5,187.5,187.5,187.5,0.96999997,8.83,187.5
Arabian_Sea,2025-12-23 21:00:00,1.01,0.90999997,0.90999997,0.91999996,0.96999997,0.94,0.93,0.94,0.96999997,9.12,10.05,10.55,10.58,10.21,9.969999,9.32,8.83,187.5,187.5,187.5,187.5,187.5,187.5,187.5,187.5,1.01,8.71,187.5
Arabian_Sea,2025-12-24 00:00:00,1.06,0.90999997,0.91999996,0.96999997,0.94,0.93,0.94,0.96999997,1.01,10.05,10.55,10.58,10.21,9.969999,9.32,8.83,8.71,187.5,187.5,187.5,187.5,187.5,187.5,187.5,187.5,1.06,8.599999,187.5
Arabian_Sea,2025-12-24 03:00:00,1.02,0.91999996,0.96999997,0.94,0.93,0.94,0.96999997,1.01,1.06,10.55,10.58,10.21,9.969999,9.32,8.83,8.71,8.599999,187.5,187.5,187.5,187.5,187.5,187.5,187.5,187.5,1.02,8.26,200.02
Arabian_Sea,2025-12-24 06:00:00,0.97999996,0.96999997,0.94,0.93,0.94,0.96999997,1.01,1.06,1.02,10.58,10.21,9.969999,9.32,8.83,8.71,8.599999,8.26,187.5,187.5,187.5,187.5,187.5,187.5,187.5,200.02,0.97999996,7.74,149.56
Arabian_Sea,2025-12-24 09:00:00,0.94,0.94,0.93,0.94,0.96999997,1.01,1.06,1.02,0.97999996,10.21,9.969999,9.32,8.83,8.71,8.599999,8.26,7.74,187.5,187.5,187.5,187.5,187.5,187.5,200.02,149.56,0.94,7.3999996,142.5
Arabian_Sea,2025-12-24 12:00:00,0.94,0.93,0.94,0.96999997,1.01,1.06,1.02,0.97999996,0.94,9.969999,9.32,8.83,8.71,8.599999,8.26,7.74,7.3999996,187.5,187.5,187.5,187.5,187.5,200.02,149.56,142.5,0.94,7.16,142.5
Arabian_Sea,2025-12-24 15:00:00,0.9,0.94,0.96999997,1.01,1.06,1.02,0.97999996,0.94,0.94,9.32,8.83,8.71,8.599999,8.26,7.74,7.3999996,7.16,187.5,187.5,187.5,187.5,200.02,149.56,142.5,142.5,0.9,7.1299996,142.5
Arabian_Sea,2025-12-24 18:00:00,0.9,0.96999997,1.01,1.06,1.02,0.97999996,0.94,0.94,0.9,8.83,8.71,8.599999,8.26,7.74,7.3999996,7.16,7.1299996,187.5,187.5,187.5,200.02,149.56,142.5,142.5,142.5,0.9,10.969999,142.5
Arabian_Sea,2025-12-24 21:00:00,0.87,1.01,1.06,1.02,0.97999996,0.94,0.94,0.9,0.9,8.71,8.599999,8.26,7.74,7.3999996,7.16,7.1299996,10.969999,187.5,187.5,200.02,149.56,142.5,142.5,142.5,142.5,0.87,10.86,149.56
Arabian_Sea,2025-12-25 00:00:00,0.84,1.06,1.02,0.97999996,0.94,0.94,0.9,0.9,0.87,8.599999,8.26,7.74,7.3999996,7.16,7.1299996,10.969999,10.86,187.5,200.02,149.56,142.5,142.5,142.5,142.5,149.56,0.84,10.8,187.5
Arabian_Sea,2025-12-25 03:00:00,0.83,1.02,0.97999996,0.94,0.94,0.9,0.9,0.87,0.84,8.26,7.74,7.3999996,7.16,7.1299996,10.969999,10.86,10.8,200.02,149.56,142.5,142.5,142.5,142.5,149.56,187.5,0.83,10.63,187.5
Arabian_Sea,2025-12-25 06:00:00,0.78999996,0.97999996,0.94,0.94,0.9,0.9,0.87,0.84,0.83,7.74,7.3999996,7.16,7.1299996,10.969999,10.86,10.8,10.63,149.56,142.5,142.5,142.5,142.5,149.56,187.5,187.5,0.78999996,10.4,187.5
Arabian_Sea,2025-12-25 09:00:00,0.78999996,0.94,0.94,0.9,0.9,0.87,0.84,0.83,0.78999996,7.3999996,7.16,7.1299996,10.969999,10.86,10.8,10.63,10.4,142.5,142.5,142.5,142.5,149.56,187.5,187.5,187.5,0.78999996,10.46,187.5
Arabian_Sea,2025-12-25 12:00:00,0.78,0.94,0.9,0.9,0.87,0.84,0.83,0.78999996,0.78999996,7.16,7.1299996,10.969999,10.86,10.8,10.63,10.4,10.46,142.5,142.5,142.5,149.56,187.5,187.5,187.5,187.5,0.78,10.24,172.5
Arabian_Sea,2025-12-25 15:00:00,0.81,0.9,0.9,0.87,0.84,0.83,0.78999996,0.78999996,0.78,7.1299996,10.969999,10.86,10.8,10.63,10.4,10.46,10.24,142.5,142.5,149.56,187.5,187.5,187.5,187.5,172.5,0.81,19.92,187.5
Arabian_Sea,2025-12-25 18:00:00,0.88,0.9,0.87,0.84,0.83,0.78999996,0.78999996,0.78,0.81,10.969999,10.86,10.8,10.63,10.4,10.46,10.24,19.92,142.5,149.56,187.5,187.5,187.5,187.5,172.5,187.5,0.88,19.0,187.5
Arabian_Sea,2025-12-25 21:00:00,0.90999997,0.87,0.84,0.83,0.78999996,0.78999996,0.78,0.81,0.88,10.86,10.8,10.63,10.4,10.46,10.24,19.92,19.0,149.56,187.5,187.5,187.5,187.5,172.5,187.5,187.5,0.90999997,18.96,187.5
Arabian_Sea,2025-12-26 00:00:00,0.94,0.84,0.83,0.78999996,0.78999996,0.78,0.81,0.88,0.90999997,10.8,10.63,10.4,10.46,10.24,19.92,19.0,18.96,187.5,187.5,187.5,187.5,172.5,187.5,187.5,187.5,0.94,19.05,187.5
Arabian_Sea,2025-12-26 03:00:00,0.91999996,0.83,0.78999996,0.78999996,0.78,0.81,0.88,0.90999997,0.94,10.63,10.4,10.46,10.24,19.92,19.0,18.96,19.05,187.5,187.5,187.5,172.5,187.5,187.5,187.5,187.5,0.91999996,18.0,187.5
Arabian_Sea,2025-12-26 06:00:00,0.87,0.78999996,0.78999996,0.78,0.81,0.88,0.90999997,0.94,0.91999996,10.4,10.46,10.24,19.92,19.0,18.96,19.05,18.0,187.5,187.5,172.5,187.5,187.5,187.5,187.5,187.5,0.87,18.02,187.5
Arabian_Sea,2025-12-26 09:00:00,0.9,0.78999996,0.78,0.81,0.88,0.90999997,0.94,0.91999996,0.87,10.46,10.24,19.92,19.0,18.96,19.05,18.0,18.02,187.5,172.5,187.5,187.5,187.5,187.5,187.5,187.5,0.9,17.63,187.5
Arabian_Sea,2025-12-26 12:00:00,0.94,0.78,0.81,0.88,0.90999997,0.94,0.91999996,0.87,0.9,10.24,19.92,19.0,18.96,19.05,18.0,18.02,17.63,172.5,187.5,187.5,187.5,187.5,187.5,187.5,187.5,0.94,17.38,187.5
Arabian_Sea,2025-12-26 15:00:00,0.95,0.81,0.88,0.90999997,0.94,0.91999996,0.87,0.9,0.94,19.92,19.0,18.96,19.05,18.0,18.02,17.63,17.38,187.5,187.5,187.5,187.5,187.5,187.5,187.5,187.5,0.95,17.46,187.5
Arabian_Sea,2025-12-26 18:00:00,0.96999997,0.88,0.90999997,0.94,0.91999996,0.87,0.9,0.94,0.95,19.0,18.96,19.05,18.0,18.02,17.63,17.38,17.46,187.5,187.5,187.5,187.5,187.5,187.5,187.5,187.5,0.96999997,17.56,187.5
Arabian_Sea,2025-12-26 21:00:00,0.98999995,0.90999997,0.94,0.91999996,0.87,0.9,0.94,0.95,0.96999997,18.96,19.05,18.0,18.02,17.63,17.38,17.46,17.56,187.5,187.5,187.5,187.5,187.5,187.5,187.5,187.5,0.98999995,17.4,187.5
Arabian_Sea,2025-12-27 00:00:00,0.96,0.94,0.91999996,0.87,0.9,0.94,0.95,0.96999997,0.98999995,19.05,18.0,18.02,17.63,17.38,17.46,17.56,17.4,187.5,187.5,187.5,187.5,187.5,187.5,187.5,187.5,0.96,16.77,187.5
Arabian_Sea,2025-12-27 03:00:00,0.94,0.91999996,0.87,0.9,0.94,0.95,0.96999997,0.98999995,0.96,18.0,18.02,17.63,17.38,17.46,17.56,17.4,16.77,187.5,187.5,187.5,187.5,187.5,187.5,187.5,187.5,0.94,16.33,187.5
Arabian_Sea,2025-12-27 06:00:00,0.96,0.87,0.9,0.94,0.95,0.96999997,0.98999995,0.96,0.94,18.02,17.63,17.38,17.46,17.56,17.4,16.77,16.33,187.5,187.5,187.5,187.5,187.5,187.5,187.5,187.5,0.96,15.79,187.5
Arabian_Sea,2025-12-27 09:00:00,0.95,0.9,0.94,0.95,0.96999997,0.98999995,0.96,0.94,0.96,17.63,17.38,17.46,17.56,17.4,16.77,16.33,15.79,187.5,187.5,187.5,187.5,187.5,187.5,187.5,187.5,0.95,15.429999,187.5
Arabian_Sea,2025-12-27 12:00:00,0.94,0.94,0.95,0.96999997,0.98999995,0.96,0.94,0.96,0.95,17.38,17.46,17.56,17.4,16.77,16.33,15.79,15.429999,187.5,187.5,187.5,187.5,187.5,187.5,187.5,187.5,0.94,15.0199995,187.5
Arabian_Sea,2025-12-27 15:00:00,0.91999996,0.95,0.96999997,0.98999995,0.96,0.94,0.96,0.95,0.94,17.46,17.56,17.4,16.77,16.33,15.79,15.429999,15.0199995,187.5,187.5,187.5,187.5,187.5,187.5,187.5,187.5,0.91999996,15.36,187.5
Arabian_Sea,2025-12-27 18:00:00,0.88,0.96999997,0.98999995,0.96,0.94,0.96,0.95,0.94,0.91999996,17.56,17.4,16.77,16.33,15.79,15.429999,15.0199995,15.36,187.5,187.5,187.5,187.5,187.5,187.5,187.5,187.5,0.88,15.219999,187.5
Arabian_Sea,2025-12-27 21:00:00,0.87,0.98999995,0.96,0.94,0.96,0.95,0.94,0.91999996,0.88,17.4,16.77,16.33,15.79,15.429999,15.0199995,15.36,15.219999,187.5,187.5,187.5,187.5,187.5,187.5,187.5,187.5,0.87,14.4,187.5
Arabian_Sea,2025-12-28 00:00:00,0.87,0.96,0.94,0.96,0.95,0.94,0.91999996,0.88,0.87,16.77,16.33,15.79,15.429999,15.0199995,15.36,15.219999,14.4,187.5,187.5,187.5,187.5,187.5,187.5,187.5,187.5,0.87,14.09,187.5
Arabian_Sea,2025-12-28 03:00:00,0.88,0.94,0.96,0.95,0.94,0.91999996,0.88,0.87,0.87,16.33,15.79,15.429999,15.0199995,15.36,15.219999,14.4,14.09,187.5,187.5,187.5,187.5,187.5,187.5,187.5,187.5,0.88,13.7,187.5
Arabian_Sea,2025-12-28 06:00:00,0.87,0.96,0.95,0.94,0.91999996,0.88,0.87,0.87,0.88,15.79,15.429999,15.0199995,15.36,15.219999,14.4,14.09,13.7,187.5,187.5,187.5,187.5,187.5,187.5,187.5,187.5,0.87,13.299999,187.5
Arabian_Sea,2025-12-28 09:00:00,0.84,0.95,0.94,0.91999996,0.88,0.87,0.87,0.88,0.87,15.429999,15.0199995,15.36,15.219999,14.4,14.09,13.7,13.299999,187.5,187.5,187.5,187.5,187.5,187.5,187.5,187.5,0.84,12.83,187.5
Arabian_Sea,2025-12-28 12:00:00,0.81,0.94,0.91999996,0.88,0.87,0.87,0.88,0.87,0.84,15.0199995,15.36,15.219999,14.4,14.09,13.7,13.299999,12.83,187.5,187.5,187.5,187.5,187.5,187.5,187.5,187.5,0.81,12.92,187.5
Arabian_Sea,2025-12-28 15:00:00,0.79999995,0.91999996,0.88,0.87,0.87,0.88,0.87,0.84,0.81,15.36,15.219999,14.4,14.09,13.7,13.299999,12.83,12.92,187.5,187.5,187.5,187.5,187.5,187.5,187.5,187.5,0.79999995,12.28,187.5
Arabian_Sea,2025-12-28 18:00:00,0.78,0.88,0.87,0.87,0.88,0.87,0.84,0.81,0.79999995,15.219999,14.4,14.09,13.7,13.299999,12.83,12.92,12.28,187.5,187.5,187.5,187.5,187.5,187.5,187.5,187.5,0.78,12.2,187.5
Arabian_Sea,2025-12-28 21:00:00,0.77,0.87,0.87,0.88,0.87,0.84,0.81,0.79999995,0.78,14.4,14.09,13.7,13.299999,12.83,12.92,12.28,12.2,187.5,187.5,187.5,187.5,187.5,187.5,187.5,187.5,0.77,12.17,202.5
Arabian_Sea,2025-12-29 00:00:00,0.77,0.87,0.88,0.87,0.84,0.81,0.79999995,0.78,0.77,14.09,13.7,13.299999,12.83,12.92,12.28,12.2,12.17,187.5,187.5,187.5,187.5,187.5,187.5,187.5,202.5,0.77,12.17,187.5
Arabian_Sea,2025-12-29 03:00:00,0.76,0.88,0.87,0.84,0.81,0.79999995,0.78,0.77,0.77,13.7,13.299999,12.83,12.92,12.28,12.2,12.17,12.17,187.5,187.5,187.5,187.5,187.5,187.5,202.5,187.5,0.76,12.009999,187.5
Arabian_Sea,2025-12-29 06:00:00,0.65999997,0.87,0.84,0.81,0.79999995,0.78,0.77,0.77,0.76,13.299999,12.83,12.92,12.28,12.2,12.17,12.17,12.009999,187.5,187.5,187.5,187.5,187.5,202.5,187.5,187.5,0.65999997,11.05,187.5
Arabian_Sea,2025-12-29 09:00:00,0.7,0.84,0.81,0.79999995,0.78,0.77,0.77,0.76,0.65999997,12.83,12.92,12.28,12.2,12.17,12.17,12.009999,11.05,187.5,187.5,187.5,187.5,202.5,187.5,187.5,187.5,0.7,11.55,187.5
Arabian_Sea,2025-12-29 12:00:00,0.69,0.81,0.79999995,0.78,0.77,0.77,0.76,0.65999997,0.7,12.92,12.28,12.2,12.17,12.17,12.009999,11.05,11.55,187.5,187.5,187.5,202.5,187.5,187.5,187.5,187.5,0.69,11.21,187.5
Arabian_Sea,2025-12-29 15:00:00,0.69,0.79999995,0.78,0.77,0.77,0.76,0.65999997,0.7,0.69,12.28,12.2,12.17,12.17,12.009999,11.05,11.55,11.21,187.5,187.5,202.5,187.5,187.5,187.5,187.5,187.5,0.69,11.32,187.5
Arabian_Sea,2025-12-29 18:00:00,0.78,0.78,0.77,0.77,0.76,0.65999997,0.7,0.69,0.69,12.2,12.17,12.17,12.009999,11.05,11.55,11.21,11.32,187.5,202.5,187.5,187.5,187.5,187.5,187.5,187.5,0.78,11.849999,187.5
Arabian_Sea,2025-12-29 21:00:00,0.74,0.77,0.77,0.76,0.65999997,0.7,0.69,0.69,0.78,12.17,12.17,12.009999,11.05,11.55,11.21,11.32,11.849999,202.5,187.5,187.5,187.5,187.5,187.5,187.5,187.5,0.74,11.28,140.01
Arabian_Sea,2025-12-30 00:00:00,0.76,0.77,0.76,0.65999997,0.7,0.69,0.69,0.78,0.74,12.17,12.009999,11.05,11.55,11.21,11.32,11.849999,11.28,187.5,187.5,187.5,187.5,187.5,187.5,187.5,140.01,0.76,11.469999,187.5
Arabian_Sea,2025-12-30 03:00:00,0.78,0.76,0.65999997,0.7,0.69,0.69,0.78,0.74,0.76,12.009999,11.05,11.55,11.21,11.32,11.849999,11.28,11.469999,187.5,187.5,187.5,187.5,187.5,187.5,140.01,187.5,0.78,11.8,187.5
Arabian_Sea,2025-12-30 06:00:00,0.75,0.65999997,0.7,0.69,0.69,0.78,0.74,0.76,0.78,11.05,11.55,11.21,11.32,11.849999,11.28,11.469999,11.8,187.5,187.5,187.5,187.5,187.5,140.01,187.5,187.5,0.75,11.62,187.5
Arabian_Sea,2025-12-30 09:00:00,0.78,0.7,0.69,0.69,0.78,0.74,0.76,0.78,0.75,11.55,11.21,11.32,11.849999,11.28,11.469999,11.8,11.62,187.5,187.5,187.5,187.5,140.01,187.5,187.5,187.5,0.78,11.63,142.5
Arabian_Sea,2025-12-30 12:00:00,0.82,0.69,0.69,0.78,0.74,0.76,0.78,0.75,0.78,11.21,11.32,11.849999,11.28,11.469999,11.8,11.62,11.63,187.5,187.5,187.5,140.01,187.5,187.5,187.5,142.5,0.82,11.42,142.5
Arabian_Sea,2025-12-30 15:00:00,0.87,0.69,0.78,0.74,0.76,0.78,0.75,0.78,0.82,11.32,11.849999,11.28,11.469999,11.8,11.62,11.63,11.42,187.5,187.5,140.01,187.5,187.5,187.5,142.5,142.5,0.87,11.32,140.02
Arabian_Sea,2025-12-30 18:00:00,0.90999997,0.78,0.74,0.76,0.78,0.75,0.78,0.82,0.87,11.849999,11.28,11.469999,11.8,11.62,11.63,11.42,11.32,187.5,140.01,187.5,187.5,187.5,142.5,142.5,140.02,0.90999997,11.2,142.5
Arabian_Sea,2025-12-30 21:00:00,0.89,0.74,0.76,0.78,0.75,0.78,0.82,0.87,0.90999997,11.28,11.469999,11.8,11.62,11.63,11.42,11.32,11.2,140.01,187.5,187.5,187.5,142.5,142.5,140.02,142.5,0.89,10.96,142.5
Arabian_Sea,2025-12-31 00:00:00,0.89,0.76,0.78,0.75,0.78,0.82,0.87,0.90999997,0.89,11.469999,11.8,11.62,11.63,11.42,11.32,11.2,10.96,187.5,187.5,187.5,142.5,142.5,140.02,142.5,142.5,0.89,11.099999,142.5
Bay_of_Bengal,2025-10-01 00:00:00,1.8199999,1.8499999,1.9399999,1.9499999,1.86,1.77,1.6999999,1.64,1.89,7.43,7.5299997,7.46,7.3199997,7.0499997,6.97,6.95,7.5499997,187.5,187.5,187.5,187.5,187.5,187.5,187.5,187.5,1.8199999,7.64,187.5
Bay_of_Bengal,2025-10-01 03:00:00,1.8499999,1.9399999,1.9499999,1.86,1.77,1.6999999,1.64,1.89,1.8199999,7.5299997,7.46,7.3199997,7.0499997,6.97,6.95,7.5499997,7.64,187.5,187.5,187.5,187.5,187.5,187.5,187.5,187.5,1.8499999,8.36,187.5
Bay_of_Bengal,2025-10-01 06:00:00,1.8,1.9499999,1.86,1.77,1.6999999,1.64,1.89,1.8199999,1.8499999,7.46,7.3199997,7.0499997,6.97,6.95,7.5499997,7.64,8.36,187.5,187.5,187.5,187.5,187.5,187.5,187.5,187.5,1.8,7.96,187.5
Bay_of_Bengal,2025-10-01 09:00:00,2.04,1.86,1.77,1.6999999,1.64,1.89,1.8199999,1.8499999,1.8,7.3199997,7.0499997,6.97,6.95,7.5499997,7.64,8.36,7.96,187.5,187.5,187.5,187.5,187.5,187.5,187.5,187.5,2.04,7.8999996,187.5
Bay_of_Bengal,2025-10-01 12:00:00,2.51,1.77,1.6999999,1.64,1.89,1.8199999,1.8499999,1.8,2.04,7.0499997,6.97,6.95,7.5499997,7.64,8.36,7.96,7.8999996,187.5,187.5,187.5,187.5,187.5,187.5,187.5,187.5,2.51,7.6299996,262.5
Bay_of_Bengal,2025-10-01 15:00:00,2.71,1.6999999,1.64,1.89,1.8199999,1.8499999,1.8,2.04,2.51,6.97,6.95,7.5499997,7.64,8.36,7.96,7.8999996,7.6299996,187.5,187.5,187.5,187.5,187.5,187.5,187.5,262.5,2.71,7.43,262.5
Bay_of_Bengal,2025-10-01 18:00:00,2.81,1.64,1.89,1.8199999,1.8499999,1.8,2.04,2.51,2.71,6.95,7.5499997,7.64,8.36,7.96,7.8999996,7.6299996,7.43,187.5,187.5,187.5,187.5,187.5,187.5,262.5,262.5,2.81,7.3799996,262.5
Bay_of_Bengal,2025-10-01 21:00:00,2.8999999,1.89,1.8199999,1.8499999,1.8,2.04,2.51,2.71,2.81,7.5499997,7.64,8.36,7.96,7.8999996,7.6299996,7.43,7.3799996,187.5,187.5,187.5,187.5,187.5,262.5,262.5,262.5,2.8999999,7.48,247.5
Bay_of_Bengal,2025-10-02 00:00:00,2.98,1.8199999,1.8499999,1.8,2.04,2.51,2.71,2.81,2.8999999,7.64,8.36,7.96,7.8999996,7.6299996,7.43,7.3799996,7.48,187.5,187.5,187.5,187.5,262.5,262.5,262.5,247.5,2.98,7.5699997,247.5
Bay_of_Bengal,2025-10-02 03:00:00,3.21,1.8499999,1.8,2.04,2.51,2.71,2.81,2.8999999,2.98,8.36,7.96,7.8999996,7.6299996,7.43,7.3799996,7.48,7.5699997,187.5,187.5,187.5,262.5,262.5,262.5,247.5,247.5,3.21,7.95,247.5
Bay_of_Bengal,2025-10-02 06:00:00,3.1399999,1.8,2.04,2.51,2.71,2.81,2.8999999,2.98,3.21,7.96,7.8999996,7.6299996,7.43,7.3799996,7.48,7.5699997,7.95,187.5,187.5,262.5,262.5,262.5,247.5,247.5,247.5,3.1399999,8.059999,292.5
Bay_of_Bengal,2025-10-02 09:00:00,2.86,2.04,2.51,2.71,2.81,2.8999999,2.98,3.21,3.1399999,7.8999996,7.6299996,7.43,7.3799996,7.48,7.5699997,7.95,8.059999,187.5,262.5,262.5,262.5,247.5,247.5,247.5,292.5,2.86,7.93,187.5
Bay_of_Bengal,2025-10-02 12:00:00,2.56,2.51,2.71,2.81,2.8999999,2.98,3.21,3.1399999,2.86,7.6299996,7.43,7.3799996,7.48,7.5699997,7.95,8.059999,7.93,262.5,262.5,262.5,247.5,247.5,247.5,292.5,187.5,2.56,7.6699996,187.5
Bay_of_Bengal,2025-10-02 15:00:00,2.62,2.71,2.81,2.8999999,2.98,3.21,3.1399999,2.86,2.56,7.43,7.3799996,7.48,7.5699997,7.95,8.059999,7.93,7.6699996,262.5,262.5,247.5,247.5,247.5,292.5,187.5,187.5,2.62,7.96,187.5
Bay_of_Bengal,2025-10-02 18:00:00,2.28,2.81,2.8999999,2.98,3.21,3.1399999,2.86,2.56,2.62,7.3799996,7.48,7.5699997,7.95,8.059999,7.93,7.6699996,7.96,262.5,247.5,247.5,247.5,292.5,187.5,187.5,187.5,2.28,7.54,187.5
Bay_of_Bengal,2025-10-02 21:00:00,2.03,2.8999999,2.98,3.21,3.1399999,2.86,2.56,2.62,2.28,7.48,7.5699997,7.95,8.059999,7.93,7.6699996,7.96,7.54,247.5,247.5,247.5,292.5,187.5,187.5,187.5,187.5,2.03,7.18,187.5
Bay_of_Bengal,2025-10-03 00:00:00,1.8299999,2.98,3.21,3.1399999,2.86,2.56,2.62,2.28,2.03,7.5699997,7.95,8.059999,7.93,7.6699996,7.96,7.54,7.18,247.5,247.5,292.5,187.5,187.5,187.5,187.5,187.5,1.8299999,6.77,187.5
Bay_of_Bengal,2025-10-03 03:00:00,1.76,3.21,3.1399999,2.86,2.56,2.62,2.28,2.03,1.8299999,7.95,8.059999,7.93,7.6699996,7.96,7.54,7.18,6.77,247.5,292.5,187.5,187.5,187.5,187.5,187.5,187.5,1.76,6.3999996,187.5
Bay_of_Bengal,2025-10-03 06:00:00,1.74,3.1399999,2.86,2.56,2.62,2.28,2.03,1.8299999,1.76,8.059999,7.93,7.6699996,7.96,7.54,7.18,6.77,6.3999996,292.5,187.5,187.5,187.5,187.5,187.5,187.5,187.5,1.74,19.39,187.5
Bay_of_Bengal,2025-10-03 09:00:00,1.75,2.86,2.56,2.62,2.28,2.03,1.8299999,1.76,1.74,7.93,7.6699996,7.96,7.54,7.18,6.77,6.3999996,19.39,187.5,187.5,187.5,187.5,187.5,187.5,187.5,187.5,1.75,19.5,187.5
Bay_of_Bengal,2025-10-03 12:00:00,1.75,2.56,2.62,2.28,2.03,1.8299999,1.76,1.74,1.75,7.6699996,7.96,7.54,7.18,6.77,6.3999996,19.39,19.5,187.5,187.5,187.5,187.5,187.5,187.5,187.5,187.5,1.75,19.42,187.5
Bay_of_Bengal,2025-10-03 15:00:00,1.68,2.62,2.28,2.03,1.8299999,1.76,1.74,1.75,1.75,7.96,7.54,7.18,6.77,6.3999996,19.39,19.5,19.42,187.5,187.5,187.5,187.5,187.5,187.5,187.5,187.5,1.68,18.19,187.5
Bay_of_Bengal,2025-10-03 18:00:00,1.6999999,2.28,2.03,1.8299999,1.76,1.74,1.75,1.75,1.68,7.54,7.18,6.77,6.3999996,19.39,19.5,19.42,18.19,187.5,187.5,187.5,187.5,187.5,187.5,187.5,187.5,1.6999999,18.52,187.5
Bay_of_Bengal,2025-10-03 21:00:00,1.7099999,2.03,1.8299999,1.76,1.74,1.75,1.75,1.68,1.6999999,7.18,6.77,6.3999996,19.39,19.5,19.42,18.19,18.52,187.5,187.5,187.5,187.5,187.5,187.5,187.5,187.5,1.7099999,18.39,187.5
Bay_of_Bengal,2025-10-04 00:00:00,1.74,1.8299999,1.76,1.74,1.75,1.75,1.68,1.6999999,1.7099999,6.77,6.3999996,19.39,19.5,19.42,18.19,18.52,18.39,187.5,187.5,187.5,187.5,187.5,187.5,187.5,187.5,1.74,17.66,187.5
Bay_of_Bengal,2025-10-04 03:00:00,1.74,1.76,1.74,1.75,1.75,1.68,1.6999999,1.7099999,1.74,6.3999996,19.39,19.5,19.42,18.19,18.52,18.39,17.66,187.5,187.5,187.5,187.5,187.5,187.5,187.5,187.5,1.74,17.76,187.5
Bay_of_Bengal,2025-10-04 06:00:00,1.79,1.74,1.75,1.75,1.68,1.6999999,1.7099999,1.74,1.74,19.39,19.5,19.42,18.19,18.52,18.39,17.66,17.76,187.5,187.5,187.5,187.5,187.5,187.5,187.5,187.5,1.79,17.82,187.5
Bay_of_Bengal,2025-10-04 09:00:00,1.7099999,1.75,1.75,1.68,1.6999999,1.7099999,1.74,1.74,1.79,19.5,19.42,18.19,18.52,18.39,17.66,17.76,17.82,187.5,187.5,187.5,187.5,187.5,187.5,187.5,187.5,1.7099999,17.0,187.5
Bay_of_Bengal,2025-10-04 12:00:00,1.6999999,1.75,1.68,1.6999999,1.7099999,1.74,1.74,1.79,1.7099999,19.42,18.19,18.52,18.39,17.66,17.76,17.82,17.0,187.5,187.5,187.5,187.5,187.5,187.5,187.5,187.5,1.6999999,16.58,187.5
Bay_of_Bengal,2025-10-04 15:00:00,1.68,1.68,1.6999999,1.7099999,1.74,1.74,1.79,1.7099999,1.6999999,18.19,18.52,18.39,17.66,17.76,17.82,17.0,16.58,187.5,187.5,187.5,187.5,187.5,187.5,187.5,187.5,1.68,16.23,187.5
Bay_of_Bengal,2025-10-04 18:00:00,1.67,1.6999999,1.7099999,1.74,1.74,1.79,1.7099999,1.6999999,1.68,18.52,18.39,17.66,17.76,17.82,17.0,16.58,16.23,187.5,187.5,187.5,187.5,187.5,187.5,187.5,187.5,1.67,16.06,187.5
Bay_of_Bengal,2025-10-04 21:00:00,1.7099999,1.7099999,1.74,1.74,1.79,1.7099999,1.6999999,1.68,1.67,18.39,17.66,17.76,17.82,17.0,16.58,16.23,16.06,187.5,187.5,187.5,187.5,187.5,187.5,187.5,187.5,1.7099999,16.08,187.5
Bay_of_Bengal,2025-10-05 00:00:00,1.7199999,1.74,1.74,1.79,1.7099999,1.6999999,1.68,1.67,1.7099999,17.66,17.76,17.82,17.0,16.58,16.23,16.06,16.08,187.5,187.5,187.5,187.5,187.5,187.5,187.5,187.5,1.7199999,15.08,187.5
Bay_of_Bengal,2025-10-05 03:00:00,1.61,1.74,1.79,1.7099999,1.6999999,1.68,1.67,1.7099999,1.7199999,17.76,17.82,17.0,16.58,16.23,16.06,16.08,15.08,187.5,187.5,187.5,187.5,187.5,187.5,187.5,187.5,1.61,14.07,187.5
Bay_of_Bengal,2025-10-05 06:00:00,1.52,1.79,1.7099999,1.6999999,1.68,1.67,1.7099999,1.7199999,1.61,17.82,17.0,16.58,16.23,16.06,16.08,15.08,14.07,187.5,187.5,187.5,187.5,187.5,187.5,187.5,187.5,1.52,13.309999,187.5
Bay_of_Bengal,2025-10-05 09:00:00,1.5,1.7099999,1.6999999,1.68,1.67,1.7099999,1.7199999,1.61,1.52,17.0,16.58,16.23,16.06,16.08,15.08,14.07,13.309999,187.5,187.5,187.5,187.5,187.5,187.5,187.5,187.5,1.5,13.349999,187.5
Bay_of_Bengal,2025-10-05 12:00:00,1.51,1.6999999,1.68,1.67,1.7099999,1.7199999,1.61,1.52,1.5,16.58,16.23,16.06,16.08,15.08,14.07,13.309999,13.349999,187.5,187.5,187.5,187.5,187.5,187.5,187.5,187.5,1.51,13.469999,187.5
Bay_of_Bengal,2025-10-05 15:00:00,1.48,1.68,1.67,1.7099999,1.7199999,1.61,1.52,1.5,1.51,16.23,16.06,16.08,15.08,14.07,13.309999,13.349999,13.469999,187.5,187.5,187.5,187.5,187.5,187.5,187.5,187.5,1.48,12.7699995,184.6
Bay_of_Bengal,2025-10-05 18:00:00,1.43,1.67,1.7099999,1.7199999,1.61,1.52,1.5,1.51,1.48,16.06,16.08,15.08,14.07,13.309999,13.349999,13.469999,12.7699995,187.5,187.5,187.5,187.5,187.5,187.5,187.5,184.6,1.43,12.42,172.5
Bay_of_Bengal,2025-10-05 21:00:00,1.4,1.7099999,1.7199999,1.61,1.52,1.5,1.51,1.48,1.43,16.08,15.08,14.07,13.309999,13.349999,13.469999,12.7699995,12.42,187.5,187.5,187.5,187.5,187.5,187.5,184.6,172.5,1.4,14.96,172.5
Bay_of_Bengal,2025-10-06 00:00:00,1.37,1.7199999,1.61,1.52,1.5,1.51,1.48,1.43,1.4,15.08,14.07,13.309999,13.349999,13.469999,12.7699995,12.42,14.96,187.5,187.5,187.5,187.5,187.5,184.6,172.5,172.5,1.37,15.589999,172.5
Bay_of_Bengal,2025-10-06 03:00:00,1.3399999,1.61,1.52,1.5,1.51,1.48,1.43,1.4,1.37,14.07,13.309999,13.349999,13.469999,12.7699995,12.42,14.96,15.589999,187.5,187.5,187.5,187.5,184.6,172.5,172.5,172.5,1.3399999,15.65,172.5
Bay_of_Bengal,2025-10-06 06:00:00,1.31,1.52,1.5,1.51,1.48,1.43,1.4,1.37,1.3399999,13.309999,13.349999,13.469999,12.7699995,12.42,14.96,15.589999,15.65,187.5,187.5,187.5,184.6,172.5,172.5,172.5,172.5,1.31,15.5,172.5
Bay_of_Bengal,2025-10-06 09:00:00,1.28,1.5,1.51,1.48,1.43,1.4,1.37,1.3399999,1.31,13.349999,13.469999,12.7699995,12.42,14.96,15.589999,15.65,15.5,187.5,187.5,184.6,172.5,172.5,172.5,172.5,172.5,1.28,15.139999,172.5
Bay_of_Bengal,2025-10-06 12:00:00,1.09,1.51,1.48,1.43,1.4,1.37,1.3399999,1.31,1.28,13.469999,12.7699995,12.42,14.96,15.589999,15.65,15.5,15.139999,187.5,184.6,172.5,172.5,172.5,172.5,172.5,172.5,1.09,14.71,172.5
Bay_of_Bengal,2025-10-06 15:00:00,1.29,1.48,1.43,1.4,1.37,1.3399999,1.31,1.28,1.09,12.7699995,12.42,14.96,15.589999,15.65,15.5,15.139999,14.71,184.6,172.5,172.5,172.5,172.5,172.5,172.5,172.5,1.29,15.87,172.5
Bay_of_Bengal,2025-10-06 18:00:00,1.24,1.43,1.4,1.37,1.3399999,1.31,1.28,1.09,1.29,12.42,14.96,15.589999,15.65,15.5,15.139999,14.71,15.87,172.5,172.5,172.5,172.5,172.5,172.5,172.5,172.5,1.24,15.36,172.5
Bay_of_Bengal,2025-10-06 21:00:00,1.24,1.4,1.37,1.3399999,1.31,1.28,1.09,1.29,1.24,14.96,15.589999,15.65,15.5,15.139999,14.71,15.87,15.36,172.5,172.5,172.5,172.5,172.5,172.5,172.5,172.5,1.24,14.53,172.5
Bay_of_Bengal,2025-10-07 00:00:00,1.22,1.37,1.3399999,1.31,1.28,1.09,1.29,1.24,1.24,15.589999,15.65,15.5,15.139999,14.71,15.87,15.36,14.53,172.5,172.5,172.5,172.5,172.5,172.5,172.5,172.5,1.22,14.219999,172.5
Bay_of_Bengal,2025-10-07 03:00:00,1.2099999,1.3399999,1.31,1.28,1.09,1.29,1.24,1.24,1.22,15.65,15.5,15.139999,14.71,15.87,15.36,14.53,14.219999,172.5,172.5,172.5,172.5,172.5,172.5,172.5,172.5,1.2099999,13.7,172.5
Bay_of_Bengal,2025-10-07 06:00:00,1.13,1.31,1.28,1.09,1.29,1.24,1.24,1.22,1.2099999,15.5,15.139999,14.71,15.87,15.36,14.53,14.219999,13.7,172.5,172.5,172.5,172.5,172.5,172.5,172.5,172.5,1.13,13.53,172.5
Bay_of_Bengal,2025-10-07 09:00:00,1.15,1.28,1.09,1.29,1.24,1.24,1.22,1.2099999,1.13,15.139999,14.71,15.87,15.36,14.53,14.219999,13.7,13.53,172.5,172.5,172.5,172.5,172.5,172.5,172.5,172.5,1.15,13.9,184.6
Bay_of_Bengal,2025-10-07 12:00:00,1.17,1.09,1.29,1.24,1.24,1.22,1.2099999,1.13,1.15,14.71,15.87,15.36,14.53,14.219999,13.7,13.53,13.9,172.5,172.5,172.5,172.5,172.5,172.5,172.5,184.6,1.17,13.599999,175.4
Bay_of_Bengal,2025-10-07 15:00:00,1.23,1.29,1.24,1.24,1.22,1.2099999,1.13,1.15,1.17,15.87,15.36,14.53,14.219999,13.7,13.53,13.9,13.599999,172.5,172.5,172.5,172.5,172.5,172.5,184.6,175.4,1.23,14.0199995,172.5
Bay_of_Bengal,2025-10-07 18:00:00,1.1999999,1.24,1.24,1.22,1.2099999,1.13,1.15,1.17,1.23,15.36,14.53,14.219999,13.7,13.53,13.9,13.599999,14.0199995,172.5,172.5,172.5,172.5,172.5,184.6,175.4,172.5,1.1999999,14.67,175.4
Bay_of_Bengal,2025-10-07 21:00:00,1.1899999,1.24,1.22,1.2099999,1.13,1.15,1.17,1.23,1.1999999,14.53,14.219999,13.7,13.53,13.9,13.599999,14.0199995,14.67,172.5,172.5,172.5,172.5,184.6,175.4,172.5,175.4,1.1899999,15.299999,187.5
Bay_of_Bengal,2025-10-08 00:00:00,1.17,1.22,1.2099999,1.13,1.15,1.17,1.23,1.1999999,1.1899999,14.219999,13.7,13.53,13.9,13.599999,14.0199995,14.67,15.299999,172.5,172.5,172.5,184.6,175.4,172.5,175.4,187.5,1.17,14.7,187.5
Bay_of_Bengal,2025-10-08 03:00:00,1.14,1.2099999,1.13,1.15,1.17,1.23,1.1999999,1.1899999,1.17,13.7,13.53,13.9,13.599999,14.0199995,14.67,15.299999,14.7,172.5,172.5,184.6,175.4,172.5,175.4,187.5,187.5,1.14,14.12,187.5
Bay_of_Bengal,2025-10-08 06:00:00,1.13,1.13,1.15,1.17,1.23,1.1999999,1.1899999,1.17,1.14,13.53,13.9,13.599999,14.0199995,14.67,15.299999,14.7,14.12,172.5,184.6,175.4,172.5,175.4,187.5,187.5,187.5,1.13,13.99,187.5
Bay_of_Bengal,2025-10-08 09:00:00,1.06,1.15,1.17,1.23,1.1999999,1.1899999,1.17,1.14,1.13,13.9,13.599999,14.0199995,14.67,15.299999,14.7,14.12,13.99,184.6,175.4,172.5,175.4,187.5,187.5,187.5,187.5,1.06,14.179999,187.5
Bay_of_Bengal,2025-10-08 12:00:00,1.04,1.17,1.23,1.1999999,1.1899999,1.17,1.14,1.13,1.06,13.599999,14.0199995,14.67,15.299999,14.7,14.12,13.99,14.179999,175.4,172.5,175.4,187.5,187.5,187.5,187.5,187.5,1.04,14.07,187.5
Bay_of_Bengal,2025-10-08 15:00:00,1.03,1.23,1.1999999,1.1899999,1.17,1.14,1.13,1.06,1.04,14.0199995,14.67,15.299999,14.7,14.12,13.99,14.179999,14.07,172.5,175.4,187.5,187.5,187.5,187.5,187.5,187.5,1.03,14.0,187.5
Bay_of_Bengal,2025-10-08 18:00:00,1.03,1.1999999,1.1899999,1.17,1.14,1.13,1.06,1.04,1.03,14.67,15.299999,14.7,14.12,13.99,14.179999,14.07,14.0,175.4,187.5,187.5,187.5,187.5,187.5,187.5,187.5,1.03,13.509999,172.5
Bay_of_Bengal,2025-10-08 21:00:00,1.03,1.1899999,1.17,1.14,1.13,1.06,1.04,1.03,1.03,15.299999,14.7,14.12,13.99,14.179999,14.07,14.0,13.509999,187.5,187.5,187.5,187.5,187.5,187.5,187.5,172.5,1.03,13.21,172.5
Bay_of_Bengal,2025-10-09 00:00:00,1.14,1.17,1.14,1.13,1.06,1.04,1.03,1.03,1.03,14.7,14.12,13.99,14.179999,14.07,14.0,13.509999,13.21,187.5,187.5,187.5,187.5,187.5,187.5,172.5,172.5,1.14,14.23,172.5
Bay_of_Bengal,2025-10-09 03:00:00,1.0799999,1.14,1.13,1.06,1.04,1.03,1.03,1.03,1.14,14.12,13.99,14.179999,14.07,14.0,13.509999,13.21,14.23,187.5,187.5,187.5,187.5,187.5,172.5,172.5,172.5,1.0799999,14.24,172.5
Bay_of_Bengal,2025-10-09 06:00:00,1.0799999,1.13,1.06,1.04,1.03,1.03,1.03,1.14,1.0799999,13.99,14.179999,14.07,14.0,13.509999,13.21,14.23,14.24,187.5,187.5,187.5,187.5,172.5,172.5,172.5,172.5,1.0799999,13.83,172.5
Bay_of_Bengal,2025-10-09 09:00:00,1.1,1.06,1.04,1.03,1.03,1.03,1.14,1.0799999,1.0799999,14.179999,14.07,14.0,13.509999,13.21,14.23,14.24,13.83,187.5,187.5,187.5,172.5,172.5,172.5,172.5,172.5,1.1,13.46,160.4
Bay_of_Bengal,2025-10-09 12:00:00,1.14,1.04,1.03,1.03,1.03,1.14,1.0799999,1.0799999,1.1,14.07,14.0,13.509999,13.21,14.23,14.24,13.83,13.46,187.5,187.5,172.5,172.5,172.5,172.5,172.5,160.4,1.14,13.32,172.5
Bay_of_Bengal,2025-10-09 15:00:00,1.1899999,1.03,1.03,1.03,1.14,1.0799999,1.0799999,1.1,1.14,14.0,13.509999,13.21,14.23,14.24,13.83,13.46,13.32,187.5,172.5,172.5,172.5,172.5,172.5,160.4,172.5,1.1899999,13.2699995,160.4
Bay_of_Bengal,2025-10-09 18:00:00,1.27,1.03,1.03,1.14,1.0799999,1.0799999,1.1,1.14,1.1899999,13.509999,13.21,14.23,14.24,13.83,13.46,13.32,13.2699995,172.5,172.5,172.5,172.5,172.5,160.4,172.5,160.4,1.27,13.62,172.5
Bay_of_Bengal,2025-10-09 21:00:00,1.3299999,1.03,1.14,1.0799999,1.0799999,1.1,1.14,1.1899999,1.27,13.21,14.23,14.24,13.83,13.46,13.32,13.2699995,13.62,172.5,172.5,172.5,172.5,160.4,172.5,160.4,172.5,1.3299999,13.34,172.5
Bay_of_Bengal,2025-10-10 00:00:00,1.3199999,1.14,1.0799999,1.0799999,1.1,1.14,1.1899999,1.27,1.3299999,14.23,14.24,13.83,13.46,13.32,13.2699995,13.62,13.34,172.5,172.5,172.5,160.4,172.5,160.4,172.5,172.5,1.3199999,12.969999,172.5
Bay_of_Bengal,2025-10-10 03:00:00,1.3299999,1.0799999,1.0799999,1.1,1.14,1.1899999,1.27,1.3299999,1.3199999,14.24,13.83,13.46,13.32,13.2699995,13.62,13.34,12.969999,172.5,172.5,160.4,172.5,160.4,172.5,172.5,172.5,1.3299999,12.69,172.5
Bay_of_Bengal,2025-10-10 06:00:00,1.31,1.0799999,1.1,1.14,1.1899999,1.27,1.3299999,1.3199999,1.3299999,13.83,13.46,13.32,13.2699995,13.62,13.34,12.969999,12.69,172.5,160.4,172.5,160.4,172.5,172.5,172.5,172.5,1.31,12.259999,160.4
Bay_of_Bengal,2025-10-10 09:00:00,1.29,1.1,1.14,1.1899999,1.27,1.3299999,1.3199999,1.3299999,1.31,13.46,13.32,13.2699995,13.62,13.34,12.969999,12.69,12.259999,160.4,172.5,160.4,172.5,172.5,172.5,172.5,160.4,1.29,11.96,157.5
Bay_of_Bengal,2025-10-10 12:00:00,1.25,1.14,1.1899999,1.27,1.3299999,1.3199999,1.3299999,1.31,1.29,13.32,13.2699995,13.62,13.34,12.969999,12.69,12.259999,11.96,172.5,160.4,172.5,172.5,172.5,172.5,160.4,157.5,1.25,11.759999,157.5
Bay_of_Bengal,2025-10-10 15:00:00,1.22,1.1899999,1.27,1.3299999,1.3199999,1.3299999,1.31,1.29,1.25,13.2699995,13.62,13.34,12.969999,12.69,12.259999,11.96,11.759999,160.4,172.5,172.5,172.5,172.5,160.4,157.5,157.5,1.22,11.66,157.5
Bay_of_Bengal,2025-10-10 18:00:00,1.26,1.27,1.3299999,1.3199999,1.3299999,1.31,1.29,1.25,1.22,13.62,13.34,12.969999,12.69,12.259999,11.96,11.759999,11.66,172.5,172.5,172.5,172.5,160.4,157.5,157.5,157.5,1.26,11.7,157.5
Bay_of_Bengal,2025-10-10 21:00:00,1.25,1.3299999,1.3199999,1.3299999,1.31,1.29,1.25,1.22,1.26,13.34,12.969999,12.69,12.259999,11.96,11.759999,11.66,11.7,172.5,172.5,172.5,160.4,157.5,157.5,157.5,157.5,1.25,11.55,157.5
Bay_of_Bengal,2025-10-11 00:00:00,1.4599999,1.3199999,1.3299999,1.31,1.29,1.25,1.22,1.26,1.25,12.969999,12.69,12.259999,11.96,11.759999,11.66,11.7,11.55,172.5,172.5,160.4,157.5,157.5,157.5,157.5,157.5,1.4599999,12.78,172.5
Bay_of_Bengal,2025-10-11 03:00:00,1.27,1.3299999,1.31,1.29,1.25,1.22,1.26,1.25,1.4599999,12.69,12.259999,11.96,11.759999,11.66,11.7,11.55,12.78,172.5,160.4,157.5,157.5,157.5,157.5,157.5,172.5,1.27,11.7,172.5
Bay_of_Bengal,2025-10-11 06:00:00,1.11,1.31,1.29,1.25,1.22,1.26,1.25,1.4599999,1.27,12.259999,11.96,11.759999,11.66,11.7,11.55,12.78,11.7,160.4,157.5,157.5,157.5,157.5,157.5,172.5,172.5,1.11,10.87,172.5
Bay_of_Bengal,2025-10-11 09:00:00,1.0699999,1.29,1.25,1.22,1.26,1.25,1.4599999,1.27,1.11,11.96,11.759999,11.66,11.7,11.55,12.78,11.7,10.87,157.5,157.5,157.5,157.5,157.5,172.5,172.5,172.5,1.0699999,10.75,172.5
Bay_of_Bengal,2025-10-11 12:00:00,1.05,1.25,1.22,1.26,1.25,1.4599999,1.27,1.11,1.0699999,11.759999,11.66,11.7,11.55,12.78,11.7,10.87,10.75,157.5,157.5,157.5,157.5,172.5,172.5,172.5,172.5,1.05,10.61,172.5
Bay_of_Bengal,2025-10-11 15:00:00,1.1,1.22,1.26,1.25,1.4599999,1.27,1.11,1.0699999,1.05,11.66,11.7,11.55,12.78,11.7,10.87,10.75,10.61,157.5,157.5,157.5,172.5,172.5,172.5,172.5,172.5,1.1,10.76,160.4
Bay_of_Bengal,2025-10-11 18:00:00,1.11,1.26,1.25,1.4599999,1.27,1.11,1.0699999,1.05,1.1,11.7,11.55,12.78,11.7,10.87,10.75,10.61,10.76,157.5,157.5,172.5,172.5,172.5,172.5,172.5,160.4,1.11,11.71,157.5
Bay_of_Bengal,2025-10-11 21:00:00,1.13,1.25,1.4599999,1.27,1.11,1.0699999,1.05,1.1,1.11,11.55,12.78,11.7,10.87,10.75,10.61,10.76,11.71,157.5,172.5,172.5,172.5,172.5,172.5,160.4,157.5,1.13,12.75,157.5
Bay_of_Bengal,2025-10-12 00:00:00,1.27,1.4599999,1.27,1.11,1.0699999,1.05,1.1,1.11,1.13,12.78,11.7,10.87,10.75,10.61,10.76,11.71,12.75,172.5,172.5,172.5,172.5,172.5,160.4,157.5,157.5,1.27,13.04,157.5
Bay_of_Bengal,2025-10-12 03:00:00,1.23,1.27,1.11,1.0699999,1.05,1.1,1.11,1.13,1.27,11.7,10.87,10.75,10.61,10.76,11.71,12.75,13.04,172.5,172.5,172.5,172.5,160.4,157.5,157.5,157.5,1.23,12.53,157.5
Bay_of_Bengal,2025-10-12 06:00:00,1.14,1.11,1.0699999,1.05,1.1,1.11,1.13,1.27,1.23,10.87,10.75,10.61,10.76,11.71,12.75,13.04,12.53,172.5,172.5,172.5,160.4,157.5,157.5,157.5,157.5,1.14,12.08,157.5
Bay_of_Bengal,2025-10-12 09:00:00,1.1,1.0699999,1.05,1.1,1.11,1.13,1.27,1.23,1.14,10.75,10.61,10.76,11.71,12.75,13.04,12.53,12.08,172.5,172.5,160.4,157.5,157.5,157.5,157.5,157.5,1.1,12.92,157.5
Bay_of_Bengal,2025-10-12 12:00:00,1.14,1.05,1.1,1.11,1.13,1.27,1.23,1.14,1.1,10.61,10.76,11.71,12.75,13.04,12.53,12.08,12.92,172.5,160.4,157.5,157.5,157.5,157.5,157.5,157.5,1.14,14.09,157.5
Bay_of_Bengal,2025-10-12 15:00:00,1.09,1.1,1.11,1.13,1.27,1.23,1.14,1.1,1.14,10.76,11.71,12.75,13.04,12.53,12.08,12.92,14.09,160.4,157.5,157.5,157.5,157.5,157.5,157.5,157.5,1.09,13.73,157.5
Bay_of_Bengal,2025-10-12 18:00:00,1.12,1.11,1.13,1.27,1.23,1.14,1.1,1.14,1.09,11.71,12.75,13.04,12.53,12.08,12.92,14.09,13.73,157.5,157.5,157.5,157.5,157.5,157.5,157.5,157.5,1.12,13.179999,157.5
Bay_of_Bengal,2025-10-12 21:00:00,1.13,1.13,1.27,1.23,1.14,1.1,1.14,1.09,1.12,12.75,13.04,12.53,12.08,12.92,14.09,13.73,13.179999,157.5,157.5,157.5,157.5,157.5,157.5,157.5,157.5,1.13,12.639999,157.5
Bay_of_Bengal,2025-10-13 00:00:00,1.0799999,1.27,1.23,1.14,1.1,1.14,1.09,1.12,1.13,13.04,12.53,12.08,12.92,14.09,13.73,13.179999,12.639999,157.5,157.5,157.5,157.5,157.5,157.5,157.5,157.5,1.0799999,12.62,157.5
Bay_of_Bengal,2025-10-13 03:00:00,1.06,1.23,1.14,1.1,1.14,1.09,1.12,1.13,1.0799999,12.53,12.08,12.92,14.09,13.73,13.179999,12.639999,12.62,157.5,157.5,157.5,157.5,157.5,157.5,157.5,157.5,1.06,12.71,157.5
Bay_of_Bengal,2025-10-13 06:00:00,1.23,1.14,1.1,1.14,1.09,1.12,1.13,1.0799999,1.06,12.08,12.92,14.09,13.73,13.179999,12.639999,12.62,12.71,157.5,157.5,157.5,157.5,157.5,157.5,157.5,157.5,1.23,13.15,157.5
Bay_of_Bengal,2025-10-13 09:00:00,1.12,1.1,1.14,1.09,1.12,1.13,1.0799999,1.06,1.23,12.92,14.09,13.73,13.179999,12.639999,12.62,12.71,13.15,157.5,157.5,157.5,157.5,157.5,157.5,157.5,157.5,1.12,12.0199995,157.5
Bay_of_Bengal,2025-10-13 12:00:00,1.0699999,1.14,1.09,1.12,1.13,1.0799999,1.06,1.23,1.12,14.09,13.73,13.179999,12.639999,12.62,12.71,13.15,12.0199995,157.5,157.5,157.5,157.5,157.5,157.5,157.5,157.5,1.0699999,11.5199995,157.5
Bay_of_Bengal,2025-10-13 15:00:00,1.0799999,1.09,1.12,1.13,1.0799999,1.06,1.23,1.12,1.0699999,13.73,13.179999,12.639999,12.62,12.71,13.15,12.0199995,11.5199995,157.5,157.5,157.5,157.5,157.5,157.5,157.5,157.5,1.0799999,11.36,157.5
Bay_of_Bengal,2025-10-13 18:00:00,1.09,1.12,1.13,1.0799999,1.06,1.23,1.12,1.0699999,1.0799999,13.179999,12.639999,12.62,12.71,13.15,12.0199995,11.5199995,11.36,157.5,157.5,157.5,157.5,157.5,157.5,157.5,157.5,1.09,15.46,157.5
Bay_of_Bengal,2025-10-13 21:00:00,1.1,1.13,1.0799999,1.06,1.23,1.12,1.0699999,1.0799999,1.09,12.639999,12.62,12.71,13.15,12.0199995,11.5199995,11.36,15.46,157.5,157.5,157.5,157.5,157.5,157.5,157.5,157.5,1.1,13.28,157.5
Bay_of_Bengal,2025-10-14 00:00:00,1.13,1.0799999,1.06,1.23,1.12,1.0699999,1.0799999,1.09,1.1,12.62,12.71,13.15,12.0199995,11.5199995,11.36,15.46,13.28,157.5,157.5,157.5,157.5,157.5,157.5,157.5,157.5,1.13,12.11,157.5
Bay_of_Bengal,2025-10-14 03:00:00,1.13,1.06,1.23,1.12,1.0699999,1.0799999,1.09,1.1,1.13,12.71,13.15,12.0199995,11.5199995,11.36,15.46,13.28,12.11,157.5,157.5,157.5,157.5,157.5,157.5,157.5,157.5,1.13,11.49,157.5
Bay_of_Bengal,2025-10-14 06:00:00,1.13,1.23,1.12,1.0699999,1.0799999,1.09,1.1,1.13,1.13,13.15,12.0199995,11.5199995,11.36,15.46,13.28,12.11,11.49,157.5,157.5,157.5,157.5,157.5,157.5,157.5,157.5,1.13,11.3,157.5
Bay_of_Bengal,2025-10-14 09:00:00,1.13,1.12,1.0699999,1.0799999,1.09,1.1,1.13,1.13,1.13,12.0199995,11.5199995,11.36,15.46,13.28,12.11,11.49,11.3,157.5,157.5,157.5,157.5,157.5,157.5,157.5,157.5,1.13,15.83,157.5
Bay_of_Bengal,2025-10-14 12:00:00,1.14,1.0699999,1.0799999,1.09,1.1,1.13,1.13,1.13,1.13,11.5199995,11.36,15.46,13.28,12.11,11.49,11.3,15.83,157.5,157.5,157.5,157.5,157.5,157.5,157.5,157.5,1.14,15.53,157.5
Bay_of_Bengal,2025-10-14 15:00:00,1.1,1.0799999,1.09,1.1,1.13,1.13,1.13,1.13,1.14,11.36,15.46,13.28,12.11,11.49,11.3,15.83,15.53,157.5,157.5,157.5,157.5,157.5,157.5,157.5,157.5,1.1,14.67,157.5
Bay_of_Bengal,2025-10-14 18:00:00,1.1,1.09,1.1,1.13,1.13,1.13,1.13,1.14,1.1,15.46,13.28,12.11,11.49,11.3,15.83,15.53,14.67,157.5,157.5,157.5,157.5,157.5,157.5,157.5,157.5,1.1,14.309999,157.5
Bay_of_Bengal,2025-10-14 21:00:00,1.12,1.1,1.13,1.13,1.13,1.13,1.14,1.1,1.1,13.28,12.11,11.49,11.3,15.83,15.53,14.67,14.309999,157.5,157.5,157.5,157.5,157.5,157.5,157.5,157.5,1.12,13.98,187.5
Bay_of_Bengal,2025-10-15 00:00:00,1.17,1.13,1.13,1.13,1.13,1.14,1.1,1.1,1.12,12.11,11.49,11.3,15.83,15.53,14.67,14.309999,13.98,157.5,157.5,157.5,157.5,157.5,157.5,157.5,187.5,1.17,13.53,187.5
Bay_of_Bengal,2025-10-15 03:00:00,1.14,1.13,1.13,1.13,1.14,1.1,1.1,1.12,1.17,11.49,11.3,15.83,15.53,14.67,14.309999,13.98,13.53,157.5,157.5,157.5,157.5,157.5,157.5,187.5,187.5,1.14,19.74,187.5
Bay_of_Bengal,2025-10-15 06:00:00,1.1,1.13,1.13,1.14,1.1,1.1,1.12,1.17,1.14,11.3,15.83,15.53,14.67,14.309999,13.98,13.53,19.74,157.5,157.5,157.5,157.5,157.5,187.5,187.5,187.5,1.1,19.24,187.5
Bay_of_Bengal,2025-10-15 09:00:00,1.16,1.13,1.14,1.1,1.1,1.12,1.17,1.14,1.1,15.83,15.53,14.67,14.309999,13.98,13.53,19.74,19.24,157.5,157.5,157.5,157.5,187.5,187.5,187.5,187.5,1.16,18.9,187.5
Bay_of_Bengal,2025-10-15 12:00:00,1.3399999,1.14,1.1,1.1,1.12,1.17,1.14,1.1,1.16,15.53,14.67,14.309999,13.98,13.53,19.74,19.24,18.9,157.5,157.5,157.5,187.5,187.5,187.5,187.5,187.5,1.3399999,19.14,187.5
Bay_of_Bengal,2025-10-15 15:00:00,1.43,1.1,1.1,1.12,1.17,1.14,1.1,1.16,1.3399999,14.67,14.309999,13.98,13.53,19.74,19.24,18.9,19.14,157.5,157.5,187.5,187.5,187.5,187.5,187.5,187.5,1.43,19.039999,187.5
Bay_of_Bengal,2025-10-15 18:00:00,1.31,1.1,1.12,1.17,1.14,1.1,1.16,1.3399999,1.43,14.309999,13.98,13.53,19.74,19.24,18.9,19.14,19.039999,157.5,187.5,187.5,187.5,187.5,187.5,187.5,187.5,1.31,17.19,187.5
Bay_of_Bengal,2025-10-15 21:00:00,1.31,1.12,1.17,1.14,1.1,1.16,1.3399999,1.43,1.31,13.98,13.53,19.74,19.24,18.9,19.14,19.039999,17.19,187.5,187.5,187.5,187.5,187.5,187.5,187.5,187.5,1.31,16.949999,187.5
Bay_of_Bengal,2025-10-16 00:00:00,1.4599999,1.17,1.14,1.1,1.16,1.3399999,1.43,1.31,1.31,13.53,19.74,19.24,18.9,19.14,19.039999,17.19,16.949999,187.5,187.5,187.5,187.5,187.5,187.5,187.5,187.5,1.4599999,18.119999,187.5
Bay_of_Bengal,2025-10-16 03:00:00,1.5799999,1.14,1.1,1.16,1.3399999,1.43,1.31,1.31,1.4599999,19.74,19.24,18.9,19.14,19.039999,17.19,16.949999,18.119999,187.5,187.5,187.5,187.5,187.5,187.5,187.5,187.5,1.5799999,18.02,187.5
Bay_of_Bengal,2025-10-16 06:00:00,1.5699999,1.1,1.16,1.3399999,1.43,1.31,1.31,1.4599999,1.5799999,19.24,18.9,19.14,19.039999,17.19,16.949999,18.119999,18.02,187.5,187.5,187.5,187.5,187.5,187.5,187.5,187.5,1.5699999,17.34,187.5
Bay_of_Bengal,2025-10-16 09:00:00,1.5699999,1.16,1.3399999,1.43,1.31,1.31,1.4599999,1.5799999,1.5699999,18.9,19.14,19.039999,17.19,16.949999,18.119999,18.02,17.34,187.5,187.5,187.5,187.5,187.5,187.5,187.5,187.5,1.5699999,17.25,187.5
Bay_of_Bengal,2025-10-16 12:00:00,1.4499999,1.3399999,1.43,1.31,1.31,1.4599999,1.5799999,1.5699999,1.5699999,19.14,19.039999,17.19,16.949999,18.119999,18.02,17.34,17.25,187.5,187.5,187.5,187.5,187.5,187.5,187.5,187.5,1.4499999,15.92,187.5
Bay_of_Bengal,2025-10-16 15:00:00,1.41,1.43,1.31,1.31,1.4599999,1.5799999,1.5699999,1.5699999,1.4499999,19.039999,17.19,16.949999,18.119999,18.02,17.34,17.25,15.92,187.5,187.5,187.5,187.5,187.5,187.5,187.5,187.5,1.41,15.41,187.5
Bay_of_Bengal,2025-10-16 18:00:00,1.36,1.31,1.31,1.4599999,1.5799999,1.5699999,1.5699999,1.4499999,1.41,17.19,16.949999,18.119999,18.02,17.34,17.25,15.92,15.41,187.5,187.5,187.5,187.5,187.5,187.5,187.5,187.5,1.36,14.929999,187.5
Bay_of_Bengal,2025-10-16 21:00:00,1.38,1.31,1.4599999,1.5799999,1.5699999,1.5699999,1.4499999,1.41,1.36,16.949999,18.119999,18.02,17.34,17.25,15.92,15.41,14.929999,187.5,187.5,187.5,187.5,187.5,187.5,187.5,187.5,1.38,15.259999,187.5
Bay_of_Bengal,2025-10-17 00:00:00,1.4499999,1.4599999,1.5799999,1.5699999,1.5699999,1.4499999,1.41,1.36,1.38,18.119999,18.02,17.34,17.25,15.92,15.41,14.929999,15.259999,187.5,187.5,187.5,187.5,187.5,187.5,187.5,187.5,1.4499999,15.53,172.5
Bay_of_Bengal,2025-10-17 03:00:00,1.39,1.5799999,1.5699999,1.5699999,1.4499999,1.41,1.36,1.38,1.4499999,18.02,17.34,17.25,15.92,15.41,14.929999,15.259999,15.53,187.5,187.5,187.5,187.5,187.5,187.5,187.5,172.5,1.39,15.339999,187.5
Bay_of_Bengal,2025-10-17 06:00:00,1.39,1.5699999,1.5699999,1.4499999,1.41,1.36,1.38,1.4499999,1.39,17.34,17.25,15.92,15.41,14.929999,15.259999,15.53,15.339999,187.5,187.5,187.5,187.5,187.5,187.5,172.5,187.5,1.39,14.809999,187.5
Bay_of_Bengal,2025-10-17 09:00:00,1.37,1.5699999,1.4499999,1.41,1.36,1.38,1.4499999,1.39,1.39,17.25,15.92,15.41,14.929999,15.259999,15.53,15.339999,14.809999,187.5,187.5,187.5,187.5,187.5,172.5,187.5,187.5,1.37,14.88,187.5
Bay_of_Bengal,2025-10-17 12:00:00,1.37,1.4499999,1.41,1.36,1.38,1.4499999,1.39,1.39,1.37,15.92,15.41,14.929999,15.259999,15.53,15.339999,14.809999,14.88,187.5,187.5,187.5,187.5,172.5,187.5,187.5,187.5,1.37,14.7,187.5
Bay_of_Bengal,2025-10-17 15:00:00,1.35,1.41,1.36,1.38,1.4499999,1.39,1.39,1.37,1.37,15.41,14.929999,15.259999,15.53,15.339999,14.809999,14.88,14.7,187.5,187.5,187.5,172.5,187.5,187.5,187.5,187.5,1.35,14.429999,187.5
Bay_of_Bengal,2025-10-17 18:00:00,1.35,1.36,1.38,1.4499999,1.39,1.39,1.37,1.37,1.35,14.929999,15.259999,15.53,15.339999,14.809999,14.88,14.7,14.429999,187.5,187.5,172.5,187.5,187.5,187.5,187.5,187.5,1.35,14.04,187.5
Bay_of_Bengal,2025-10-17 21:00:00,1.3299999,1.38,1.4499999,1.39,1.39,1.37,1.37,1.35,1.35,15.259999,15.53,15.339999,14.809999,14.88,14.7,14.429999,14.04,187.5,172.5,187.5,187.5,187.5,187.5,187.5,187.5,1.3299999,13.69,187.5
Bay_of_Bengal,2025-10-18 00:00:00,1.27,1.4499999,1.39,1.39,1.37,1.37,1.35,1.35,1.3299999,15.53,15.339999,14.809999,14.88,14.7,14.429999,14.04,13.69,172.5,187.5,187.5,187.5,187.5,187.5,187.5,187.5,1.27,13.74,187.5
Bay_of_Bengal,2025-10-18 03:00:00,1.3,1.39,1.39,1.37,1.37,1.35,1.35,1.3299999,1.27,15.339999,14.809999,14.88,14.7,14.429999,14.04,13.69,13.74,187.5,187.5,187.5,187.5,187.5,187.5,187.5,187.5,1.3,14.13,187.5
Bay_of_Bengal,2025-10-18 06:00:00,1.31,1.39,1.37,1.37,1.35,1.35,1.3299999,1.27,1.3,14.809999,14.88,14.7,14.429999,14.04,13.69,13.74,14.13,187.5,187.5,187.5,187.5,187.5,187.5,187.5,187.5,1.31,14.36,187.5
Bay_of_Bengal,2025-10-18 09:00:00,1.28,1.37,1.37,1.35,1.35,1.3299999,1.27,1.3,1.31,14.88,14.7,14.429999,14.04,13.69,13.74,14.13,14.36,187.5,187.5,187.5,187.5,187.5,187.5,187.5,187.5,1.28,14.0199995,172.5
Bay_of_Bengal,2025-10-18 12:00:00,1.42,1.37,1.35,1.35,1.3299999,1.27,1.3,1.31,1.28,14.7,14.429999,14.04,13.69,13.74,14.13,14.36,14.0199995,187.5,187.5,187.5,187.5,187.5,187.5,187.5,172.5,1.42,14.849999,172.5
Bay_of_Bengal,2025-10-18 15:00:00,1.27,1.35,1.35,1.3299999,1.27,1.3,1.31,1.28,1.42,14.429999,14.04,13.69,13.74,14.13,14.36,14.0199995,14.849999,187.5,187.5,187.5,187.5,187.5,187.5,172.5,172.5,1.27,13.74,187.5
Bay_of_Bengal,2025-10-18 18:00:00,1.25,1.35,1.3299999,1.27,1.3,1.31,1.28,1.42,1.27,14.04,13.69,13.74,14.13,14.36,14.0199995,14.849999,13.74,187.5,187.5,187.5,187.5,187.5,172.5,172.5,187.5,1.25,14.57,187.5
Bay_of_Bengal,2025-10-18 21:00:00,1.23,1.3299999,1.27,1.3,1.31,1.28,1.42,1.27,1.25,13.69,13.74,14.13,14.36,14.0199995,14.849999,13.74,14.57,187.5,187.5,187.5,187.5,172.5,172.5,187.5,187.5,1.23,15.179999,187.5
Bay_of_Bengal,2025-10-19 00:00:00,1.18,1.27,1.3,1.31,1.28,1.42,1.27,1.25,1.23,13.74,14.13,14.36,14.0199995,14.849999,13.74,14.57,15.179999,187.5,187.5,187.5,172.5,172.5,187.5,187.5,187.5,1.18,14.139999,187.5
Bay_of_Bengal,2025-10-19 03:00:00,1.0,1.3,1.31,1.28,1.42,1.27,1.25,1.23,1.18,14.13,14.36,14.0199995,14.849999,13.74,14.57,15.179999,14.139999,187.5,187.5,172.5,172.5,187.5,187.5,187.5,187.5,1.0,12.7,187.5
Bay_of_Bengal,2025-10-19 06:00:00,1.0699999,1.31,1.28,1.42,1.27,1.25,1.23,1.18,1.0,14.36,14.0199995,14.849999,13.74,14.57,15.179999,14.139999,12.7,187.5,172.5,172.5,187.5,187.5,187.5,187.5,187.5,1.0699999,13.849999,187.5
Bay_of_Bengal,2025-10-19 09:00:00,1.09,1.28,1.42,1.27,1.25,1.23,1.18,1.0,1.0699999,14.0199995,14.849999,13.74,14.57,15.179999,14.139999,12.7,13.849999,172.5,172.5,187.5,187.5,187.5,187.5,187.5,187.5,1.09,14.059999,187.5
Bay_of_Bengal,2025-10-19 12:00:00,1.0799999,1.42,1.27,1.25,1.23,1.18,1.0,1.0699999,1.09,14.849999,13.74,14.57,15.179999,14.139999,12.7,13.849999,14.059999,172.5,187.5,187.5,187.5,187.5,187.5,187.5,187.5,1.0799999,13.69,187.5
Bay_of_Bengal,2025-10-19 15:00:00,1.11,1.27,1.25,1.23,1.18,1.0,1.0699999,1.09,1.0799999,13.74,14.57,15.179999,14.139999,12.7,13.849999,14.059999,13.69,187.5,187.5,187.5,187.5,187.5,187.5,187.5,187.5,1.11,13.82,187.5
Bay_of_Bengal,2025-10-19 18:00:00,1.0,1.25,1.23,1.18,1.0,1.0699999,1.09,1.0799999,1.11,14.57,15.179999,14.139999,12.7,13.849999,14.059999,13.69,13.82,187.5,187.5,187.5,187.5,187.5,187.5,187.5,187.5,1.0,12.94,187.5
Bay_of_Bengal,2025-10-19 21:00:00,1.06,1.23,1.18,1.0,1.0699999,1.09,1.0799999,1.11,1.0,15.179999,14.139999,12.7,13.849999,14.059999,13.69,13.82,12.94,187.5,187.5,187.5,187.5,187.5,187.5,187.5,187.5,1.06,12.91,187.5
Bay_of_Bengal,2025-10-20 00:00:00,1.1,1.18,1.0,1.0699999,1.09,1.0799999,1.11,1.0,1.06,14.139999,12.7,13.849999,14.059999,13.69,13.82,12.94,12.91,187.5,187.5,187.5,187.5,187.5,187.5,187.5,187.5,1.1,13.07,187.5
Bay_of_Bengal,2025-10-20 03:00:00,1.11,1.0,1.0699999,1.09,1.0799999,1.11,1.0,1.06,1.1,12.7,13.849999,14.059999,13.69,13.82,12.94,12.91,13.07,187.5,187.5,187.5,187.5,187.5,187.5,187.5,187.5,1.11,13.299999,187.5
Bay_of_Bengal,2025-10-20 06:00:00,1.0799999,1.0699999,1.09,1.0799999,1.11,1.0,1.06,1.1,1.11,13.849999,14.059999,13.69,13.82,12.94,12.91,13.07,13.299999,187.5,187.5,187.5,187.5,187.5,187.5,187.5,187.5,1.0799999,12.95,187.5
Bay_of_Bengal,2025-10-20 09:00:00,1.09,1.09,1.0799999,1.11,1.0,1.06,1.1,1.11,1.0799999,14.059999,13.69,13.82,12.94,12.91,13.07,13.299999,12.95,187.5,187.5,187.5,187.5,187.5,187.5,187.5,187.5,1.09,12.54,187.5
Bay_of_Bengal,2025-10-20 12:00:00,1.16,1.0799999,1.11,1.0,1.06,1.1,1.11,1.0799999,1.09,13.69,13.82,12.94,12.91,13.07,13.299999,12.95,12.54,187.5,187.5,187.5,187.5,187.5,187.5,187.5,187.5,1.16,12.179999,157.5
Bay_of_Bengal,2025-10-20 15:00:00,1.2099999,1.11,1.0,1.06,1.1,1.11,1.0799999,1.09,1.16,13.82,12.94,12.91,13.07,13.299999,12.95,12.54,12.179999,187.5,187.5,187.5,187.5,187.5,187.5,187.5,157.5,1.2099999,12.0199995,157.5
Bay_of_Bengal,2025-10-20 18:00:00,1.29,1.0,1.06,1.1,1.11,1.0799999,1.09,1.16,1.2099999,12.94,12.91,13.07,13.299999,12.95,12.54,12.179999,12.0199995,187.5,187.5,187.5,187.5,187.5,187.5,157.5,157.5,1.29,12.36,157.5
Bay_of_Bengal,2025-10-20 21:00:00,1.3299999,1.06,1.1,1.11,1.0799999,1.09,1.16,1.2099999,1.29,12.91,13.07,13.299999,12.95,12.54,12.179999,12.0199995,12.36,187.5,187.5,187.5,187.5,187.5,157.5,157.5,157.5,1.3299999,12.34,157.5
Bay_of_Bengal,2025-10-21 00:00:00,1.3199999,1.1,1.11,1.0799999,1.09,1.16,1.2099999,1.29,1.3299999,13.07,13.299999,12.95,12.54,12.179999,12.0199995,12.36,12.34,187.5,187.5,187.5,187.5,157.5,157.5,157.5,157.5,1.3199999,4.7599998,157.5
Bay_of_Bengal,2025-10-21 03:00:00,1.43,1.11,1.0799999,1.09,1.16,1.2099999,1.29,1.3299999,1.3199999,13.299999,12.95,12.54,12.179999,12.0199995,12.36,12.34,4.7599998,187.5,187.5,187.5,157.5,157.5,157.5,157.5,157.5,1.43,5.0899997,157.5
Bay_of_Bengal,2025-10-21 06:00:00,1.55,1.0799999,1.09,1.16,1.2099999,1.29,1.3299999,1.3199999,1.43,12.95,12.54,12.179999,12.0199995,12.36,12.34,4.7599998,5.0899997,187.5,187.5,157.5,157.5,157.5,157.5,157.5,157.5,1.55,5.41,157.5
Bay_of_Bengal,2025-10-21 09:00:00,1.61,1.09,1.16,1.2099999,1.29,1.3299999,1.3199999,1.43,1.55,12.54,12.179999,12.0199995,12.36,12.34,4.7599998,5.0899997,5.41,187.5,157.5,157.5,157.5,157.5,157.5,157.5,157.5,1.61,5.6299996,157.5
Bay_of_Bengal,2025-10-21 12:00:00,1.61,1.16,1.2099999,1.29,1.3299999,1.3199999,1.43,1.55,1.61,12.179999,12.0199995,12.36,12.34,4.7599998,5.0899997,5.41,5.6299996,157.5,157.5,157.5,157.5,157.5,157.5,157.5,157.5,1.61,5.74,157.5
Bay_of_Bengal,2025-10-21 15:00:00,1.5899999,1.2099999,1.29,1.3299999,1.3199999,1.43,1.55,1.61,1.61,12.0199995,12.36,12.34,4.7599998,5.0899997,5.41,5.6299996,5.74,157.5,157.5,157.5,157.5,157.5,157.5,157.5,157.5,1.5899999,5.75,157.5
Bay_of_Bengal,2025-10-21 18:00:00,1.55,1.29,1.3299999,1.3199999,1.43,1.55,1.61,1.61,1.5899999,12.36,12.34,4.7599998,5.0899997,5.41,5.6299996,5.74,5.75,157.5,157.5,157.5,157.5,157.5,157.5,157.5,157.5,1.55,5.73,172.5
Bay_of_Bengal,2025-10-21 21:00:00,1.5,1.3299999,1.3199999,1.43,1.55,1.61,1.61,1.5899999,1.55,12.34,4.7599998,5.0899997,5.41,5.6299996,5.74,5.75,5.73,157.5,157.5,157.5,157.5,157.5,157.5,157.5,172.5,1.5,5.64,172.5
Bay_of_Bengal,2025-10-22 00:00:00,1.53,1.3199999,1.43,1.55,1.61,1.61,1.5899999,1.55,1.5,4.7599998,5.0899997,5.41,5.6299996,5.74,5.75,5.73,5.64,157.5,157.5,157.5,157.5,157.5,157.5,172.5,172.5,1.53,5.52,172.5
Bay_of_Bengal,2025-10-22 03:00:00,1.5799999,1.43,1.55,1.61,1.61,1.5899999,1.55,1.5,1.53,5.0899997,5.41,5.6299996,5.74,5.75,5.73,5.64,5.52,157.5,157.5,157.5,157.5,157.5,172.5,172.5,172.5,1.5799999,14.92,172.5
Bay_of_Bengal,2025-10-22 06:00:00,1.63,1.55,1.61,1.61,1.5899999,1.55,1.5,1.53,1.5799999,5.41,5.6299996,5.74,5.75,5.73,5.64,5.52,14.92,157.5,157.5,157.5,157.5,172.5,172.5,172.5,172.5,1.63,14.75,172.5
Bay_of_Bengal,2025-10-22 09:00:00,1.66,1.61,1.61,1.5899999,1.55,1.5,1.53,1.5799999,1.63,5.6299996,5.74,5.75,5.73,5.64,5.52,14.92,14.75,157.5,157.5,157.5,172.5,172.5,172.5,172.5,172.5,1.66,14.16,172.5
Bay_of_Bengal,2025-10-22 12:00:00,1.6899999,1.61,1.5899999,1.55,1.5,1.53,1.5799999,1.63,1.66,5.74,5.75,5.73,5.64,5.52,14.92,14.75,14.16,157.5,157.5,172.5,172.5,172.5,172.5,172.5,172.5,1.6899999,12.75,172.5
Bay_of_Bengal,2025-10-22 15:00:00,1.7099999,1.5899999,1.55,1.5,1.53,1.5799999,1.63,1.66,1.6899999,5.75,5.73,5.64,5.52,14.92,14.75,14.16,12.75,157.5,172.5,172.5,172.5,172.5,172.5,172.5,172.5,1.7099999,11.5199995,172.5
Bay_of_Bengal,2025-10-22 18:00:00,1.7099999,1.55,1.5,1.53,1.5799999,1.63,1.66,1.6899999,1.7099999,5.73,5.64,5.52,14.92,14.75,14.16,12.75,11.5199995,172.5,172.5,172.5,172.5,172.5,172.5,172.5,172.5,1.7099999,11.01,172.5
Bay_of_Bengal,2025-10-22 21:00:00,1.66,1.5,1.53,1.5799999,1.63,1.66,1.6899999,1.7099999,1.7099999,5.64,5.52,14.92,14.75,14.16,12.75,11.5199995,11.01,172.5,172.5,172.5,172.5,172.5,172.5,172.5,172.5,1.66,10.78,172.5
Bay_of_Bengal,2025-10-23 00:00:00,1.5999999,1.53,1.5799999,1.63,1.66,1.6899999,1.7099999,1.7099999,1.66,5.52,14.92,14.75,14.16,12.75,11.5199995,11.01,10.78,172.5,172.5,172.5,172.5,172.5,172.5,172.5,172.5,1.5999999,10.69,172.5
Bay_of_Bengal,2025-10-23 03:00:00,1.53,1.5799999,1.63,1.66,1.6899999,1.7099999,1.7099999,1.66,1.5999999,14.92,14.75,14.16,12.75,11.5199995,11.01,10.78,10.69,172.5,172.5,172.5,172.5,172.5,172.5,172.5,172.5,1.53,10.65,172.5
Bay_of_Bengal,2025-10-23 06:00:00,1.53,1.63,1.66,1.6899999,1.7099999,1.7099999,1.66,1.5999999,1.53,14.75,14.16,12.75,11.5199995,11.01,10.78,10.69,10.65,172.5,172.5,172.5,172.5,172.5,172.5,172.5,172.5,1.53,10.969999,172.5
Bay_of_Bengal,2025-10-23 09:00:00,1.52,1.66,1.6899999,1.7099999,1.7099999,1.66,1.5999999,1.53,1.53,14.16,12.75,11.5199995,11.01,10.78,10.69,10.65,10.969999,172.5,172.5,172.5,172.5,172.5,172.5,172.5,172.5,1.52,10.98,172.5
Bay_of_Bengal,2025-10-23 12:00:00,1.54,1.6899999,1.7099999,1.7099999,1.66,1.5999999,1.53,1.53,1.52,12.75,11.5199995,11.01,10.78,10.69,10.65,10.969999,10.98,172.5,172.5,172.5,172.5,172.5,172.5,172.5,172.5,1.54,10.969999,175.4
Bay_of_Bengal,2025-10-23 15:00:00,1.41,1.7099999,1.7099999,1.66,1.5999999,1.53,1.53,1.52,1.54,11.5199995,11.01,10.78,10.69,10.65,10.969999,10.98,10.969999,172.5,172.5,172.5,172.5,172.5,172.5,172.5,175.4,1.41,10.58,172.5
Bay_of_Bengal,2025-10-23 18:00:00,1.39,1.7099999,1.66,1.5999999,1.53,1.53,1.52,1.54,1.41,11.01,10.78,10.69,10.65,10.969999,10.98,10.969999,10.58,172.5,172.5,172.5,172.5,172.5,172.5,175.4,172.5,1.39,10.58,187.5
Bay_of_Bengal,2025-10-23 21:00:00,1.35,1.66,1.5999999,1.53,1.53,1.52,1.54,1.41,1.39,10.78,10.69,10.65,10.969999,10.98,10.969999,10.58,10.58,172.5,172.5,172.5,172.5,172.5,175.4,172.5,187.5,1.35,10.45,187.5
Bay_of_Bengal,2025-10-24 00:00:00,1.35,1.5999999,1.53,1.53,1.52,1.54,1.41,1.39,1.35,10.69,10.65,10.969999,10.98,10.969999,10.58,10.58,10.45,172.5,172.5,172.5,172.5,175.4,172.5,187.5,187.5,1.35,11.3,187.5
Bay_of_Bengal,2025-10-24 03:00:00,1.39,1.53,1.53,1.52,1.54,1.41,1.39,1.35,1.35,10.65,10.969999,10.98,10.969999,10.58,10.58,10.45,11.3,172.5,172.5,172.5,175.4,172.5,187.5,187.5,187.5,1.39,11.83,172.5
Bay_of_Bengal,2025-10-24 06:00:00,1.28,1.53,1.52,1.54,1.41,1.39,1.35,1.35,1.39,10.969999,10.98,10.969999,10.58,10.58,10.45,11.3,11.83,172.5,172.5,175.4,172.5,187.5,187.5,187.5,172.5,1.28,10.889999,187.5
Bay_of_Bengal,2025-10-24 09:00:00,1.28,1.52,1.54,1.41,1.39,1.35,1.35,1.39,1.28,10.98,10.969999,10.58,10.58,10.45,11.3,11.83,10.889999,172.5,175.4,172.5,187.5,187.5,187.5,172.5,187.5,1.28,10.71,187.5
Bay_of_Bengal,2025-10-24 12:00:00,1.39,1.54,1.41,1.39,1.35,1.35,1.39,1.28,1.28,10.969999,10.58,10.58,10.45,11.3,11.83,10.889999,10.71,175.4,172.5,187.5,187.5,187.5,172.5,187.5,187.5,1.39,17.14,187.5
Bay_of_Bengal,2025-10-24 15:00:00,1.42,1.41,1.39,1.35,1.35,1.39,1.28,1.28,1.39,10.58,10.58,10.45,11.3,11.83,10.889999,10.71,17.14,172.5,187.5,187.5,187.5,172.5,187.5,187.5,187.5,1.42,16.619999,187.5
Bay_of_Bengal,2025-10-24 18:00:00,1.43,1.39,1.35,1.35,1.39,1.28,1.28,1.39,1.42,10.58,10.45,11.3,11.83,10.889999,10.71,17.14,16.619999,187.5,187.5,187.5,172.5,187.5,187.5,187.5,187.5,1.43,15.78,187.5
Bay_of_Bengal,2025-10-24 21:00:00,1.36,1.35,1.35,1.39,1.28,1.28,1.39,1.42,1.43,10.45,11.3,11.83,10.889999,10.71,17.14,16.619999,15.78,187.5,187.5,172.5,187.5,187.5,187.5,187.5,187.5,1.36,14.9,187.5
Bay_of_Bengal,2025-10-25 00:00:00,1.3299999,1.35,1.39,1.28,1.28,1.39,1.42,1.43,1.36,11.3,11.83,10.889999,10.71,17.14,16.619999,15.78,14.9,187.5,172.5,187.5,187.5,187.5,187.5,187.5,187.5,1.3299999,15.309999,187.5
Bay_of_Bengal,2025-10-25 03:00:00,1.3199999,1.39,1.28,1.28,1.39,1.42,1.43,1.36,1.3299999,11.83,10.889999,10.71,17.14,16.619999,15.78,14.9,15.309999,172.5,187.5,187.5,187.5,187.5,187.5,187.5,187.5,1.3199999,15.48,187.5
Bay_of_Bengal,2025-10-25 06:00:00,1.37,1.28,1.28,1.39,1.42,1.43,1.36,1.3299999,1.3199999,10.889999,10.71,17.14,16.619999,15.78,14.9,15.309999,15.48,187.5,187.5,187.5,187.5,187.5,187.5,187.5,187.5,1.37,15.38,187.5
Bay_of_Bengal,2025-10-25 09:00:00,1.41,1.28,1.39,1.42,1.43,1.36,1.3299999,1.3199999,1.37,10.71,17.14,16.619999,15.78,14.9,15.309999,15.48,15.38,187.5,187.5,187.5,187.5,187.5,187.5,187.5,187.5,1.41,15.33,187.5
Bay_of_Bengal,2025-10-25 12:00:00,1.5,1.39,1.42,1.43,1.36,1.3299999,1.3199999,1.37,1.41,17.14,16.619999,15.78,14.9,15.309999,15.48,15.38,15.33,187.5,187.5,187.5,187.5,187.5,187.5,187.5,187.5,1.5,15.15,187.5
Bay_of_Bengal,2025-10-25 15:00:00,1.53,1.42,1.43,1.36,1.3299999,1.3199999,1.37,1.41,1.5,16.619999,15.78,14.9,15.309999,15.48,15.38,15.33,15.15,187.5,187.5,187.5,187.5,187.5,187.5,187.5,187.5,1.53,14.679999,187.5
Bay_of_Bengal,2025-10-25 18:00:00,1.56,1.43,1.36,1.3299999,1.3199999,1.37,1.41,1.5,1.53,15.78,14.9,15.309999,15.48,15.38,15.33,15.15,14.679999,187.5,187.5,187.5,187.5,187.5,187.5,187.5,187.5,1.56,14.33,187.5
Bay_of_Bengal,2025-10-25 21:00:00,1.5999999,1.36,1.3299999,1.3199999,1.37,1.41,1.5,1.53,1.56,14.9,15.309999,15.48,15.38,15.33,15.15,14.679999,14.33,187.5,187.5,187.5,187.5,187.5,187.5,187.5,187.5,1.5999999,13.83,187.5
Bay_of_Bengal,2025-10-26 00:00:00,1.65,1.3299999,1.3199999,1.37,1.41,1.5,1.53,1.56,1.5999999,15.309999,15.48,15.38,15.33,15.15,14.679999,14.33,13.83,187.5,187.5,187.5,187.5,187.5,187.5,187.5,187.5,1.65,13.87,187.5
Bay_of_Bengal,2025-10-26 03:00:00,1.7199999,1.3199999,1.37,1.41,1.5,1.53,1.56,1.5999999,1.65,15.48,15.38,15.33,15.15,14.679999,14.33,13.83,13.87,187.5,187.5,187.5,187.5,187.5,187.5,187.5,187.5,1.7199999,13.87,187.5
Bay_of_Bengal,2025-10-26 06:00:00,1.8399999,1.37,1.41,1.5,1.53,1.56,1.5999999,1.65,1.7199999,15.38,15.33,15.15,14.679999,14.33,13.83,13.87,13.87,187.5,187.5,187.5,187.5,187.5,187.5,187.5,187.5,1.8399999,7.2,112.5
Bay_of_Bengal,2025-10-26 09:00:00,1.99,1.41,1.5,1.53,1.56,1.5999999,1.65,1.7199999,1.8399999,15.33,15.15,14.679999,14.33,13.83,13.87,13.87,7.2,187.5,187.5,187.5,187.5,187.5,187.5,187.5,112.5,1.99,7.3999996,112.5
Bay_of_Bengal,2025-10-26 12:00:00,2.26,1.5,1.53,1.56,1.5999999,1.65,1.7199999,1.8399999,1.99,15.15,14.679999,14.33,13.83,13.87,13.87,7.2,7.3999996,187.5,187.5,187.5,187.5,187.5,187.5,112.5,112.5,2.26,8.04,112.5
Bay_of_Bengal,2025-10-26 15:00:00,2.58,1.53,1.56,1.5999999,1.65,1.7199999,1.8399999,1.99,2.26,14.679999,14.33,13.83,13.87,13.87,7.2,7.3999996,8.04,187.5,187.5,187.5,187.5,187.5,112.5,112.5,112.5,2.58,8.74,112.5
Bay_of_Bengal,2025-10-26 18:00:00,2.8899999,1.56,1.5999999,1.65,1.7199999,1.8399999,1.99,2.26,2.58,14.33,13.83,13.87,13.87,7.2,7.3999996,8.04,8.74,187.5,187.5,187.5,187.5,112.5,112.5,112.5,112.5,2.8899999,8.98,112.5
Bay_of_Bengal,2025-10-26 21:00:00,3.1899998,1.5999999,1.65,1.7199999,1.8399999,1.99,2.26,2.58,2.8899999,13.83,13.87,13.87,7.2,7.3999996,8.04,8.74,8.98,187.5,187.5,187.5,112.5,112.5,112.5,112.5,112.5,3.1899998,9.09,112.5
Bay_of_Bengal,2025-10-27 00:00:00,3.46,1.65,1.7199999,1.8399999,1.99,2.26,2.58,2.8899999,3.1899998,13.87,13.87,7.2,7.3999996,8.04,8.74,8.98,9.09,187.5,187.5,112.5,112.5,112.5,112.5,112.5,112.5,3.46,9.179999,112.5
Bay_of_Bengal,2025-10-27 03:00:00,3.6699998,1.7199999,1.8399999,1.99,2.26,2.58,2.8899999,3.1899998,3.46,13.87,7.2,7.3999996,8.04,8.74,8.98,9.09,9.179999,187.5,112.5,112.5,112.5,112.5,112.5,112.5,112.5,3.6699998,9.08,97.5
Bay_of_Bengal,2025-10-27 06:00:00,3.84,1.8399999,1.99,2.26,2.58,2.8899999,3.1899998,3.46,3.6699998,7.2,7.3999996,8.04,8.74,8.98,9.09,9.179999,9.08,112.5,112.5,112.5,112.5,112.5,112.5,112.5,97.5,3.84,8.99,97.5
Bay_of_Bengal,2025-10-27 09:00:00,3.9399998,1.99,2.26,2.58,2.8899999,3.1899998,3.46,3.6699998,3.84,7.3999996,8.04,8.74,8.98,9.09,9.179999,9.08,8.99,112.5,112.5,112.5,112.5,112.5,112.5,97.5,97.5,3.9399998,9.04,97.5
Bay_of_Bengal,2025-10-27 12:00:00,4.08,2.26,2.58,2.8899999,3.1899998,3.46,3.6699998,3.84,3.9399998,8.04,8.74,8.98,9.09,9.179999,9.08,8.99,9.04,112.5,112.5,112.5,112.5,112.5,97.5,97.5,97.5,4.08,9.25,127.5
Bay_of_Bengal,2025-10-27 15:00:00,4.1,2.58,2.8899999,3.1899998,3.46,3.6699998,3.84,3.9399998,4.08,8.74,8.98,9.09,9.179999,9.08,8.99,9.04,9.25,112.5,112.5,112.5,112.5,97.5,97.5,97.5,127.5,4.1,9.309999,145.4
Bay_of_Bengal,2025-10-27 18:00:00,4.14,2.8899999,3.1899998,3.46,3.6699998,3.84,3.9399998,4.08,4.1,8.98,9.09,9.179999,9.08,8.99,9.04,9.25,9.309999,112.5,112.5,112.5,97.5,97.5,97.5,127.5,145.4,4.14,9.099999,157.5
Bay_of_Bengal,2025-10-27 21:00:00,4.5299997,3.1899998,3.46,3.6699998,3.84,3.9399998,4.08,4.1,4.14,9.09,9.179999,9.08,8.99,9.04,9.25,9.309999,9.099999,112.5,112.5,97.5,97.5,97.5,127.5,145.4,157.5,4.5299997,9.469999,187.5
Bay_of_Bengal,2025-10-28 00:00:00,4.9,3.46,3.6699998,3.84,3.9399998,4.08,4.1,4.14,4.5299997,9.179999,9.08,8.99,9.04,9.25,9.309999,9.099999,9.469999,112.5,97.5,97.5,97.5,127.5,145.4,157.5,187.5,4.9,10.44,187.5
Bay_of_Bengal,2025-10-28 03:00:00,4.88,3.6699998,3.84,3.9399998,4.08,4.1,4.14,4.5299997,4.9,9.08,8.99,9.04,9.25,9.309999,9.099999,9.469999,10.44,97.5,97.5,97.5,127.5,145.4,157.5,187.5,187.5,4.88,10.37,190.4
Bay_of_Bengal,2025-10-28 06:00:00,4.64,3.84,3.9399998,4.08,4.1,4.14,4.5299997,4.9,4.88,8.99,9.04,9.25,9.309999,9.099999,9.469999,10.44,10.37,97.5,97.5,127.5,145.4,157.5,187.5,187.5,190.4,4.64,10.29,217.5
Bay_of_Bengal,2025-10-28 09:00:00,4.81,3.9399998,4.08,4.1,4.14,4.5299997,4.9,4.88,4.64,9.04,9.25,9.309999,9.099999,9.469999,10.44,10.37,10.29,97.5,127.5,145.4,157.5,187.5,187.5,190.4,217.5,4.81,10.79,232.5
Bay_of_Bengal,2025-10-28 12:00:00,4.72,4.08,4.1,4.14,4.5299997,4.9,4.88,4.64,4.81,9.25,9.309999,9.099999,9.469999,10.44,10.37,10.29,10.79,127.5,145.4,157.5,187.5,187.5,190.4,217.5,232.5,4.72,10.88,232.5
Bay_of_Bengal,2025-10-28 15:00:00,4.4,4.1,4.14,4.5299997,4.9,4.88,4.64,4.81,4.72,9.309999,9.099999,9.469999,10.44,10.37,10.29,10.79,10.88,145.4,157.5,187.5,187.5,190.4,217.5,232.5,232.5,4.4,10.76,247.5
Bay_of_Bengal,2025-10-28 18:00:00,4.04,4.14,4.5299997,4.9,4.88,4.64,4.81,4.72,4.4,9.099999,9.469999,10.44,10.37,10.29,10.79,10.88,10.76,157.5,187.5,187.5,190.4,217.5,232.5,232.5,247.5,4.04,10.58,262.5
Bay_of_Bengal,2025-10-28 21:00:00,3.78,4.5299997,4.9,4.88,4.64,4.81,4.72,4.4,4.04,9.469999,10.44,10.37,10.29,10.79,10.88,10.76,10.58,187.5,187.5,190.4,217.5,232.5,232.5,247.5,262.5,3.78,10.389999,262.5
Bay_of_Bengal,2025-10-29 00:00:00,3.48,4.9,4.88,4.64,4.81,4.72,4.4,4.04,3.78,10.44,10.37,10.29,10.79,10.88,10.76,10.58,10.389999,187.5,190.4,217.5,232.5,232.5,247.5,262.5,262.5,3.48,10.059999,262.5
Bay_of_Bengal,2025-10-29 03:00:00,3.1899998,4.88,4.64,4.81,4.72,4.4,4.04,3.78,3.48,10.37,10.29,10.79,10.88,10.76,10.58,10.389999,10.059999,190.4,217.5,232.5,232.5,247.5,262.5,262.5,262.5,3.1899998,9.8,262.5
Bay_of_Bengal,2025-10-29 06:00:00,3.23,4.64,4.81,4.72,4.4,4.04,3.78,3.48,3.1899998,10.29,10.79,10.88,10.76,10.58,10.389999,10.059999,9.8,217.5,232.5,232.5,247.5,262.5,262.5,262.5,262.5,3.23,9.87,277.5
Bay_of_Bengal,2025-10-29 09:00:00,2.95,4.81,4.72,4.4,4.04,3.78,3.48,3.1899998,3.23,10.79,10.88,10.76,10.58,10.389999,10.059999,9.8,9.87,232.5,232.5,247.5,262.5,262.5,262.5,262.5,277.5,2.95,9.679999,277.5
Bay_of_Bengal,2025-10-29 12:00:00,2.6,4.72,4.4,4.04,3.78,3.48,3.1899998,3.23,2.95,10.88,10.76,10.58,10.389999,10.059999,9.8,9.87,9.679999,232.5,247.5,262.5,262.5,262.5,262.5,277.5,277.5,2.6,9.17,277.5
Bay_of_Bengal,2025-10-29 15:00:00,2.33,4.4,4.04,3.78,3.48,3.1899998,3.23,2.95,2.6,10.76,10.58,10.389999,10.059999,9.8,9.87,9.679999,9.17,247.5,262.5,262.5,262.5,262.5,277.5,277.5,277.5,2.33,8.71,277.5
Bay_of_Bengal,2025-10-29 18:00:00,2.1499999,4.04,3.78,3.48,3.1899998,3.23,2.95,2.6,2.33,10.58,10.389999,10.059999,9.8,9.87,9.679999,9.17,8.71,262.5,262.5,262.5,262.5,277.5,277.5,277.5,277.5,2.1499999,8.16,201.06999
Bay_of_Bengal,2025-10-29 21:00:00,1.9799999,3.78,3.48,3.1899998,3.23,2.95,2.6,2.33,2.1499999,10.389999,10.059999,9.8,9.87,9.679999,9.17,8.71,8.16,262.5,262.5,262.5,277.5,277.5,277.5,277.5,201.06999,1.9799999,7.72,187.5
Bay_of_Bengal,2025-10-30 00:00:00,1.8399999,3.48,3.1899998,3.23,2.95,2.6,2.33,2.1499999,1.9799999,10.059999,9.8,9.87,9.679999,9.17,8.71,8.16,7.72,262.5,262.5,277.5,277.5,277.5,277.5,201.06999,187.5,1.8399999,7.37,187.5
Bay_of_Bengal,2025-10-30 03:00:00,1.6999999,3.1899998,3.23,2.95,2.6,2.33,2.1499999,1.9799999,1.8399999,9.8,9.87,9.679999,9.17,8.71,8.16,7.72,7.37,262.5,277.5,277.5,277.5,277.5,201.06999,187.5,187.5,1.6999999,6.97,187.5
Bay_of_Bengal,2025-10-30 06:00:00,1.7199999,3.23,2.95,2.6,2.33,2.1499999,1.9799999,1.8399999,1.6999999,9.87,9.679999,9.17,8.71,8.16,7.72,7.37,6.97,277.5,277.5,277.5,277.5,201.06999,187.5,187.5,187.5,1.7199999,6.85,187.5
Bay_of_Bengal,2025-10-30 09:00:00,1.63,2.95,2.6,2.33,2.1499999,1.9799999,1.8399999,1.6999999,1.7199999,9.679999,9.17,8.71,8.16,7.72,7.37,6.97,6.85,277.5,277.5,277.5,201.06999,187.5,187.5,187.5,187.5,1.63,15.25,187.5
Bay_of_Bengal,2025-10-30 12:00:00,1.53,2.6,2.33,2.1499999,1.9799999,1.8399999,1.6999999,1.7199999,1.63,9.17,8.71,8.16,7.72,7.37,6.97,6.85,15.25,277.5,277.5,201.06999,187.5,187.5,187.5,187.5,187.5,1.53,19.27,187.5
Bay_of_Bengal,2025-10-30 15:00:00,1.43,2.33,2.1499999,1.9799999,1.8399999,1.6999999,1.7199999,1.63,1.53,8.71,8.16,7.72,7.37,6.97,6.85,15.25,19.27,277.5,201.06999,187.5,187.5,187.5,187.5,187.5,187.5,1.43,18.939999,187.5
Bay_of_Bengal,2025-10-30 18:00:00,1.48,2.1499999,1.9799999,1.8399999,1.6999999,1.7199999,1.63,1.53,1.43,8.16,7.72,7.37,6.97,6.85,15.25,19.27,18.939999,201.06999,187.5,187.5,187.5,187.5,187.5,187.5,187.5,1.48,19.449999,187.5
Bay_of_Bengal,2025-10-30 21:00:00,1.4399999,1.9799999,1.8399999,1.6999999,1.7199999,1.63,1.53,1.43,1.48,7.72,7.37,6.97,6.85,15.25,19.27,18.939999,19.449999,187.5,187.5,187.5,187.5,187.5,187.5,187.5,187.5,1.4399999,18.92,187.5
Bay_of_Bengal,2025-10-31 00:00:00,1.38,1.8399999,1.6999999,1.7199999,1.63,1.53,1.43,1.48,1.4399999,7.37,6.97,6.85,15.25,19.27,18.939999,19.449999,18.92,187.5,187.5,187.5,187.5,187.5,187.5,187.5,187.5,1.38,18.32,187.5
Bay_of_Bengal,2025-10-31 03:00:00,1.3199999,1.6999999,1.7199999,1.63,1.53,1.43,1.48,1.4399999,1.38,6.97,6.85,15.25,19.27,18.939999,19.449999,18.92,18.32,187.5,187.5,187.5,187.5,187.5,187.5,187.5,187.5,1.3199999,17.359999,187.5
Bay_of_Bengal,2025-10-31 06:00:00,1.4699999,1.7199999,1.63,1.53,1.43,1.48,1.4399999,1.38,1.3199999,6.85,15.25,19.27,18.939999,19.449999,18.92,18.32,17.359999,187.5,187.5,187.5,187.5,187.5,187.5,187.5,187.5,1.4699999,17.97,187.5
Bay_of_Bengal,2025-10-31 09:00:00,1.48,1.63,1.53,1.43,1.48,1.4399999,1.38,1.3199999,1.4699999,15.25,19.27,18.939999,19.449999,18.92,18.32,17.359999,17.97,187.5,187.5,187.5,187.5,187.5,187.5,187.5,187.5,1.48,17.71,187.5
Bay_of_Bengal,2025-10-31 12:00:00,1.36,1.53,1.43,1.48,1.4399999,1.38,1.3199999,1.4699999,1.48,19.27,18.939999,19.449999,18.92,18.32,17.359999,17.97,17.71,187.5,187.5,187.5,187.5,187.5,187.5,187.5,187.5,1.36,16.56,175.4
Bay_of_Bengal,2025-10-31 15:00:00,1.27,1.43,1.48,1.4399999,1.38,1.3199999,1.4699999,1.48,1.36,18.939999,19.449999,18.92,18.32,17.359999,17.97,17.71,16.56,187.5,187.5,187.5,187.5,187.5,187.5,187.5,175.4,1.27,16.21,172.5
Bay_of_Bengal,2025-10-31 18:00:00,1.25,1.48,1.4399999,1.38,1.3199999,1.4699999,1.48,1.36,1.27,19.449999,18.92,18.32,17.359999,17.97,17.71,16.56,16.21,187.5,187.5,187.5,187.5,187.5,187.5,175.4,172.5,1.25,15.75,172.5
Bay_of_Bengal,2025-10-31 21:00:00,1.14,1.4399999,1.38,1.3199999,1.4699999,1.48,1.36,1.27,1.25,18.92,18.32,17.359999,17.97,17.71,16.56,16.21,15.75,187.5,187.5,187.5,187.5,187.5,175.4,172.5,172.5,1.14,14.48,172.5
Bay_of_Bengal,2025-11-01 00:00:00,1.1899999,1.38,1.3199999,1.4699999,1.48,1.36,1.27,1.25,1.14,18.32,17.359999,17.97,17.71,16.56,16.21,15.75,14.48,187.5,187.5,187.5,187.5,175.4,172.5,172.5,172.5,1.1899999,14.66,172.5
Bay_of_Bengal,2025-11-01 03:00:00,1.12,1.3199999,1.4699999,1.48,1.36,1.27,1.25,1.14,1.1899999,17.359999,17.97,17.71,16.56,16.21,15.75,14.48,14.66,187.5,187.5,187.5,175.4,172.5,172.5,172.5,172.5,1.12,14.37,172.5
Bay_of_Bengal,2025-11-01 06:00:00,1.15,1.4699999,1.48,1.36,1.27,1.25,1.14,1.1899999,1.12,17.97,17.71,16.56,16.21,15.75,14.48,14.66,14.37,187.5,187.5,175.4,172.5,172.5,172.5,172.5,172.5,1.15,14.2699995,172.5
Bay_of_Bengal,2025-11-01 09:00:00,1.2099999,1.48,1.36,1.27,1.25,1.14,1.1899999,1.12,1.15,17.71,16.56,16.21,15.75,14.48,14.66,14.37,14.2699995,187.5,175.4,172.5,172.5,172.5,172.5,172.5,172.5,1.2099999,13.98,172.5
Bay_of_Bengal,2025-11-01 12:00:00,1.27,1.36,1.27,1.25,1.14,1.1899999,1.12,1.15,1.2099999,16.56,16.21,15.75,14.48,14.66,14.37,14.2699995,13.98,175.4,172.5,172.5,172.5,172.5,172.5,172.5,172.5,1.27,13.929999,172.5
Bay_of_Bengal,2025-11-01 15:00:00,0.98999995,1.27,1.25,1.14,1.1899999,1.12,1.15,1.2099999,1.27,16.21,15.75,14.48,14.66,14.37,14.2699995,13.98,13.929999,172.5,172.5,172.5,172.5,172.5,172.5,172.5,172.5,0.98999995,15.809999,172.5
Bay_of_Bengal,2025-11-01 18:00:00,1.02,1.25,1.14,1.1899999,1.12,1.15,1.2099999,1.27,0.98999995,15.75,14.48,14.66,14.37,14.2699995,13.98,13.929999,15.809999,172.5,172.5,172.5,172.5,172.5,172.5,172.5,172.5,1.02,15.429999,172.5
Bay_of_Bengal,2025-11-01 21:00:00,1.06,1.14,1.1899999,1.12,1.15,1.2099999,1.27,0.98999995,1.02,14.48,14.66,14.37,14.2699995,13.98,13.929999,15.809999,15.429999,172.5,172.5,172.5,172.5,172.5,172.5,172.5,172.5,1.06,14.78,172.5
Bay_of_Bengal,2025-11-02 00:00:00,1.13,1.1899999,1.12,1.15,1.2099999,1.27,0.98999995,1.02,1.06,14.66,14.37,14.2699995,13.98,13.929999,15.809999,15.429999,14.78,172.5,172.5,172.5,172.5,172.5,172.5,172.5,172.5,1.13,15.61,172.5
Bay_of_Bengal,2025-11-02 03:00:00,1.17,1.12,1.15,1.2099999,1.27,0.98999995,1.02,1.06,1.13,14.37,14.2699995,13.98,13.929999,15.809999,15.429999,14.78,15.61,172.5,172.5,172.5,172.5,172.5,172.5,172.5,172.5,1.17,15.429999,172.5
Bay_of_Bengal,2025-11-02 06:00:00,1.1899999,1.15,1.2099999,1.27,0.98999995,1.02,1.06,1.13,1.17,14.2699995,13.98,13.929999,15.809999,15.429999,14.78,15.61,15.429999,172.5,172.5,172.5,172.5,172.5,172.5,172.5,172.5,1.1899999,15.15,172.5
Bay_of_Bengal,2025-11-02 09:00:00,1.2099999,1.2099999,1.27,0.98999995,1.02,1.06,1.13,1.17,1.1899999,13.98,13.929999,15.809999,15.429999,14.78,15.61,15.429999,15.15,172.5,172.5,172.5,172.5,172.5,172.5,172.5,172.5,1.2099999,14.759999,172.5
Bay_of_Bengal,2025-11-02 12:00:00,1.24,1.27,0.98999995,1.02,1.06,1.13,1.17,1.1899999,1.2099999,13.929999,15.809999,15.429999,14.78,15.61,15.429999,15.15,14.759999,172.5,172.5,172.5,172.5,172.5,172.5,172.5,172.5,1.24,14.69,172.5
Bay_of_Bengal,2025-11-02 15:00:00,1.11,0.98999995,1.02,1.06,1.13,1.17,1.1899999,1.2099999,1.24,15.809999,15.429999,14.78,15.61,15.429999,15.15,14.759999,14.69,172.5,172.5,172.5,172.5,172.5,172.5,172.5,172.5,1.11,13.49,172.5
Bay_of_Bengal,2025-11-02 18:00:00,1.09,1.02,1.06,1.13,1.17,1.1899999,1.2099999,1.24,1.11,15.429999,14.78,15.61,15.429999,15.15,14.759999,14.69,13.49,172.5,172.5,172.5,172.5,172.5,172.5,172.5,172.5,1.09,13.08,172.5
Bay_of_Bengal,2025-11-02 21:00:00,1.1,1.06,1.13,1.17,1.1899999,1.2099999,1.24,1.11,1.09,14.78,15.61,15.429999,15.15,14.759999,14.69,13.49,13.08,172.5,172.5,172.5,172.5,172.5,172.5,172.5,172.5,1.1,12.84,172.5
Bay_of_Bengal,2025-11-03 00:00:00,1.12,1.13,1.17,1.1899999,1.2099999,1.24,1.11,1.09,1.1,15.61,15.429999,15.15,14.759999,14.69,13.49,13.08,12.84,172.5,172.5,172.5,172.5,172.5,172.5,172.5,172.5,1.12,12.46,172.5
Bay_of_Bengal,2025-11-03 03:00:00,1.3199999,1.17,1.1899999,1.2099999,1.24,1.11,1.09,1.1,1.12,15.429999,15.15,14.759999,14.69,13.49,13.08,12.84,12.46,172.5,172.5,172.5,172.5,172.5,172.5,172.5,172.5,1.3199999,13.299999,172.5
Bay_of_Bengal,2025-11-03 06:00:00,1.1,1.1899999,1.2099999,1.24,1.11,1.09,1.1,1.12,1.3199999,15.15,14.759999,14.69,13.49,13.08,12.84,12.46,13.299999,172.5,172.5,172.5,172.5,172.5,172.5,172.5,172.5,1.1,11.88,172.5
Bay_of_Bengal,2025-11-03 09:00:00,1.05,1.2099999,1.24,1.11,1.09,1.1,1.12,1.3199999,1.1,14.759999,14.69,13.49,13.08,12.84,12.46,13.299999,11.88,172.5,172.5,172.5,172.5,172.5,172.5,172.5,172.5,1.05,11.719999,172.5
Bay_of_Bengal,2025-11-03 12:00:00,1.03,1.24,1.11,1.09,1.1,1.12,1.3199999,1.1,1.05,14.69,13.49,13.08,12.84,12.46,13.299999,11.88,11.719999,172.5,172.5,172.5,172.5,172.5,172.5,172.5,172.5,1.03,11.78,172.5
Bay_of_Bengal,2025-11-03 15:00:00,1.03,1.11,1.09,1.1,1.12,1.3199999,1.1,1.05,1.03,13.49,13.08,12.84,12.46,13.299999,11.88,11.719999,11.78,172.5,172.5,172.5,172.5,172.5,172.5,172.5,172.5,1.03,11.75,172.5
Bay_of_Bengal,2025-11-03 18:00:00,0.96999997,1.09,1.1,1.12,1.3199999,1.1,1.05,1.03,1.03,13.08,12.84,12.46,13.299999,11.88,11.719999,11.78,11.75,172.5,172.5,172.5,172.5,172.5,172.5,172.5,172.5,0.96999997,11.349999,172.5
Bay_of_Bengal,2025-11-03 21:00:00,0.95,1.1,1.12,1.3199999,1.1,1.05,1.03,1.03,0.96999997,12.84,12.46,13.299999,11.88,11.719999,11.78,11.75,11.349999,172.5,172.5,172.5,172.5,172.5,172.5,172.5,172.5,0.95,15.13,172.5
Bay_of_Bengal,2025-11-04 00:00:00,0.95,1.12,1.3199999,1.1,1.05,1.03,1.03,0.96999997,0.95,12.46,13.299999,11.88,11.719999,11.78,11.75,11.349999,15.13,172.5,172.5,172.5,172.5,172.5,172.5,172.5,172.5,0.95,15.49,172.5
Bay_of_Bengal,2025-11-04 03:00:00,0.95,1.3199999,1.1,1.05,1.03,1.03,0.96999997,0.95,0.95,13.299999,11.88,11.719999,11.78,11.75,11.349999,15.13,15.49,172.5,172.5,172.5,172.5,172.5,172.5,172.5,172.5,0.95,15.71,172.5
Bay_of_Bengal,2025-11-04 06:00:00,0.96,1.1,1.05,1.03,1.03,0.96999997,0.95,0.95,0.95,11.88,11.719999,11.78,11.75,11.349999,15.13,15.49,15.71,172.5,172.5,172.5,172.5,172.5,172.5,172.5,172.5,0.96,16.99,172.5
Bay_of_Bengal,2025-11-04 09:00:00,0.97999996,1.05,1.03,1.03,0.96999997,0.95,0.95,0.95,0.96,11.719999,11.78,11.75,11.349999,15.13,15.49,15.71,16.99,172.5,172.5,172.5,172.5,172.5,172.5,172.5,172.5,0.97999996,16.76,172.5
Bay_of_Bengal,2025-11-04 12:00:00,1.0,1.03,1.03,0.96999997,0.95,0.95,0.95,0.96,0.97999996,11.78,11.75,11.349999,15.13,15.49,15.71,16.99,16.76,172.5,172.5,172.5,172.5,172.5,172.5,172.5,172.5,1.0,16.57,172.5
Bay_of_Bengal,2025-11-04 15:00:00,1.02,1.03,0.96999997,0.95,0.95,0.95,0.96,0.97999996,1.0,11.75,11.349999,15.13,15.49,15.71,16.99,16.76,16.57,172.5,172.5,172.5,172.5,172.5,172.5,172.5,172.5,1.02,16.18,172.5
Bay_of_Bengal,2025-11-04 18:00:00,1.05,0.96999997,0.95,0.95,0.95,0.96,0.97999996,1.0,1.02,11.349999,15.13,15.49,15.71,16.99,16.76,16.57,16.18,172.5,172.5,172.5,172.5,172.5,172.5,172.5,172.5,1.05,16.0,172.5
Bay_of_Bengal,2025-11-04 21:00:00,1.0699999,0.95,0.95,0.95,0.96,0.97999996,1.0,1.02,1.05,15.13,15.49,15.71,16.99,16.76,16.57,16.18,16.0,172.5,172.5,172.5,172.5,172.5,172.5,172.5,172.5,1.0699999,15.889999,172.5
Bay_of_Bengal,2025-11-05 00:00:00,1.0699999,0.95,0.95,0.96,0.97999996,1.0,1.02,1.05,1.0699999,15.49,15.71,16.99,16.76,16.57,16.18,16.0,15.889999,172.5,172.5,172.5,172.5,172.5,172.5,172.5,172.5,1.0699999,15.589999,172.5
Bay_of_Bengal,2025-11-05 03:00:00,0.96,0.95,0.96,0.97999996,1.0,1.02,1.05,1.0699999,1.0699999,15.71,16.99,16.76,16.57,16.18,16.0,15.889999,15.589999,172.5,172.5,172.5,172.5,172.5,172.5,172.5,172.5,0.96,14.34,172.5
Bay_of_Bengal,2025-11-05 06:00:00,0.97999996,0.96,0.97999996,1.0,1.02,1.05,1.0699999,1.0699999,0.96,16.99,16.76,16.57,16.18,16.0,15.889999,15.589999,14.34,172.5,172.5,172.5,172.5,172.5,172.5,172.5,172.5,0.97999996,14.5,172.5
Bay_of_Bengal,2025-11-05 09:00:00,1.05,0.97999996,1.0,1.02,1.05,1.0699999,1.0699999,0.96,0.97999996,16.76,16.57,16.18,16.0,15.889999,15.589999,14.34,14.5,172.5,172.5,172.5,172.5,172.5,172.5,172.5,172.5,1.05,14.599999,172.5
Bay_of_Bengal,2025-11-05 12:00:00,1.03,1.0,1.02,1.05,1.0699999,1.0699999,0.96,0.97999996,1.05,16.57,16.18,16.0,15.889999,15.589999,14.34,14.5,14.599999,172.5,172.5,172.5,172.5,172.5,172.5,172.5,172.5,1.03,14.54,187.5
Bay_of_Bengal,2025-11-05 15:00:00,1.11,1.02,1.05,1.0699999,1.0699999,0.96,0.97999996,1.05,1.03,16.18,16.0,15.889999,15.589999,14.34,14.5,14.599999,14.54,172.5,172.5,172.5,172.5,172.5,172.5,172.5,187.5,1.11,14.599999,187.5
Bay_of_Bengal,2025-11-05 18:00:00,1.12,1.05,1.0699999,1.0699999,0.96,0.97999996,1.05,1.03,1.11,16.0,15.889999,15.589999,14.34,14.5,14.599999,14.54,14.599999,172.5,172.5,172.5,172.5,172.5,172.5,187.5,187.5,1.12,14.66,187.5
Bay_of_Bengal,2025-11-05 21:00:00,1.15,1.0699999,1.0699999,0.96,0.97999996,1.05,1.03,1.11,1.12,15.889999,15.589999,14.34,14.5,14.599999,14.54,14.599999,14.66,172.5,172.5,172.5,172.5,172.5,187.5,187.5,187.5,1.15,14.38,187.5
Bay_of_Bengal,2025-11-06 00:00:00,1.16,1.0699999,0.96,0.97999996,1.05,1.03,1.11,1.12,1.15,15.589999,14.34,14.5,14.599999,14.54,14.599999,14.66,14.38,172.5,172.5,172.5,172.5,187.5,187.5,187.5,187.5,1.16,17.65,187.5
Bay_of_Bengal,2025-11-06 03:00:00,1.15,0.96,0.97999996,1.05,1.03,1.11,1.12,1.15,1.16,14.34,14.5,14.599999,14.54,14.599999,14.66,14.38,17.65,172.5,172.5,172.5,187.5,187.5,187.5,187.5,187.5,1.15,17.64,187.5
Bay_of_Bengal,2025-11-06 06:00:00,1.16,0.97999996,1.05,1.03,1.11,1.12,1.15,1.16,1.15,14.5,14.599999,14.54,14.599999,14.66,14.38,17.65,17.64,172.5,172.5,187.5,187.5,187.5,187.5,187.5,187.5,1.16,18.32,187.5
Bay_of_Bengal,2025-11-06 09:00:00,1.12,1.05,1.03,1.11,1.12,1.15,1.16,1.15,1.16,14.599999,14.54,14.599999,14.66,14.38,17.65,17.64,18.32,172.5,187.5,187.5,187.5,187.5,187.5,187.5,187.5,1.12,17.99,187.5
Bay_of_Bengal,2025-11-06 12:00:00,1.0799999,1.03,1.11,1.12,1.15,1.16,1.15,1.16,1.12,14.54,14.599999,14.66,14.38,17.65,17.64,18.32,17.99,187.5,187.5,187.5,187.5,187.5,187.5,187.5,187.5,1.0799999,16.92,187.5
Bay_of_Bengal,2025-11-06 15:00:00,1.2099999,1.11,1.12,1.15,1.16,1.15,1.16,1.12,1.0799999,14.599999,14.66,14.38,17.65,17.64,18.32,17.99,16.92,187.5,187.5,187.5,187.5,187.5,187.5,187.5,187.5,1.2099999,17.19,187.5
Bay_of_Bengal,2025-11-06 18:00:00,1.22,1.12,1.15,1.16,1.15,1.16,1.12,1.0799999,1.2099999,14.66,14.38,17.65,17.64,18.32,17.99,16.92,17.19,187.5,187.5,187.5,187.5,187.5,187.5,187.5,187.5,1.22,16.72,187.5
Bay_of_Bengal,2025-11-06 21:00:00,1.24,1.15,1.16,1.15,1.16,1.12,1.0799999,1.2099999,1.22,14.38,17.65,17.64,18.32,17.99,16.92,17.19,16.72,187.5,187.5,187.5,187.5,187.5,187.5,187.5,187.5,1.24,16.34,187.5
Bay_of_Bengal,2025-11-07 00:00:00,1.24,1.16,1.15,1.16,1.12,1.0799999,1.2099999,1.22,1.24,17.65,17.64,18.32,17.99,16.92,17.19,16.72,16.34,187.5,187.5,187.5,187.5,187.5,187.5,187.5,187.5,1.24,16.119999,187.5
Bay_of_Bengal,2025-11-07 03:00:00,1.17,1.15,1.16,1.12,1.0799999,1.2099999,1.22,1.24,1.24,17.64,18.32,17.99,16.92,17.19,16.72,16.34,16.119999,187.5,187.5,187.5,187.5,187.5,187.5,187.5,187.5,1.17,17.26,187.5
Bay_of_Bengal,2025-11-07 06:00:00,1.0,1.16,1.12,1.0799999,1.2099999,1.22,1.24,1.24,1.17,18.32,17.99,16.92,17.19,16.72,16.34,16.119999,17.26,187.5,187.5,187.5,187.5,187.5,187.5,187.5,187.5,1.0,15.48,187.5
Bay_of_Bengal,2025-11-07 09:00:00,1.06,1.12,1.0799999,1.2099999,1.22,1.24,1.24,1.17,1.0,17.99,16.92,17.19,16.72,16.34,16.119999,17.26,15.48,187.5,187.5,187.5,187.5,187.5,187.5,187.5,187.5,1.06,15.23,187.5
Bay_of_Bengal,2025-11-07 12:00:00,1.31,1.0799999,1.2099999,1.22,1.24,1.24,1.17,1.0,1.06,16.92,17.19,16.72,16.34,16.119999,17.26,15.48,15.23,187.5,187.5,187.5,187.5,187.5,187.5,187.5,187.5,1.31,17.32,172.5
Bay_of_Bengal,2025-11-07 15:00:00,1.39,1.2099999,1.22,1.24,1.24,1.17,1.0,1.06,1.31,17.19,16.72,16.34,16.119999,17.26,15.48,15.23,17.32,187.5,187.5,187.5,187.5,187.5,187.5,187.5,172.5,1.39,16.33,172.5
Bay_of_Bengal,2025-11-07 18:00:00,1.3399999,1.22,1.24,1.24,1.17,1.0,1.06,1.31,1.39,16.72,16.34,16.119999,17.26,15.48,15.23,17.32,16.33,187.5,187.5,187.5,187.5,187.5,187.5,172.5,172.5,1.3399999,15.04,172.5
Bay_of_Bengal,2025-11-07 21:00:00,1.3199999,1.24,1.24,1.17,1.0,1.06,1.31,1.39,1.3399999,16.34,16.119999,17.26,15.48,15.23,17.32,16.33,15.04,187.5,187.5,187.5,187.5,187.5,172.5,172.5,172.5,1.3199999,14.639999,172.5
Bay_of_Bengal,2025-11-08 00:00:00,1.29,1.24,1.17,1.0,1.06,1.31,1.39,1.3399999,1.3199999,16.119999,17.26,15.48,15.23,17.32,16.33,15.04,14.639999,187.5,187.5,187.5,187.5,172.5,172.5,172.5,172.5,1.29,14.32,172.5
Bay_of_Bengal,2025-11-08 03:00:00,1.2099999,1.17,1.0,1.06,1.31,1.39,1.3399999,1.3199999,1.29,17.26,15.48,15.23,17.32,16.33,15.04,14.639999,14.32,187.5,187.5,187.5,172.5,172.5,172.5,172.5,172.5,1.2099999,13.4,172.5
Bay_of_Bengal,2025-11-08 06:00:00,1.25,1.0,1.06,1.31,1.39,1.3399999,1.3199999,1.29,1.2099999,15.48,15.23,17.32,16.33,15.04,14.639999,14.32,13.4,187.5,187.5,172.5,172.5,172.5,172.5,172.5,172.5,1.25,13.2,172.5
Bay_of_Bengal,2025-11-08 09:00:00,1.31,1.06,1.31,1.39,1.3399999,1.3199999,1.29,1.2099999,1.25,15.23,17.32,16.33,15.04,14.639999,14.32,13.4,13.2,187.5,172.5,172.5,172.5,172.5,172.5,172.5,172.5,1.31,13.7,172.5
Bay_of_Bengal,2025-11-08 12:00:00,1.41,1.31,1.39,1.3399999,1.3199999,1.29,1.2099999,1.25,1.31,17.32,16.33,15.04,14.639999,14.32,13.4,13.2,13.7,172.5,172.5,172.5,172.5,172.5,172.5,172.5,172.5,1.41,13.929999,172.5
Bay_of_Bengal,2025-11-08 15:00:00,1.56,1.39,1.3399999,1.3199999,1.29,1.2099999,1.25,1.31,1.41,16.33,15.04,14.639999,14.32,13.4,13.2,13.7,13.929999,172.5,172.5,172.5,172.5,172.5,172.5,172.5,172.5,1.56,13.309999,172.5
Bay_of_Bengal,2025-11-08 18:00:00,1.7199999,1.3399999,1.3199999,1.29,1.2099999,1.25,1.31,1.41,1.56,15.04,14.639999,14.32,13.4,13.2,13.7,13.929999,13.309999,172.5,172.5,172.5,172.5,172.5,172.5,172.5,172.5,1.7199999,12.94,172.5
Bay_of_Bengal,2025-11-08 21:00:00,1.78,1.3199999,1.29,1.2099999,1.25,1.31,1.41,1.56,1.7199999,14.639999,14.32,13.4,13.2,13.7,13.929999,13.309999,12.94,172.5,172.5,172.5,172.5,172.5,172.5,172.5,172.5,1.78,12.969999,175.4
Bay_of_Bengal,2025-11-09 00:00:00,1.76,1.29,1.2099999,1.25,1.31,1.41,1.56,1.7199999,1.78,14.32,13.4,13.2,13.7,13.929999,13.309999,12.94,12.969999,172.5,172.5,172.5,172.5,172.5,172.5,172.5,175.4,1.76,13.0,175.4
Bay_of_Bengal,2025-11-09 03:00:00,1.74,1.2099999,1.25,1.31,1.41,1.56,1.7199999,1.78,1.76,13.4,13.2,13.7,13.929999,13.309999,12.94,12.969999,13.0,172.5,172.5,172.5,172.5,172.5,172.5,175.4,175.4,1.74,12.95,175.4
Bay_of_Bengal,2025-11-09 06:00:00,1.6999999,1.25,1.31,1.41,1.56,1.7199999,1.78,1.76,1.74,13.2,13.7,13.929999,13.309999,12.94,12.969999,13.0,12.95,172.5,172.5,172.5,172.5,172.5,175.4,175.4,175.4,1.6999999,12.65,172.5
Bay_of_Bengal,2025-11-09 09:00:00,1.65,1.31,1.41,1.56,1.7199999,1.78,1.76,1.74,1.6999999,13.7,13.929999,13.309999,12.94,12.969999,13.0,12.95,12.65,172.5,172.5,172.5,172.5,175.4,175.4,175.4,172.5,1.65,12.469999,175.4
Bay_of_Bengal,2025-11-09 12:00:00,1.5999999,1.41,1.56,1.7199999,1.78,1.76,1.74,1.6999999,1.65,13.929999,13.309999,12.94,12.969999,13.0,12.95,12.65,12.469999,172.5,172.5,172.5,175.4,175.4,175.4,172.5,175.4,1.5999999,13.15,172.5
Bay_of_Bengal,2025-11-09 15:00:00,1.5899999,1.56,1.7199999,1.78,1.76,1.74,1.6999999,1.65,1.5999999,13.309999,12.94,12.969999,13.0,12.95,12.65,12.469999,13.15,172.5,172.5,175.4,175.4,175.4,172.5,175.4,172.5,1.5899999,13.599999,175.4
Bay_of_Bengal,2025-11-09 18:00:00,1.56,1.7199999,1.78,1.76,1.74,1.6999999,1.65,1.5999999,1.5899999,12.94,12.969999,13.0,12.95,12.65,12.469999,13.15,13.599999,172.5,175.4,175.4,175.4,172.5,175.4,172.5,175.4,1.56,13.559999,175.4
Bay_of_Bengal,2025-11-09 21:00:00,1.48,1.78,1.76,1.74,1.6999999,1.65,1.5999999,1.5899999,1.56,12.969999,13.0,12.95,12.65,12.469999,13.15,13.599999,13.559999,175.4,175.4,175.4,172.5,175.4,172.5,175.4,175.4,1.48,13.349999,172.5
Bay_of_Bengal,2025-11-10 00:00:00,1.4,1.76,1.74,1.6999999,1.65,1.5999999,1.5899999,1.56,1.48,13.0,12.95,12.65,12.469999,13.15,13.599999,13.559999,13.349999,175.4,175.4,172.5,175.4,172.5,175.4,175.4,172.5,1.4,15.719999,172.5
Bay_of_Bengal,2025-11-10 03:00:00,1.3299999,1.74,1.6999999,1.65,1.5999999,1.5899999,1.56,1.48,1.4,12.95,12.65,12.469999,13.15,13.599999,13.559999,13.349999,15.719999,175.4,172.5,175.4,172.5,175.4,175.4,172.5,172.5,1.3299999,15.679999,172.5
Bay_of_Bengal,2025-11-10 06:00:00,1.3,1.6999999,1.65,1.5999999,1.5899999,1.56,1.48,1.4,1.3299999,12.65,12.469999,13.15,13.599999,13.559999,13.349999,15.719999,15.679999,172.5,175.4,172.5,175.4,175.4,172.5,172.5,172.5,1.3,15.62,172.5
Bay_of_Bengal,2025-11-10 09:00:00,1.29,1.65,1.5999999,1.5899999,1.56,1.48,1.4,1.3299999,1.3,12.469999,13.15,13.599999,13.559999,13.349999,15.719999,15.679999,15.62,175.4,172.5,175.4,175.4,172.5,172.5,172.5,172.5,1.29,15.5,172.5
Bay_of_Bengal,2025-11-10 12:00:00,1.37,1.5999999,1.5899999,1.56,1.48,1.4,1.3299999,1.3,1.29,13.15,13.599999,13.559999,13.349999,15.719999,15.679999,15.62,15.5,172.5,175.4,175.4,172.5,172.5,172.5,172.5,172.5,1.37,15.25,172.5
Bay_of_Bengal,2025-11-10 15:00:00,1.36,1.5899999,1.56,1.48,1.4,1.3299999,1.3,1.29,1.37,13.599999,13.559999,13.349999,15.719999,15.679999,15.62,15.5,15.25,175.4,175.4,172.5,172.5,172.5,172.5,172.5,172.5,1.36,14.95,172.5
Bay_of_Bengal,2025-11-10 18:00:00,1.38,1.56,1.48,1.4,1.3299999,1.3,1.29,1.37,1.36,13.559999,13.349999,15.719999,15.679999,15.62,15.5,15.25,14.95,175.4,172.5,172.5,172.5,172.5,172.5,172.5,172.5,1.38,14.83,160.4
Bay_of_Bengal,2025-11-10 21:00:00,1.35,1.48,1.4,1.3299999,1.3,1.29,1.37,1.36,1.38,13.349999,15.719999,15.679999,15.62,15.5,15.25,14.95,14.83,172.5,172.5,172.5,172.5,172.5,172.5,172.5,160.4,1.35,14.91,172.5
Bay_of_Bengal,2025-11-11 00:00:00,1.25,1.4,1.3299999,1.3,1.29,1.37,1.36,1.38,1.35,15.719999,15.679999,15.62,15.5,15.25,14.95,14.83,14.91,172.5,172.5,172.5,172.5,172.5,172.5,160.4,172.5,1.25,14.34,172.5
Bay_of_Bengal,2025-11-11 03:00:00,1.03,1.3299999,1.3,1.29,1.37,1.36,1.38,1.35,1.25,15.679999,15.62,15.5,15.25,14.95,14.83,14.91,14.34,172.5,172.5,172.5,172.5,172.5,160.4,172.5,172.5,1.03,12.99,172.5
Bay_of_Bengal,2025-11-11 06:00:00,1.0699999,1.3,1.29,1.37,1.36,1.38,1.35,1.25,1.03,15.62,15.5,15.25,14.95,14.83,14.91,14.34,12.99,172.5,172.5,172.5,172.5,160.4,172.5,172.5,172.5,1.0699999,13.53,172.5
Bay_of_Bengal,2025-11-11 09:00:00,1.12,1.29,1.37,1.36,1.38,1.35,1.25,1.03,1.0699999,15.5,15.25,14.95,14.83,14.91,14.34,12.99,13.53,172.5,172.5,172.5,160.4,172.5,172.5,172.5,172.5,1.12,13.28,172.5
Bay_of_Bengal,2025-11-11 12:00:00,1.14,1.37,1.36,1.38,1.35,1.25,1.03,1.0699999,1.12,15.25,14.95,14.83,14.91,14.34,12.99,13.53,13.28,172.5,172.5,160.4,172.5,172.5,172.5,172.5,172.5,1.14,13.29,172.5
Bay_of_Bengal,2025-11-11 15:00:00,1.11,1.36,1.38,1.35,1.25,1.03,1.0699999,1.12,1.14,14.95,14.83,14.91,14.34,12.99,13.53,13.28,13.29,172.5,160.4,172.5,172.5,172.5,172.5,172.5,172.5,1.11,12.44,172.5
Bay_of_Bengal,2025-11-11 18:00:00,1.0799999,1.38,1.35,1.25,1.03,1.0699999,1.12,1.14,1.11,14.83,14.91,14.34,12.99,13.53,13.28,13.29,12.44,160.4,172.5,172.5,172.5,172.5,172.5,172.5,172.5,1.0799999,12.16,172.5
Bay_of_Bengal,2025-11-11 21:00:00,1.11,1.35,1.25,1.03,1.0699999,1.12,1.14,1.11,1.0799999,14.91,14.34,12.99,13.53,13.28,13.29,12.44,12.16,172.5,172.5,172.5,172.5,172.5,172.5,172.5,172.5,1.11,12.98,172.5
Bay_of_Bengal,2025-11-12 00:00:00,1.04,1.25,1.03,1.0699999,1.12,1.14,1.11,1.0799999,1.11,14.34,12.99,13.53,13.28,13.29,12.44,12.16,12.98,172.5,172.5,172.5,172.5,172.5,172.5,172.5,172.5,1.04,12.5,172.5
Bay_of_Bengal,2025-11-12 03:00:00,1.0799999,1.03,1.0699999,1.12,1.14,1.11,1.0799999,1.11,1.04,12.99,13.53,13.28,13.29,12.44,12.16,12.98,12.5,172.5,172.5,172.5,172.5,172.5,172.5,172.5,172.5,1.0799999,12.799999,172.5
Bay_of_Bengal,2025-11-12 06:00:00,1.11,1.0699999,1.12,1.14,1.11,1.0799999,1.11,1.04,1.0799999,13.53,13.28,13.29,12.44,12.16,12.98,12.5,12.799999,172.5,172.5,172.5,172.5,172.5,172.5,172.5,172.5,1.11,12.7699995,172.5
Bay_of_Bengal,2025-11-12 09:00:00,1.15,1.12,1.14,1.11,1.0799999,1.11,1.04,1.0799999,1.11,13.28,13.29,12.44,12.16,12.98,12.5,12.799999,12.7699995,172.5,172.5,172.5,172.5,172.5,172.5,172.5,172.5,1.15,12.74,172.5
Bay_of_Bengal,2025-11-12 12:00:00,1.13,1.14,1.11,1.0799999,1.11,1.04,1.0799999,1.11,1.15,13.29,12.44,12.16,12.98,12.5,12.799999,12.7699995,12.74,172.5,172.5,172.5,172.5,172.5,172.5,172.5,172.5,1.13,12.57,172.5
Bay_of_Bengal,2025-11-12 15:00:00,1.14,1.11,1.0799999,1.11,1.04,1.0799999,1.11,1.15,1.13,12.44,12.16,12.98,12.5,12.799999,12.7699995,12.74,12.57,172.5,172.5,172.5,172.5,172.5,172.5,172.5,172.5,1.14,12.219999,172.5
Bay_of_Bengal,2025-11-12 18:00:00,1.12,1.0799999,1.11,1.04,1.0799999,1.11,1.15,1.13,1.14,12.16,12.98,12.5,12.799999,12.7699995,12.74,12.57,12.219999,172.5,172.5,172.5,172.5,172.5,172.5,172.5,172.5,1.12,12.429999,172.5
Bay_of_Bengal,2025-11-12 21:00:00,1.12,1.11,1.04,1.0799999,1.11,1.15,1.13,1.14,1.12,12.98,12.5,12.799999,12.7699995,12.74,12.57,12.219999,12.429999,172.5,172.5,172.5,172.5,172.5,172.5,172.5,172.5,1.12,12.259999,172.5
Bay_of_Bengal,2025-11-13 00:00:00,1.14,1.04,1.0799999,1.11,1.15,1.13,1.14,1.12,1.12,12.5,12.799999,12.7699995,12.74,12.57,12.219999,12.429999,12.259999,172.5,172.5,172.5,172.5,172.5,172.5,172.5,172.5,1.14,13.84,187.5
Bay_of_Bengal,2025-11-13 03:00:00,1.1,1.0799999,1.11,1.15,1.13,1.14,1.12,1.12,1.14,12.799999,12.7699995,12.74,12.57,12.219999,12.429999,12.259999,13.84,172.5,172.5,172.5,172.5,172.5,172.5,172.5,187.5,1.1,13.69,172.5
Bay_of_Bengal,2025-11-13 06:00:00,1.11,1.11,1.15,1.13,1.14,1.12,1.12,1.14,1.1,12.7699995,12.74,12.57,12.219999,12.429999,12.259999,13.84,13.69,172.5,172.5,172.5,172.5,172.5,172.5,187.5,172.5,1.11,14.21,172.5
Bay_of_Bengal,2025-11-13 09:00:00,1.0799999,1.15,1.13,1.14,1.12,1.12,1.14,1.1,1.11,12.74,12.57,12.219999,12.429999,12.259999,13.84,13.69,14.21,172.5,172.5,172.5,172.5,172.5,187.5,172.5,172.5,1.0799999,13.2,172.5
Bay_of_Bengal,2025-11-13 12:00:00,1.1,1.13,1.14,1.12,1.12,1.14,1.1,1.11,1.0799999,12.57,12.219999,12.429999,12.259999,13.84,13.69,14.21,13.2,172.5,172.5,172.5,172.5,187.5,172.5,172.5,172.5,1.1,12.91,172.5
Bay_of_Bengal,2025-11-13 15:00:00,1.1,1.14,1.12,1.12,1.14,1.1,1.11,1.0799999,1.1,12.219999,12.429999,12.259999,13.84,13.69,14.21,13.2,12.91,172.5,172.5,172.5,187.5,172.5,172.5,172.5,172.5,1.1,13.46,172.5
Bay_of_Bengal,2025-11-13 18:00:00,1.09,1.12,1.12,1.14,1.1,1.11,1.0799999,1.1,1.1,12.429999,12.259999,13.84,13.69,14.21,13.2,12.91,13.46,172.5,172.5,187.5,172.5,172.5,172.5,172.5,172.5,1.09,13.849999,175.4
Bay_of_Bengal,2025-11-13 21:00:00,1.04,1.12,1.14,1.1,1.11,1.0799999,1.1,1.1,1.09,12.259999,13.84,13.69,14.21,13.2,12.91,13.46,13.849999,172.5,187.5,172.5,172.5,172.5,172.5,172.5,175.4,1.04,13.799999,172.5
Bay_of_Bengal,2025-11-14 00:00:00,0.98999995,1.14,1.1,1.11,1.0799999,1.1,1.1,1.09,1.04,13.84,13.69,14.21,13.2,12.91,13.46,13.849999,13.799999,187.5,172.5,172.5,172.5,172.5,172.5,175.4,172.5,0.98999995,12.929999,172.5
Bay_of_Bengal,2025-11-14 03:00:00,0.96,1.1,1.11,1.0799999,1.1,1.1,1.09,1.04,0.98999995,13.69,14.21,13.2,12.91,13.46,13.849999,13.799999,12.929999,172.5,172.5,172.5,172.5,172.5,175.4,172.5,172.5,0.96,12.799999,172.5
Bay_of_Bengal,2025-11-14 06:00:00,0.93,1.11,1.0799999,1.1,1.1,1.09,1.04,0.98999995,0.96,14.21,13.2,12.91,13.46,13.849999,13.799999,12.929999,12.799999,172.5,172.5,172.5,172.5,175.4,172.5,172.5,172.5,0.93,12.92,172.5
Bay_of_Bengal,2025-11-14 09:00:00,0.89,1.0799999,1.1,1.1,1.09,1.04,0.98999995,0.96,0.93,13.2,12.91,13.46,13.849999,13.799999,12.929999,12.799999,12.92,172.5,172.5,172.5,175.4,172.5,172.5,172.5,172.5,0.89,12.58,172.5
Bay_of_Bengal,2025-11-14 12:00:00,0.91999996,1.1,1.1,1.09,1.04,0.98999995,0.96,0.93,0.89,12.91,13.46,13.849999,13.799999,12.929999,12.799999,12.92,12.58,172.5,172.5,175.4,172.5,172.5,172.5,172.5,172.5,0.91999996,12.259999,172.5
Bay_of_Bengal,2025-11-14 15:00:00,0.95,1.1,1.09,1.04,0.98999995,0.96,0.93,0.89,0.91999996,13.46,13.849999,13.799999,12.929999,12.799999,12.92,12.58,12.259999,172.5,175.4,172.5,172.5,172.5,172.5,172.5,172.5,0.95,11.87,172.5
Bay_of_Bengal,2025-11-14 18:00:00,1.11,1.09,1.04,0.98999995,0.96,0.93,0.89,0.91999996,0.95,13.849999,13.799999,12.929999,12.799999,12.92,12.58,12.259999,11.87,175.4,172.5,172.5,172.5,172.5,172.5,172.5,172.5,1.11,11.83,172.5
Bay_of_Bengal,2025-11-14 21:00:00,1.17,1.04,0.98999995,0.96,0.93,0.89,0.91999996,0.95,1.11,13.799999,12.929999,12.799999,12.92,12.58,12.259999,11.87,11.83,172.5,172.5,172.5,172.5,172.5,172.5,172.5,172.5,1.17,11.99,172.5
Bay_of_Bengal,2025-11-15 00:00:00,1.12,0.98999995,0.96,0.93,0.89,0.91999996,0.95,1.11,1.17,12.929999,12.799999,12.92,12.58,12.259999,11.87,11.83,11.99,172.5,172.5,172.5,172.5,172.5,172.5,172.5,172.5,1.12,11.75,172.5
Bay_of_Bengal,2025-11-15 03:00:00,1.01,0.96,0.93,0.89,0.91999996,0.95,1.11,1.17,1.12,12.799999,12.92,12.58,12.259999,11.87,11.83,11.99,11.75,172.5,172.5,172.5,172.5,172.5,172.5,172.5,172.5,1.01,11.11,187.5
Bay_of_Bengal,2025-11-15 06:00:00,0.96999997,0.93,0.89,0.91999996,0.95,1.11,1.17,1.12,1.01,12.92,12.58,12.259999,11.87,11.83,11.99,11.75,11.11,172.5,172.5,172.5,172.5,172.5,172.5,172.5,187.5,0.96999997,11.15,187.5
Bay_of_Bengal,2025-11-15 09:00:00,1.01,0.89,0.91999996,0.95,1.11,1.17,1.12,1.01,0.96999997,12.58,12.259999,11.87,11.83,11.99,11.75,11.11,11.15,172.5,172.5,172.5,172.5,172.5,172.5,187.5,187.5,1.01,11.88,187.5
Bay_of_Bengal,2025-11-15 12:00:00,1.02,0.91999996,0.95,1.11,1.17,1.12,1.01,0.96999997,1.01,12.259999,11.87,11.83,11.99,11.75,11.11,11.15,11.88,172.5,172.5,172.5,172.5,172.5,187.5,187.5,187.5,1.02,11.83,187.5
Bay_of_Bengal,2025-11-15 15:00:00,1.15,0.95,1.11,1.17,1.12,1.01,0.96999997,1.01,1.02,11.87,11.83,11.99,11.75,11.11,11.15,11.88,11.83,172.5,172.5,172.5,172.5,187.5,187.5,187.5,187.5,1.15,11.889999,187.5
Bay_of_Bengal,2025-11-15 18:00:00,1.23,1.11,1.17,1.12,1.01,0.96999997,1.01,1.02,1.15,11.83,11.99,11.75,11.11,11.15,11.88,11.83,11.889999,172.5,172.5,172.5,187.5,187.5,187.5,187.5,187.5,1.23,4.88,187.5
Bay_of_Bengal,2025-11-15 21:00:00,1.35,1.17,1.12,1.01,0.96999997,1.01,1.02,1.15,1.23,11.99,11.75,11.11,11.15,11.88,11.83,11.889999,4.88,172.5,172.5,187.5,187.5,187.5,187.5,187.5,187.5,1.35,5.04,187.5
Bay_of_Bengal,2025-11-16 00:00:00,1.42,1.12,1.01,0.96999997,1.01,1.02,1.15,1.23,1.35,11.75,11.11,11.15,11.88,11.83,11.889999,4.88,5.04,172.5,187.5,187.5,187.5,187.5,187.5,187.5,187.5,1.42,5.13,187.5
Bay_of_Bengal,2025-11-16 03:00:00,1.48,1.01,0.96999997,1.01,1.02,1.15,1.23,1.35,1.42,11.11,11.15,11.88,11.83,11.889999,4.88,5.04,5.13,187.5,187.5,187.5,187.5,187.5,187.5,187.5,187.5,1.48,5.22,187.5
Bay_of_Bengal,2025-11-16 06:00:00,1.5699999,0.96999997,1.01,1.02,1.15,1.23,1.35,1.42,1.48,11.15,11.88,11.83,11.889999,4.88,5.04,5.13,5.22,187.5,187.5,187.5,187.5,187.5,187.5,187.5,187.5,1.5699999,5.42,187.5
Bay_of_Bengal,2025-11-16 09:00:00,1.65,1.01,1.02,1.15,1.23,1.35,1.42,1.48,1.5699999,11.88,11.83,11.889999,4.88,5.04,5.13,5.22,5.42,187.5,187.5,187.5,187.5,187.5,187.5,187.5,187.5,1.65,8.25,187.5
Bay_of_Bengal,2025-11-16 12:00:00,1.78,1.02,1.15,1.23,1.35,1.42,1.48,1.5699999,1.65,11.83,11.889999,4.88,5.04,5.13,5.22,5.42,8.25,187.5,187.5,187.5,187.5,187.5,187.5,187.5,187.5,1.78,8.3,187.5
Bay_of_Bengal,2025-11-16 15:00:00,1.87,1.15,1.23,1.35,1.42,1.48,1.5699999,1.65,1.78,11.889999,4.88,5.04,5.13,5.22,5.42,8.25,8.3,187.5,187.5,187.5,187.5,187.5,187.5,187.5,187.5,1.87,8.5199995,187.5
Bay_of_Bengal,2025-11-16 18:00:00,1.9799999,1.23,1.35,1.42,1.48,1.5699999,1.65,1.78,1.87,4.88,5.04,5.13,5.22,5.42,8.25,8.3,8.5199995,187.5,187.5,187.5,187.5,187.5,187.5,187.5,187.5,1.9799999,18.41,187.5
Bay_of_Bengal,2025-11-16 21:00:00,1.9399999,1.35,1.42,1.48,1.5699999,1.65,1.78,1.87,1.9799999,5.04,5.13,5.22,5.42,8.25,8.3,8.5199995,18.41,187.5,187.5,187.5,187.5,187.5,187.5,187.5,187.5,1.9399999,17.92,187.5
Bay_of_Bengal,2025-11-17 00:00:00,1.8499999,1.42,1.48,1.5699999,1.65,1.78,1.87,1.9799999,1.9399999,5.13,5.22,5.42,8.25,8.3,8.5199995,18.41,17.92,187.5,187.5,187.5,187.5,187.5,187.5,187.5,187.5,1.8499999,17.56,187.5
Bay_of_Bengal,2025-11-17 03:00:00,1.74,1.48,1.5699999,1.65,1.78,1.87,1.9799999,1.9399999,1.8499999,5.22,5.42,8.25,8.3,8.5199995,18.41,17.92,17.56,187.5,187.5,187.5,187.5,187.5,187.5,187.5,187.5,1.74,17.15,187.5
Bay_of_Bengal,2025-11-17 06:00:00,1.66,1.5699999,1.65,1.78,1.87,1.9799999,1.9399999,1.8499999,1.74,5.42,8.25,8.3,8.5199995,18.41,17.92,17.56,17.15,187.5,187.5,187.5,187.5,187.5,187.5,187.5,187.5,1.66,16.9,187.5
Bay_of_Bengal,2025-11-17 09:00:00,1.62,1.65,1.78,1.87,1.9799999,1.9399999,1.8499999,1.74,1.66,8.25,8.3,8.5199995,18.41,17.92,17.56,17.15,16.9,187.5,187.5,187.5,187.5,187.5,187.5,187.5,187.5,1.62,16.13,187.5
Bay_of_Bengal,2025-11-17 12:00:00,1.62,1.78,1.87,1.9799999,1.9399999,1.8499999,1.74,1.66,1.62,8.3,8.5199995,18.41,17.92,17.56,17.15,16.9,16.13,187.5,187.5,187.5,187.5,187.5,187.5,187.5,187.5,1.62,15.94,187.5
Bay_of_Bengal,2025-11-17 15:00:00,1.78,1.87,1.9799999,1.9399999,1.8499999,1.74,1.66,1.62,1.62,8.5199995,18.41,17.92,17.56,17.15,16.9,16.13,15.94,187.5,187.5,187.5,187.5,187.5,187.5,187.5,187.5,1.78,16.43,187.5
Bay_of_Bengal,2025-11-17 18:00:00,1.81,1.9799999,1.9399999,1.8499999,1.74,1.66,1.62,1.62,1.78,18.41,17.92,17.56,17.15,16.9,16.13,15.94,16.43,187.5,187.5,187.5,187.5,187.5,187.5,187.5,187.5,1.81,16.17,187.5
Bay_of_Bengal,2025-11-17 21:00:00,1.76,1.9399999,1.8499999,1.74,1.66,1.62,1.62,1.78,1.81,17.92,17.56,17.15,16.9,16.13,15.94,16.43,16.17,187.5,187.5,187.5,187.5,187.5,187.5,187.5,187.5,1.76,15.25,187.5
Bay_of_Bengal,2025-11-18 00:00:00,1.74,1.8499999,1.74,1.66,1.62,1.62,1.78,1.81,1.76,17.56,17.15,16.9,16.13,15.94,16.43,16.17,15.25,187.5,187.5,187.5,187.5,187.5,187.5,187.5,187.5,1.74,15.11,187.5
Bay_of_Bengal,2025-11-18 03:00:00,1.74,1.74,1.66,1.62,1.62,1.78,1.81,1.76,1.74,17.15,16.9,16.13,15.94,16.43,16.17,15.25,15.11,187.5,187.5,187.5,187.5,187.5,187.5,187.5,187.5,1.74,5.72,187.5
Bay_of_Bengal,2025-11-18 06:00:00,1.75,1.66,1.62,1.62,1.78,1.81,1.76,1.74,1.74,16.9,16.13,15.94,16.43,16.17,15.25,15.11,5.72,187.5,187.5,187.5,187.5,187.5,187.5,187.5,187.5,1.75,5.73,187.5
Bay_of_Bengal,2025-11-18 09:00:00,1.77,1.62,1.62,1.78,1.81,1.76,1.74,1.74,1.75,16.13,15.94,16.43,16.17,15.25,15.11,5.72,5.73,187.5,187.5,187.5,187.5,187.5,187.5,187.5,187.5,1.77,5.8199997,187.5
Bay_of_Bengal,2025-11-18 12:00:00,1.8199999,1.62,1.78,1.81,1.76,1.74,1.74,1.75,1.77,15.94,16.43,16.17,15.25,15.11,5.72,5.73,5.8199997,187.5,187.5,187.5,187.5,187.5,187.5,187.5,187.5,1.8199999,5.96,187.5
Bay_of_Bengal,2025-11-18 15:00:00,1.8199999,1.78,1.81,1.76,1.74,1.74,1.75,1.77,1.8199999,16.43,16.17,15.25,15.11,5.72,5.73,5.8199997,5.96,187.5,187.5,187.5,187.5,187.5,187.5,187.5,187.5,1.8199999,6.12,187.5
Bay_of_Bengal,2025-11-18 18:00:00,1.81,1.81,1.76,1.74,1.74,1.75,1.77,1.8199999,1.8199999,16.17,15.25,15.11,5.72,5.73,5.8199997,5.96,6.12,187.5,187.5,187.5,187.5,187.5,187.5,187.5,187.5,1.81,6.17,187.5
Bay_of_Bengal,2025-11-18 21:00:00,1.76,1.76,1.74,1.74,1.75,1.77,1.8199999,1.8199999,1.81,15.25,15.11,5.72,5.73,5.8199997,5.96,6.12,6.17,187.5,187.5,187.5,187.5,187.5,187.5,187.5,187.5,1.76,6.2,187.5
Bay_of_Bengal,2025-11-19 00:00:00,1.76,1.74,1.74,1.75,1.77,1.8199999,1.8199999,1.81,1.76,15.11,5.72,5.73,5.8199997,5.96,6.12,6.17,6.2,187.5,187.5,187.5,187.5,187.5,187.5,187.5,187.5,1.76,6.33,172.5
Bay_of_Bengal,2025-11-19 03:00:00,1.63,1.74,1.75,1.77,1.8199999,1.8199999,1.81,1.76,1.76,5.72,5.73,5.8199997,5.96,6.12,6.17,6.2,6.33,187.5,187.5,187.5,187.5,187.5,187.5,187.5,172.5,1.63,6.2,172.5
Bay_of_Bengal,2025-11-19 06:00:00,1.5999999,1.75,1.77,1.8199999,1.8199999,1.81,1.76,1.76,1.63,5.73,5.8199997,5.96,6.12,6.17,6.2,6.33,6.2,187.5,187.5,187.5,187.5,187.5,187.5,172.5,172.5,1.5999999,6.1099997,187.5
Bay_of_Bengal,2025-11-19 09:00:00,1.56,1.77,1.8199999,1.8199999,1.81,1.76,1.76,1.63,1.5999999,5.8199997,5.96,6.12,6.17,6.2,6.33,6.2,6.1099997,187.5,187.5,187.5,187.5,187.5,172.5,172.5,187.5,1.56,5.98,187.5
Bay_of_Bengal,2025-11-19 12:00:00,1.55,1.8199999,1.8199999,1.81,1.76,1.76,1.63,1.5999999,1.56,5.96,6.12,6.17,6.2,6.33,6.2,6.1099997,5.98,187.5,187.5,187.5,187.5,172.5,172.5,187.5,187.5,1.55,5.91,187.5
Bay_of_Bengal,2025-11-19 15:00:00,1.49,1.8199999,1.81,1.76,1.76,1.63,1.5999999,1.56,1.55,6.12,6.17,6.2,6.33,6.2,6.1099997,5.98,5.91,187.5,187.5,187.5,172.5,172.5,187.5,187.5,187.5,1.49,5.83,187.5
Bay_of_Bengal,2025-11-19 18:00:00,1.5799999,1.81,1.76,1.76,1.63,1.5999999,1.56,1.55,1.49,6.17,6.2,6.33,6.2,6.1099997,5.98,5.91,5.83,187.5,187.5,172.5,172.5,187.5,187.5,187.5,187.5,1.5799999,6.0699997,187.5
Bay_of_Bengal,2025-11-19 21:00:00,1.4599999,1.76,1.76,1.63,1.5999999,1.56,1.55,1.49,1.5799999,6.2,6.33,6.2,6.1099997,5.98,5.91,5.83,6.0699997,187.5,172.5,172.5,187.5,187.5,187.5,187.5,187.5,1.4599999,5.9,172.5
Bay_of_Bengal,2025-11-20 00:00:00,1.37,1.76,1.63,1.5999999,1.56,1.55,1.49,1.5799999,1.4599999,6.33,6.2,6.1099997,5.98,5.91,5.83,6.0699997,5.9,172.5,172.5,187.5,187.5,187.5,187.5,187.5,172.5,1.37,5.77,172.5
Bay_of_Bengal,2025-11-20 03:00:00,1.3,1.63,1.5999999,1.56,1.55,1.49,1.5799999,1.4599999,1.37,6.2,6.1099997,5.98,5.91,5.83,6.0699997,5.9,5.77,172.5,187.5,187.5,187.5,187.5,187.5,172.5,172.5,1.3,5.69,172.5
Bay_of_Bengal,2025-11-20 06:00:00,1.2099999,1.5999999,1.56,1.55,1.49,1.5799999,1.4599999,1.37,1.3,6.1099997,5.98,5.91,5.83,6.0699997,5.9,5.77,5.69,187.5,187.5,187.5,187.5,187.5,172.5,172.5,172.5,1.2099999,12.34,172.5
Bay_of_Bengal,2025-11-20 09:00:00,1.1999999,1.56,1.55,1.49,1.5799999,1.4599999,1.37,1.3,1.2099999,5.98,5.91,5.83,6.0699997,5.9,5.77,5.69,12.34,187.5,187.5,187.5,187.5,172.5,172.5,172.5,172.5,1.1999999,12.19,172.5
Bay_of_Bengal,2025-11-20 12:00:00,1.2099999,1.55,1.49,1.5799999,1.4599999,1.37,1.3,1.2099999,1.1999999,5.91,5.83,6.0699997,5.9,5.77,5.69,12.34,12.19,187.5,187.5,187.5,172.5,172.5,172.5,172.5,172.5,1.2099999,12.38,172.5
Bay_of_Bengal,2025-11-20 15:00:00,1.17,1.49,1.5799999,1.4599999,1.37,1.3,1.2099999,1.1999999,1.2099999,5.83,6.0699997,5.9,5.77,5.69,12.34,12.19,12.38,187.5,187.5,172.5,172.5,172.5,172.5,172.5,172.5,1.17,12.16,172.5
Bay_of_Bengal,2025-11-20 18:00:00,1.18,1.5799999,1.4599999,1.37,1.3,1.2099999,1.1999999,1.2099999,1.17,6.0699997,5.9,5.77,5.69,12.34,12.19,12.38,12.16,187.5,172.5,172.5,172.5,172.5,172.5,172.5,172.5,1.18,12.12,172.5
Bay_of_Bengal,2025-11-20 21:00:00,1.1999999,1.4599999,1.37,1.3,1.2099999,1.1999999,1.2099999,1.17,1.18,5.9,5.77,5.69,12.34,12.19,12.38,12.16,12.12,172.5,172.5,172.5,172.5,172.5,172.5,172.5,172.5,1.1999999,11.74,172.5
Bay_of_Bengal,2025-11-21 00:00:00,1.1999999,1.37,1.3,1.2099999,1.1999999,1.2099999,1.17,1.18,1.1999999,5.77,5.69,12.34,12.19,12.38,12.16,12.12,11.74,172.5,172.5,172.5,172.5,172.5,172.5,172.5,172.5,1.1999999,5.12,172.5
Bay_of_Bengal,2025-11-21 03:00:00,1.2099999,1.3,1.2099999,1.1999999,1.2099999,1.17,1.18,1.1999999,1.1999999,5.69,12.34,12.19,12.38,12.16,12.12,11.74,5.12,172.5,172.5,172.5,172.5,172.5,172.5,172.5,172.5,1.2099999,5.19,187.5
Bay_of_Bengal,2025-11-21 06:00:00,1.29,1.2099999,1.1999999,1.2099999,1.17,1.18,1.1999999,1.1999999,1.2099999,12.34,12.19,12.38,12.16,12.12,11.74,5.12,5.19,172.5,172.5,172.5,172.5,172.5,172.5,172.5,187.5,1.29,5.45,187.5
Bay_of_Bengal,2025-11-21 09:00:00,1.3,1.1999999,1.2099999,1.17,1.18,1.1999999,1.1999999,1.2099999,1.29,12.19,12.38,12.16,12.12,11.74,5.12,5.19,5.45,172.5,172.5,172.5,172.5,172.5,172.5,187.5,187.5,1.3,5.66,187.5
Bay_of_Bengal,2025-11-21 12:00:00,1.3399999,1.2099999,1.17,1.18,1.1999999,1.1999999,1.2099999,1.29,1.3,12.38,12.16,12.12,11.74,5.12,5.19,5.45,5.66,172.5,172.5,172.5,172.5,172.5,187.5,187.5,187.5,1.3399999,5.87,187.5
Bay_of_Bengal,2025-11-21 15:00:00,1.48,1.17,1.18,1.1999999,1.1999999,1.2099999,1.29,1.3,1.3399999,12.16,12.12,11.74,5.12,5.19,5.45,5.66,5.87,172.5,172.5,172.5,172.5,187.5,187.5,187.5,187.5,1.48,6.12,187.5
Bay_of_Bengal,2025-11-21 18:00:00,1.48,1.18,1.1999999,1.1999999,1.2099999,1.29,1.3,1.3399999,1.48,12.12,11.74,5.12,5.19,5.45,5.66,5.87,6.12,172.5,172.5,172.5,187.5,187.5,187.5,187.5,187.5,1.48,5.99,187.5
Bay_of_Bengal,2025-11-21 21:00:00,1.5,1.1999999,1.1999999,1.2099999,1.29,1.3,1.3399999,1.48,1.48,11.74,5.12,5.19,5.45,5.66,5.87,6.12,5.99,172.5,172.5,187.5,187.5,187.5,187.5,187.5,187.5,1.5,5.96,187.5
Bay_of_Bengal,2025-11-22 00:00:00,1.48,1.1999999,1.2099999,1.29,1.3,1.3399999,1.48,1.48,1.5,5.12,5.19,5.45,5.66,5.87,6.12,5.99,5.96,172.5,187.5,187.5,187.5,187.5,187.5,187.5,187.5,1.48,6.0,187.5
Bay_of_Bengal,2025-11-22 03:00:00,1.39,1.2099999,1.29,1.3,1.3399999,1.48,1.48,1.5,1.48,5.19,5.45,5.66,5.87,6.12,5.99,5.96,6.0,187.5,187.5,187.5,187.5,187.5,187.5,187.5,187.5,1.39,5.93,187.5
Bay_of_Bengal,2025-11-22 06:00:00,1.42,1.29,1.3,1.3399999,1.48,1.48,1.5,1.48,1.39,5.45,5.66,5.87,6.12,5.99,5.96,6.0,5.93,187.5,187.5,187.5,187.5,187.5,187.5,187.5,187.5,1.42,6.0299997,187.5
Bay_of_Bengal,2025-11-22 09:00:00,1.4699999,1.3,1.3399999,1.48,1.48,1.5,1.48,1.39,1.42,5.66,5.87,6.12,5.99,5.96,6.0,5.93,6.0299997,187.5,187.5,187.5,187.5,187.5,187.5,187.5,187.5,1.4699999,6.1,187.5
Bay_of_Bengal,2025-11-22 12:00:00,1.49,1.3399999,1.48,1.48,1.5,1.48,1.39,1.42,1.4699999,5.87,6.12,5.99,5.96,6.0,5.93,6.0299997,6.1,187.5,187.5,187.5,187.5,187.5,187.5,187.5,187.5,1.49,6.12,187.5
Bay_of_Bengal,2025-11-22 15:00:00,1.54,1.48,1.48,1.5,1.48,1.39,1.42,1.4699999,1.49,6.12,5.99,5.96,6.0,5.93,6.0299997,6.1,6.12,187.5,187.5,187.5,187.5,187.5,187.5,187.5,187.5,1.54,6.1099997,187.5
Bay_of_Bengal,2025-11-22 18:00:00,1.5699999,1.48,1.5,1.48,1.39,1.42,1.4699999,1.49,1.54,5.99,5.96,6.0,5.93,6.0299997,6.1,6.12,6.1099997,187.5,187.5,187.5,187.5,187.5,187.5,187.5,187.5,1.5699999,6.0299997,187.5
Bay_of_Bengal,2025-11-22 21:00:00,1.5699999,1.5,1.48,1.39,1.42,1.4699999,1.49,1.54,1.5699999,5.96,6.0,5.93,6.0299997,6.1,6.12,6.1099997,6.0299997,187.5,187.5,187.5,187.5,187.5,187.5,187.5,187.5,1.5699999,5.97,187.5
Bay_of_Bengal,2025-11-23 00:00:00,1.52,1.48,1.39,1.42,1.4699999,1.49,1.54,1.5699999,1.5699999,6.0,5.93,6.0299997,6.1,6.12,6.1099997,6.0299997,5.97,187.5,187.5,187.5,187.5,187.5,187.5,187.5,187.5,1.52,5.95,187.5
Bay_of_Bengal,2025-11-23 03:00:00,1.48,1.39,1.42,1.4699999,1.49,1.54,1.5699999,1.5699999,1.52,5.93,6.0299997,6.1,6.12,6.1099997,6.0299997,5.97,5.95,187.5,187.5,187.5,187.5,187.5,187.5,187.5,187.5,1.48,5.9,172.5
Bay_of_Bengal,2025-11-23 06:00:00,1.43,1.42,1.4699999,1.49,1.54,1.5699999,1.5699999,1.52,1.48,6.0299997,6.1,6.12,6.1099997,6.0299997,5.97,5.95,5.9,187.5,187.5,187.5,187.5,187.5,187.5,187.5,172.5,1.43,5.7799997,172.5
Bay_of_Bengal,2025-11-23 09:00:00,1.4499999,1.4699999,1.49,1.54,1.5699999,1.5699999,1.52,1.48,1.43,6.1,6.12,6.1099997,6.0299997,5.97,5.95,5.9,5.7799997,187.5,187.5,187.5,187.5,187.5,187.5,172.5,172.5,1.4499999,14.259999,172.5
Bay_of_Bengal,2025-11-23 12:00:00,1.49,1.49,1.54,1.5699999,1.5699999,1.52,1.48,1.43,1.4499999,6.12,6.1099997,6.0299997,5.97,5.95,5.9,5.7799997,14.259999,187.5,187.5,187.5,187.5,187.5,172.5,172.5,172.5,1.49,5.6099997,172.5
Bay_of_Bengal,2025-11-23 15:00:00,1.52,1.54,1.5699999,1.5699999,1.52,1.48,1.43,1.4499999,1.49,6.1099997,6.0299997,5.97,5.95,5.9,5.7799997,14.259999,5.6099997,187.5,187.5,187.5,187.5,172.5,172.5,172.5,172.5,1.52,5.6299996,172.5
Bay_of_Bengal,2025-11-23 18:00:00,1.5,1.5699999,1.5699999,1.52,1.48,1.43,1.4499999,1.49,1.52,6.0299997,5.97,5.95,5.9,5.7799997,14.259999,5.6099997,5.6299996,187.5,187.5,187.5,172.5,172.5,172.5,172.5,172.5,1.5,5.68,172.5
Bay_of_Bengal,2025-11-23 21:00:00,1.4699999,1.5699999,1.52,1.48,1.43,1.4499999,1.49,1.52,1.5,5.97,5.95,5.9,5.7799997,14.259999,5.6099997,5.6299996,5.68,187.5,187.5,172.5,172.5,172.5,172.5,172.5,172.5,1.4699999,5.75,172.5
Bay_of_Bengal,2025-11-24 00:00:00,1.4599999,1.52,1.48,1.43,1.4499999,1.49,1.52,1.5,1.4699999,5.95,5.9,5.7799997,14.259999,5.6099997,5.6299996,5.68,5.75,187.5,172.5,172.5,172.5,172.5,172.5,172.5,172.5,1.4599999,5.8599997,172.5
Bay_of_Bengal,2025-11-24 03:00:00,1.4699999,1.48,1.43,1.4499999,1.49,1.52,1.5,1.4699999,1.4599999,5.9,5.7799997,14.259999,5.6099997,5.6299996,5.68,5.75,5.8599997,172.5,172.5,172.5,172.5,172.5,172.5,172.5,172.5,1.4699999,5.93,172.5
Bay_of_Bengal,2025-11-24 06:00:00,1.4699999,1.43,1.4499999,1.49,1.52,1.5,1.4699999,1.4599999,1.4699999,5.7799997,14.259999,5.6099997,5.6299996,5.68,5.75,5.8599997,5.93,172.5,172.5,172.5,172.5,172.5,172.5,172.5,172.5,1.4699999,5.8399997,172.5
Bay_of_Bengal,2025-11-24 09:00:00,1.5,1.4499999,1.49,1.52,1.5,1.4699999,1.4599999,1.4699999,1.4699999,14.259999,5.6099997,5.6299996,5.68,5.75,5.8599997,5.93,5.8399997,172.5,172.5,172.5,172.5,172.5,172.5,172.5,172.5,1.5,5.72,172.5
Bay_of_Bengal,2025-11-24 12:00:00,1.51,1.49,1.52,1.5,1.4699999,1.4599999,1.4699999,1.4699999,1.5,5.6099997,5.6299996,5.68,5.75,5.8599997,5.93,5.8399997,5.72,172.5,172.5,172.5,172.5,172.5,172.5,172.5,172.5,1.51,5.7,172.5
Bay_of_Bengal,2025-11-24 15:00:00,1.51,1.52,1.5,1.4699999,1.4599999,1.4699999,1.4699999,1.5,1.51,5.6299996,5.68,5.75,5.8599997,5.93,5.8399997,5.72,5.7,172.5,172.5,172.5,172.5,172.5,172.5,172.5,172.5,1.51,5.73,172.5
Bay_of_Bengal,2025-11-24 18:00:00,1.51,1.5,1.4699999,1.4599999,1.4699999,1.4699999,1.5,1.51,1.51,5.68,5.75,5.8599997,5.93,5.8399997,5.72,5.7,5.73,172.5,172.5,172.5,172.5,172.5,172.5,172.5,172.5,1.51,5.7999997,67.5
Bay_of_Bengal,2025-11-24 21:00:00,1.5,1.4699999,1.4599999,1.4699999,1.4699999,1.5,1.51,1.51,1.51,5.75,5.8599997,5.93,5.8399997,5.72,5.7,5.73,5.7999997,172.5,172.5,172.5,172.5,172.5,172.5,172.5,67.5,1.5,5.83,67.5
Bay_of_Bengal,2025-11-25 00:00:00,1.48,1.4599999,1.4699999,1.4699999,1.5,1.51,1.51,1.51,1.5,5.8599997,5.93,5.8399997,5.72,5.7,5.73,5.7999997,5.83,172.5,172.5,172.5,172.5,172.5,172.5,67.5,67.5,1.48,5.8799996,81.47
Bay_of_Bengal,2025-11-25 03:00:00,1.36,1.4699999,1.4699999,1.5,1.51,1.51,1.51,1.5,1.48,5.93,5.8399997,5.72,5.7,5.73,5.7999997,5.83,5.8799996,172.5,172.5,172.5,172.5,172.5,67.5,67.5,81.47,1.36,5.67,187.5
Bay_of_Bengal,2025-11-25 06:00:00,1.3299999,1.4699999,1.5,1.51,1.51,1.51,1.5,1.48,1.36,5.8399997,5.72,5.7,5.73,5.7999997,5.83,5.8799996,5.67,172.5,172.5,172.5,172.5,67.5,67.5,81.47,187.5,1.3299999,5.5499997,187.5
Bay_of_Bengal,2025-11-25 09:00:00,1.36,1.5,1.51,1.51,1.51,1.5,1.48,1.36,1.3299999,5.72,5.7,5.73,5.7999997,5.83,5.8799996,5.67,5.5499997,172.5,172.5,172.5,67.5,67.5,81.47,187.5,187.5,1.36,5.46,187.5
Bay_of_Bengal,2025-11-25 12:00:00,1.41,1.51,1.51,1.51,1.5,1.48,1.36,1.3299999,1.36,5.7,5.73,5.7999997,5.83,5.8799996,5.67,5.5499997,5.46,172.5,172.5,67.5,67.5,81.47,187.5,187.5,187.5,1.41,5.43,187.5
Bay_of_Bengal,2025-11-25 15:00:00,1.4599999,1.51,1.51,1.5,1.48,1.36,1.3299999,1.36,1.41,5.73,5.7999997,5.83,5.8799996,5.67,5.5499997,5.46,5.43,172.5,67.5,67.5,81.47,187.5,187.5,187.5,187.5,1.4599999,5.5699997,187.5
Bay_of_Bengal,2025-11-25 18:00:00,1.4399999,1.51,1.5,1.48,1.36,1.3299999,1.36,1.41,1.4599999,5.7999997,5.83,5.8799996,5.67,5.5499997,5.46,5.43,5.5699997,67.5,67.5,81.47,187.5,187.5,187.5,187.5,187.5,1.4399999,5.64,187.5
Bay_of_Bengal,2025-11-25 21:00:00,1.42,1.5,1.48,1.36,1.3299999,1.36,1.41,1.4599999,1.4399999,5.83,5.8799996,5.67,5.5499997,5.46,5.43,5.5699997,5.64,67.5,81.47,187.5,187.5,187.5,187.5,187.5,187.5,1.42,5.67,187.5
Bay_of_Bengal,2025-11-26 00:00:00,1.4,1.48,1.36,1.3299999,1.36,1.41,1.4599999,1.4399999,1.42,5.8799996,5.67,5.5499997,5.46,5.43,5.5699997,5.64,5.67,81.47,187.5,187.5,187.5,187.5,187.5,187.5,187.5,1.4,5.7,187.5
Bay_of_Bengal,2025-11-26 03:00:00,1.3199999,1.36,1.3299999,1.36,1.41,1.4599999,1.4399999,1.42,1.4,5.67,5.5499997,5.46,5.43,5.5699997,5.64,5.67,5.7,187.5,187.5,187.5,187.5,187.5,187.5,187.5,187.5,1.3199999,5.62,187.5
Bay_of_Bengal,2025-11-26 06:00:00,1.28,1.3299999,1.36,1.41,1.4599999,1.4399999,1.42,1.4,1.3199999,5.5499997,5.46,5.43,5.5699997,5.64,5.67,5.7,5.62,187.5,187.5,187.5,187.5,187.5,187.5,187.5,187.5,1.28,5.49,187.5
Bay_of_Bengal,2025-11-26 09:00:00,1.3199999,1.36,1.41,1.4599999,1.4399999,1.42,1.4,1.3199999,1.28,5.46,5.43,5.5699997,5.64,5.67,5.7,5.62,5.49,187.5,187.5,187.5,187.5,187.5,187.5,187.5,187.5,1.3199999,5.35,187.5
Bay_of_Bengal,2025-11-26 12:00:00,1.38,1.41,1.4599999,1.4399999,1.42,1.4,1.3199999,1.28,1.3199999,5.43,5.5699997,5.64,5.67,5.7,5.62,5.49,5.35,187.5,187.5,187.5,187.5,187.5,187.5,187.5,187.5,1.38,5.38,187.5
Bay_of_Bengal,2025-11-26 15:00:00,1.4,1.4599999,1.4399999,1.42,1.4,1.3199999,1.28,1.3199999,1.38,5.5699997,5.64,5.67,5.7,5.62,5.49,5.35,5.38,187.5,187.5,187.5,187.5,187.5,187.5,187.5,187.5,1.4,5.49,187.5
Bay_of_Bengal,2025-11-26 18:00:00,1.4,1.4399999,1.42,1.4,1.3199999,1.28,1.3199999,1.38,1.4,5.64,5.67,5.7,5.62,5.49,5.35,5.38,5.49,187.5,187.5,187.5,187.5,187.5,187.5,187.5,187.5,1.4,5.5499997,187.5
Bay_of_Bengal,2025-11-26 21:00:00,1.4,1.42,1.4,1.3199999,1.28,1.3199999,1.38,1.4,1.4,5.67,5.7,5.62,5.49,5.35,5.38,5.49,5.5499997,187.5,187.5,187.5,187.5,187.5,187.5,187.5,187.5,1.4,5.5299997,187.5
Bay_of_Bengal,2025-11-27 00:00:00,1.39,1.4,1.3199999,1.28,1.3199999,1.38,1.4,1.4,1.4,5.7,5.62,5.49,5.35,5.38,5.49,5.5499997,5.5299997,187.5,187.5,187.5,187.5,187.5,187.5,187.5,187.5,1.39,5.47,187.5
Bay_of_Bengal,2025-11-27 03:00:00,1.38,1.3199999,1.28,1.3199999,1.38,1.4,1.4,1.4,1.39,5.62,5.49,5.35,5.38,5.49,5.5499997,5.5299997,5.47,187.5,187.5,187.5,187.5,187.5,187.5,187.5,187.5,1.38,5.4,187.5
Bay_of_Bengal,2025-11-27 06:00:00,1.41,1.28,1.3199999,1.38,1.4,1.4,1.4,1.39,1.38,5.49,5.35,5.38,5.49,5.5499997,5.5299997,5.47,5.4,187.5,187.5,187.5,187.5,187.5,187.5,187.5,187.5,1.41,5.39,187.5
Bay_of_Bengal,2025-11-27 09:00:00,1.36,1.3199999,1.38,1.4,1.4,1.4,1.39,1.38,1.41,5.35,5.38,5.49,5.5499997,5.5299997,5.47,5.4,5.39,187.5,187.5,187.5,187.5,187.5,187.5,187.5,187.5,1.36,5.42,187.5
Bay_of_Bengal,2025-11-27 12:00:00,1.29,1.38,1.4,1.4,1.4,1.39,1.38,1.41,1.36,5.38,5.49,5.5499997,5.5299997,5.47,5.4,5.39,5.42,187.5,187.5,187.5,187.5,187.5,187.5,187.5,187.5,1.29,5.4,187.5
Bay_of_Bengal,2025-11-27 15:00:00,1.22,1.4,1.4,1.4,1.39,1.38,1.41,1.36,1.29,5.49,5.5499997,5.5299997,5.47,5.4,5.39,5.42,5.4,187.5,187.5,187.5,187.5,187.5,187.5,187.5,187.5,1.22,5.2799997,187.5
Bay_of_Bengal,2025-11-27 18:00:00,1.2099999,1.4,1.4,1.39,1.38,1.41,1.36,1.29,1.22,5.5499997,5.5299997,5.47,5.4,5.39,5.42,5.4,5.2799997,187.5,187.5,187.5,187.5,187.5,187.5,187.5,187.5,1.2099999,19.42,187.5
Bay_of_Bengal,2025-11-27 21:00:00,1.24,1.4,1.39,1.38,1.41,1.36,1.29,1.22,1.2099999,5.5299997,5.47,5.4,5.39,5.42,5.4,5.2799997,19.42,187.5,187.5,187.5,187.5,187.5,187.5,187.5,187.5,1.24,19.609999,187.5
Bay_of_Bengal,2025-11-28 00:00:00,1.3199999,1.39,1.38,1.41,1.36,1.29,1.22,1.2099999,1.24,5.47,5.4,5.39,5.42,5.4,5.2799997,19.42,19.609999,187.5,187.5,187.5,187.5,187.5,187.5,187.5,187.5,1.3199999,19.07,187.5
Bay_of_Bengal,2025-11-28 03:00:00,1.24,1.38,1.41,1.36,1.29,1.22,1.2099999,1.24,1.3199999,5.4,5.39,5.42,5.4,5.2799997,19.42,19.609999,19.07,187.5,187.5,187.5,187.5,187.5,187.5,187.5,187.5,1.24,11.94,187.5
Bay_of_Bengal,2025-11-28 06:00:00,1.3,1.41,1.36,1.29,1.22,1.2099999,1.24,1.3199999,1.24,5.39,5.42,5.4,5.2799997,19.42,19.609999,19.07,11.94,187.5,187.5,187.5,187.5,187.5,187.5,187.5,187.5,1.3,10.87,187.5
Bay_of_Bengal,2025-11-28 09:00:00,1.37,1.36,1.29,1.22,1.2099999,1.24,1.3199999,1.24,1.3,5.42,5.4,5.2799997,19.42,19.609999,19.07,11.94,10.87,187.5,187.5,187.5,187.5,187.5,187.5,187.5,187.5,1.37,10.61,187.5
Bay_of_Bengal,2025-11-28 12:00:00,1.4399999,1.29,1.22,1.2099999,1.24,1.3199999,1.24,1.3,1.37,5.4,5.2799997,19.42,19.609999,19.07,11.94,10.87,10.61,187.5,187.5,187.5,187.5,187.5,187.5,187.5,187.5,1.4399999,18.08,187.5
Bay_of_Bengal,2025-11-28 15:00:00,1.3399999,1.22,1.2099999,1.24,1.3199999,1.24,1.3,1.37,1.4399999,5.2799997,19.42,19.609999,19.07,11.94,10.87,10.61,18.08,187.5,187.5,187.5,187.5,187.5,187.5,187.5,187.5,1.3399999,17.15,187.5
Bay_of_Bengal,2025-11-28 18:00:00,1.3199999,1.2099999,1.24,1.3199999,1.24,1.3,1.37,1.4399999,1.3399999,19.42,19.609999,19.07,11.94,10.87,10.61,18.08,17.15,187.5,187.5,187.5,187.5,187.5,187.5,187.5,187.5,1.3199999,16.92,187.5
Bay_of_Bengal,2025-11-28 21:00:00,1.39,1.24,1.3199999,1.24,1.3,1.37,1.4399999,1.3399999,1.3199999,19.609999,19.07,11.94,10.87,10.61,18.08,17.15,16.92,187.5,187.5,187.5,187.5,187.5,187.5,187.5,187.5,1.39,17.449999,187.5
Bay_of_Bengal,2025-11-29 00:00:00,1.52,1.3199999,1.24,1.3,1.37,1.4399999,1.3399999,1.3199999,1.39,19.07,11.94,10.87,10.61,18.08,17.15,16.92,17.449999,187.5,187.5,187.5,187.5,187.5,187.5,187.5,187.5,1.52,17.52,187.5
Bay_of_Bengal,2025-11-29 03:00:00,1.5899999,1.24,1.3,1.37,1.4399999,1.3399999,1.3199999,1.39,1.52,11.94,10.87,10.61,18.08,17.15,16.92,17.449999,17.52,187.5,187.5,187.5,187.5,187.5,187.5,187.5,187.5,1.5899999,16.94,187.5
Bay_of_Bengal,2025-11-29 06:00:00,1.66,1.3,1.37,1.4399999,1.3399999,1.3199999,1.39,1.52,1.5899999,10.87,10.61,18.08,17.15,16.92,17.449999,17.52,16.94,187.5,187.5,187.5,187.5,187.5,187.5,187.5,187.5,1.66,5.6099997,187.5
Bay_of_Bengal,2025-11-29 09:00:00,1.6999999,1.37,1.4399999,1.3399999,1.3199999,1.39,1.52,1.5899999,1.66,10.61,18.08,17.15,16.92,17.449999,17.52,16.94,5.6099997,187.5,187.5,187.5,187.5,187.5,187.5,187.5,187.5,1.6999999,5.73,187.5
Bay_of_Bengal,2025-11-29 12:00:00,1.68,1.4399999,1.3399999,1.3199999,1.39,1.52,1.5899999,1.66,1.6999999,18.08,17.15,16.92,17.449999,17.52,16.94,5.6099997,5.73,187.5,187.5,187.5,187.5,187.5,187.5,187.5,187.5,1.68,17.34,187.5
Bay_of_Bengal,2025-11-29 15:00:00,1.53,1.3399999,1.3199999,1.39,1.52,1.5899999,1.66,1.6999999,1.68,17.15,16.92,17.449999,17.52,16.94,5.6099997,5.73,17.34,187.5,187.5,187.5,187.5,187.5,187.5,187.5,187.5,1.53,16.49,187.5
Bay_of_Bengal,2025-11-29 18:00:00,1.5699999,1.3199999,1.39,1.52,1.5899999,1.66,1.6999999,1.68,1.53,16.92,17.449999,17.52,16.94,5.6099997,5.73,17.34,16.49,187.5,187.5,187.5,187.5,187.5,187.5,187.5,187.5,1.5699999,16.06,187.5
Bay_of_Bengal,2025-11-29 21:00:00,1.68,1.39,1.52,1.5899999,1.66,1.6999999,1.68,1.53,1.5699999,17.449999,17.52,16.94,5.6099997,5.73,17.34,16.49,16.06,187.5,187.5,187.5,187.5,187.5,187.5,187.5,187.5,1.68,15.86,187.5
Bay_of_Bengal,2025-11-30 00:00:00,1.8299999,1.52,1.5899999,1.66,1.6999999,1.68,1.53,1.5699999,1.68,17.52,16.94,5.6099997,5.73,17.34,16.49,16.06,15.86,187.5,187.5,187.5,187.5,187.5,187.5,187.5,187.5,1.8299999,5.6,187.5
Bay_of_Bengal,2025-11-30 03:00:00,1.9499999,1.5899999,1.66,1.6999999,1.68,1.53,1.5699999,1.68,1.8299999,16.94,5.6099997,5.73,17.34,16.49,16.06,15.86,5.6,187.5,187.5,187.5,187.5,187.5,187.5,187.5,187.5,1.9499999,5.81,187.5
Bay_of_Bengal,2025-11-30 06:00:00,2.06,1.66,1.6999999,1.68,1.53,1.5699999,1.68,1.8299999,1.9499999,5.6099997,5.73,17.34,16.49,16.06,15.86,5.6,5.81,187.5,187.5,187.5,187.5,187.5,187.5,187.5,187.5,2.06,6.1099997,187.5
Bay_of_Bengal,2025-11-30 09:00:00,2.08,1.6999999,1.68,1.53,1.5699999,1.68,1.8299999,1.9499999,2.06,5.73,17.34,16.49,16.06,15.86,5.6,5.81,6.1099997,187.5,187.5,187.5,187.5,187.5,187.5,187.5,187.5,2.08,6.25,187.5
Bay_of_Bengal,2025-11-30 12:00:00,2.09,1.68,1.53,1.5699999,1.68,1.8299999,1.9499999,2.06,2.08,17.34,16.49,16.06,15.86,5.6,5.81,6.1099997,6.25,187.5,187.5,187.5,187.5,187.5,187.5,187.5,187.5,2.09,6.3199997,187.5
Bay_of_Bengal,2025-11-30 15:00:00,2.24,1.53,1.5699999,1.68,1.8299999,1.9499999,2.06,2.08,2.09,16.49,16.06,15.86,5.6,5.81,6.1099997,6.25,6.3199997,187.5,187.5,187.5,187.5,187.5,187.5,187.5,187.5,2.24,6.6499996,187.5
Bay_of_Bengal,2025-11-30 18:00:00,2.18,1.5699999,1.68,1.8299999,1.9499999,2.06,2.08,2.09,2.24,16.06,15.86,5.6,5.81,6.1099997,6.25,6.3199997,6.6499996,187.5,187.5,187.5,187.5,187.5,187.5,187.5,187.5,2.18,6.6099997,187.5
Bay_of_Bengal,2025-11-30 21:00:00,2.11,1.68,1.8299999,1.9499999,2.06,2.08,2.09,2.24,2.18,15.86,5.6,5.81,6.1099997,6.25,6.3199997,6.6499996,6.6099997,187.5,187.5,187.5,187.5,187.5,187.5,187.5,187.5,2.11,6.3999996,187.5
Bay_of_Bengal,2025-12-01 00:00:00,2.09,1.8299999,1.9499999,2.06,2.08,2.09,2.24,2.18,2.11,5.6,5.81,6.1099997,6.25,6.3199997,6.6499996,6.6099997,6.3999996,187.5,187.5,187.5,187.5,187.5,187.5,187.5,187.5,2.09,6.2999997,187.5
Bay_of_Bengal,2025-12-01 03:00:00,2.02,1.9499999,2.06,2.08,2.09,2.24,2.18,2.11,2.09,5.81,6.1099997,6.25,6.3199997,6.6499996,6.6099997,6.3999996,6.2999997,187.5,187.5,187.5,187.5,187.5,187.5,187.5,187.5,2.02,6.17,187.5
Bay_of_Bengal,2025-12-01 06:00:00,2.07,2.06,2.08,2.09,2.24,2.18,2.11,2.09,2.02,6.1099997,6.25,6.3199997,6.6499996,6.6099997,6.3999996,6.2999997,6.17,187.5,187.5,187.5,187.5,187.5,187.5,187.5,187.5,2.07,6.0499997,187.5
Bay_of_Bengal,2025-12-01 09:00:00,2.0,2.08,2.09,2.24,2.18,2.11,2.09,2.02,2.07,6.25,6.3199997,6.6499996,6.6099997,6.3999996,6.2999997,6.17,6.0499997,187.5,187.5,187.5,187.5,187.5,187.5,187.5,187.5,2.0,8.809999,187.5
Bay_of_Bengal,2025-12-01 12:00:00,1.9,2.09,2.24,2.18,2.11,2.09,2.02,2.07,2.0,6.3199997,6.6499996,6.6099997,6.3999996,6.2999997,6.17,6.0499997,8.809999,187.5,187.5,187.5,187.5,187.5,187.5,187.5,187.5,1.9,9.05,187.5
Bay_of_Bengal,2025-12-01 15:00:00,1.77,2.24,2.18,2.11,2.09,2.02,2.07,2.0,1.9,6.6499996,6.6099997,6.3999996,6.2999997,6.17,6.0499997,8.809999,9.05,187.5,187.5,187.5,187.5,187.5,187.5,187.5,187.5,1.77,8.84,217.5
Bay_of_Bengal,2025-12-01 18:00:00,1.68,2.18,2.11,2.09,2.02,2.07,2.0,1.9,1.77,6.6099997,6.3999996,6.2999997,6.17,6.0499997,8.809999,9.05,8.84,187.5,187.5,187.5,187.5,187.5,187.5,187.5,217.5,1.68,8.349999,187.5
Bay_of_Bengal,2025-12-01 21:00:00,1.5999999,2.11,2.09,2.02,2.07,2.0,1.9,1.77,1.68,6.3999996,6.2999997,6.17,6.0499997,8.809999,9.05,8.84,8.349999,187.5,187.5,187.5,187.5,187.5,187.5,217.5,187.5,1.5999999,8.03,187.5
Bay_of_Bengal,2025-12-02 00:00:00,1.5699999,2.09,2.02,2.07,2.0,1.9,1.77,1.68,1.5999999,6.2999997,6.17,6.0499997,8.809999,9.05,8.84,8.349999,8.03,187.5,187.5,187.5,187.5,187.5,217.5,187.5,187.5,1.5699999,13.21,187.5
Bay_of_Bengal,2025-12-02 03:00:00,1.43,2.02,2.07,2.0,1.9,1.77,1.68,1.5999999,1.5699999,6.17,6.0499997,8.809999,9.05,8.84,8.349999,8.03,13.21,187.5,187.5,187.5,187.5,217.5,187.5,187.5,187.5,1.43,12.88,187.5
Bay_of_Bengal,2025-12-02 06:00:00,1.36,2.07,2.0,1.9,1.77,1.68,1.5999999,1.5699999,1.43,6.0499997,8.809999,9.05,8.84,8.349999,8.03,13.21,12.88,187.5,187.5,187.5,217.5,187.5,187.5,187.5,187.5,1.36,12.04,187.5
Bay_of_Bengal,2025-12-02 09:00:00,1.26,2.0,1.9,1.77,1.68,1.5999999,1.5699999,1.43,1.36,8.809999,9.05,8.84,8.349999,8.03,13.21,12.88,12.04,187.5,187.5,217.5,187.5,187.5,187.5,187.5,187.5,1.26,11.62,187.5
Bay_of_Bengal,2025-12-02 12:00:00,1.25,1.9,1.77,1.68,1.5999999,1.5699999,1.43,1.36,1.26,9.05,8.84,8.349999,8.03,13.21,12.88,12.04,11.62,187.5,217.5,187.5,187.5,187.5,187.5,187.5,187.5,1.25,12.92,187.5
Bay_of_Bengal,2025-12-02 15:00:00,1.26,1.77,1.68,1.5999999,1.5699999,1.43,1.36,1.26,1.25,8.84,8.349999,8.03,13.21,12.88,12.04,11.62,12.92,217.5,187.5,187.5,187.5,187.5,187.5,187.5,187.5,1.26,12.69,187.5
Bay_of_Bengal,2025-12-02 18:00:00,1.3199999,1.68,1.5999999,1.5699999,1.43,1.36,1.26,1.25,1.26,8.349999,8.03,13.21,12.88,12.04,11.62,12.92,12.69,187.5,187.5,187.5,187.5,187.5,187.5,187.5,187.5,1.3199999,17.08,187.5
Bay_of_Bengal,2025-12-02 21:00:00,1.3299999,1.5999999,1.5699999,1.43,1.36,1.26,1.25,1.26,1.3199999,8.03,13.21,12.88,12.04,11.62,12.92,12.69,17.08,187.5,187.5,187.5,187.5,187.5,187.5,187.5,187.5,1.3299999,17.109999,187.5
Bay_of_Bengal,2025-12-03 00:00:00,1.3399999,1.5699999,1.43,1.36,1.26,1.25,1.26,1.3199999,1.3299999,13.21,12.88,12.04,11.62,12.92,12.69,17.08,17.109999,187.5,187.5,187.5,187.5,187.5,187.5,187.5,187.5,1.3399999,17.26,187.5
Bay_of_Bengal,2025-12-03 03:00:00,1.3299999,1.43,1.36,1.26,1.25,1.26,1.3199999,1.3299999,1.3399999,12.88,12.04,11.62,12.92,12.69,17.08,17.109999,17.26,187.5,187.5,187.5,187.5,187.5,187.5,187.5,187.5,1.3299999,16.89,187.5
Bay_of_Bengal,2025-12-03 06:00:00,1.31,1.36,1.26,1.25,1.26,1.3199999,1.3299999,1.3399999,1.3299999,12.04,11.62,12.92,12.69,17.08,17.109999,17.26,16.89,187.5,187.5,187.5,187.5,187.5,187.5,187.5,187.5,1.31,16.32,187.5
Bay_of_Bengal,2025-12-03 09:00:00,1.28,1.26,1.25,1.26,1.3199999,1.3299999,1.3399999,1.3299999,1.31,11.62,12.92,12.69,17.08,17.109999,17.26,16.89,16.32,187.5,187.5,187.5,187.5,187.5,187.5,187.5,187.5,1.28,15.83,187.5
Bay_of_Bengal,2025-12-03 12:00:00,1.3,1.25,1.26,1.3199999,1.3299999,1.3399999,1.3299999,1.31,1.28,12.92,12.69,17.08,17.109999,17.26,16.89,16.32,15.83,187.5,187.5,187.5,187.5,187.5,187.5,187.5,187.5,1.3,15.65,187.5
Bay_of_Bengal,2025-12-03 15:00:00,1.3,1.26,1.3199999,1.3299999,1.3399999,1.3299999,1.31,1.28,1.3,12.69,17.08,17.109999,17.26,16.89,16.32,15.83,15.65,187.5,187.5,187.5,187.5,187.5,187.5,187.5,187.5,1.3,14.589999,172.5
Bay_of_Bengal,2025-12-03 18:00:00,1.3199999,1.3199999,1.3299999,1.3399999,1.3299999,1.31,1.28,1.3,1.3,17.08,17.109999,17.26,16.89,16.32,15.83,15.65,14.589999,187.5,187.5,187.5,187.5,187.5,187.5,187.5,172.5,1.3199999,14.44,172.5
Bay_of_Bengal,2025-12-03 21:00:00,1.3199999,1.3299999,1.3399999,1.3299999,1.31,1.28,1.3,1.3,1.3199999,17.109999,17.26,16.89,16.32,15.83,15.65,14.589999,14.44,187.5,187.5,187.5,187.5,187.5,187.5,172.5,172.5,1.3199999,14.49,172.5
Bay_of_Bengal,2025-12-04 00:00:00,1.3399999,1.3399999,1.3299999,1.31,1.28,1.3,1.3,1.3199999,1.3199999,17.26,16.89,16.32,15.83,15.65,14.589999,14.44,14.49,187.5,187.5,187.5,187.5,187.5,172.5,172.5,172.5,1.3399999,14.559999,187.5
Bay_of_Bengal,2025-12-04 03:00:00,1.41,1.3299999,1.31,1.28,1.3,1.3,1.3199999,1.3199999,1.3399999,16.89,16.32,15.83,15.65,14.589999,14.44,14.49,14.559999,187.5,187.5,187.5,187.5,172.5,172.5,172.5,187.5,1.41,14.639999,187.5
Bay_of_Bengal,2025-12-04 06:00:00,1.4499999,1.31,1.28,1.3,1.3,1.3199999,1.3199999,1.3399999,1.41,16.32,15.83,15.65,14.589999,14.44,14.49,14.559999,14.639999,187.5,187.5,187.5,172.5,172.5,172.5,187.5,187.5,1.4499999,14.44,187.5
Bay_of_Bengal,2025-12-04 09:00:00,1.4599999,1.28,1.3,1.3,1.3199999,1.3199999,1.3399999,1.41,1.4499999,15.83,15.65,14.589999,14.44,14.49,14.559999,14.639999,14.44,187.5,187.5,172.5,172.5,172.5,187.5,187.5,187.5,1.4599999,14.58,187.5
Bay_of_Bengal,2025-12-04 12:00:00,1.4699999,1.3,1.3,1.3199999,1.3199999,1.3399999,1.41,1.4499999,1.4599999,15.65,14.589999,14.44,14.49,14.559999,14.639999,14.44,14.58,187.5,172.5,172.5,172.5,187.5,187.5,187.5,187.5,1.4699999,5.43,172.5
Bay_of_Bengal,2025-12-04 15:00:00,1.61,1.3,1.3199999,1.3199999,1.3399999,1.41,1.4499999,1.4599999,1.4699999,14.589999,14.44,14.49,14.559999,14.639999,14.44,14.58,5.43,172.5,172.5,172.5,187.5,187.5,187.5,187.5,172.5,1.61,5.75,172.5
Bay_of_Bengal,2025-12-04 18:00:00,1.5699999,1.3199999,1.3199999,1.3399999,1.41,1.4499999,1.4599999,1.4699999,1.61,14.44,14.49,14.559999,14.639999,14.44,14.58,5.43,5.75,172.5,172.5,187.5,187.5,187.5,187.5,172.5,172.5,1.5699999,5.8399997,172.5
Bay_of_Bengal,2025-12-04 21:00:00,1.5899999,1.3199999,1.3399999,1.41,1.4499999,1.4599999,1.4699999,1.61,1.5699999,14.49,14.559999,14.639999,14.44,14.58,5.43,5.75,5.8399997,172.5,187.5,187.5,187.5,187.5,172.5,172.5,172.5,1.5899999,5.8799996,187.5
Bay_of_Bengal,2025-12-05 00:00:00,1.5899999,1.3399999,1.41,1.4499999,1.4599999,1.4699999,1.61,1.5699999,1.5899999,14.559999,14.639999,14.44,14.58,5.43,5.75,5.8399997,5.8799996,187.5,187.5,187.5,187.5,172.5,172.5,172.5,187.5,1.5899999,5.81,187.5
Bay_of_Bengal,2025-12-05 03:00:00,1.5899999,1.41,1.4499999,1.4599999,1.4699999,1.61,1.5699999,1.5899999,1.5899999,14.639999,14.44,14.58,5.43,5.75,5.8399997,5.8799996,5.81,187.5,187.5,187.5,172.5,172.5,172.5,187.5,187.5,1.5899999,5.77,187.5
Bay_of_Bengal,2025-12-05 06:00:00,1.54,1.4499999,1.4599999,1.4699999,1.61,1.5699999,1.5899999,1.5899999,1.5899999,14.44,14.58,5.43,5.75,5.8399997,5.8799996,5.81,5.77,187.5,187.5,172.5,172.5,172.5,187.5,187.5,187.5,1.54,5.62,187.5
Bay_of_Bengal,2025-12-05 09:00:00,1.5,1.4599999,1.4699999,1.61,1.5699999,1.5899999,1.5899999,1.5899999,1.54,14.58,5.43,5.75,5.8399997,5.8799996,5.81,5.77,5.62,187.5,172.5,172.5,172.5,187.5,187.5,187.5,187.5,1.5,5.5499997,187.5
Bay_of_Bengal,2025-12-05 12:00:00,1.43,1.4699999,1.61,1.5699999,1.5899999,1.5899999,1.5899999,1.54,1.5,5.43,5.75,5.8399997,5.8799996,5.81,5.77,5.62,5.5499997,172.5,172.5,172.5,187.5,187.5,187.5,187.5,187.5,1.43,5.5299997,157.5
Bay_of_Bengal,2025-12-05 15:00:00,1.38,1.61,1.5699999,1.5899999,1.5899999,1.5899999,1.54,1.5,1.43,5.75,5.8399997,5.8799996,5.81,5.77,5.62,5.5499997,5.5299997,172.5,172.5,187.5,187.5,187.5,187.5,187.5,157.5,1.38,5.5,157.5
Bay_of_Bengal,2025-12-05 18:00:00,1.37,1.5699999,1.5899999,1.5899999,1.5899999,1.54,1.5,1.43,1.38,5.8399997,5.8799996,5.81,5.77,5.62,5.5499997,5.5299997,5.5,172.5,187.5,187.5,187.5,187.5,187.5,157.5,157.5,1.37,5.49,157.5
Bay_of_Bengal,2025-12-05 21:00:00,1.35,1.5899999,1.5899999,1.5899999,1.54,1.5,1.43,1.38,1.37,5.8799996,5.81,5.77,5.62,5.5499997,5.5299997,5.5,5.49,187.5,187.5,187.5,187.5,187.5,157.5,157.5,157.5,1.35,5.54,157.5
Bay_of_Bengal,2025-12-06 00:00:00,1.3,1.5899999,1.5899999,1.54,1.5,1.43,1.38,1.37,1.35,5.81,5.77,5.62,5.5499997,5.5299997,5.5,5.49,5.54,187.5,187.5,187.5,187.5,157.5,157.5,157.5,157.5,1.3,5.5899997,157.5
Bay_of_Bengal,2025-12-06 03:00:00,1.31,1.5899999,1.54,1.5,1.43,1.38,1.37,1.35,1.3,5.77,5.62,5.5499997,5.5299997,5.5,5.49,5.54,5.5899997,187.5,187.5,187.5,157.5,157.5,157.5,157.5,157.5,1.31,5.66,157.5
Bay_of_Bengal,2025-12-06 06:00:00,1.31,1.54,1.5,1.43,1.38,1.37,1.35,1.3,1.31,5.62,5.5499997,5.5299997,5.5,5.49,5.54,5.5899997,5.66,187.5,187.5,157.5,157.5,157.5,157.5,157.5,157.5,1.31,5.6299996,157.5
Bay_of_Bengal,2025-12-06 09:00:00,1.35,1.5,1.43,1.38,1.37,1.35,1.3,1.31,1.31,5.5499997,5.5299997,5.5,5.49,5.54,5.5899997,5.66,5.6299996,187.5,157.5,157.5,157.5,157.5,157.5,157.5,157.5,1.35,5.5299997,34.130005
Bay_of_Bengal,2025-12-06 12:00:00,1.42,1.43,1.38,1.37,1.35,1.3,1.31,1.31,1.35,5.5299997,5.5,5.49,5.54,5.5899997,5.66,5.6299996,5.5299997,157.5,157.5,157.5,157.5,157.5,157.5,157.5,34.130005,1.42,5.47,22.500004
Bay_of_Bengal,2025-12-06 15:00:00,1.4699999,1.38,1.37,1.35,1.3,1.31,1.31,1.35,1.42,5.5,5.49,5.54,5.5899997,5.66,5.6299996,5.5299997,5.47,157.5,157.5,157.5,157.5,157.5,157.5,34.130005,22.500004,1.4699999,5.62,22.500004
Bay_of_Bengal,2025-12-06 18:00:00,1.4,1.37,1.35,1.3,1.31,1.31,1.35,1.42,1.4699999,5.49,5.54,5.5899997,5.66,5.6299996,5.5299997,5.47,5.62,157.5,157.5,157.5,157.5,157.5,34.130005,22.500004,22.500004,1.4,5.64,22.500004
Bay_of_Bengal,2025-12-06 21:00:00,1.3299999,1.35,1.3,1.31,1.31,1.35,1.42,1.4699999,1.4,5.54,5.5899997,5.66,5.6299996,5.5299997,5.47,5.62,5.64,157.5,157.5,157.5,157.5,34.130005,22.500004,22.500004,22.500004,1.3299999,5.6,22.500004
Bay_of_Bengal,2025-12-07 00:00:00,1.27,1.3,1.31,1.31,1.35,1.42,1.4699999,1.4,1.3299999,5.5899997,5.66,5.6299996,5.5299997,5.47,5.62,5.64,5.6,157.5,157.5,157.5,34.130005,22.500004,22.500004,22.500004,22.500004,1.27,5.54,187.5
Bay_of_Bengal,2025-12-07 03:00:00,1.26,1.31,1.31,1.35,1.42,1.4699999,1.4,1.3299999,1.27,5.66,5.6299996,5.5299997,5.47,5.62,5.64,5.6,5.54,157.5,157.5,34.130005,22.500004,22.500004,22.500004,22.500004,187.5,1.26,5.42,187.5
Bay_of_Bengal,2025-12-07 06:00:00,1.31,1.31,1.35,1.42,1.4699999,1.4,1.3299999,1.27,1.26,5.6299996,5.5299997,5.47,5.62,5.64,5.6,5.54,5.42,157.5,34.130005,22.500004,22.500004,22.500004,22.500004,187.5,187.5,1.31,5.21,187.5
Bay_of_Bengal,2025-12-07 09:00:00,1.3199999,1.35,1.42,1.4699999,1.4,1.3299999,1.27,1.26,1.31,5.5299997,5.47,5.62,5.64,5.6,5.54,5.42,5.21,34.130005,22.500004,22.500004,22.500004,22.500004,187.5,187.5,187.5,1.3199999,5.27,187.5
Bay_of_Bengal,2025-12-07 12:00:00,1.3,1.42,1.4699999,1.4,1.3299999,1.27,1.26,1.31,1.3199999,5.47,5.62,5.64,5.6,5.54,5.42,5.21,5.27,22.500004,22.500004,22.500004,22.500004,187.5,187.5,187.5,187.5,1.3,5.41,187.5
Bay_of_Bengal,2025-12-07 15:00:00,1.29,1.4699999,1.4,1.3299999,1.27,1.26,1.31,1.3199999,1.3,5.62,5.64,5.6,5.54,5.42,5.21,5.27,5.41,22.500004,22.500004,22.500004,187.5,187.5,187.5,187.5,187.5,1.29,5.49,187.5
Bay_of_Bengal,2025-12-07 18:00:00,1.27,1.4,1.3299999,1.27,1.26,1.31,1.3199999,1.3,1.29,5.64,5.6,5.54,5.42,5.21,5.27,5.41,5.49,22.500004,22.500004,187.5,187.5,187.5,187.5,187.5,187.5,1.27,5.52,187.5
Bay_of_Bengal,2025-12-07 21:00:00,1.29,1.3299999,1.27,1.26,1.31,1.3199999,1.3,1.29,1.27,5.6,5.54,5.42,5.21,5.27,5.41,5.49,5.52,22.500004,187.5,187.5,187.5,187.5,187.5,187.5,187.5,1.29,5.5299997,187.5
Bay_of_Bengal,2025-12-08 00:00:00,1.4399999,1.27,1.26,1.31,1.3199999,1.3,1.29,1.27,1.29,5.54,5.42,5.21,5.27,5.41,5.49,5.52,5.5299997,187.5,187.5,187.5,187.5,187.5,187.5,187.5,187.5,1.4399999,5.5099998,187.5
Bay_of_Bengal,2025-12-08 03:00:00,1.3199999,1.26,1.31,1.3199999,1.3,1.29,1.27,1.29,1.4399999,5.42,5.21,5.27,5.41,5.49,5.52,5.5299997,5.5099998,187.5,187.5,187.5,187.5,187.5,187.5,187.5,187.5,1.3199999,5.2599998,187.5
Bay_of_Bengal,2025-12-08 06:00:00,1.38,1.31,1.3199999,1.3,1.29,1.27,1.29,1.4399999,1.3199999,5.21,5.27,5.41,5.49,5.52,5.5299997,5.5099998,5.2599998,187.5,187.5,187.5,187.5,187.5,187.5,187.5,187.5,1.38,5.39,187.5
Bay_of_Bengal,2025-12-08 09:00:00,1.4,1.3199999,1.3,1.29,1.27,1.29,1.4399999,1.3199999,1.38,5.27,5.41,5.49,5.52,5.5299997,5.5099998,5.2599998,5.39,187.5,187.5,187.5,187.5,187.5,187.5,187.5,187.5,1.4,5.56,187.5
Bay_of_Bengal,2025-12-08 12:00:00,1.39,1.3,1.29,1.27,1.29,1.4399999,1.3199999,1.38,1.4,5.41,5.49,5.52,5.5299997,5.5099998,5.2599998,5.39,5.56,187.5,187.5,187.5,187.5,187.5,187.5,187.5,187.5,1.39,5.62,187.5
Bay_of_Bengal,2025-12-08 15:00:00,1.43,1.29,1.27,1.29,1.4399999,1.3199999,1.38,1.4,1.39,5.49,5.52,5.5299997,5.5099998,5.2599998,5.39,5.56,5.62,187.5,187.5,187.5,187.5,187.5,187.5,187.5,187.5,1.43,5.68,187.5
Bay_of_Bengal,2025-12-08 18:00:00,1.43,1.27,1.29,1.4399999,1.3199999,1.38,1.4,1.39,1.43,5.52,5.5299997,5.5099998,5.2599998,5.39,5.56,5.62,5.68,187.5,187.5,187.5,187.5,187.5,187.5,187.5,187.5,1.43,5.64,187.5
Bay_of_Bengal,2025-12-08 21:00:00,1.41,1.29,1.4399999,1.3199999,1.38,1.4,1.39,1.43,1.43,5.5299997,5.5099998,5.2599998,5.39,5.56,5.62,5.68,5.64,187.5,187.5,187.5,187.5,187.5,187.5,187.5,187.5,1.41,5.5699997,187.5
Bay_of_Bengal,2025-12-09 00:00:00,1.29,1.4399999,1.3199999,1.38,1.4,1.39,1.43,1.43,1.41,5.5099998,5.2599998,5.39,5.56,5.62,5.68,5.64,5.5699997,187.5,187.5,187.5,187.5,187.5,187.5,187.5,187.5,1.29,5.21,187.5
Bay_of_Bengal,2025-12-09 03:00:00,1.3399999,1.3199999,1.38,1.4,1.39,1.43,1.43,1.41,1.29,5.2599998,5.39,5.56,5.62,5.68,5.64,5.5699997,5.21,187.5,187.5,187.5,187.5,187.5,187.5,187.5,187.5,1.3399999,5.15,187.5
Bay_of_Bengal,2025-12-09 06:00:00,1.35,1.38,1.4,1.39,1.43,1.43,1.41,1.29,1.3399999,5.39,5.56,5.62,5.68,5.64,5.5699997,5.21,5.15,187.5,187.5,187.5,187.5,187.5,187.5,187.5,187.5,1.35,5.18,187.5
Bay_of_Bengal,2025-12-09 09:00:00,1.3399999,1.4,1.39,1.43,1.43,1.41,1.29,1.3399999,1.35,5.56,5.62,5.68,5.64,5.5699997,5.21,5.15,5.18,187.5,187.5,187.5,187.5,187.5,187.5,187.5,187.5,1.3399999,5.23,187.5
Bay_of_Bengal,2025-12-09 12:00:00,1.3399999,1.39,1.43,1.43,1.41,1.29,1.3399999,1.35,1.3399999,5.62,5.68,5.64,5.5699997,5.21,5.15,5.18,5.23,187.5,187.5,187.5,187.5,187.5,187.5,187.5,187.5,1.3399999,5.3199997,187.5
Bay_of_Bengal,2025-12-09 15:00:00,1.3,1.43,1.43,1.41,1.29,1.3399999,1.35,1.3399999,1.3399999,5.68,5.64,5.5699997,5.21,5.15,5.18,5.23,5.3199997,187.5,187.5,187.5,187.5,187.5,187.5,187.5,187.5,1.3,5.29,187.5
Bay_of_Bengal,2025-12-09 18:00:00,1.3,1.43,1.41,1.29,1.3399999,1.35,1.3399999,1.3399999,1.3,5.64,5.5699997,5.21,5.15,5.18,5.23,5.3199997,5.29,187.5,187.5,187.5,187.5,187.5,187.5,187.5,187.5,1.3,5.2,187.5
Bay_of_Bengal,2025-12-09 21:00:00,1.29,1.41,1.29,1.3399999,1.35,1.3399999,1.3399999,1.3,1.3,5.5699997,5.21,5.15,5.18,5.23,5.3199997,5.29,5.2,187.5,187.5,187.5,187.5,187.5,187.5,187.5,187.5,1.29,5.15,187.5
Bay_of_Bengal,2025-12-10 00:00:00,1.1999999,1.29,1.3399999,1.35,1.3399999,1.3399999,1.3,1.3,1.29,5.21,5.15,5.18,5.23,5.3199997,5.29,5.2,5.15,187.5,187.5,187.5,187.5,187.5,187.5,187.5,187.5,1.1999999,5.04,175.4
Bay_of_Bengal,2025-12-10 03:00:00,1.1999999,1.3399999,1.35,1.3399999,1.3399999,1.3,1.3,1.29,1.1999999,5.15,5.18,5.23,5.3199997,5.29,5.2,5.15,5.04,187.5,187.5,187.5,187.5,187.5,187.5,187.5,175.4,1.1999999,4.96,187.5
Bay_of_Bengal,2025-12-10 06:00:00,1.25,1.35,1.3399999,1.3399999,1.3,1.3,1.29,1.1999999,1.1999999,5.18,5.23,5.3199997,5.29,5.2,5.15,5.04,4.96,187.5,187.5,187.5,187.5,187.5,187.5,175.4,187.5,1.25,4.91,187.5
Bay_of_Bengal,2025-12-10 09:00:00,1.3399999,1.3399999,1.3399999,1.3,1.3,1.29,1.1999999,1.1999999,1.25,5.23,5.3199997,5.29,5.2,5.15,5.04,4.96,4.91,187.5,187.5,187.5,187.5,187.5,175.4,187.5,187.5,1.3399999,5.06,187.5
Bay_of_Bengal,2025-12-10 12:00:00,1.31,1.3399999,1.3,1.3,1.29,1.1999999,1.1999999,1.25,1.3399999,5.3199997,5.29,5.2,5.15,5.04,4.96,4.91,5.06,187.5,187.5,187.5,187.5,175.4,187.5,187.5,187.5,1.31,5.1099997,172.5
Bay_of_Bengal,2025-12-10 15:00:00,1.38,1.3,1.3,1.29,1.1999999,1.1999999,1.25,1.3399999,1.31,5.29,5.2,5.15,5.04,4.96,4.91,5.06,5.1099997,187.5,187.5,187.5,175.4,187.5,187.5,187.5,172.5,1.38,5.24,172.5
Bay_of_Bengal,2025-12-10 18:00:00,1.4,1.3,1.29,1.1999999,1.1999999,1.25,1.3399999,1.31,1.38,5.2,5.15,5.04,4.96,4.91,5.06,5.1099997,5.24,187.5,187.5,175.4,187.5,187.5,187.5,172.5,172.5,1.4,5.37,172.5
Bay_of_Bengal,2025-12-10 21:00:00,1.4,1.29,1.1999999,1.1999999,1.25,1.3399999,1.31,1.38,1.4,5.15,5.04,4.96,4.91,5.06,5.1099997,5.24,5.37,187.5,175.4,187.5,187.5,187.5,172.5,172.5,172.5,1.4,5.45,172.5
Bay_of_Bengal,2025-12-11 00:00:00,1.37,1.1999999,1.1999999,1.25,1.3399999,1.31,1.38,1.4,1.4,5.04,4.96,4.91,5.06,5.1099997,5.24,5.37,5.45,175.4,187.5,187.5,187.5,172.5,172.5,172.5,172.5,1.37,5.47,172.5
Bay_of_Bengal,2025-12-11 03:00:00,1.38,1.1999999,1.25,1.3399999,1.31,1.38,1.4,1.4,1.37,4.96,4.91,5.06,5.1099997,5.24,5.37,5.45,5.47,187.5,187.5,187.5,172.5,172.5,172.5,172.5,172.5,1.38,5.43,172.5
Bay_of_Bengal,2025-12-11 06:00:00,1.42,1.25,1.3399999,1.31,1.38,1.4,1.4,1.37,1.38,4.91,5.06,5.1099997,5.24,5.37,5.45,5.47,5.43,187.5,187.5,172.5,172.5,172.5,172.5,172.5,172.5,1.42,5.29,172.5
Bay_of_Bengal,2025-12-11 09:00:00,1.4,1.3399999,1.31,1.38,1.4,1.4,1.37,1.38,1.42,5.06,5.1099997,5.24,5.37,5.45,5.47,5.43,5.29,187.5,172.5,172.5,172.5,172.5,172.5,172.5,172.5,1.4,5.2999997,172.5
Bay_of_Bengal,2025-12-11 12:00:00,1.4399999,1.31,1.38,1.4,1.4,1.37,1.38,1.42,1.4,5.1099997,5.24,5.37,5.45,5.47,5.43,5.29,5.2999997,172.5,172.5,172.5,172.5,172.5,172.5,172.5,172.5,1.4399999,5.35,172.5
Bay_of_Bengal,2025-12-11 15:00:00,1.39,1.38,1.4,1.4,1.37,1.38,1.42,1.4,1.4399999,5.24,5.37,5.45,5.47,5.43,5.29,5.2999997,5.35,172.5,172.5,172.5,172.5,172.5,172.5,172.5,172.5,1.39,5.42,172.5
Bay_of_Bengal,2025-12-11 18:00:00,1.3199999,1.4,1.4,1.37,1.38,1.42,1.4,1.4399999,1.39,5.37,5.45,5.47,5.43,5.29,5.2999997,5.35,5.42,172.5,172.5,172.5,172.5,172.5,172.5,172.5,172.5,1.3199999,5.3399997,172.5
Bay_of_Bengal,2025-12-11 21:00:00,1.26,1.4,1.37,1.38,1.42,1.4,1.4399999,1.39,1.3199999,5.45,5.47,5.43,5.29,5.2999997,5.35,5.42,5.3399997,172.5,172.5,172.5,172.5,172.5,172.5,172.5,172.5,1.26,5.29,172.5
Bay_of_Bengal,2025-12-12 00:00:00,1.23,1.37,1.38,1.42,1.4,1.4399999,1.39,1.3199999,1.26,5.47,5.43,5.29,5.2999997,5.35,5.42,5.3399997,5.29,172.5,172.5,172.5,172.5,172.5,172.5,172.5,172.5,1.23,5.27,187.5
Bay_of_Bengal,2025-12-12 03:00:00,1.14,1.38,1.42,1.4,1.4399999,1.39,1.3199999,1.26,1.23,5.43,5.29,5.2999997,5.35,5.42,5.3399997,5.29,5.27,172.5,172.5,172.5,172.5,172.5,172.5,172.5,187.5,1.14,5.0699997,187.5
Bay_of_Bengal,2025-12-12 06:00:00,1.16,1.42,1.4,1.4399999,1.39,1.3199999,1.26,1.23,1.14,5.29,5.2999997,5.35,5.42,5.3399997,5.29,5.27,5.0699997,172.5,172.5,172.5,172.5,172.5,172.5,187.5,187.5,1.16,4.87,187.5
Bay_of_Bengal,2025-12-12 09:00:00,1.18,1.4,1.4399999,1.39,1.3199999,1.26,1.23,1.14,1.16,5.2999997,5.35,5.42,5.3399997,5.29,5.27,5.0699997,4.87,172.5,172.5,172.5,172.5,172.5,187.5,187.5,187.5,1.18,4.97,187.5
Bay_of_Bengal,2025-12-12 12:00:00,1.14,1.4399999,1.39,1.3199999,1.26,1.23,1.14,1.16,1.18,5.35,5.42,5.3399997,5.29,5.27,5.0699997,4.87,4.97,172.5,172.5,172.5,172.5,187.5,187.5,187.5,187.5,1.14,5.02,187.5
Bay_of_Bengal,2025-12-12 15:00:00,1.1,1.39,1.3199999,1.26,1.23,1.14,1.16,1.18,1.14,5.42,5.3399997,5.29,5.27,5.0699997,4.87,4.97,5.02,172.5,172.5,172.5,187.5,187.5,187.5,187.5,187.5,1.1,4.99,172.5
Bay_of_Bengal,2025-12-12 18:00:00,1.1,1.3199999,1.26,1.23,1.14,1.16,1.18,1.14,1.1,5.3399997,5.29,5.27,5.0699997,4.87,4.97,5.02,4.99,172.5,172.5,187.5,187.5,187.5,187.5,187.5,172.5,1.1,5.02,172.5
Bay_of_Bengal,2025-12-12 21:00:00,1.09,1.26,1.23,1.14,1.16,1.18,1.14,1.1,1.1,5.29,5.27,5.0699997,4.87,4.97,5.02,4.99,5.02,172.5,187.5,187.5,187.5,187.5,187.5,172.5,172.5,1.09,5.04,172.5
Bay_of_Bengal,2025-12-13 00:00:00,1.04,1.23,1.14,1.16,1.18,1.14,1.1,1.1,1.09,5.27,5.0699997,4.87,4.97,5.02,4.99,5.02,5.04,187.5,187.5,187.5,187.5,187.5,172.5,172.5,172.5,1.04,4.98,172.5
Bay_of_Bengal,2025-12-13 03:00:00,1.01,1.14,1.16,1.18,1.14,1.1,1.1,1.09,1.04,5.0699997,4.87,4.97,5.02,4.99,5.02,5.04,4.98,187.5,187.5,187.5,187.5,172.5,172.5,172.5,172.5,1.01,4.89,172.5
Bay_of_Bengal,2025-12-13 06:00:00,0.97999996,1.16,1.18,1.14,1.1,1.1,1.09,1.04,1.01,4.87,4.97,5.02,4.99,5.02,5.04,4.98,4.89,187.5,187.5,187.5,172.5,172.5,172.5,172.5,172.5,0.97999996,4.71,172.5
Bay_of_Bengal,2025-12-13 09:00:00,0.96999997,1.18,1.14,1.1,1.1,1.09,1.04,1.01,0.97999996,4.97,5.02,4.99,5.02,5.04,4.98,4.89,4.71,187.5,187.5,172.5,172.5,172.5,172.5,172.5,172.5,0.96999997,4.63,172.5
Bay_of_Bengal,2025-12-13 12:00:00,0.95,1.14,1.1,1.1,1.09,1.04,1.01,0.97999996,0.96999997,5.02,4.99,5.02,5.04,4.98,4.89,4.71,4.63,187.5,172.5,172.5,172.5,172.5,172.5,172.5,172.5,0.95,4.5899997,172.5
Bay_of_Bengal,2025-12-13 15:00:00,0.95,1.1,1.1,1.09,1.04,1.01,0.97999996,0.96999997,0.95,4.99,5.02,5.04,4.98,4.89,4.71,4.63,4.5899997,172.5,172.5,172.5,172.5,172.5,172.5,172.5,172.5,0.95,4.5899997,172.5
Bay_of_Bengal,2025-12-13 18:00:00,0.95,1.1,1.09,1.04,1.01,0.97999996,0.96999997,0.95,0.95,5.02,5.04,4.98,4.89,4.71,4.63,4.5899997,4.5899997,172.5,172.5,172.5,172.5,172.5,172.5,172.5,172.5,0.95,4.58,172.5
Bay_of_Bengal,2025-12-13 21:00:00,0.94,1.09,1.04,1.01,0.97999996,0.96999997,0.95,0.95,0.95,5.04,4.98,4.89,4.71,4.63,4.5899997,4.5899997,4.58,172.5,172.5,172.5,172.5,172.5,172.5,172.5,172.5,0.94,14.889999,172.5
Bay_of_Bengal,2025-12-14 00:00:00,0.91999996,1.04,1.01,0.97999996,0.96999997,0.95,0.95,0.95,0.94,4.98,4.89,4.71,4.63,4.5899997,4.5899997,4.58,14.889999,172.5,172.5,172.5,172.5,172.5,172.5,172.5,172.5,0.91999996,14.62,172.5
Bay_of_Bengal,2025-12-14 03:00:00,0.95,1.01,0.97999996,0.96999997,0.95,0.95,0.95,0.94,0.91999996,4.89,4.71,4.63,4.5899997,4.5899997,4.58,14.889999,14.62,172.5,172.5,172.5,172.5,172.5,172.5,172.5,172.5,0.95,14.62,172.5
Bay_of_Bengal,2025-12-14 06:00:00,1.02,0.97999996,0.96999997,0.95,0.95,0.95,0.94,0.91999996,0.95,4.71,4.63,4.5899997,4.5899997,4.58,14.889999,14.62,14.62,172.5,172.5,172.5,172.5,172.5,172.5,172.5,172.5,1.02,14.75,172.5
Bay_of_Bengal,2025-12-14 09:00:00,1.09,0.96999997,0.95,0.95,0.95,0.94,0.91999996,0.95,1.02,4.63,4.5899997,4.5899997,4.58,14.889999,14.62,14.62,14.75,172.5,172.5,172.5,172.5,172.5,172.5,172.5,172.5,1.09,4.73,172.5
Bay_of_Bengal,2025-12-14 12:00:00,1.13,0.95,0.95,0.95,0.94,0.91999996,0.95,1.02,1.09,4.5899997,4.5899997,4.58,14.889999,14.62,14.62,14.75,4.73,172.5,172.5,172.5,172.5,172.5,172.5,172.5,172.5,1.13,4.9,172.5
Bay_of_Bengal,2025-12-14 15:00:00,1.16,0.95,0.95,0.94,0.91999996,0.95,1.02,1.09,1.13,4.5899997,4.58,14.889999,14.62,14.62,14.75,4.73,4.9,172.5,172.5,172.5,172.5,172.5,172.5,172.5,172.5,1.16,5.0,172.5
Bay_of_Bengal,2025-12-14 18:00:00,1.15,0.95,0.94,0.91999996,0.95,1.02,1.09,1.13,1.16,4.58,14.889999,14.62,14.62,14.75,4.73,4.9,5.0,172.5,172.5,172.5,172.5,172.5,172.5,172.5,172.5,1.15,5.0299997,172.5
Bay_of_Bengal,2025-12-14 21:00:00,1.16,0.94,0.91999996,0.95,1.02,1.09,1.13,1.16,1.15,14.889999,14.62,14.62,14.75,4.73,4.9,5.0,5.0299997,172.5,172.5,172.5,172.5,172.5,172.5,172.5,172.5,1.16,14.4,172.5
Bay_of_Bengal,2025-12-15 00:00:00,1.2099999,0.91999996,0.95,1.02,1.09,1.13,1.16,1.15,1.16,14.62,14.62,14.75,4.73,4.9,5.0,5.0299997,14.4,172.5,172.5,172.5,172.5,172.5,172.5,172.5,172.5,1.2099999,14.849999,172.5
Bay_of_Bengal,2025-12-15 03:00:00,1.1999999,0.95,1.02,1.09,1.13,1.16,1.15,1.16,1.2099999,14.62,14.75,4.73,4.9,5.0,5.0299997,14.4,14.849999,172.5,172.5,172.5,172.5,172.5,172.5,172.5,172.5,1.1999999,14.639999,172.5
Bay_of_Bengal,2025-12-15 06:00:00,1.22,1.02,1.09,1.13,1.16,1.15,1.16,1.2099999,1.1999999,14.75,4.73,4.9,5.0,5.0299997,14.4,14.849999,14.639999,172.5,172.5,172.5,172.5,172.5,172.5,172.5,172.5,1.22,14.57,172.5
Bay_of_Bengal,2025-12-15 09:00:00,1.25,1.09,1.13,1.16,1.15,1.16,1.2099999,1.1999999,1.22,4.73,4.9,5.0,5.0299997,14.4,14.849999,14.639999,14.57,172.5,172.5,172.5,172.5,172.5,172.5,172.5,172.5,1.25,4.87,172.5
Bay_of_Bengal,2025-12-15 12:00:00,1.28,1.13,1.16,1.15,1.16,1.2099999,1.1999999,1.22,1.25,4.9,5.0,5.0299997,14.4,14.849999,14.639999,14.57,4.87,172.5,172.5,172.5,172.5,172.5,172.5,172.5,172.5,1.28,4.96,172.5
Bay_of_Bengal,2025-12-15 15:00:00,1.29,1.16,1.15,1.16,1.2099999,1.1999999,1.22,1.25,1.28,5.0,5.0299997,14.4,14.849999,14.639999,14.57,4.87,4.96,172.5,172.5,172.5,172.5,172.5,172.5,172.5,172.5,1.29,5.16,172.5
Bay_of_Bengal,2025-12-15 18:00:00,1.27,1.15,1.16,1.2099999,1.1999999,1.22,1.25,1.28,1.29,5.0299997,14.4,14.849999,14.639999,14.57,4.87,4.96,5.16,172.5,172.5,172.5,172.5,172.5,172.5,172.5,172.5,1.27,5.23,172.5
Bay_of_Bengal,2025-12-15 21:00:00,1.27,1.16,1.2099999,1.1999999,1.22,1.25,1.28,1.29,1.27,14.4,14.849999,14.639999,14.57,4.87,4.96,5.16,5.23,172.5,172.5,172.5,172.5,172.5,172.5,172.5,172.5,1.27,5.2999997,172.5
Bay_of_Bengal,2025-12-16 00:00:00,1.4,1.2099999,1.1999999,1.22,1.25,1.28,1.29,1.27,1.27,14.849999,14.639999,14.57,4.87,4.96,5.16,5.23,5.2999997,172.5,172.5,172.5,172.5,172.5,172.5,172.5,172.5,1.4,5.52,172.5
Bay_of_Bengal,2025-12-16 03:00:00,1.35,1.1999999,1.22,1.25,1.28,1.29,1.27,1.27,1.4,14.639999,14.57,4.87,4.96,5.16,5.23,5.2999997,5.52,172.5,172.5,172.5,172.5,172.5,172.5,172.5,172.5,1.35,5.5099998,172.5
Bay_of_Bengal,2025-12-16 06:00:00,1.3399999,1.22,1.25,1.28,1.29,1.27,1.27,1.4,1.35,14.57,4.87,4.96,5.16,5.23,5.2999997,5.52,5.5099998,172.5,172.5,172.5,172.5,172.5,172.5,172.5,172.5,1.3399999,5.44,172.5
Bay_of_Bengal,2025-12-16 09:00:00,1.27,1.25,1.28,1.29,1.27,1.27,1.4,1.35,1.3399999,4.87,4.96,5.16,5.23,5.2999997,5.52,5.5099998,5.44,172.5,172.5,172.5,172.5,172.5,172.5,172.5,172.5,1.27,5.19,187.5
Bay_of_Bengal,2025-12-16 12:00:00,1.31,1.28,1.29,1.27,1.27,1.4,1.35,1.3399999,1.27,4.96,5.16,5.23,5.2999997,5.52,5.5099998,5.44,5.19,172.5,172.5,172.5,172.5,172.5,172.5,172.5,187.5,1.31,5.23,172.5
Bay_of_Bengal,2025-12-16 15:00:00,1.17,1.29,1.27,1.27,1.4,1.35,1.3399999,1.27,1.31,5.16,5.23,5.2999997,5.52,5.5099998,5.44,5.19,5.23,172.5,172.5,172.5,172.5,172.5,172.5,187.5,172.5,1.17,5.0299997,187.5
Bay_of_Bengal,2025-12-16 18:00:00,1.13,1.27,1.27,1.4,1.35,1.3399999,1.27,1.31,1.17,5.23,5.2999997,5.52,5.5099998,5.44,5.19,5.23,5.0299997,172.5,172.5,172.5,172.5,172.5,187.5,172.5,187.5,1.13,4.95,187.5
Bay_of_Bengal,2025-12-16 21:00:00,1.11,1.27,1.4,1.35,1.3399999,1.27,1.31,1.17,1.13,5.2999997,5.52,5.5099998,5.44,5.19,5.23,5.0299997,4.95,172.5,172.5,172.5,172.5,187.5,172.5,187.5,187.5,1.11,7.91,172.5
Bay_of_Bengal,2025-12-17 00:00:00,1.1,1.4,1.35,1.3399999,1.27,1.31,1.17,1.13,1.11,5.52,5.5099998,5.44,5.19,5.23,5.0299997,4.95,7.91,172.5,172.5,172.5,187.5,172.5,187.5,187.5,172.5,1.1,19.17,187.5
Bay_of_Bengal,2025-12-17 03:00:00,1.0699999,1.35,1.3399999,1.27,1.31,1.17,1.13,1.11,1.1,5.5099998,5.44,5.19,5.23,5.0299997,4.95,7.91,19.17,172.5,172.5,187.5,172.5,187.5,187.5,172.5,187.5,1.0699999,19.09,187.5
Bay_of_Bengal,2025-12-17 06:00:00,0.96999997,1.3399999,1.27,1.31,1.17,1.13,1.11,1.1,1.0699999,5.44,5.19,5.23,5.0299997,4.95,7.91,19.17,19.09,172.5,187.5,172.5,187.5,187.5,172.5,187.5,187.5,0.96999997,17.92,187.5
Bay_of_Bengal,2025-12-17 09:00:00,0.96999997,1.27,1.31,1.17,1.13,1.11,1.1,1.0699999,0.96999997,5.19,5.23,5.0299997,4.95,7.91,19.17,19.09,17.92,187.5,172.5,187.5,187.5,172.5,187.5,187.5,187.5,0.96999997,17.73,187.5
Bay_of_Bengal,2025-12-17 12:00:00,0.96999997,1.31,1.17,1.13,1.11,1.1,1.0699999,0.96999997,0.96999997,5.23,5.0299997,4.95,7.91,19.17,19.09,17.92,17.73,172.5,187.5,187.5,172.5,187.5,187.5,187.5,187.5,0.96999997,17.69,187.5
Bay_of_Bengal,2025-12-17 15:00:00,1.0,1.17,1.13,1.11,1.1,1.0699999,0.96999997,0.96999997,0.96999997,5.0299997,4.95,7.91,19.17,19.09,17.92,17.73,17.69,187.5,187.5,172.5,187.5,187.5,187.5,187.5,187.5,1.0,17.199999,187.5
Bay_of_Bengal,2025-12-17 18:00:00,1.03,1.13,1.11,1.1,1.0699999,0.96999997,0.96999997,0.96999997,1.0,4.95,7.91,19.17,19.09,17.92,17.73,17.69,17.199999,187.5,172.5,187.5,187.5,187.5,187.5,187.5,187.5,1.03,16.58,187.5
Bay_of_Bengal,2025-12-17 21:00:00,1.05,1.11,1.1,1.0699999,0.96999997,0.96999997,0.96999997,1.0,1.03,7.91,19.17,19.09,17.92,17.73,17.69,17.199999,16.58,172.5,187.5,187.5,187.5,187.5,187.5,187.5,187.5,1.05,16.14,187.5
Bay_of_Bengal,2025-12-18 00:00:00,1.06,1.1,1.0699999,0.96999997,0.96999997,0.96999997,1.0,1.03,1.05,19.17,19.09,17.92,17.73,17.69,17.199999,16.58,16.14,187.5,187.5,187.5,187.5,187.5,187.5,187.5,187.5,1.06,16.69,187.5
Bay_of_Bengal,2025-12-18 03:00:00,1.09,1.0699999,0.96999997,0.96999997,0.96999997,1.0,1.03,1.05,1.06,19.09,17.92,17.73,17.69,17.199999,16.58,16.14,16.69,187.5,187.5,187.5,187.5,187.5,187.5,187.5,187.5,1.09,16.72,172.5
Bay_of_Bengal,2025-12-18 06:00:00,1.0799999,0.96999997,0.96999997,0.96999997,1.0,1.03,1.05,1.06,1.09,17.92,17.73,17.69,17.199999,16.58,16.14,16.69,16.72,187.5,187.5,187.5,187.5,187.5,187.5,187.5,172.5,1.0799999,15.78,172.5
Bay_of_Bengal,2025-12-18 09:00:00,1.09,0.96999997,0.96999997,1.0,1.03,1.05,1.06,1.09,1.0799999,17.73,17.69,17.199999,16.58,16.14,16.69,16.72,15.78,187.5,187.5,187.5,187.5,187.5,187.5,172.5,172.5,1.09,15.36,172.5
Bay_of_Bengal,2025-12-18 12:00:00,1.0699999,0.96999997,1.0,1.03,1.05,1.06,1.09,1.0799999,1.09,17.69,17.199999,16.58,16.14,16.69,16.72,15.78,15.36,187.5,187.5,187.5,187.5,187.5,172.5,172.5,172.5,1.0699999,15.299999,172.5
Bay_of_Bengal,2025-12-18 15:00:00,1.09,1.0,1.03,1.05,1.06,1.09,1.0799999,1.09,1.0699999,17.199999,16.58,16.14,16.69,16.72,15.78,15.36,15.299999,187.5,187.5,187.5,187.5,172.5,172.5,172.5,172.5,1.09,15.4,187.5
Bay_of_Bengal,2025-12-18 18:00:00,1.04,1.03,1.05,1.06,1.09,1.0799999,1.09,1.0699999,1.09,16.58,16.14,16.69,16.72,15.78,15.36,15.299999,15.4,187.5,187.5,187.5,172.5,172.5,172.5,172.5,187.5,1.04,15.49,187.5
Bay_of_Bengal,2025-12-18 21:00:00,0.97999996,1.05,1.06,1.09,1.0799999,1.09,1.0699999,1.09,1.04,16.14,16.69,16.72,15.78,15.36,15.299999,15.4,15.49,187.5,187.5,172.5,172.5,172.5,172.5,187.5,187.5,0.97999996,15.009999,187.5
Bay_of_Bengal,2025-12-19 00:00:00,0.95,1.06,1.09,1.0799999,1.09,1.0699999,1.09,1.04,0.97999996,16.69,16.72,15.78,15.36,15.299999,15.4,15.49,15.009999,187.5,172.5,172.5,172.5,172.5,187.5,187.5,187.5,0.95,14.61,187.5
Bay_of_Bengal,2025-12-19 03:00:00,0.91999996,1.09,1.0799999,1.09,1.0699999,1.09,1.04,0.97999996,0.95,16.72,15.78,15.36,15.299999,15.4,15.49,15.009999,14.61,172.5,172.5,172.5,172.5,187.5,187.5,187.5,187.5,0.91999996,14.53,187.5
Bay_of_Bengal,2025-12-19 06:00:00,0.89,1.0799999,1.09,1.0699999,1.09,1.04,0.97999996,0.95,0.91999996,15.78,15.36,15.299999,15.4,15.49,15.009999,14.61,14.53,172.5,172.5,172.5,187.5,187.5,187.5,187.5,187.5,0.89,14.32,187.5
Bay_of_Bengal,2025-12-19 09:00:00,0.87,1.09,1.0699999,1.09,1.04,0.97999996,0.95,0.91999996,0.89,15.36,15.299999,15.4,15.49,15.009999,14.61,14.53,14.32,172.5,172.5,187.5,187.5,187.5,187.5,187.5,187.5,0.87,14.139999,187.5
Bay_of_Bengal,2025-12-19 12:00:00,0.83,1.0699999,1.09,1.04,0.97999996,0.95,0.91999996,0.89,0.87,15.299999,15.4,15.49,15.009999,14.61,14.53,14.32,14.139999,172.5,187.5,187.5,187.5,187.5,187.5,187.5,187.5,0.83,14.24,187.5
Bay_of_Bengal,2025-12-19 15:00:00,0.81,1.09,1.04,0.97999996,0.95,0.91999996,0.89,0.87,0.83,15.4,15.49,15.009999,14.61,14.53,14.32,14.139999,14.24,187.5,187.5,187.5,187.5,187.5,187.5,187.5,187.5,0.81,14.5,187.5
Bay_of_Bengal,2025-12-19 18:00:00,0.81,1.04,0.97999996,0.95,0.91999996,0.89,0.87,0.83,0.81,15.49,15.009999,14.61,14.53,14.32,14.139999,14.24,14.5,187.5,187.5,187.5,187.5,187.5,187.5,187.5,187.5,0.81,14.7,187.5
Bay_of_Bengal,2025-12-19 21:00:00,0.82,0.97999996,0.95,0.91999996,0.89,0.87,0.83,0.81,0.81,15.009999,14.61,14.53,14.32,14.139999,14.24,14.5,14.7,187.5,187.5,187.5,187.5,187.5,187.5,187.5,187.5,0.82,14.7699995,187.5
Bay_of_Bengal,2025-12-20 00:00:00,0.83,0.95,0.91999996,0.89,0.87,0.83,0.81,0.81,0.82,14.61,14.53,14.32,14.139999,14.24,14.5,14.7,14.7699995,187.5,187.5,187.5,187.5,187.5,187.5,187.5,187.5,0.83,14.78,187.5
Bay_of_Bengal,2025-12-20 03:00:00,0.71,0.91999996,0.89,0.87,0.83,0.81,0.81,0.82,0.83,14.53,14.32,14.139999,14.24,14.5,14.7,14.7699995,14.78,187.5,187.5,187.5,187.5,187.5,187.5,187.5,187.5,0.71,13.36,187.5
Bay_of_Bengal,2025-12-20 06:00:00,0.68,0.89,0.87,0.83,0.81,0.81,0.82,0.83,0.71,14.32,14.139999,14.24,14.5,14.7,14.7699995,14.78,13.36,187.5,187.5,187.5,187.5,187.5,187.5,187.5,187.5,0.68,12.66,187.5
Bay_of_Bengal,2025-12-20 09:00:00,0.64,0.87,0.83,0.81,0.81,0.82,0.83,0.71,0.68,14.139999,14.24,14.5,14.7,14.7699995,14.78,13.36,12.66,187.5,187.5,187.5,187.5,187.5,187.5,187.5,187.5,0.64,12.2,187.5
Bay_of_Bengal,2025-12-20 12:00:00,0.7,0.83,0.81,0.81,0.82,0.83,0.71,0.68,0.64,14.24,14.5,14.7,14.7699995,14.78,13.36,12.66,12.2,187.5,187.5,187.5,187.5,187.5,187.5,187.5,187.5,0.7,12.17,187.5
Bay_of_Bengal,2025-12-20 15:00:00,0.71,0.81,0.81,0.82,0.83,0.71,0.68,0.64,0.7,14.5,14.7,14.7699995,14.78,13.36,12.66,12.2,12.17,187.5,187.5,187.5,187.5,187.5,187.5,187.5,187.5,0.71,12.29,187.5
Bay_of_Bengal,2025-12-20 18:00:00,0.75,0.81,0.82,0.83,0.71,0.68,0.64,0.7,0.71,14.7,14.7699995,14.78,13.36,12.66,12.2,12.17,12.29,187.5,187.5,187.5,187.5,187.5,187.5,187.5,187.5,0.75,12.46,187.5
Bay_of_Bengal,2025-12-20 21:00:00,0.79999995,0.82,0.83,0.71,0.68,0.64,0.7,0.71,0.75,14.7699995,14.78,13.36,12.66,12.2,12.17,12.29,12.46,187.5,187.5,187.5,187.5,187.5,187.5,187.5,187.5,0.79999995,12.3,172.5
Bay_of_Bengal,2025-12-21 00:00:00,0.83,0.83,0.71,0.68,0.64,0.7,0.71,0.75,0.79999995,14.78,13.36,12.66,12.2,12.17,12.29,12.46,12.3,187.5,187.5,187.5,187.5,187.5,187.5,187.5,172.5,0.83,12.58,175.4
Bay_of_Bengal,2025-12-21 03:00:00,0.9,0.71,0.68,0.64,0.7,0.71,0.75,0.79999995,0.83,13.36,12.66,12.2,12.17,12.29,12.46,12.3,12.58,187.5,187.5,187.5,187.5,187.5,187.5,172.5,175.4,0.9,12.71,172.5
Bay_of_Bengal,2025-12-21 06:00:00,0.77,0.68,0.64,0.7,0.71,0.75,0.79999995,0.83,0.9,12.66,12.2,12.17,12.29,12.46,12.3,12.58,12.71,187.5,187.5,187.5,187.5,187.5,172.5,175.4,172.5,0.77,11.5,172.5
Bay_of_Bengal,2025-12-21 09:00:00,0.81,0.64,0.7,0.71,0.75,0.79999995,0.83,0.9,0.77,12.2,12.17,12.29,12.46,12.3,12.58,12.71,11.5,187.5,187.5,187.5,187.5,172.5,175.4,172.5,172.5,0.81,11.4,172.5
Bay_of_Bengal,2025-12-21 12:00:00,0.90999997,0.7,0.71,0.75,0.79999995,0.83,0.9,0.77,0.81,12.17,12.29,12.46,12.3,12.58,12.71,11.5,11.4,187.5,187.5,187.5,172.5,175.4,172.5,172.5,172.5,0.90999997,12.42,172.5
Bay_of_Bengal,2025-12-21 15:00:00,1.03,0.71,0.75,0.79999995,0.83,0.9,0.77,0.81,0.90999997,12.29,12.46,12.3,12.58,12.71,11.5,11.4,12.42,187.5,187.5,172.5,175.4,172.5,172.5,172.5,172.5,1.03,12.44,172.5
Bay_of_Bengal,2025-12-21 18:00:00,1.14,0.75,0.79999995,0.83,0.9,0.77,0.81,0.90999997,1.03,12.46,12.3,12.58,12.71,11.5,11.4,12.42,12.44,187.5,172.5,175.4,172.5,172.5,172.5,172.5,172.5,1.14,13.63,172.5
Bay_of_Bengal,2025-12-21 21:00:00,1.17,0.79999995,0.83,0.9,0.77,0.81,0.90999997,1.03,1.14,12.3,12.58,12.71,11.5,11.4,12.42,12.44,13.63,172.5,175.4,172.5,172.5,172.5,172.5,172.5,172.5,1.17,13.219999,172.5
Bay_of_Bengal,2025-12-22 00:00:00,1.23,0.83,0.9,0.77,0.81,0.90999997,1.03,1.14,1.17,12.58,12.71,11.5,11.4,12.42,12.44,13.63,13.219999,175.4,172.5,172.5,172.5,172.5,172.5,172.5,172.5,1.23,13.13,184.6
Bay_of_Bengal,2025-12-22 03:00:00,1.25,0.9,0.77,0.81,0.90999997,1.03,1.14,1.17,1.23,12.71,11.5,11.4,12.42,12.44,13.63,13.219999,13.13,172.5,172.5,172.5,172.5,172.5,172.5,172.5,184.6,1.25,13.04,187.5
Bay_of_Bengal,2025-12-22 06:00:00,1.25,0.77,0.81,0.90999997,1.03,1.14,1.17,1.23,1.25,11.5,11.4,12.42,12.44,13.63,13.219999,13.13,13.04,172.5,172.5,172.5,172.5,172.5,172.5,184.6,187.5,1.25,13.12,187.5
Bay_of_Bengal,2025-12-22 09:00:00,1.24,0.81,0.90999997,1.03,1.14,1.17,1.23,1.25,1.25,11.4,12.42,12.44,13.63,13.219999,13.13,13.04,13.12,172.5,172.5,172.5,172.5,172.5,184.6,187.5,187.5,1.24,13.0199995,187.5
Bay_of_Bengal,2025-12-22 12:00:00,1.27,0.90999997,1.03,1.14,1.17,1.23,1.25,1.25,1.24,12.42,12.44,13.63,13.219999,13.13,13.04,13.12,13.0199995,172.5,172.5,172.5,172.5,184.6,187.5,187.5,187.5,1.27,13.25,172.5
Bay_of_Bengal,2025-12-22 15:00:00,1.23,1.03,1.14,1.17,1.23,1.25,1.25,1.24,1.27,12.44,13.63,13.219999,13.13,13.04,13.12,13.0199995,13.25,172.5,172.5,172.5,184.6,187.5,187.5,187.5,172.5,1.23,13.509999,187.5
Bay_of_Bengal,2025-12-22 18:00:00,1.16,1.14,1.17,1.23,1.25,1.25,1.24,1.27,1.23,13.63,13.219999,13.13,13.04,13.12,13.0199995,13.25,13.509999,172.5,172.5,184.6,187.5,187.5,187.5,172.5,187.5,1.16,12.75,187.5
Bay_of_Bengal,2025-12-22 21:00:00,1.12,1.17,1.23,1.25,1.25,1.24,1.27,1.23,1.16,13.219999,13.13,13.04,13.12,13.0199995,13.25,13.509999,12.75,172.5,184.6,187.5,187.5,187.5,172.5,187.5,187.5,1.12,12.67,172.5
Bay_of_Bengal,2025-12-23 00:00:00,1.09,1.23,1.25,1.25,1.24,1.27,1.23,1.16,1.12,13.13,13.04,13.12,13.0199995,13.25,13.509999,12.75,12.67,184.6,187.5,187.5,187.5,172.5,187.5,187.5,172.5,1.09,12.45,172.5
Bay_of_Bengal,2025-12-23 03:00:00,1.0799999,1.25,1.25,1.24,1.27,1.23,1.16,1.12,1.09,13.04,13.12,13.0199995,13.25,13.509999,12.75,12.67,12.45,187.5,187.5,187.5,172.5,187.5,187.5,172.5,172.5,1.0799999,12.13,172.5
Bay_of_Bengal,2025-12-23 06:00:00,1.05,1.25,1.24,1.27,1.23,1.16,1.12,1.09,1.0799999,13.12,13.0199995,13.25,13.509999,12.75,12.67,12.45,12.13,187.5,187.5,172.5,187.5,187.5,172.5,172.5,172.5,1.05,11.91,187.5
Bay_of_Bengal,2025-12-23 09:00:00,1.06,1.24,1.27,1.23,1.16,1.12,1.09,1.0799999,1.05,13.0199995,13.25,13.509999,12.75,12.67,12.45,12.13,11.91,187.5,172.5,187.5,187.5,172.5,172.5,172.5,187.5,1.06,11.719999,187.5
Bay_of_Bengal,2025-12-23 12:00:00,1.13,1.27,1.23,1.16,1.12,1.09,1.0799999,1.05,1.06,13.25,13.509999,12.75,12.67,12.45,12.13,11.91,11.719999,172.5,187.5,187.5,172.5,172.5,172.5,187.5,187.5,1.13,12.24,187.5
Bay_of_Bengal,2025-12-23 15:00:00,1.22,1.23,1.16,1.12,1.09,1.0799999,1.05,1.06,1.13,13.509999,12.75,12.67,12.45,12.13,11.91,11.719999,12.24,187.5,187.5,172.5,172.5,172.5,187.5,187.5,187.5,1.22,11.929999,172.5
Bay_of_Bengal,2025-12-23 18:00:00,1.25,1.16,1.12,1.09,1.0799999,1.05,1.06,1.13,1.22,12.75,12.67,12.45,12.13,11.91,11.719999,12.24,11.929999,187.5,172.5,172.5,172.5,187.5,187.5,187.5,172.5,1.25,12.37,172.5
Bay_of_Bengal,2025-12-23 21:00:00,1.26,1.12,1.09,1.0799999,1.05,1.06,1.13,1.22,1.25,12.67,12.45,12.13,11.91,11.719999,12.24,11.929999,12.37,172.5,172.5,172.5,187.5,187.5,187.5,172.5,172.5,1.26,12.58,172.5
Bay_of_Bengal,2025-12-24 00:00:00,1.26,1.09,1.0799999,1.05,1.06,1.13,1.22,1.25,1.26,12.45,12.13,11.91,11.719999,12.24,11.929999,12.37,12.58,172.5,172.5,187.5,187.5,187.5,172.5,172.5,172.5,1.26,12.74,172.5
Bay_of_Bengal,2025-12-24 03:00:00,1.23,1.0799999,1.05,1.06,1.13,1.22,1.25,1.26,1.26,12.13,11.91,11.719999,12.24,11.929999,12.37,12.58,12.74,172.5,187.5,187.5,187.5,172.5,172.5,172.5,172.5,1.23,12.63,172.5
Bay_of_Bengal,2025-12-24 06:00:00,1.25,1.05,1.06,1.13,1.22,1.25,1.26,1.26,1.23,11.91,11.719999,12.24,11.929999,12.37,12.58,12.74,12.63,187.5,187.5,187.5,172.5,172.5,172.5,172.5,172.5,1.25,12.639999,172.5
Bay_of_Bengal,2025-12-24 09:00:00,1.1999999,1.06,1.13,1.22,1.25,1.26,1.26,1.23,1.25,11.719999,12.24,11.929999,12.37,12.58,12.74,12.63,12.639999,187.5,187.5,172.5,172.5,172.5,172.5,172.5,172.5,1.1999999,12.58,172.5
Bay_of_Bengal,2025-12-24 12:00:00,1.13,1.13,1.22,1.25,1.26,1.26,1.23,1.25,1.1999999,12.24,11.929999,12.37,12.58,12.74,12.63,12.639999,12.58,187.5,172.5,172.5,172.5,172.5,172.5,172.5,172.5,1.13,12.099999,172.5
Bay_of_Bengal,2025-12-24 15:00:00,1.1,1.22,1.25,1.26,1.26,1.23,1.25,1.1999999,1.13,11.929999,12.37,12.58,12.74,12.63,12.639999,12.58,12.099999,172.5,172.5,172.5,172.5,172.5,172.5,172.5,172.5,1.1,11.63,172.5
Bay_of_Bengal,2025-12-24 18:00:00,1.12,1.25,1.26,1.26,1.23,1.25,1.1999999,1.13,1.1,12.37,12.58,12.74,12.63,12.639999,12.58,12.099999,11.63,172.5,172.5,172.5,172.5,172.5,172.5,172.5,172.5,1.12,11.2699995,172.5
Bay_of_Bengal,2025-12-24 21:00:00,1.12,1.26,1.26,1.23,1.25,1.1999999,1.13,1.1,1.12,12.58,12.74,12.63,12.639999,12.58,12.099999,11.63,11.2699995,172.5,172.5,172.5,172.5,172.5,172.5,172.5,172.5,1.12,11.59,157.5
Bay_of_Bengal,2025-12-25 00:00:00,1.11,1.26,1.23,1.25,1.1999999,1.13,1.1,1.12,1.12,12.74,12.63,12.639999,12.58,12.099999,11.63,11.2699995,11.59,172.5,172.5,172.5,172.5,172.5,172.5,172.5,157.5,1.11,12.82,157.5
Bay_of_Bengal,2025-12-25 03:00:00,0.96999997,1.23,1.25,1.1999999,1.13,1.1,1.12,1.12,1.11,12.63,12.639999,12.58,12.099999,11.63,11.2699995,11.59,12.82,172.5,172.5,172.5,172.5,172.5,172.5,157.5,157.5,0.96999997,11.86,157.5
Bay_of_Bengal,2025-12-25 06:00:00,0.97999996,1.25,1.1999999,1.13,1.1,1.12,1.12,1.11,0.96999997,12.639999,12.58,12.099999,11.63,11.2699995,11.59,12.82,11.86,172.5,172.5,172.5,172.5,172.5,157.5,157.5,157.5,0.97999996,12.04,157.5
Bay_of_Bengal,2025-12-25 09:00:00,1.0,1.1999999,1.13,1.1,1.12,1.12,1.11,0.96999997,0.97999996,12.58,12.099999,11.63,11.2699995,11.59,12.82,11.86,12.04,172.5,172.5,172.5,172.5,157.5,157.5,157.5,157.5,1.0,12.179999,157.5
Bay_of_Bengal,2025-12-25 12:00:00,1.04,1.13,1.1,1.12,1.12,1.11,0.96999997,0.97999996,1.0,12.099999,11.63,11.2699995,11.59,12.82,11.86,12.04,12.179999,172.5,172.5,172.5,157.5,157.5,157.5,157.5,157.5,1.04,11.94,157.5
Bay_of_Bengal,2025-12-25 15:00:00,1.0699999,1.1,1.12,1.12,1.11,0.96999997,0.97999996,1.0,1.04,11.63,11.2699995,11.59,12.82,11.86,12.04,12.179999,11.94,172.5,172.5,157.5,157.5,157.5,157.5,157.5,157.5,1.0699999,11.7699995,157.5
Bay_of_Bengal,2025-12-25 18:00:00,1.15,1.12,1.12,1.11,0.96999997,0.97999996,1.0,1.04,1.0699999,11.2699995,11.59,12.82,11.86,12.04,12.179999,11.94,11.7699995,172.5,157.5,157.5,157.5,157.5,157.5,157.5,157.5,1.15,11.94,157.5
Bay_of_Bengal,2025-12-25 21:00:00,1.16,1.12,1.11,0.96999997,0.97999996,1.0,1.04,1.0699999,1.15,11.59,12.82,11.86,12.04,12.179999,11.94,11.7699995,11.94,157.5,157.5,157.5,157.5,157.5,157.5,157.5,157.5,1.16,12.24,157.5
Bay_of_Bengal,2025-12-26 00:00:00,1.1,1.11,0.96999997,0.97999996,1.0,1.04,1.0699999,1.15,1.16,12.82,11.86,12.04,12.179999,11.94,11.7699995,11.94,12.24,157.5,157.5,157.5,157.5,157.5,157.5,157.5,157.5,1.1,12.36,157.5
Bay_of_Bengal,2025-12-26 03:00:00,1.0699999,0.96999997,0.97999996,1.0,1.04,1.0699999,1.15,1.16,1.1,11.86,12.04,12.179999,11.94,11.7699995,11.94,12.24,12.36,157.5,157.5,157.5,157.5,157.5,157.5,157.5,157.5,1.0699999,12.58,157.5
Bay_of_Bengal,2025-12-26 06:00:00,1.0699999,0.97999996,1.0,1.04,1.0699999,1.15,1.16,1.1,1.0699999,12.04,12.179999,11.94,11.7699995,11.94,12.24,12.36,12.58,157.5,157.5,157.5,157.5,157.5,157.5,157.5,157.5,1.0699999,12.9,157.5
Bay_of_Bengal,2025-12-26 09:00:00,1.0799999,1.0,1.04,1.0699999,1.15,1.16,1.1,1.0699999,1.0699999,12.179999,11.94,11.7699995,11.94,12.24,12.36,12.58,12.9,157.5,157.5,157.5,157.5,157.5,157.5,157.5,157.5,1.0799999,13.11,157.5
Bay_of_Bengal,2025-12-26 12:00:00,1.13,1.04,1.0699999,1.15,1.16,1.1,1.0699999,1.0699999,1.0799999,11.94,11.7699995,11.94,12.24,12.36,12.58,12.9,13.11,157.5,157.5,157.5,157.5,157.5,157.5,157.5,157.5,1.13,12.75,157.5
Bay_of_Bengal,2025-12-26 15:00:00,1.26,1.0699999,1.15,1.16,1.1,1.0699999,1.0699999,1.0799999,1.13,11.7699995,11.94,12.24,12.36,12.58,12.9,13.11,12.75,157.5,157.5,157.5,157.5,157.5,157.5,157.5,157.5,1.26,12.71,157.5
Bay_of_Bengal,2025-12-26 18:00:00,1.22,1.15,1.16,1.1,1.0699999,1.0699999,1.0799999,1.13,1.26,11.94,12.24,12.36,12.58,12.9,13.11,12.75,12.71,157.5,157.5,157.5,157.5,157.5,157.5,157.5,157.5,1.22,12.38,187.5
Bay_of_Bengal,2025-12-26 21:00:00,1.15,1.16,1.1,1.0699999,1.0699999,1.0799999,1.13,1.26,1.22,12.24,12.36,12.58,12.9,13.11,12.75,12.71,12.38,157.5,157.5,157.5,157.5,157.5,157.5,157.5,187.5,1.15,19.34,187.5
Bay_of_Bengal,2025-12-27 00:00:00,1.12,1.1,1.0699999,1.0699999,1.0799999,1.13,1.26,1.22,1.15,12.36,12.58,12.9,13.11,12.75,12.71,12.38,19.34,157.5,157.5,157.5,157.5,157.5,157.5,187.5,187.5,1.12,19.939999,187.5
Bay_of_Bengal,2025-12-27 03:00:00,1.13,1.0699999,1.0699999,1.0799999,1.13,1.26,1.22,1.15,1.12,12.58,12.9,13.11,12.75,12.71,12.38,19.34,19.939999,157.5,157.5,157.5,157.5,157.5,187.5,187.5,187.5,1.13,20.49,187.5
Bay_of_Bengal,2025-12-27 06:00:00,1.09,1.0699999,1.0799999,1.13,1.26,1.22,1.15,1.12,1.13,12.9,13.11,12.75,12.71,12.38,19.34,19.939999,20.49,157.5,157.5,157.5,157.5,187.5,187.5,187.5,187.5,1.09,19.39,187.5
Bay_of_Bengal,2025-12-27 09:00:00,1.13,1.0799999,1.13,1.26,1.22,1.15,1.12,1.13,1.09,13.11,12.75,12.71,12.38,19.34,19.939999,20.49,19.39,157.5,157.5,157.5,187.5,187.5,187.5,187.5,187.5,1.13,19.21,187.5
Bay_of_Bengal,2025-12-27 12:00:00,1.17,1.13,1.26,1.22,1.15,1.12,1.13,1.09,1.13,12.75,12.71,12.38,19.34,19.939999,20.49,19.39,19.21,157.5,157.5,187.5,187.5,187.5,187.5,187.5,187.5,1.17,18.74,187.5
Bay_of_Bengal,2025-12-27 15:00:00,1.1899999,1.26,1.22,1.15,1.12,1.13,1.09,1.13,1.17,12.71,12.38,19.34,19.939999,20.49,19.39,19.21,18.74,157.5,187.5,187.5,187.5,187.5,187.5,187.5,187.5,1.1899999,17.77,187.5
Bay_of_Bengal,2025-12-27 18:00:00,1.15,1.22,1.15,1.12,1.13,1.09,1.13,1.17,1.1899999,12.38,19.34,19.939999,20.49,19.39,19.21,18.74,17.77,187.5,187.5,187.5,187.5,187.5,187.5,187.5,187.5,1.15,16.76,187.5
Bay_of_Bengal,2025-12-27 21:00:00,1.13,1.15,1.12,1.13,1.09,1.13,1.17,1.1899999,1.15,19.34,19.939999,20.49,19.39,19.21,18.74,17.77,16.76,187.5,187.5,187.5,187.5,187.5,187.5,187.5,187.5,1.13,16.16,187.5
Bay_of_Bengal,2025-12-28 00:00:00,1.0799999,1.12,1.13,1.09,1.13,1.17,1.1899999,1.15,1.13,19.939999,20.49,19.39,19.21,18.74,17.77,16.76,16.16,187.5,187.5,187.5,187.5,187.5,187.5,187.5,187.5,1.0799999,16.44,187.5
Bay_of_Bengal,2025-12-28 03:00:00,1.11,1.13,1.09,1.13,1.17,1.1899999,1.15,1.13,1.0799999,20.49,19.39,19.21,18.74,17.77,16.76,16.16,16.44,187.5,187.5,187.5,187.5,187.5,187.5,187.5,187.5,1.11,16.89,187.5
Bay_of_Bengal,2025-12-28 06:00:00,1.16,1.09,1.13,1.17,1.1899999,1.15,1.13,1.0799999,1.11,19.39,19.21,18.74,17.77,16.76,16.16,16.44,16.89,187.5,187.5,187.5,187.5,187.5,187.5,187.5,187.5,1.16,17.94,187.5
Bay_of_Bengal,2025-12-28 09:00:00,1.13,1.13,1.17,1.1899999,1.15,1.13,1.0799999,1.11,1.16,19.21,18.74,17.77,16.76,16.16,16.44,16.89,17.94,187.5,187.5,187.5,187.5,187.5,187.5,187.5,187.5,1.13,17.029999,187.5
Bay_of_Bengal,2025-12-28 12:00:00,1.17,1.17,1.1899999,1.15,1.13,1.0799999,1.11,1.16,1.13,18.74,17.77,16.76,16.16,16.44,16.89,17.94,17.029999,187.5,187.5,187.5,187.5,187.5,187.5,187.5,187.5,1.17,16.289999,187.5
Bay_of_Bengal,2025-12-28 15:00:00,1.14,1.1899999,1.15,1.13,1.0799999,1.11,1.16,1.13,1.17,17.77,16.76,16.16,16.44,16.89,17.94,17.029999,16.289999,187.5,187.5,187.5,187.5,187.5,187.5,187.5,187.5,1.14,15.67,175.4
Bay_of_Bengal,2025-12-28 18:00:00,1.11,1.15,1.13,1.0799999,1.11,1.16,1.13,1.17,1.14,16.76,16.16,16.44,16.89,17.94,17.029999,16.289999,15.67,187.5,187.5,187.5,187.5,187.5,187.5,187.5,175.4,1.11,15.46,172.5
Bay_of_Bengal,2025-12-28 21:00:00,1.0699999,1.13,1.0799999,1.11,1.16,1.13,1.17,1.14,1.11,16.16,16.44,16.89,17.94,17.029999,16.289999,15.67,15.46,187.5,187.5,187.5,187.5,187.5,187.5,175.4,172.5,1.0699999,14.78,172.5
Bay_of_Bengal,2025-12-29 00:00:00,1.03,1.0799999,1.11,1.16,1.13,1.17,1.14,1.11,1.0699999,16.44,16.89,17.94,17.029999,16.289999,15.67,15.46,14.78,187.5,187.5,187.5,187.5,187.5,175.4,172.5,172.5,1.03,14.259999,172.5
Bay_of_Bengal,2025-12-29 03:00:00,1.0,1.11,1.16,1.13,1.17,1.14,1.11,1.0699999,1.03,16.89,17.94,17.029999,16.289999,15.67,15.46,14.78,14.259999,187.5,187.5,187.5,187.5,175.4,172.5,172.5,172.5,1.0,13.67,172.5
Bay_of_Bengal,2025-12-29 06:00:00,1.01,1.16,1.13,1.17,1.14,1.11,1.0699999,1.03,1.0,17.94,17.029999,16.289999,15.67,15.46,14.78,14.259999,13.67,187.5,187.5,187.5,175.4,172.5,172.5,172.5,172.5,1.01,13.5199995,172.5
Bay_of_Bengal,2025-12-29 09:00:00,1.0699999,1.13,1.17,1.14,1.11,1.0699999,1.03,1.0,1.01,17.029999,16.289999,15.67,15.46,14.78,14.259999,13.67,13.5199995,187.5,187.5,175.4,172.5,172.5,172.5,172.5,172.5,1.0699999,13.28,172.5
Bay_of_Bengal,2025-12-29 12:00:00,1.1999999,1.17,1.14,1.11,1.0699999,1.03,1.0,1.01,1.0699999,16.289999,15.67,15.46,14.78,14.259999,13.67,13.5199995,13.28,187.5,175.4,172.5,172.5,172.5,172.5,172.5,172.5,1.1999999,13.08,157.5
Bay_of_Bengal,2025-12-29 15:00:00,1.24,1.14,1.11,1.0699999,1.03,1.0,1.01,1.0699999,1.1999999,15.67,15.46,14.78,14.259999,13.67,13.5199995,13.28,13.08,175.4,172.5,172.5,172.5,172.5,172.5,172.5,157.5,1.24,15.059999,172.5
Bay_of_Bengal,2025-12-29 18:00:00,1.24,1.11,1.0699999,1.03,1.0,1.01,1.0699999,1.1999999,1.24,15.46,14.78,14.259999,13.67,13.5199995,13.28,13.08,15.059999,172.5,172.5,172.5,172.5,172.5,172.5,157.5,172.5,1.24,15.13,172.5
Bay_of_Bengal,2025-12-29 21:00:00,1.1999999,1.0699999,1.03,1.0,1.01,1.0699999,1.1999999,1.24,1.24,14.78,14.259999,13.67,13.5199995,13.28,13.08,15.059999,15.13,172.5,172.5,172.5,172.5,172.5,157.5,172.5,172.5,1.1999999,14.53,172.5
Bay_of_Bengal,2025-12-30 00:00:00,1.16,1.03,1.0,1.01,1.0699999,1.1999999,1.24,1.24,1.1999999,14.259999,13.67,13.5199995,13.28,13.08,15.059999,15.13,14.53,172.5,172.5,172.5,172.5,157.5,172.5,172.5,172.5,1.16,13.86,172.5
Bay_of_Bengal,2025-12-30 03:00:00,1.15,1.0,1.01,1.0699999,1.1999999,1.24,1.24,1.1999999,1.16,13.67,13.5199995,13.28,13.08,15.059999,15.13,14.53,13.86,172.5,172.5,172.5,157.5,172.5,172.5,172.5,172.5,1.15,13.099999,172.5
Bay_of_Bengal,2025-12-30 06:00:00,1.16,1.01,1.0699999,1.1999999,1.24,1.24,1.1999999,1.16,1.15,13.5199995,13.28,13.08,15.059999,15.13,14.53,13.86,13.099999,172.5,172.5,157.5,172.5,172.5,172.5,172.5,172.5,1.16,12.599999,172.5
Bay_of_Bengal,2025-12-30 09:00:00,1.13,1.0699999,1.1999999,1.24,1.24,1.1999999,1.16,1.15,1.16,13.28,13.08,15.059999,15.13,14.53,13.86,13.099999,12.599999,172.5,157.5,172.5,172.5,172.5,172.5,172.5,172.5,1.13,12.25,172.5
Bay_of_Bengal,2025-12-30 12:00:00,1.1899999,1.1999999,1.24,1.24,1.1999999,1.16,1.15,1.16,1.13,13.08,15.059999,15.13,14.53,13.86,13.099999,12.599999,12.25,157.5,172.5,172.5,172.5,172.5,172.5,172.5,172.5,1.1899999,13.059999,172.5
Bay_of_Bengal,2025-12-30 15:00:00,1.12,1.24,1.24,1.1999999,1.16,1.15,1.16,1.13,1.1899999,15.059999,15.13,14.53,13.86,13.099999,12.599999,12.25,13.059999,172.5,172.5,172.5,172.5,172.5,172.5,172.5,172.5,1.12,12.11,157.5
Bay_of_Bengal,2025-12-30 18:00:00,1.1,1.24,1.1999999,1.16,1.15,1.16,1.13,1.1899999,1.12,15.13,14.53,13.86,13.099999,12.599999,12.25,13.059999,12.11,172.5,172.5,172.5,172.5,172.5,172.5,172.5,157.5,1.1,12.099999,172.5
Bay_of_Bengal,2025-12-30 21:00:00,1.0799999,1.1999999,1.16,1.15,1.16,1.13,1.1899999,1.12,1.1,14.53,13.86,13.099999,12.599999,12.25,13.059999,12.11,12.099999,172.5,172.5,172.5,172.5,172.5,172.5,157.5,172.5,1.0799999,11.91,172.5
Bay_of_Bengal,2025-12-31 00:00:00,1.05,1.16,1.15,1.16,1.13,1.1899999,1.12,1.1,1.0799999,13.86,13.099999,12.599999,12.25,13.059999,12.11,12.099999,11.91,172.5,172.5,172.5,172.5,172.5,157.5,172.5,172.5,1.05,11.639999,172.5
